{
"type": "FeatureCollection",
"name": "area_c2",
"crs": { "type": "name", "properties": { "name": "urn:ogc:def:crs:OGC:1.3:CRS84" } },
"features": [
{ "type": "Feature", "properties": { "Id": 0 }, "geometry": { "type": "Polygon", "coordinates": [ [ [ 35.117019249928624, 31.713622453860193 ], [ 35.117269000021928, 31.713609449286192 ], [ 35.117528447496717, 31.713626817801533 ], [ 35.117691608724769, 31.713663214206782 ], [ 35.117872718532553, 31.713720618772278 ], [ 35.118044916296718, 31.713789571995381 ], [ 35.118237207674809, 31.713877561956252 ], [ 35.118471350893493, 31.713986082823684 ], [ 35.118694933609696, 31.714106573854238 ], [ 35.11890285667797, 31.714227053993106 ], [ 35.119079465015609, 31.714341805826059 ], [ 35.119229209286026, 31.714450832456087 ], [ 35.119392285469452, 31.71458276632271 ], [ 35.119592511888143, 31.714732083384877 ], [ 35.122394883017698, 31.712445322548739 ], [ 35.121842354839544, 31.709511394200245 ], [ 35.115046222719272, 31.709765658304967 ], [ 35.111590320142803, 31.70883566361001 ], [ 35.107932810961117, 31.707732859758295 ], [ 35.102950726436156, 31.702774993173332 ], [ 35.100285749315958, 31.701845318211493 ], [ 35.100201488076664, 31.701989052108619 ], [ 35.098435619792518, 31.701771893210431 ], [ 35.096434362398284, 31.70148260947666 ], [ 35.093528985045566, 31.701096628443764 ], [ 35.093551994507457, 31.701123803241419 ], [ 35.093716768473527, 31.701302555150637 ], [ 35.09380743459775, 31.701429527078488 ], [ 35.093919980541465, 31.701591746454987 ], [ 35.094030851377561, 31.701777003757524 ], [ 35.094179195128213, 31.701913466563994 ], [ 35.094302813225688, 31.702052162482577 ], [ 35.094456723076163, 31.702221462782191 ], [ 35.094571952519892, 31.702346130237299 ], [ 35.094728637661866, 31.702538965267735 ], [ 35.094854889041173, 31.702682383530636 ], [ 35.094987871726318, 31.70284870600107 ], [ 35.095116917680386, 31.702999172106811 ], [ 35.09524596677317, 31.703147312997178 ], [ 35.095344894505217, 31.70326019944989 ], [ 35.095460296760869, 31.703380145607287 ], [ 35.095583935155496, 31.703504748854353 ], [ 35.09568829470436, 31.703624685379825 ], [ 35.095823593033401, 31.70378649967752 ], [ 35.095988367943882, 31.70397222384338 ], [ 35.096103744569326, 31.704115702056086 ], [ 35.09623296438042, 31.704261446529799 ], [ 35.096345556014761, 31.704390830737481 ], [ 35.096526791302949, 31.704597705265051 ], [ 35.096700807862547, 31.704776108769593 ], [ 35.096829851115437, 31.704933618810681 ], [ 35.096945224863646, 31.705081746409178 ], [ 35.097090875993004, 31.705274569170864 ], [ 35.097214470386191, 31.70544151547676 ], [ 35.097302345949622, 31.705566086963724 ], [ 35.097464295102874, 31.705777735011644 ], [ 35.097567000656376, 31.705906968911322 ], [ 35.097718077621366, 31.706113886895469 ], [ 35.097808772718693, 31.706224368965543 ], [ 35.097948852707276, 31.706391328315433 ], [ 35.098083488476021, 31.706562933136169 ], [ 35.098253669292596, 31.706786353345773 ], [ 35.098440910915237, 31.707082358275962 ], [ 35.09883233185024, 31.707712921308531 ], [ 35.098964988131193, 31.707888962323931 ], [ 35.099163982997695, 31.708144603970926 ], [ 35.099436094910118, 31.708462800903373 ], [ 35.099701469686721, 31.708763870648067 ], [ 35.099907277552092, 31.708974142360301 ], [ 35.100159506515446, 31.709241169607562 ], [ 35.10080336362202, 31.70982648770303 ], [ 35.101095519508398, 31.710065151312214 ], [ 35.101500496506709, 31.71038908788114 ], [ 35.101907680225189, 31.710807437343853 ], [ 35.102199627340354, 31.711091543008443 ], [ 35.102478432545141, 31.711335899730535 ], [ 35.102876813921029, 31.711671170185969 ], [ 35.103202070654007, 31.711949593019561 ], [ 35.103460923028535, 31.71220527531138 ], [ 35.103706601776452, 31.712449603089027 ], [ 35.104018633483101, 31.712767821579384 ], [ 35.104357054358751, 31.71307464596342 ], [ 35.104619658164971, 31.713373518951901 ], [ 35.104950127420992, 31.713720918747825 ], [ 35.105111338449753, 31.71388133404183 ], [ 35.105278146188923, 31.714049785576695 ], [ 35.105471287150131, 31.714258276894192 ], [ 35.105582436957349, 31.714371728377333 ], [ 35.105740045691874, 31.714511284801858 ], [ 35.106021234631541, 31.714702229117666 ], [ 35.106180703482963, 31.714798525835917 ], [ 35.106332603261642, 31.714881993361118 ], [ 35.106544483633229, 31.714987912068729 ], [ 35.106824779622656, 31.715090007657896 ], [ 35.107079895903034, 31.715152697960768 ], [ 35.1072330123394, 31.715177333756237 ], [ 35.107418768911074, 31.715201500996862 ], [ 35.107623316364403, 31.715227302739795 ], [ 35.107949848484843, 31.715254816988512 ], [ 35.108111224746963, 31.715262900585017 ], [ 35.10838140612401, 31.715264724823069 ], [ 35.10854658869269, 31.715258437509515 ], [ 35.108784485068824, 31.715235999417924 ], [ 35.108979530989771, 31.71520408758872 ], [ 35.109140944856058, 31.715175391362784 ], [ 35.109308125000489, 31.715149869796818 ], [ 35.109512560258288, 31.715124375738636 ], [ 35.109675969953543, 31.715077995615545 ], [ 35.109936560919003, 31.714945659324332 ], [ 35.110103619368495, 31.714876876030786 ], [ 35.110321285134553, 31.714808129863329 ], [ 35.110516515497039, 31.714755360545087 ], [ 35.110820588607496, 31.71465778974154 ], [ 35.110967024146213, 31.714605054371564 ], [ 35.111146582794561, 31.714562911608819 ], [ 35.111413028435386, 31.714506951951357 ], [ 35.111567020716926, 31.714479867747478 ], [ 35.111998697588859, 31.714366322761503 ], [ 35.11229150928861, 31.714318482922206 ], [ 35.112576437311304, 31.71424104479296 ], [ 35.112824081026154, 31.714193100740001 ], [ 35.112991093566748, 31.71416757421726 ], [ 35.113176891991813, 31.714148472502721 ], [ 35.113409692843184, 31.714106998736522 ], [ 35.113606712964391, 31.714075081227048 ], [ 35.114006004508745, 31.714035274854865 ], [ 35.114173019516436, 31.714006576219138 ], [ 35.114356851644693, 31.713974648217757 ], [ 35.114569056914952, 31.713921884667354 ], [ 35.114756698654517, 31.713870724009389 ], [ 35.115120601566758, 31.713774382741754 ], [ 35.115377790547235, 31.71374017952138 ], [ 35.115715106451049, 31.71369222195672 ], [ 35.116066422415841, 31.713656180432132 ], [ 35.116240843071587, 31.713639109620871 ], [ 35.116475746770213, 31.713637369458215 ], [ 35.116782197944879, 31.713629900566129 ], [ 35.117019249928624, 31.713622453860193 ] ] ] } },
{ "type": "Feature", "properties": { "Id": 0 }, "geometry": { "type": "Polygon", "coordinates": [ [ [ 35.198019016261469, 31.746962392497966 ], [ 35.197996279351976, 31.74530262519033 ], [ 35.197836442719307, 31.743642850472234 ], [ 35.197356660202288, 31.742725071423703 ], [ 35.196374198488378, 31.741768206474593 ], [ 35.196414159589104, 31.741728371094048 ], [ 35.196350515818061, 31.741677601214533 ], [ 35.195718506340512, 31.740974880658094 ], [ 35.195259913778969, 31.740181346939849 ], [ 35.195203998652211, 31.739980577417104 ], [ 35.194980345387151, 31.73912969770042 ], [ 35.194902114324705, 31.738374431031758 ], [ 35.194700268698952, 31.73769326275092 ], [ 35.194449122108345, 31.737700397814294 ], [ 35.194446332817442, 31.737692242597877 ], [ 35.193319254044226, 31.737805467627286 ], [ 35.192726269052137, 31.738522434630507 ], [ 35.191730522775075, 31.739421004433424 ], [ 35.190947364173944, 31.739946738702375 ], [ 35.18988440945818, 31.741189456154171 ], [ 35.188855131718647, 31.741571745273433 ], [ 35.187529354431554, 31.742121291713758 ], [ 35.185639122571153, 31.74009425244013 ], [ 35.184856052308795, 31.740008092481947 ], [ 35.184095284460376, 31.740256540432554 ], [ 35.182154264272548, 31.740576485358897 ], [ 35.181561262392975, 31.740939670442181 ], [ 35.181270272533318, 31.74144631178283 ], [ 35.181650481087672, 31.742077357299664 ], [ 35.182556551245874, 31.742479046591676 ], [ 35.183641540956366, 31.743263168968429 ], [ 35.183786949083753, 31.743387475898349 ], [ 35.184307101017588, 31.743669586493937 ], [ 35.184687339242906, 31.744300622743285 ], [ 35.184709615151789, 31.744769078693874 ], [ 35.184776611439887, 31.745380945307762 ], [ 35.184184942400492, 31.74573686584489 ], [ 35.184251654315126, 31.745807170813414 ], [ 35.184416348856999, 31.745998909384436 ], [ 35.184530434573816, 31.746119478606676 ], [ 35.184733397966575, 31.746261128012463 ], [ 35.184797188061438, 31.746388171239108 ], [ 35.184954643371121, 31.746511424088283 ], [ 35.185016291136719, 31.74663402810269 ], [ 35.18515132418694, 31.746739169926823 ], [ 35.185297892010766, 31.746886728255905 ], [ 35.185415279477638, 31.747000110583134 ], [ 35.185622033208389, 31.747170012246418 ], [ 35.185798946079494, 31.747310458330375 ], [ 35.185931675869149, 31.747397843899098 ], [ 35.186078258971875, 31.747479312959083 ], [ 35.186350986707438, 31.747596662212484 ], [ 35.186554633047827, 31.747647842417461 ], [ 35.186818145543469, 31.747668311456135 ], [ 35.187081666712146, 31.747642771744722 ], [ 35.187297367977493, 31.747604472426261 ], [ 35.187462113358698, 31.747568702424839 ], [ 35.187674691693537, 31.747471570730223 ], [ 35.187881493892455, 31.747397406807227 ], [ 35.188117985496675, 31.747282381469923 ], [ 35.188267242609278, 31.747168612906297 ], [ 35.188387144683531, 31.747066324921853 ], [ 35.188563772559213, 31.746966650776464 ], [ 35.18880341165562, 31.746754394329763 ], [ 35.189010047297799, 31.746675155664857 ], [ 35.189186834073681, 31.746603592885347 ], [ 35.189435359471219, 31.746491102963553 ], [ 35.189615118263518, 31.746391427718802 ], [ 35.189775418531987, 31.746290270398688 ], [ 35.18992829449018, 31.746211024062998 ], [ 35.190096009323675, 31.746144602325256 ], [ 35.190359536846877, 31.746042328494081 ], [ 35.190506306374871, 31.745991193008912 ], [ 35.190676986735319, 31.745937523488131 ], [ 35.190877678095013, 31.745888929805172 ], [ 35.191174173252229, 31.745863385113566 ], [ 35.191464731461608, 31.745840446027699 ], [ 35.191794028718995, 31.745909526553096 ], [ 35.192009861425255, 31.746078009646475 ], [ 35.192149844720404, 31.746212736355137 ], [ 35.192302191306403, 31.746383890187264 ], [ 35.192418924912523, 31.746514034702507 ], [ 35.192494764183671, 31.746635931866344 ], [ 35.192570267093508, 31.746811023746361 ], [ 35.192625321526464, 31.746992666162292 ], [ 35.192683681217702, 31.747118788990747 ], [ 35.192769576337803, 31.747273378800728 ], [ 35.192851186594091, 31.747409085772397 ], [ 35.19295654354621, 31.747542117467692 ], [ 35.193072285221731, 31.747712351118448 ], [ 35.193193962043715, 31.747897803821719 ], [ 35.193287943609725, 31.74801420645953 ], [ 35.193393800547938, 31.748113700450922 ], [ 35.193517469461945, 31.748195863533603 ], [ 35.193668674908494, 31.748302477277306 ], [ 35.193837523928828, 31.748423465461265 ], [ 35.19403341926121, 31.748532055247118 ], [ 35.194161706226225, 31.748618093190853 ], [ 35.194288838973691, 31.748705187762763 ], [ 35.19442668805096, 31.748818352008911 ], [ 35.194550356124672, 31.748925948933994 ], [ 35.194674021424618, 31.749062855706384 ], [ 35.194795873754927, 31.749193562033764 ], [ 35.194896621307421, 31.749295308986976 ], [ 35.19501352415557, 31.749454690590429 ], [ 35.195114600414186, 31.749572783334479 ], [ 35.19522803967029, 31.749744917135729 ], [ 35.195352865775362, 31.749836871973923 ], [ 35.195565251841835, 31.749996118878652 ], [ 35.195792153527442, 31.750123308631942 ], [ 35.195978492558993, 31.750203923466621 ], [ 35.196220080514024, 31.750236208323415 ], [ 35.196458374886042, 31.750216636427115 ], [ 35.196679519492356, 31.750187340031953 ], [ 35.196886485139672, 31.750117177564761 ], [ 35.19705948042531, 31.750034048788649 ], [ 35.197264635217095, 31.749914777318075 ], [ 35.197422956059647, 31.749790782368361 ], [ 35.197550109994779, 31.749652905590768 ], [ 35.197634880779951, 31.749537502116379 ], [ 35.197755110443438, 31.749364819174684 ], [ 35.197809043921723, 31.749238634102159 ], [ 35.197921689841174, 31.749027692638425 ], [ 35.198054620098553, 31.748795896906412 ], [ 35.19808744823257, 31.748745708960996 ], [ 35.198087481717252, 31.748251155216508 ], [ 35.198019016261469, 31.746962392497966 ] ] ] } },
{ "type": "Feature", "properties": { "Id": 0 }, "geometry": { "type": "Polygon", "coordinates": [ [ [ 35.554873887199726, 31.75789029732762 ], [ 35.527682145841752, 31.760663301281639 ], [ 35.517993867266874, 31.760663301280477 ], [ 35.508305588692259, 31.76272265343993 ], [ 35.504268805951853, 31.756544459487337 ], [ 35.497002597018792, 31.743500251386699 ], [ 35.492965814278364, 31.737320774601514 ], [ 35.487314318441918, 31.729767520914482 ], [ 35.48085546605617, 31.712598745426465 ], [ 35.477626039863885, 31.707790918472632 ], [ 35.470359830932125, 31.703669725551947 ], [ 35.461478908904461, 31.698861435709937 ], [ 35.454212699972999, 31.696800663770752 ], [ 35.45340534342408, 31.689931093403263 ], [ 35.449368560683965, 31.68580910708544 ], [ 35.450983273779087, 31.680999891686533 ], [ 35.455827413065947, 31.676877508763951 ], [ 35.4509832737767, 31.664509261879196 ], [ 35.445331777939892, 31.654201131415721 ], [ 35.442909708296355, 31.655575614882114 ], [ 35.439680282103559, 31.647328409166018 ], [ 35.43564349936284, 31.639080471717484 ], [ 35.432414073170719, 31.635643615176242 ], [ 35.432414073170108, 31.631519219673645 ], [ 35.434028786265252, 31.62670719377892 ], [ 35.436450855908873, 31.626019741189449 ], [ 35.432414073168744, 31.621894918981717 ], [ 35.424340507688854, 31.616394871604633 ], [ 35.420303724948653, 31.611582063516561 ], [ 35.422725794591571, 31.606081406721163 ], [ 35.417881655303646, 31.602643331193129 ], [ 35.414652229111205, 31.597142146322973 ], [ 35.413037516015109, 31.595079118224636 ], [ 35.411422802918715, 31.590952924956042 ], [ 35.411422802918047, 31.58613880183276 ], [ 35.416266942204395, 31.578573248694862 ], [ 35.419496368394341, 31.56687982231054 ], [ 35.413037516009894, 31.558624756037403 ], [ 35.410615446365796, 31.555872904921216 ], [ 35.40657866362595, 31.55380896331409 ], [ 35.406578663625559, 31.551056970148792 ], [ 35.403349237433808, 31.550368959174737 ], [ 35.40334923743324, 31.546240786806496 ], [ 35.404963950528554, 31.542800503674268 ], [ 35.40092716778873, 31.540736272928463 ], [ 35.402541880883646, 31.534543306815252 ], [ 35.403349237431073, 31.531102592584809 ], [ 35.399312454691028, 31.527661751577231 ], [ 35.400927167785596, 31.518714971700245 ], [ 35.402541880879909, 31.508390699469615 ], [ 35.399312454688001, 31.506325708152882 ], [ 35.3968903850432, 31.498753683038746 ], [ 35.399716057472951, 31.491124119755185 ], [ 35.394943451387128, 31.490556158255131 ], [ 35.395082556381958, 31.490140875123267 ], [ 35.394644118449122, 31.489890128623333 ], [ 35.394295758402663, 31.489699701114354 ], [ 35.393902952663382, 31.489486509631533 ], [ 35.393608205670105, 31.489296000842813 ], [ 35.393084935705289, 31.488970969244161 ], [ 35.392584763164471, 31.488681483501914 ], [ 35.392084773481344, 31.488399675587395 ], [ 35.391665112525558, 31.488155937178185 ], [ 35.391156157323714, 31.487828340123595 ], [ 35.390745335813577, 31.487561616010389 ], [ 35.390325636764274, 31.487294973916875 ], [ 35.390021948467407, 31.487066280772055 ], [ 35.3897896755511, 31.486860453238922 ], [ 35.389502890863575, 31.486613062618364 ], [ 35.389155582289966, 31.486360474262657 ], [ 35.388795241498464, 31.486085920392938 ], [ 35.388447729286298, 31.485811347046944 ], [ 35.388061532394481, 31.485514844918832 ], [ 35.387765515909749, 31.485251187455706 ], [ 35.387389609291894, 31.484916690899119 ], [ 35.387170768472686, 31.484762979282781 ], [ 35.386771789975846, 31.484400470969053 ], [ 35.386514237933078, 31.484125693612931 ], [ 35.386372580097522, 31.483916841961417 ], [ 35.386192109700239, 31.483620041445537 ], [ 35.38593434910468, 31.483235276000883 ], [ 35.385651002188695, 31.482883591717194 ], [ 35.385431957012692, 31.482619819704144 ], [ 35.385058519447689, 31.482191249267597 ], [ 35.38468521189575, 31.481828698028426 ], [ 35.384370744252074, 31.481536029202918 ], [ 35.384164885530907, 31.481371302409062 ], [ 35.38384328685148, 31.481217658789269 ], [ 35.383290307153516, 31.480965412824307 ], [ 35.382904436078093, 31.480734844434625 ], [ 35.382659960788473, 31.480581160709811 ], [ 35.382454065383683, 31.480394377365172 ], [ 35.382093642244143, 31.480053783862086 ], [ 35.381771906287639, 31.479823193429116 ], [ 35.381476215450533, 31.479713545080457 ], [ 35.381051795536173, 31.479527131993237 ], [ 35.380665977048537, 31.479318540065808 ], [ 35.380485842695599, 31.479186817349916 ], [ 35.380215641914177, 31.478989127103372 ], [ 35.379844953268609, 31.478691451094321 ], [ 35.379334243679359, 31.478343375487064 ], [ 35.378899378401911, 31.478104829441982 ], [ 35.378422981098055, 31.477813211902049 ], [ 35.378112328951779, 31.477609935376044 ], [ 35.377760341529296, 31.47737127293404 ], [ 35.377542871983664, 31.477229802700048 ], [ 35.377377279204396, 31.477132651502966 ], [ 35.376900923976407, 31.476858713516084 ], [ 35.376445502217884, 31.476611308848682 ], [ 35.376072640830884, 31.476372740221699 ], [ 35.375627369588031, 31.476098755760464 ], [ 35.375182200994111, 31.475789328450549 ], [ 35.374830015238146, 31.475524094871531 ], [ 35.374519617512711, 31.47527120566582 ], [ 35.374237632573973, 31.47499939484646 ], [ 35.373928284848589, 31.474688655497012 ], [ 35.373537015126871, 31.474354771983307 ], [ 35.373264162596755, 31.474129520670044 ], [ 35.37290953843064, 31.473873374213344 ], [ 35.372664052252262, 31.47368697925349 ], [ 35.372345659384649, 31.473461856254922 ], [ 35.371986234885902, 31.473184857468024 ], [ 35.371640619237304, 31.472905303073535 ], [ 35.371340632527883, 31.472672332479608 ], [ 35.370976839094936, 31.472431693651224 ], [ 35.370722180736088, 31.472260948870108 ], [ 35.370440284339693, 31.472027952631802 ], [ 35.370058382330811, 31.471771763073896 ], [ 35.369758361872172, 31.471608825591193 ], [ 35.369366722857478, 31.471423599330841 ], [ 35.368989285018372, 31.471272526511928 ], [ 35.368773680260084, 31.47114759679673 ], [ 35.368557900097251, 31.471016043737535 ], [ 35.368126506118223, 31.470753006763157 ], [ 35.367779868517751, 31.470535940773729 ], [ 35.367440971505388, 31.470325487181427 ], [ 35.367132844359709, 31.470128169524013 ], [ 35.366760005364753, 31.46987400182612 ], [ 35.3663670717918, 31.469597734130197 ], [ 35.366074415409585, 31.469406947066567 ], [ 35.365535254779616, 31.469091263041783 ], [ 35.365280943783482, 31.468920295493664 ], [ 35.364941968094008, 31.468657061046859 ], [ 35.364641313641123, 31.468400471399239 ], [ 35.364310035405126, 31.468117496918754 ], [ 35.363994015771766, 31.467814703387578 ], [ 35.363736566043876, 31.467534171892357 ], [ 35.363297207020885, 31.467112946444761 ], [ 35.36310461429057, 31.466974732093064 ], [ 35.362942888932842, 31.466909052672548 ], [ 35.362503901958178, 31.46670533294586 ], [ 35.36211113762937, 31.466514660275458 ], [ 35.361810772388537, 31.466323943292252 ], [ 35.361506786449617, 31.4661302707331 ], [ 35.361229495563144, 31.465972428719628 ], [ 35.3608982032436, 31.465768501031302 ], [ 35.360482341778074, 31.465525218176474 ], [ 35.360014658912355, 31.465260506746748 ], [ 35.359740325179885, 31.4650982893831 ], [ 35.35939202466556, 31.46494517981888 ], [ 35.359033427149548, 31.464828227553227 ], [ 35.35860701558947, 31.464662597866134 ], [ 35.358100607312622, 31.464437453906797 ], [ 35.357615274604882, 31.46423032039624 ], [ 35.357235297795967, 31.464005021646116 ], [ 35.35702411821088, 31.463851741860619 ], [ 35.356717961390309, 31.463626283087134 ], [ 35.356411791577507, 31.463391875204344 ], [ 35.356105565004128, 31.463121320817223 ], [ 35.355711184614414, 31.462828463694169 ], [ 35.355331131092569, 31.462548975797471 ], [ 35.35487722033708, 31.462242446579559 ], [ 35.35431783108011, 31.461872836897253 ], [ 35.353663472958523, 31.461431114257888 ], [ 35.353135715035847, 31.461097608313992 ], [ 35.352660803828222, 31.460809133225823 ], [ 35.352217474240682, 31.460529709212349 ], [ 35.351875894431302, 31.460345498535972 ], [ 35.351306119558622, 31.460048108743575 ], [ 35.350957931399911, 31.459840792382082 ], [ 35.350641102462056, 31.459606382711566 ], [ 35.350419516422775, 31.459407939072026 ], [ 35.350208246327554, 31.459182426749518 ], [ 35.349891474089816, 31.458875723415154 ], [ 35.349553538848092, 31.458596170277442 ], [ 35.349089225796803, 31.458235448512504 ], [ 35.348582433580241, 31.457829608157137 ], [ 35.34835022581138, 31.457667318689474 ], [ 35.348097004210537, 31.45752316053926 ], [ 35.3479282130955, 31.457442039245116 ], [ 35.347727722080343, 31.457379061373086 ], [ 35.347495626717318, 31.457288991489307 ], [ 35.347209324716836, 31.457118587031957 ], [ 35.346792979832344, 31.456724475848382 ], [ 35.346556758186885, 31.456513006619737 ], [ 35.346241750993109, 31.456272806177484 ], [ 35.345881910183088, 31.456061472544167 ], [ 35.345364634420598, 31.455773298719688 ], [ 35.344937297206499, 31.45549467711427 ], [ 35.344532512543545, 31.455235335377925 ], [ 35.343958924715245, 31.454879857848855 ], [ 35.343171781595068, 31.454399543131377 ], [ 35.342699443332279, 31.45414019826233 ], [ 35.342219015272306, 31.453855283425639 ], [ 35.342054943214443, 31.453733282545606 ], [ 35.341697850574093, 31.453477051173177 ], [ 35.34131234785022, 31.453239168723062 ], [ 35.340891149055246, 31.452983074050849 ], [ 35.340412866814894, 31.452696388584847 ], [ 35.340020328511585, 31.452476899696528 ], [ 35.339599083902115, 31.452184091200937 ], [ 35.339284951644657, 31.451958387234242 ], [ 35.338999276554119, 31.451744842136911 ], [ 35.338698433826956, 31.451499253064434 ], [ 35.338417175395747, 31.451268580271666 ], [ 35.33807983689006, 31.451018729855242 ], [ 35.337764978708258, 31.450855450304509 ], [ 35.33736922793787, 31.450679359827681 ], [ 35.336939030808807, 31.450437776093452 ], [ 35.336556727098966, 31.450236444538362 ], [ 35.336200213128656, 31.450021134240682 ], [ 35.33583135028784, 31.449790052600854 ], [ 35.335462459922134, 31.449537902410921 ], [ 35.335093728572417, 31.449280466491714 ], [ 35.334755595523951, 31.449038851833411 ], [ 35.334410042688397, 31.448779487909764 ], [ 35.33403500573759, 31.448474776713379 ], [ 35.333647657283706, 31.448180504889812 ], [ 35.333297182063646, 31.447923115763267 ], [ 35.333051352375641, 31.447739251196349 ], [ 35.332864417027217, 31.447589711528227 ], [ 35.332544698501394, 31.447342717526276 ], [ 35.33217594814144, 31.447059062023282 ], [ 35.331856247532144, 31.446822635246132 ], [ 35.331653382000283, 31.446680789765498 ], [ 35.331407551633951, 31.446491637504245 ], [ 35.331087876118872, 31.4462709917801 ], [ 35.330790238767406, 31.446058285475001 ], [ 35.330513638866748, 31.445842880279784 ], [ 35.330273922918593, 31.445674787309876 ], [ 35.329966587772979, 31.445459411117671 ], [ 35.329677677617795, 31.445254514689378 ], [ 35.329321177273044, 31.445023401981494 ], [ 35.328789008639184, 31.444700086002452 ], [ 35.328463305232617, 31.444511005556706 ], [ 35.327996141365922, 31.444243145710363 ], [ 35.327547595180391, 31.444006832305625 ], [ 35.327191118469955, 31.443786212119658 ], [ 35.326988293929141, 31.443665426649954 ], [ 35.326794302670663, 31.44351144577519 ], [ 35.326573001218584, 31.443337691404555 ], [ 35.326253772889338, 31.443064540373143 ], [ 35.326014688759791, 31.44286522497028 ], [ 35.325793390264408, 31.442691469227888 ], [ 35.325619982569371, 31.442563678145483 ], [ 35.325321065108902, 31.442359344919836 ], [ 35.325201603637808, 31.442257079295832 ], [ 35.324968224174128, 31.442016819281253 ], [ 35.324866659828373, 31.441899246675661 ], [ 35.324709675106455, 31.441758685638273 ], [ 35.324452517392302, 31.441559384243096 ], [ 35.324279022457098, 31.441360004053706 ], [ 35.324141582587309, 31.441206600295004 ], [ 35.323986102200877, 31.441084004243237 ], [ 35.323782805124004, 31.44097159881202 ], [ 35.323531817135141, 31.440838804020569 ], [ 35.32310748731517, 31.440624294975503 ], [ 35.322724914044244, 31.440414819070011 ], [ 35.3222136986167, 31.440115835271719 ], [ 35.321813182099731, 31.439880866600703 ], [ 35.321460484085819, 31.439635565815205 ], [ 35.320994296186853, 31.43932385314443 ], [ 35.320770262492964, 31.439183559598042 ], [ 35.320423530887403, 31.438974044191141 ], [ 35.320040957815365, 31.43875441395479 ], [ 35.31961070327224, 31.438519394713953 ], [ 35.3191684277283, 31.438263951379511 ], [ 35.318767926668045, 31.438028973083473 ], [ 35.318355593697696, 31.437793933589816 ], [ 35.318092598891937, 31.437640634863087 ], [ 35.3178534554553, 31.437502745217515 ], [ 35.317566655028934, 31.437369970353934 ], [ 35.317267844970971, 31.437226918260773 ], [ 35.316777949778228, 31.436997931068028 ], [ 35.316502652106642, 31.436860704733686 ], [ 35.316170100792881, 31.436674417118457 ], [ 35.315814529232114, 31.436478284249311 ], [ 35.315447442764473, 31.436272436880401 ], [ 35.314965732786185, 31.436007712367271 ], [ 35.31454144286689, 31.435792047333099 ], [ 35.314289150228852, 31.435645002477521 ], [ 35.314032228313906, 31.435473793281286 ], [ 35.313768596789942, 31.435326686634291 ], [ 35.313458901495778, 31.43514037240686 ], [ 35.313183591449523, 31.434983550998112 ], [ 35.31267900409977, 31.434679520520529 ], [ 35.312311931478625, 31.434473664079036 ], [ 35.311887654528938, 31.434257990175936 ], [ 35.311474708600677, 31.434032440976534 ], [ 35.310931527321813, 31.433744430247856 ], [ 35.310553132957004, 31.433548372093608 ], [ 35.310300852540827, 31.433401319306029 ], [ 35.310117293511254, 31.433273797231042 ], [ 35.309819039813881, 31.433018766093912 ], [ 35.309050397858613, 31.43244986732422 ], [ 35.308591658137559, 31.432116330809581 ], [ 35.3082546858491, 31.43191558174048 ], [ 35.307979579762218, 31.431778336791073 ], [ 35.307784501176485, 31.431631232735732 ], [ 35.307635297669769, 31.431503679331673 ], [ 35.307348571305695, 31.431258427023501 ], [ 35.307050374251325, 31.431042635582997 ], [ 35.306717872768417, 31.430866117128247 ], [ 35.306385218863987, 31.430699462342616 ], [ 35.306075585149884, 31.430542582377306 ], [ 35.30580044399057, 31.430366086447851 ], [ 35.305387434938112, 31.43005216049778 ], [ 35.305024782376698, 31.429798366610765 ], [ 35.304689600297415, 31.429566181445669 ], [ 35.304371903215809, 31.429393238727432 ], [ 35.304080627497783, 31.429183283087031 ], [ 35.303745645483829, 31.428980688529446 ], [ 35.303375876242889, 31.428827653449805 ], [ 35.303035212369153, 31.428689391524689 ], [ 35.302613456387135, 31.428481928551975 ], [ 35.302290009735728, 31.428304123290161 ], [ 35.302104965788793, 31.428150943246802 ], [ 35.301764147681318, 31.427859286277947 ], [ 35.301425145964643, 31.427573968425683 ], [ 35.301251778112238, 31.42742571049785 ], [ 35.301020641049405, 31.427193366472707 ], [ 35.30080100386715, 31.426956081156721 ], [ 35.300627572424283, 31.426743492279122 ], [ 35.300407952432863, 31.426521073354106 ], [ 35.300182591654469, 31.426308522760241 ], [ 35.299899524074391, 31.426071283265049 ], [ 35.299645262064914, 31.425878552558601 ], [ 35.299454659605857, 31.425745101602168 ], [ 35.299263259411831, 31.425634902810515 ], [ 35.29888395377283, 31.425456707437313 ], [ 35.298612675134059, 31.42533465877629 ], [ 35.298298432052, 31.425139151053436 ], [ 35.297927068555659, 31.424845955971968 ], [ 35.297227135745914, 31.424320550069211 ], [ 35.296884292749191, 31.424112940402487 ], [ 35.296398784963692, 31.423880912175225 ], [ 35.295927552877856, 31.42362442220751 ], [ 35.295427705690251, 31.423343501132337 ], [ 35.29504206115341, 31.423050237274115 ], [ 35.294580412623013, 31.422668457257338 ], [ 35.293674466592201, 31.421994646398876 ], [ 35.293228164384274, 31.421668937088622 ], [ 35.292952338968227, 31.421410609407133 ], [ 35.292742225816028, 31.42112968855356 ], [ 35.292492632948878, 31.420803911315403 ], [ 35.292295504483988, 31.420522980771981 ], [ 35.292098583427304, 31.420287073869645 ], [ 35.291949905086412, 31.420151962322144 ], [ 35.291572607313618, 31.419796183900111 ], [ 35.291341496252571, 31.419545854706485 ], [ 35.29102580743514, 31.419170303944821 ], [ 35.290748463368622, 31.41885405409171 ], [ 35.29040680629047, 31.418468020675853 ], [ 35.290114166245885, 31.418132050799606 ], [ 35.289860039758587, 31.417861864455478 ], [ 35.289659878570838, 31.417664286248883 ], [ 35.289321110427146, 31.417374426224086 ], [ 35.289059324336847, 31.417170194160445 ], [ 35.288774387705494, 31.416985846601619 ], [ 35.288155024661215, 31.416580894869789 ], [ 35.287831763758433, 31.416350348283675 ], [ 35.287562278182513, 31.416165987940282 ], [ 35.287162065984646, 31.415876161989843 ], [ 35.286838645605044, 31.415645612971396 ], [ 35.28646921157015, 31.415408539796072 ], [ 35.28606132866944, 31.415171490053204 ], [ 35.285622544446028, 31.414921212052622 ], [ 35.285268426217442, 31.41471710110293 ], [ 35.284952946817498, 31.414539317043104 ], [ 35.284652766972386, 31.414381251509791 ], [ 35.284352593751414, 31.414229808534763 ], [ 35.283981898140453, 31.414041487457979 ], [ 35.283561414761927, 31.413851786861585 ], [ 35.28311018943171, 31.413642445332574 ], [ 35.282689687868782, 31.413426601088695 ], [ 35.282284469552273, 31.413210675707788 ], [ 35.281848690455533, 31.412994837971002 ], [ 35.281374627858106, 31.412778951284839 ], [ 35.280854697079569, 31.412530396610318 ], [ 35.280617675789443, 31.412432316081823 ], [ 35.280147706528901, 31.412191338514695 ], [ 35.279745964791204, 31.411994004533671 ], [ 35.279245913298922, 31.411731269073602 ], [ 35.278927171529041, 31.411556713160216 ], [ 35.278506492660476, 31.411300340500624 ], [ 35.278060339212949, 31.411033130197513 ], [ 35.27762702151793, 31.410787683247076 ], [ 35.277216236047444, 31.410567235450035 ], [ 35.276903914322055, 31.410398166727344 ], [ 35.27659160208011, 31.410240018590585 ], [ 35.27610733489724, 31.409967326991691 ], [ 35.275699351575142, 31.409749197923201 ], [ 35.275361542618214, 31.409547375516592 ], [ 35.275081231075248, 31.409329173703398 ], [ 35.274807012464876, 31.409127314730874 ], [ 35.274539367367758, 31.408925451566677 ], [ 35.274283877047068, 31.408716605629859 ], [ 35.27382238829145, 31.408342289007756 ], [ 35.273393446470209, 31.407982327102545 ], [ 35.273065470673011, 31.407730395938994 ], [ 35.272644945438174, 31.407413689669543 ], [ 35.272199248032159, 31.40704654566818 ], [ 35.271694532738792, 31.406628981439781 ], [ 35.271263663521033, 31.40630896436781 ], [ 35.270843130313764, 31.405963363337097 ], [ 35.270279606535297, 31.405545894393438 ], [ 35.269690924572188, 31.405092360018678 ], [ 35.269161087836672, 31.404667611501004 ], [ 35.26893404995289, 31.404465997787334 ], [ 35.268713094172838, 31.404267339951037 ], [ 35.268402027564107, 31.40395775155638 ], [ 35.268040324755965, 31.40359773786183 ], [ 35.267586081202246, 31.403173015623523 ], [ 35.267207635712765, 31.402827381717827 ], [ 35.266778749022315, 31.402474654727897 ], [ 35.266337216733284, 31.402125032653736 ], [ 35.265849509090607, 31.401757886527374 ], [ 35.265403705263857, 31.401397976011971 ], [ 35.265008549252762, 31.401102793164075 ], [ 35.264386249261968, 31.400663694366365 ], [ 35.264142327223205, 31.400490898265861 ], [ 35.263699496808108, 31.400136758117881 ], [ 35.263380271429632, 31.399868380479532 ], [ 35.263104610895248, 31.399641060557066 ], [ 35.262620005712222, 31.399201819468146 ], [ 35.262289438499806, 31.398913926661262 ], [ 35.261919091173269, 31.398587015724036 ], [ 35.261252199548842, 31.397981916546357 ], [ 35.260846016196687, 31.397607739337882 ], [ 35.260401403306844, 31.397251545049571 ], [ 35.260029450946497, 31.396966623736333 ], [ 35.259733108460594, 31.396742194306597 ], [ 35.259556569638924, 31.396581127162765 ], [ 35.259305719822045, 31.396327365561522 ], [ 35.259106338248635, 31.396151722238269 ], [ 35.258844186058703, 31.395951655471297 ], [ 35.258599148744587, 31.395800410081257 ], [ 35.258177444165661, 31.395541856596072 ], [ 35.257781380013661, 31.395300412948821 ], [ 35.257091951565151, 31.394846650442204 ], [ 35.256544836849919, 31.39446124357465 ], [ 35.256191647141556, 31.394197723364389 ], [ 35.255792783591438, 31.393924496933167 ], [ 35.255494026890801, 31.393756145165156 ], [ 35.255192151229146, 31.393590260051919 ], [ 35.254656744504494, 31.393259235964447 ], [ 35.25425018608076, 31.39301989924293 ], [ 35.25387749433046, 31.392824092790281 ], [ 35.253602248765205, 31.392679049954925 ], [ 35.253242233668807, 31.392530374905821 ], [ 35.252814530885004, 31.392370873497704 ], [ 35.25227426983858, 31.392155678427038 ], [ 35.251872031513315, 31.391991936714636 ], [ 35.251397007815257, 31.391805602595252 ], [ 35.250906692568542, 31.391587776374195 ], [ 35.250471238963641, 31.391350551897414 ], [ 35.250141426202084, 31.391130198817876 ], [ 35.249758873873233, 31.390892953012465 ], [ 35.249455523737787, 31.390695206637083 ], [ 35.249185043615682, 31.390525773219409 ], [ 35.248914556416892, 31.390339287761709 ], [ 35.248562227816137, 31.390082157960926 ], [ 35.248212536151371, 31.389839259323207 ], [ 35.247843133298815, 31.389596366404181 ], [ 35.247599099621013, 31.389409869172617 ], [ 35.247322022100178, 31.389166943583671 ], [ 35.246919566907948, 31.38883922444878 ], [ 35.246603054611583, 31.388568055647188 ], [ 35.246240186619545, 31.388223340293617 ], [ 35.245956527781971, 31.387940885437644 ], [ 35.245677461426737, 31.387638276719446 ], [ 35.24549275626606, 31.387491425637581 ], [ 35.245195991930373, 31.387282322794821 ], [ 35.245030988518842, 31.387107210048239 ], [ 35.24484622234872, 31.38681330667125 ], [ 35.244714253112186, 31.386672074647418 ], [ 35.244500947829451, 31.386476754177455 ], [ 35.244276631589216, 31.386267696944959 ], [ 35.243933692986388, 31.386007803361554 ], [ 35.243478514265114, 31.385634924220039 ], [ 35.243201458405899, 31.385391919106166 ], [ 35.242891374772491, 31.385120739039824 ], [ 35.242475792637514, 31.384747773925611 ], [ 35.242158806390322, 31.384457499266219 ], [ 35.241806839054576, 31.384181114776606 ], [ 35.241557561693575, 31.383961279505794 ], [ 35.241344914042529, 31.383735091727864 ], [ 35.241014747729118, 31.383326796339507 ], [ 35.240623959891316, 31.382889276033517 ], [ 35.240249943918514, 31.382487191545884 ], [ 35.239875945308832, 31.382122802411182 ], [ 35.239494560188888, 31.381764755649918 ], [ 35.239098561070243, 31.381412982693416 ], [ 35.238597058631875, 31.380919681111362 ], [ 35.238149788291878, 31.380486184410685 ], [ 35.237702528726082, 31.380071569590445 ], [ 35.237372590362341, 31.379763741519021 ], [ 35.237076181132238, 31.37950931327374 ], [ 35.236526281211269, 31.37912614589818 ], [ 35.236035035693881, 31.378774387166384 ], [ 35.235581433957385, 31.378500124196758 ], [ 35.235095145792009, 31.378218821367735 ], [ 35.234754735434855, 31.377989693630486 ], [ 35.234377688052412, 31.377729218521086 ], [ 35.234049432710371, 31.377489657857989 ], [ 35.233726426689437, 31.377222897292086 ], [ 35.233057734962408, 31.376629064344431 ], [ 35.232632041725786, 31.376243597511031 ], [ 35.232255156049, 31.375931045540849 ], [ 35.231720224572939, 31.375483100623274 ], [ 35.231148825874399, 31.375003806009964 ], [ 35.230771800382122, 31.374743390627575 ], [ 35.230504359638005, 31.37458716335642 ], [ 35.230091047199871, 31.374357967470523 ], [ 35.229714216614994, 31.374191332226172 ], [ 35.228996885292311, 31.373962192488722 ], [ 35.228393879231895, 31.373755222527631 ], [ 35.227990615234802, 31.373608457093685 ], [ 35.227658981629887, 31.373532701893303 ], [ 35.22736068721921, 31.37344277724462 ], [ 35.227001449912493, 31.373319675626366 ], [ 35.226559432250589, 31.37319186646689 ], [ 35.226194783395009, 31.373097229684625 ], [ 35.225780368698551, 31.373002529716359 ], [ 35.225165403074705, 31.372873687573264 ], [ 35.224662621149356, 31.372755393909088 ], [ 35.224281380090723, 31.372627567261539 ], [ 35.223927738156021, 31.372523410107334 ], [ 35.22360366476709, 31.372437215054997 ], [ 35.223200260911682, 31.372347225963647 ], [ 35.222797025780011, 31.372276259997648 ], [ 35.222548353693981, 31.372247899755077 ], [ 35.222078770854687, 31.372210057493813 ], [ 35.221653371056412, 31.372176928445132 ], [ 35.221189209850586, 31.372143873531972 ], [ 35.220824583608895, 31.372124966840072 ], [ 35.220421197414218, 31.372115505714369 ], [ 35.220039983536438, 31.37210139020101 ], [ 35.219566300679254, 31.372090666655719 ], [ 35.219115448942254, 31.372086562056896 ], [ 35.218292747177678, 31.372078410020983 ], [ 35.217374455297474, 31.372070332889564 ], [ 35.216421672125229, 31.372061336436513 ], [ 35.215216445575635, 31.372053270474595 ], [ 35.21400152880922, 31.37204519391598 ], [ 35.213284110037456, 31.372053419185139 ], [ 35.2124040870643, 31.372037059893206 ], [ 35.211686665677632, 31.372012511948022 ], [ 35.210988295853141, 31.371971541639294 ], [ 35.210666376692018, 31.371965780036415 ], [ 35.210022210053523, 31.371955170412029 ], [ 35.209294771130914, 31.371932934736201 ], [ 35.208555835876346, 31.371920137059622 ], [ 35.207779617168349, 31.37190099464658 ], [ 35.207451127615556, 31.371862601789175 ], [ 35.207256989545719, 31.37181138127649 ], [ 35.20701817698734, 31.371747407988121 ], [ 35.206652403391004, 31.371645035420066 ], [ 35.20642098317785, 31.371606638165566 ], [ 35.206085104240458, 31.37156824192563 ], [ 35.205782731528032, 31.371548446100906 ], [ 35.205431907044236, 31.371522872182901 ], [ 35.205096028758177, 31.371478061417669 ], [ 35.204775096908044, 31.371426908253092 ], [ 35.20446911152797, 31.371362930405333 ], [ 35.204110733012349, 31.371298881267546 ], [ 35.203834640648196, 31.371247725834404 ], [ 35.203379195849436, 31.371145343513405 ], [ 35.202685108372854, 31.370991731622805 ], [ 35.202311951074307, 31.370908511914198 ], [ 35.201692432649985, 31.370767719697795 ], [ 35.201154872361293, 31.370639750443758 ], [ 35.200423510696112, 31.370454136143049 ], [ 35.199923237354703, 31.370312563924415 ], [ 35.19947273209857, 31.370141750416781 ], [ 35.199004982343048, 31.369985801838666 ], [ 35.198441976483558, 31.369800112703114 ], [ 35.197948278651246, 31.369666424687054 ], [ 35.197428633935786, 31.369510397277288 ], [ 35.197133995934415, 31.369398982379089 ], [ 35.196839525832161, 31.369250433945364 ], [ 35.196380492667203, 31.369057343420742 ], [ 35.195810439497123, 31.368824644881819 ], [ 35.195455205007924, 31.36867608918465 ], [ 35.195152195060018, 31.368572067527918 ], [ 35.194822906915491, 31.368475512049891 ], [ 35.194329217977533, 31.368371474101139 ], [ 35.19374897678383, 31.368267497569249 ], [ 35.192943407319653, 31.368126295189739 ], [ 35.19238041408726, 31.368022314000488 ], [ 35.191964574746557, 31.367948008686156 ], [ 35.191522952852829, 31.367858832199957 ], [ 35.190769289048767, 31.367717691811915 ], [ 35.190131905945798, 31.36758374696786 ], [ 35.189758604815161, 31.367527195353638 ], [ 35.189198570322638, 31.367451807641125 ], [ 35.188825268718759, 31.367404695066153 ], [ 35.188408116410798, 31.367357575953125 ], [ 35.187924943215506, 31.367301075737224 ], [ 35.187375917043788, 31.367216239720694 ], [ 35.186794049937106, 31.367103212508159 ], [ 35.186365906961342, 31.366999575627155 ], [ 35.185882749724279, 31.366877186803805 ], [ 35.18532289971521, 31.366735901275572 ], [ 35.184740875757569, 31.366613422962782 ], [ 35.184130928013992, 31.366516092136145 ], [ 35.183296478437242, 31.366393567178285 ], [ 35.182681610183707, 31.366280515873687 ], [ 35.182275320797039, 31.366167497726885 ], [ 35.181946055890208, 31.36606386308037 ], [ 35.181528778306493, 31.365894401477561 ], [ 35.181012797966588, 31.365724850113466 ], [ 35.18065052748539, 31.365611764361365 ], [ 35.179969841689783, 31.365376297297278 ], [ 35.179442878304684, 31.365150298344272 ], [ 35.179201322556807, 31.365037302358257 ], [ 35.178915914916281, 31.364933668518294 ], [ 35.178674339856258, 31.364895994227521 ], [ 35.178200557192106, 31.364800212533499 ], [ 35.177871617930812, 31.364739548622669 ], [ 35.177572076844285, 31.364677833100675 ], [ 35.176864940603863, 31.364523514956808 ], [ 35.176461938228677, 31.364451557781077 ], [ 35.175539176579278, 31.364276681102499 ], [ 35.174820048180813, 31.364153210857911 ], [ 35.174580281159272, 31.36412229351771 ], [ 35.174352660793225, 31.364112023616443 ], [ 35.173705438087644, 31.364081008632478 ], [ 35.172542881340433, 31.363988280712061 ], [ 35.171620088760022, 31.363936611946556 ], [ 35.170709282307008, 31.363895297442237 ], [ 35.169666592330351, 31.36387444497845 ], [ 35.169079474372282, 31.36386124951343 ], [ 35.168813903521013, 31.363889642372346 ], [ 35.168382449124529, 31.363946454449067 ], [ 35.167652102282474, 31.363984225876308 ], [ 35.166844413674916, 31.363993433877091 ], [ 35.166390813207151, 31.363983858606698 ], [ 35.165549988940171, 31.363898208272552 ], [ 35.164620646209656, 31.363812525026095 ], [ 35.164078362630086, 31.363802914066536 ], [ 35.163082648425195, 31.363774131219962 ], [ 35.162507380275969, 31.36370750013063 ], [ 35.161908161819781, 31.363582094143883 ], [ 35.161025206903332, 31.363346811703231 ], [ 35.159654685789171, 31.363059072147561 ], [ 35.158375799659929, 31.362797491830449 ], [ 35.156017362448395, 31.362388162599661 ], [ 35.155059542271921, 31.362159645540736 ], [ 35.153924526075528, 31.361931051764575 ], [ 35.152895786384377, 31.36167212197731 ], [ 35.152044538364848, 31.361489283790252 ], [ 35.15101576571368, 31.36130636623815 ], [ 35.15032412558913, 31.361169171133053 ], [ 35.149596868225935, 31.361001588436949 ], [ 35.14888753183461, 31.360803570248574 ], [ 35.14788082333407, 31.360546300812043 ], [ 35.147487094699322, 31.360411123689673 ], [ 35.146810155109385, 31.360154273488469 ], [ 35.146180334637627, 31.35992442762776 ], [ 35.145251345468225, 31.359626939572408 ], [ 35.144252587140386, 31.359298902518454 ], [ 35.14330785368125, 31.358987864491947 ], [ 35.142709527111741, 31.358839046636746 ], [ 35.142064133300373, 31.358595715011464 ], [ 35.141497249217693, 31.358338890132107 ], [ 35.14067880101107, 31.357811861265937 ], [ 35.139655683049064, 31.357136192362695 ], [ 35.13891585019158, 31.356703750416383 ], [ 35.138459349411548, 31.356433439819984 ], [ 35.137861179771576, 31.356095552617127 ], [ 35.137420382689378, 31.355919805068893 ], [ 35.136948077096001, 31.355716982434572 ], [ 35.135924803072292, 31.355324888963555 ], [ 35.135468228885877, 31.35517611283143 ], [ 35.134917163234675, 31.355121772128619 ], [ 35.134460461701217, 31.355148581099634 ], [ 35.133294507507898, 31.355185707555243 ], [ 35.13277248907827, 31.355157796597812 ], [ 35.131986902439664, 31.355134526434181 ], [ 35.131567510644658, 31.355117448963124 ], [ 35.130886027790964, 31.355105857152168 ], [ 35.130204713807011, 31.355088554480524 ], [ 35.129634560089528, 31.355088223625856 ], [ 35.128894106653156, 31.355099063922303 ], [ 35.128337071985122, 31.355121212070031 ], [ 35.1277892374343, 31.355138008257025 ], [ 35.127382937840331, 31.355177082318878 ], [ 35.127114245466942, 31.355221874906057 ], [ 35.126865272521307, 31.355249768210829 ], [ 35.126465545265525, 31.355283276919607 ], [ 35.125947925278695, 31.355299801742476 ], [ 35.125456410617858, 31.355321977413986 ], [ 35.124781438975525, 31.355377717871278 ], [ 35.124508817340605, 31.355406296539091 ], [ 35.123886205254372, 31.355490249253016 ], [ 35.122955649147272, 31.355618887535563 ], [ 35.12231352198868, 31.355668998964926 ], [ 35.121763026535916, 31.355719236671902 ], [ 35.121271503791078, 31.355747033179327 ], [ 35.120865213814874, 31.355769246429812 ], [ 35.120288596706878, 31.355830664096988 ], [ 35.119908381354826, 31.355892208617441 ], [ 35.119207266713978, 31.355976016447869 ], [ 35.118873056045118, 31.356009544965964 ], [ 35.118441305089519, 31.356038075054855 ], [ 35.118008872021697, 31.356093942081969 ], [ 35.117753315136063, 31.356133087017341 ], [ 35.117386254894832, 31.356172226355323 ], [ 35.117097869761992, 31.356194507555255 ], [ 35.116691561285457, 31.356233547740114 ], [ 35.116128091751435, 31.356278115516346 ], [ 35.115780757449855, 31.356294716320612 ], [ 35.115317654735044, 31.356306374075579 ], [ 35.1149244983513, 31.356328577624016 ], [ 35.114426549999521, 31.356373183588321 ], [ 35.113928453085919, 31.356400947348025 ], [ 35.113384528541381, 31.356439879972662 ], [ 35.11267688995423, 31.356467490100044 ], [ 35.112257473976356, 31.356472826538056 ], [ 35.111602072489752, 31.356483557603514 ], [ 35.110887875548741, 31.356499879369672 ], [ 35.110117369031023, 31.356498963335138 ], [ 35.109606161056085, 31.356498586764005 ], [ 35.108950968744608, 31.35646435036023 ], [ 35.108518477927497, 31.356407870604631 ], [ 35.108190910813946, 31.356362671380303 ], [ 35.107791229855529, 31.356339894096145 ], [ 35.107262469387877, 31.356322161582419 ], [ 35.106882465838311, 31.356327510275822 ], [ 35.106515458731984, 31.356310320255513 ], [ 35.106056865508485, 31.356248175417516 ], [ 35.105598255287902, 31.356202869092765 ], [ 35.105198470381573, 31.35612392628223 ], [ 35.104694092236642, 31.356033627259354 ], [ 35.104019222923171, 31.3559768733471 ], [ 35.103619568532281, 31.355931676511297 ], [ 35.103239620528569, 31.355886423504646 ], [ 35.102892363978071, 31.355829921483199 ], [ 35.102528187537231, 31.355779041968052 ], [ 35.102108828892511, 31.355733754324209 ], [ 35.101853315259817, 31.355727913538974 ], [ 35.10109974136499, 31.35571610590479 ], [ 35.10035929259616, 31.35571550777582 ], [ 35.099161660273268, 31.355720802316316 ], [ 35.098578523876782, 31.355725959687721 ], [ 35.098034616036884, 31.355747987091817 ], [ 35.097687261554107, 31.355781449525399 ], [ 35.097274384766571, 31.355814785880973 ], [ 35.096691209329514, 31.355853614969266 ], [ 35.095852316787145, 31.355920339287003 ], [ 35.095033148506346, 31.355970234764865 ], [ 35.094404154896765, 31.356009014400609 ], [ 35.093834763211511, 31.35605474748607 ], [ 35.093428445944596, 31.356093713986517 ], [ 35.092864959926416, 31.356143816450409 ], [ 35.092412667944131, 31.356177102893675 ], [ 35.091691874866427, 31.356215789089731 ], [ 35.091318412775124, 31.356243574468103 ], [ 35.090931662454572, 31.356260073262572 ], [ 35.090542119810259, 31.356276991179307 ], [ 35.090319284609784, 31.356271156412877 ], [ 35.089500151428261, 31.356287336264216 ], [ 35.089067597928796, 31.356292514674742 ], [ 35.088543370102066, 31.356331359680333 ], [ 35.087920769037325, 31.356375750168159 ], [ 35.087475234874255, 31.356386618761984 ], [ 35.08683314006052, 31.356391669015061 ], [ 35.086256389486536, 31.356407979513566 ], [ 35.085745304333592, 31.356441188308715 ], [ 35.085432926419536, 31.356470563154616 ], [ 35.085103271550437, 31.356526837250271 ], [ 35.084839485378033, 31.35656893877626 ], [ 35.084544624120831, 31.356640815707411 ], [ 35.084157154753129, 31.356704008990643 ], [ 35.083876954823694, 31.356739117524601 ], [ 35.083613176526377, 31.356774170442446 ], [ 35.083341040992551, 31.356795122751926 ], [ 35.082887755171534, 31.356830065730314 ], [ 35.082046897166727, 31.356878730355788 ], [ 35.081445157762687, 31.35691345615081 ], [ 35.080513814211749, 31.356962094460222 ], [ 35.079239882234162, 31.357032305680328 ], [ 35.078498034598823, 31.35708816011833 ], [ 35.077995114090868, 31.357151221460093 ], [ 35.077409900470073, 31.357228432522614 ], [ 35.076601996370002, 31.357312394966659 ], [ 35.075950784047478, 31.357375370985881 ], [ 35.075002818242275, 31.357445090905628 ], [ 35.074038458450346, 31.35749357843725 ], [ 35.073364773579954, 31.357536084835562 ], [ 35.072936113463761, 31.357571017783062 ], [ 35.072433410109547, 31.357591710537658 ], [ 35.072095447757356, 31.357591362547019 ], [ 35.071559726227406, 31.357619063920957 ], [ 35.070990812176404, 31.357660891192808 ], [ 35.070446858921052, 31.357702741998445 ], [ 35.069869783293761, 31.357709184414002 ], [ 35.069400116906898, 31.357708691184982 ], [ 35.068938517564881, 31.357694042115135 ], [ 35.068269994265975, 31.35768487937683 ], [ 35.066818263585226, 31.357707428779293 ], [ 35.065660545676053, 31.357688496661211 ], [ 35.064988752144892, 31.357670012455486 ], [ 35.064378895613814, 31.357633906649077 ], [ 35.063572811347065, 31.357588704681081 ], [ 35.062869941748531, 31.357596809487241 ], [ 35.061939629031521, 31.357604658149889 ], [ 35.060058323703203, 31.357612420361114 ], [ 35.059210790593369, 31.357611464251562 ], [ 35.058766318681883, 31.357566640714033 ], [ 35.058208276375126, 31.357477436879332 ], [ 35.057815465648339, 31.357476988779283 ], [ 35.05693688279387, 31.357484789788803 ], [ 35.056037744514249, 31.357510387617804 ], [ 35.055283104255253, 31.357544954744107 ], [ 35.054838494288262, 31.357588757210657 ], [ 35.054321613555146, 31.357641351702526 ], [ 35.053639335632035, 31.357711435578494 ], [ 35.05309144462241, 31.357746232538528 ], [ 35.052657399655253, 31.357754598086714 ], [ 35.052286756756395, 31.357754582034634 ], [ 35.051945716814501, 31.35772761357617 ], [ 35.051253263078578, 31.35769134723574 ], [ 35.050570977117665, 31.357663896955156 ], [ 35.049868135189264, 31.357654174430301 ], [ 35.048824196456223, 31.357652913043086 ], [ 35.04837977650476, 31.357679007676978 ], [ 35.0479351775125, 31.357713908159081 ], [ 35.047614712974649, 31.357757836893558 ], [ 35.047108173223471, 31.357810414948428 ], [ 35.046591287230918, 31.357862907817946 ], [ 35.046074430305268, 31.357897712966814 ], [ 35.045251152868907, 31.357924456137958 ], [ 35.04468258107439, 31.357950313463313 ], [ 35.04402103072578, 31.357993808229082 ], [ 35.043245690886913, 31.358028278664072 ], [ 35.04291495306984, 31.358027862880331 ], [ 35.04227415386412, 31.358035932945679 ], [ 35.041674573630523, 31.358044052086676 ], [ 35.040982014542458, 31.35806973572117 ], [ 35.039803678454973, 31.358103671505035 ], [ 35.039166967643212, 31.35812110258501 ], [ 35.038309022690846, 31.358155436788394 ], [ 35.037482177253835, 31.358154363913062 ], [ 35.036706881040679, 31.358162231149443 ], [ 35.036293587687865, 31.358135126652588 ], [ 35.035731183819912, 31.358107543074233 ], [ 35.035059346281059, 31.358115465841415 ], [ 35.034046408687225, 31.358131881240443 ], [ 35.033507770848274, 31.358130037666665 ], [ 35.032916661453015, 31.358084788315555 ], [ 35.032190499524084, 31.358074937785869 ], [ 35.031713458507042, 31.358065418638947 ], [ 35.031101560968551, 31.358073471792043 ], [ 35.030676200211929, 31.358090652762463 ], [ 35.030095257897294, 31.35814320379593 ], [ 35.029773601083328, 31.35820505383294 ], [ 35.029451943852074, 31.358266903061441 ], [ 35.029026466350345, 31.358346365759644 ], [ 35.028466394039022, 31.35839005986854 ], [ 35.027781661687037, 31.358442458073313 ], [ 35.027231950765845, 31.358477282989178 ], [ 35.026806520676267, 31.358530033735796 ], [ 35.026505585740729, 31.358574077661142 ], [ 35.026059593643019, 31.35864462400442 ], [ 35.025592580673482, 31.358715139505126 ], [ 35.025132677959022, 31.358759592740217 ], [ 35.024824081147131, 31.358773112485231 ], [ 35.02436947904252, 31.358793331885206 ], [ 35.02387436744344, 31.358785660673732 ], [ 35.023387329330333, 31.358764118163496 ], [ 35.022835437778738, 31.358735506438208 ], [ 35.022449381608737, 31.358721431135695 ], [ 35.021873118899364, 31.358727517885413 ], [ 35.021402325888573, 31.358712966567278 ], [ 35.020696191853894, 31.358704981977134 ], [ 35.020062958179494, 31.358704073865507 ], [ 35.019283732652347, 31.358702952099843 ], [ 35.018780424730565, 31.358688273790275 ], [ 35.018257123187908, 31.358652708110938 ], [ 35.017892007246338, 31.358596513919831 ], [ 35.01751869453858, 31.358533331134709 ], [ 35.016747724688578, 31.358427783103053 ], [ 35.016090574561304, 31.358315492365278 ], [ 35.015619895956213, 31.35824518551847 ], [ 35.014913769293024, 31.358153673088466 ], [ 35.014288862481358, 31.358097084760658 ], [ 35.013578232055202, 31.358041352392608 ], [ 35.012977588844969, 31.358005720614727 ], [ 35.012401441363238, 31.357957016973568 ], [ 35.011652167253985, 31.357927920753767 ], [ 35.011131064966612, 31.357864285933786 ], [ 35.010373709996607, 31.357772389519699 ], [ 35.010007245902536, 31.357736886336024 ], [ 35.009570868153823, 31.357680349122059 ], [ 35.009090509249262, 31.357609792255722 ], [ 35.008610044812734, 31.357511260499422 ], [ 35.008365910289129, 31.357482985299455 ], [ 35.007877226208244, 31.357468286576928 ], [ 35.007298937580579, 31.357425475460964 ], [ 35.006500955131003, 31.357368371876639 ], [ 35.005987891539746, 31.357311704194117 ], [ 35.005564491433482, 31.357255173427372 ], [ 35.004896824437893, 31.357156408026711 ], [ 35.004269825811633, 31.35708553459531 ], [ 35.003561435539552, 31.35698669873144 ], [ 35.002998312311355, 31.356919301164321 ], [ 35.002146716811282, 31.356825235368348 ], [ 35.001525026470844, 31.356731527605614 ], [ 35.000768287052267, 31.356591239404398 ], [ 35.000376502655072, 31.356497820246325 ], [ 35.000160190726874, 31.356439557382792 ], [ 34.999606161960259, 31.356345948002112 ], [ 34.9991736038657, 31.356275641691639 ], [ 34.9988357987841, 31.356205556207129 ], [ 34.997835902912129, 31.355972134587521 ], [ 34.997302156313971, 31.35584268337492 ], [ 34.996558896045258, 31.355702392117514 ], [ 34.995910123358129, 31.35560861330098 ], [ 34.995112840480793, 31.35546822589037 ], [ 34.994161631301104, 31.355280725020659 ], [ 34.993513045094943, 31.35510576357899 ], [ 34.993040359832492, 31.354919533132271 ], [ 34.992540581426155, 31.354733185756789 ], [ 34.992175717674279, 31.354651482506686 ], [ 34.991608104009714, 31.354546190119827 ], [ 34.990910882853477, 31.354387904542921 ], [ 34.990140594871008, 31.354154734314566 ], [ 34.989586531007475, 31.354014647986787 ], [ 34.989099880488908, 31.353909480015364 ], [ 34.988342880855186, 31.353757421658631 ], [ 34.987842794229557, 31.35364067073224 ], [ 34.98726158877205, 31.353523710165835 ], [ 34.986950733291096, 31.35345356855052 ], [ 34.986548575786749, 31.353312599052973 ], [ 34.986048627910741, 31.353137781687103 ], [ 34.985372839744699, 31.352951106809101 ], [ 34.984764600907283, 31.352810907200166 ], [ 34.984291618365653, 31.352694188829251 ], [ 34.983399382142167, 31.352518687706421 ], [ 34.982642458280836, 31.35241302953521 ], [ 34.981844867100605, 31.352284044322811 ], [ 34.980966241217011, 31.352120175927428 ], [ 34.980398518721429, 31.352003278234296 ], [ 34.980060551491192, 31.351944698643706 ], [ 34.979763199178905, 31.351863007665326 ], [ 34.979073801912051, 31.351745820613438 ], [ 34.97879818677594, 31.351707710330995 ], [ 34.978389659842463, 31.351629132341468 ], [ 34.977908557854981, 31.351480246043629 ], [ 34.97728701193023, 31.35128291429556 ], [ 34.976515361309197, 31.351094613905961 ], [ 34.975988793373965, 31.351007997469448 ], [ 34.974944622167335, 31.350795809332897 ], [ 34.974127545665702, 31.350654128870943 ], [ 34.973473665848068, 31.350590666601956 ], [ 34.973056059883071, 31.350535377829413 ], [ 34.97281995870194, 31.350457092832901 ], [ 34.972542076117023, 31.35040874821895 ], [ 34.972233224737529, 31.350400439169711 ], [ 34.97183364463509, 31.350360750864422 ], [ 34.971561343053423, 31.350313541614582 ], [ 34.971016461339239, 31.350265765915527 ], [ 34.970607754683982, 31.350265022011158 ], [ 34.970126324370696, 31.350256393383596 ], [ 34.969672113711972, 31.350263314110187 ], [ 34.968945544747378, 31.350246411307261 ], [ 34.968137163021673, 31.350244925632829 ], [ 34.967283218419205, 31.350274494352799 ], [ 34.966910820644927, 31.350266055069014 ], [ 34.966583927435806, 31.350249877891063 ], [ 34.966184350461354, 31.350210172008595 ], [ 34.965359455514424, 31.350115629964787 ], [ 34.964678347463803, 31.350044251037943 ], [ 34.963997220753626, 31.349980619148166 ], [ 34.963397888573738, 31.349909386589353 ], [ 34.963080127804503, 31.349854323295379 ], [ 34.96271714684493, 31.349760138797684 ], [ 34.961963724951808, 31.349587357144891 ], [ 34.961328147877872, 31.349500474623589 ], [ 34.960901318585684, 31.349460700683643 ], [ 34.960483480494148, 31.349436584704456 ], [ 34.959866112376154, 31.349357480238503 ], [ 34.95920426430979, 31.349271312214587 ], [ 34.958635434184053, 31.349218576424281 ], [ 34.958160394600903, 31.349154532999425 ], [ 34.957665128729573, 31.349101934037588 ], [ 34.957076207860133, 31.349072052461434 ], [ 34.956473943058761, 31.348996272449472 ], [ 34.955845093421679, 31.348914730806428 ], [ 34.955262818041263, 31.348856176253353 ], [ 34.954710059778371, 31.348750679163526 ], [ 34.954295409076948, 31.348640798503038 ], [ 34.953787045619634, 31.348513541114226 ], [ 34.953265112303427, 31.348426417794567 ], [ 34.952549154877595, 31.348315941540562 ], [ 34.952047343853899, 31.348257600749172 ], [ 34.951541133954215, 31.348186566393469 ], [ 34.951099601594251, 31.34812256286645 ], [ 34.950591060476754, 31.348064132640999 ], [ 34.950149318912004, 31.348017317858417 ], [ 34.949701040515016, 31.347959073940981 ], [ 34.949212471667764, 31.347923648098359 ], [ 34.948851143172803, 31.347894251602437 ], [ 34.948637165296944, 31.347842107157035 ], [ 34.948368796424468, 31.347804932460967 ], [ 34.947767404197933, 31.347776251607989 ], [ 34.947286610458853, 31.347720259444852 ], [ 34.946837784480699, 31.347623110100404 ], [ 34.946284856570969, 31.347525749862076 ], [ 34.945667708939745, 31.347435092486638 ], [ 34.945210929085277, 31.347365401116662 ], [ 34.94456180221129, 31.347261004454335 ], [ 34.944048867815717, 31.347191195249184 ], [ 34.943688147003904, 31.347121693293122 ], [ 34.943129869113648, 31.347001761166194 ], [ 34.942761382445497, 31.346890950798219 ], [ 34.942216642356613, 31.346745465047832 ], [ 34.94188808837341, 31.34668292889944 ], [ 34.941375082708035, 31.346640588565503 ], [ 34.940869997148084, 31.34658459305961 ], [ 34.940669790299062, 31.346542891810817 ], [ 34.940477541863892, 31.346473726923566 ], [ 34.939972968240426, 31.346293929405974 ], [ 34.939340109630898, 31.346072645490672 ], [ 34.938844220622052, 31.345900753078734 ], [ 34.938340852356475, 31.345703265994779 ], [ 34.93799752038376, 31.345584743423764 ], [ 34.937654242735739, 31.345505466687506 ], [ 34.937230757096472, 31.345396499037989 ], [ 34.936715623094869, 31.345297203382714 ], [ 34.936257710830759, 31.345227548279546 ], [ 34.935422236204914, 31.345068672583512 ], [ 34.935101730023959, 31.345009024837456 ], [ 34.934701152743095, 31.344929619970362 ], [ 34.934495063485137, 31.344880075595341 ], [ 34.934277729126052, 31.344801054629116 ], [ 34.933504432257202, 31.344491088535275 ], [ 34.932497452956838, 31.344194292329089 ], [ 34.931845432546943, 31.343967012196405 ], [ 34.931055736135875, 31.343768888213397 ], [ 34.930243277041676, 31.343551122667435 ], [ 34.928755598777641, 31.343184570211271 ], [ 34.926969829222791, 31.342905714333501 ], [ 34.926271511029526, 31.342796116214526 ], [ 34.925435650055562, 31.342725602989056 ], [ 34.924075724192932, 31.342642948928734 ], [ 34.922913499858069, 31.342666687158882 ], [ 34.922362731726786, 31.342744112267418 ], [ 34.921842509450855, 31.342874165968404 ], [ 34.921260642496762, 31.343082715759127 ], [ 34.920586681319094, 31.34344839809221 ], [ 34.920219001206853, 31.343683627956686 ], [ 34.919973722264835, 31.343892916671663 ], [ 34.919391534628943, 31.344258866447152 ], [ 34.918686938239645, 31.344650752488761 ], [ 34.917982251456436, 31.345016352571307 ], [ 34.917284763260078, 31.345334685718054 ], [ 34.916612078098488, 31.345702393144268 ], [ 34.916163548727035, 31.345952438044801 ], [ 34.915732302683566, 31.346187793950747 ], [ 34.915318250231458, 31.346437913401722 ], [ 34.914955799138937, 31.346673351142439 ], [ 34.914610705935182, 31.346923623780242 ], [ 34.914213633161133, 31.347203371434563 ], [ 34.91371316834401, 31.347571452752732 ], [ 34.913333377000278, 31.347836369576552 ], [ 34.912858843616483, 31.348259536080647 ], [ 34.912237268844301, 31.348760295598275 ], [ 34.911805589127511, 31.349128455440407 ], [ 34.911218512703272, 31.349673537839404 ], [ 34.910769445526313, 31.350086044583687 ], [ 34.910613748335713, 31.350307216455107 ], [ 34.91057820942568, 31.350646825754772 ], [ 34.910611682603346, 31.350971796304737 ], [ 34.910730198168572, 31.351408007396913 ], [ 34.910933926675561, 31.352324109057989 ], [ 34.911018118743954, 31.352974089221462 ], [ 34.911067984410728, 31.353520625121583 ], [ 34.910980746306628, 31.353904365424697 ], [ 34.910824676170996, 31.354243698942668 ], [ 34.910599681922875, 31.35456807774014 ], [ 34.910322985511357, 31.354936657344723 ], [ 34.910046378894421, 31.355275713550729 ], [ 34.909700918843647, 31.355629337282178 ], [ 34.90938991535068, 31.355938719583751 ], [ 34.909061621025401, 31.356262858029528 ], [ 34.908681806919432, 31.356572150633674 ], [ 34.908267643896863, 31.356837043138665 ], [ 34.907905088874145, 31.357087256831583 ], [ 34.907456343154912, 31.357381589730512 ], [ 34.907059509086316, 31.357616924951429 ], [ 34.90669806743638, 31.357876649930219 ], [ 34.906285326213684, 31.358155772262695 ], [ 34.90592967146771, 31.358349768815753 ], [ 34.905559853907093, 31.358555921056706 ], [ 34.905275099983449, 31.358762341009982 ], [ 34.905047242194748, 31.358944443273405 ], [ 34.904719953298702, 31.359150692270461 ], [ 34.904406747200269, 31.359369163014616 ], [ 34.903894484189124, 31.359696803481594 ], [ 34.90337760327531, 31.360029504194152 ], [ 34.902865130229827, 31.360369259200503 ], [ 34.902466848726043, 31.360587525171109 ], [ 34.902025789724483, 31.360829997953431 ], [ 34.901584845223908, 31.36103604140316 ], [ 34.901214726374221, 31.361278678768592 ], [ 34.900759263470341, 31.361606440739166 ], [ 34.900374899298704, 31.361885610912097 ], [ 34.899933514852293, 31.362225522455063 ], [ 34.899520656044153, 31.362529001718507 ], [ 34.899193099730518, 31.362759615083998 ], [ 34.898837216269172, 31.363014468993352 ], [ 34.898475967309061, 31.363252046294651 ], [ 34.898077460045911, 31.363482417107882 ], [ 34.897821323458921, 31.363615821078056 ], [ 34.897494042275959, 31.36380986172453 ], [ 34.897138110642111, 31.364076900383612 ], [ 34.8967534877875, 31.364429126359706 ], [ 34.896397313260806, 31.364769300257247 ], [ 34.896025156407703, 31.365124583713285 ], [ 34.895638679865051, 31.36538816259857 ], [ 34.89525194128143, 31.365731148550424 ], [ 34.894880551309249, 31.366100522528171 ], [ 34.894400919689694, 31.366522620116704 ], [ 34.893921327324136, 31.366931469407746 ], [ 34.893425944630437, 31.367446039627424 ], [ 34.892958457661571, 31.367916567397092 ], [ 34.892417132629191, 31.368364930230289 ], [ 34.892030195372769, 31.368760751003254 ], [ 34.891797604629275, 31.36911727758098 ], [ 34.891565012121326, 31.369473803705549 ], [ 34.89122403095427, 31.369975565451064 ], [ 34.890867092314949, 31.370583048211493 ], [ 34.890557288241936, 31.370992299378322 ], [ 34.890293545021571, 31.371428155635016 ], [ 34.890184682625467, 31.371665904028447 ], [ 34.890044798060387, 31.371996231629605 ], [ 34.889734721388336, 31.37248481833636 ], [ 34.889377191218749, 31.373066929470887 ], [ 34.88912215156973, 31.373549026465078 ], [ 34.888994387310852, 31.37383837469002 ], [ 34.888923163208709, 31.374115742664952 ], [ 34.88888010526211, 31.374369082449252 ], [ 34.888836764749989, 31.374706903402725 ], [ 34.888779460229507, 31.374996354207266 ], [ 34.888651816882472, 31.375297751019254 ], [ 34.88849580087799, 31.375635294398929 ], [ 34.888311212495346, 31.376117563026188 ], [ 34.888154708923643, 31.376599900588612 ], [ 34.888055107810857, 31.376913414553474 ], [ 34.887939997602821, 31.377198424215045 ], [ 34.887783814005132, 31.377584231467171 ], [ 34.887570480791304, 31.378211223706273 ], [ 34.887399805584288, 31.37875390958153 ], [ 34.887285546719013, 31.379224301546035 ], [ 34.887185777705803, 31.379586079528217 ], [ 34.887085926684705, 31.379972025064575 ], [ 34.886999957587378, 31.380430367498949 ], [ 34.886927949501519, 31.380888744396717 ], [ 34.886856104717495, 31.381347192082909 ], [ 34.886782662915635, 31.381694238150292 ], [ 34.886669128678889, 31.381947331848227 ], [ 34.886555512216511, 31.382224663538764 ], [ 34.886388338233886, 31.382553016433203 ], [ 34.886195519544366, 31.382935630274527 ], [ 34.886034961252427, 31.383249836576958 ], [ 34.885826437413066, 31.383563923524871 ], [ 34.885681645764173, 31.383878238966997 ], [ 34.885496801319675, 31.38428130492262 ], [ 34.885248172201685, 31.384650038686033 ], [ 34.885047992184958, 31.384875294767824 ], [ 34.884715987200728, 31.385221977162391 ], [ 34.884435809654249, 31.385494875274262 ], [ 34.884275563863589, 31.385665482187399 ], [ 34.884147210184679, 31.38587717634524 ], [ 34.883946885696417, 31.386143438089753 ], [ 34.883586520799348, 31.386518723868317 ], [ 34.883250229131768, 31.386866730351134 ], [ 34.882881856116526, 31.387228324763431 ], [ 34.882513621234061, 31.387596753064372 ], [ 34.882217191865166, 31.387910613171552 ], [ 34.881837410701962, 31.388339394783785 ], [ 34.881628931438712, 31.388633041228381 ], [ 34.881484352261843, 31.38887886489626 ], [ 34.881291758711377, 31.389234062432486 ], [ 34.88093099609933, 31.389718834468599 ], [ 34.880834451423596, 31.389944274610862 ], [ 34.88072150244205, 31.390306506771463 ], [ 34.880656450154127, 31.390641521220164 ], [ 34.880602284122595, 31.391011440847361 ], [ 34.880514944311393, 31.391474002113259 ], [ 34.880453117323505, 31.392017515901998 ], [ 34.880459818935599, 31.392553733978104 ], [ 34.880552021442909, 31.393163728274342 ], [ 34.880660552942693, 31.393611423706318 ], [ 34.880855345463146, 31.394295096034028 ], [ 34.880964990051055, 31.394802262228776 ], [ 34.881091444209638, 31.395390288345268 ], [ 34.881244170498455, 31.395838799175412 ], [ 34.881449224937604, 31.396262780593375 ], [ 34.881746368536369, 31.397093618229732 ], [ 34.882102402627247, 31.398240545834092 ], [ 34.882357412331714, 31.399193242197668 ], [ 34.882510100634789, 31.399656406890646 ], [ 34.882756742494941, 31.400222678690522 ], [ 34.882909559495097, 31.400649133518275 ], [ 34.883036608930183, 31.401068195720324 ], [ 34.88318071013537, 31.401546064118595 ], [ 34.883291392766978, 31.401947399560218 ], [ 34.883410177546857, 31.402285552575826 ], [ 34.883581998111133, 31.402633350284102 ], [ 34.88392880947621, 31.403364112414664 ], [ 34.88416742225688, 31.403832562761771 ], [ 34.884296943300228, 31.404300810769634 ], [ 34.884424650693788, 31.405255580011143 ], [ 34.884832188354977, 31.407465022134613 ], [ 34.885029000667501, 31.408394174262899 ], [ 34.885223482468035, 31.408993567827377 ], [ 34.885613529130495, 31.409874159748572 ], [ 34.886243399232086, 31.410923744958929 ], [ 34.886569139805125, 31.41148604780928 ], [ 34.886785869389143, 31.411973180900741 ], [ 34.887263105539361, 31.412928811889728 ], [ 34.887632087878636, 31.413584789588771 ], [ 34.887826698289871, 31.414202851013425 ], [ 34.888156186902201, 31.414682650402742 ], [ 34.888525746696615, 31.41517015733902 ], [ 34.889091372834962, 31.415845286977074 ], [ 34.889243226887857, 31.41618252892243 ], [ 34.889525731999932, 31.41661366234851 ], [ 34.889982225437109, 31.417251105663624 ], [ 34.89059407217897, 31.418314223230595 ], [ 34.890835342747557, 31.418647031736693 ], [ 34.891066781966011, 31.419021316574426 ], [ 34.891259360761367, 31.41937063373269 ], [ 34.891568144304557, 31.419811550173158 ], [ 34.891895936564268, 31.42031895579186 ], [ 34.892283198346576, 31.420981516929871 ], [ 34.892601082626989, 31.421605225668589 ], [ 34.892851213566125, 31.422145626353199 ], [ 34.893072699420259, 31.422602955317831 ], [ 34.893226620422631, 31.422918988921136 ], [ 34.893332558404516, 31.423135134837921 ], [ 34.8934097985939, 31.423382917926666 ], [ 34.893486184732971, 31.423740263828929 ], [ 34.893543427008105, 31.424022734966218 ], [ 34.893629646657395, 31.424338603803069 ], [ 34.893716086152146, 31.424587959089362 ], [ 34.893879516906154, 31.424962073724998 ], [ 34.894101041640944, 31.42541108660307 ], [ 34.894350945358376, 31.426076126856746 ], [ 34.8945423217029, 31.426799154356811 ], [ 34.894728294586713, 31.427217007346545 ], [ 34.894836930794902, 31.427664830021623 ], [ 34.894945519607752, 31.428077352141226 ], [ 34.895054418628824, 31.428395670248015 ], [ 34.895218024787653, 31.428820091665376 ], [ 34.895397575801894, 31.429193749846537 ], [ 34.895643684689162, 31.429618369589793 ], [ 34.895985319498109, 31.430231698491241 ], [ 34.896231164077911, 31.43073875427207 ], [ 34.896408381465235, 31.431175044013795 ], [ 34.896572036900238, 31.431587696913269 ], [ 34.896735501396748, 31.432059253422683 ], [ 34.896885354598879, 31.432471872737935 ], [ 34.897049014331415, 31.432884524972785 ], [ 34.897335739036059, 31.433509485095936 ], [ 34.897608700418154, 31.434122644816195 ], [ 34.897738217306788, 31.43445881443477 ], [ 34.898018592417081, 31.435308045911821 ], [ 34.898244875855049, 31.43650007830826 ], [ 34.898578266210038, 31.43680619413534 ], [ 34.898605840648827, 31.436856877512092 ], [ 34.899859958762583, 31.439161953687165 ], [ 34.899827177757594, 31.439208414638134 ], [ 34.899883849408198, 31.439285821868484 ], [ 34.899895631956326, 31.440843079068078 ], [ 34.900129864915264, 31.44121852400081 ], [ 34.900145843959088, 31.441478100097736 ], [ 34.899976643090746, 31.441794911459414 ], [ 34.900009672465536, 31.441982434137593 ], [ 34.900715455443098, 31.442157134414977 ], [ 34.90088330688171, 31.44225846365649 ], [ 34.901108697242528, 31.442770864243087 ], [ 34.901259685982446, 31.442886571851655 ], [ 34.901292764687902, 31.443059675512703 ], [ 34.901443197483978, 31.443348406978799 ], [ 34.901560551743593, 31.44346403468856 ], [ 34.901846178223842, 31.443551222217213 ], [ 34.901997354327975, 31.443609254264882 ], [ 34.902047761835739, 31.443623792016965 ], [ 34.902417987635566, 31.443552571289828 ], [ 34.902602753761144, 31.443625100576817 ], [ 34.902450375204289, 31.443941954743767 ], [ 34.902399412571775, 31.444100441219618 ], [ 34.902482531882605, 31.44440343152672 ], [ 34.902667161120043, 31.444519216737298 ], [ 34.903289430749368, 31.444520680775799 ], [ 34.903894652259225, 31.444594195711044 ], [ 34.904383112553553, 31.444364640000259 ], [ 34.904551247368332, 31.444379452404519 ], [ 34.905255407936309, 31.445073200045268 ], [ 34.90528854053067, 31.445231883993134 ], [ 34.905235886998213, 31.445923862477624 ], [ 34.905058033766977, 31.446319963441876 ], [ 34.904703653688756, 31.446694023124749 ], [ 34.904735959906226, 31.447112243213805 ], [ 34.904852818303731, 31.447386473246382 ], [ 34.905305317782684, 31.447892187623562 ], [ 34.90540499373212, 31.448281727203135 ], [ 34.905403162168795, 31.448858473852876 ], [ 34.905301561826782, 31.449074518260652 ], [ 34.905250601131542, 31.449233005756593 ], [ 34.905317373065564, 31.449391768150207 ], [ 34.905468148663296, 31.449579564099022 ], [ 34.904105993264437, 31.449518703166817 ], [ 34.904053696366759, 31.450095331345132 ], [ 34.903867995907461, 31.450311177348954 ], [ 34.903327245727411, 31.450610448774821 ], [ 34.901389278769983, 31.450549556061404 ], [ 34.898597033759728, 31.450542920856126 ], [ 34.897578410470459, 31.450624970095571 ], [ 34.896888193363957, 31.450735961647528 ], [ 34.895313150301824, 31.450197099730484 ], [ 34.894590825311035, 31.450082708268837 ], [ 34.893670660213232, 31.450193126168109 ], [ 34.892055974887477, 31.451709927884021 ], [ 34.891003545858688, 31.452073458653299 ], [ 34.890802545796824, 31.451997054556198 ], [ 34.890742155059066, 31.452082619130284 ], [ 34.889800122492282, 31.452123565283806 ], [ 34.889361948629109, 31.452382025991614 ], [ 34.888957846259025, 31.452510800302139 ], [ 34.887620671593531, 31.452514709857727 ], [ 34.884204106461134, 31.453155058968441 ], [ 34.883026930700431, 31.453094436002399 ], [ 34.882237297860691, 31.452832915008706 ], [ 34.881597907775031, 31.452903399076366 ], [ 34.880958169969318, 31.453074810303224 ], [ 34.880310690205434, 31.453051545648258 ], [ 34.880159909901884, 31.45287813910684 ], [ 34.880010223245002, 31.452387522695812 ], [ 34.879457868430364, 31.451607510281185 ], [ 34.879004693554663, 31.451332403678656 ], [ 34.877540966090351, 31.451458445911594 ], [ 34.876835458730653, 31.451197106301379 ], [ 34.875692152670361, 31.451078827641219 ], [ 34.875623516176937, 31.451467957697904 ], [ 34.875621401203887, 31.452073539643333 ], [ 34.873916719186461, 31.453756145963848 ], [ 34.873481708729422, 31.455492480956082 ], [ 34.872163131660649, 31.457363503073616 ], [ 34.870481910998606, 31.459500312347107 ], [ 34.870478943692163, 31.460336590675059 ], [ 34.870995946470806, 31.461592366467467 ], [ 34.871214110211895, 31.461737121421734 ], [ 34.87145513412689, 31.462552405948038 ], [ 34.871416338227064, 31.464008595636926 ], [ 34.872139240800209, 31.466512120099093 ], [ 34.873210315007881, 31.468086533956015 ], [ 34.874274708666398, 31.469177894736269 ], [ 34.876249699623983, 31.472066711917837 ], [ 34.876386032717328, 31.473977538935973 ], [ 34.876379646443979, 31.475808696910594 ], [ 34.876097702539525, 31.477055191165576 ], [ 34.875843379942332, 31.47761686771306 ], [ 34.876849453479082, 31.47858549755599 ], [ 34.877078868650088, 31.48034516391288 ], [ 34.877150589455809, 31.481491632510199 ], [ 34.877926353133248, 31.483389669408563 ], [ 34.879586101312483, 31.48510971363142 ], [ 34.880624106800134, 31.486611885089168 ], [ 34.881501482472643, 31.488351550893128 ], [ 34.883331812348835, 31.48943755470329 ], [ 34.88403786968555, 31.489626766303822 ], [ 34.88715792580166, 31.489987793924666 ], [ 34.890319277299355, 31.490586754947255 ], [ 34.892698360437322, 31.49114768888602 ], [ 34.895339634655542, 31.49129827986712 ], [ 34.897384166429333, 31.491267153131812 ], [ 34.899234373787941, 31.491487857401026 ], [ 34.900023444604095, 31.492037645644345 ], [ 34.900997478629193, 31.492631123566287 ], [ 34.901439505293581, 31.49383612947744 ], [ 34.902194351963885, 31.494573265941341 ], [ 34.902609888703779, 31.496174718279892 ], [ 34.903085931099923, 31.497278867551731 ], [ 34.903404776761711, 31.497553572331679 ], [ 34.904362752114395, 31.497930706760012 ], [ 34.907258932567224, 31.497360716548183 ], [ 34.910247516592705, 31.496826919667384 ], [ 34.913276460631025, 31.496833844747794 ], [ 34.914353240751687, 31.496893964000488 ], [ 34.916432075704861, 31.49668958714571 ], [ 34.917930334108817, 31.4964910877531 ], [ 34.919511761603857, 31.496609966752949 ], [ 34.920655940454211, 31.496641345632927 ], [ 34.921879593188649, 31.495425674252754 ], [ 34.92240487152727, 31.49421566352224 ], [ 34.924504837524978, 31.492540495979341 ], [ 34.926191009060119, 31.491361839415632 ], [ 34.926932439562634, 31.491002981411448 ], [ 34.927253927587472, 31.490398092821177 ], [ 34.927239184449164, 31.489691544965233 ], [ 34.927883373256883, 31.48806362547835 ], [ 34.928792268940306, 31.487964654583092 ], [ 34.929783396772514, 31.48851469507002 ], [ 34.930868820960342, 31.488466553451925 ], [ 34.932350593747721, 31.488094824789471 ], [ 34.934536764910291, 31.488517594281134 ], [ 34.936503189553541, 31.489300334296985 ], [ 34.937300895555623, 31.489842702397613 ], [ 34.937449915900814, 31.490693716404802 ], [ 34.937312354781852, 31.491731575540477 ], [ 34.93987915400627, 31.494462038280759 ], [ 34.940825695182895, 31.49567181574918 ], [ 34.94091871426231, 31.495790701688861 ], [ 34.941110748858037, 31.496405300012704 ], [ 34.941190806649921, 31.496652494281363 ], [ 34.941253817875946, 31.496820598337177 ], [ 34.941322488599212, 31.497023309408057 ], [ 34.941454143976443, 31.497403988600055 ], [ 34.941593258468011, 31.497823012698603 ], [ 34.94164462193568, 31.497981228347662 ], [ 34.941713487751869, 31.498114748754908 ], [ 34.941810940291901, 31.498376774686715 ], [ 34.941867907778757, 31.498648581772869 ], [ 34.941953698122454, 31.498905651520555 ], [ 34.942034091315392, 31.499034263240617 ], [ 34.942102930715308, 31.499177718096607 ], [ 34.942182910848274, 31.499454504306819 ], [ 34.942228656840683, 31.499622572449073 ], [ 34.942280104058398, 31.499810451245928 ], [ 34.942328307143868, 31.500041162488028 ], [ 34.942485210620475, 31.50045345782501 ], [ 34.942539877334127, 31.500607734112162 ], [ 34.942631097938559, 31.500806051593749 ], [ 34.942726290737603, 31.501113659125199 ], [ 34.942835529775522, 31.501456736184075 ], [ 34.942886483229685, 31.501645529649551 ], [ 34.942926349064059, 31.501799775504104 ], [ 34.942981026288351, 31.501950810480803 ], [ 34.94304324422945, 31.502169994728241 ], [ 34.943101513935218, 31.502330478494226 ], [ 34.943185159624889, 31.50265144926399 ], [ 34.94328002636324, 31.502900151885918 ], [ 34.943389312216752, 31.503346239594816 ], [ 34.943436415053014, 31.503560178814318 ], [ 34.943476473274877, 31.503704983339535 ], [ 34.943516296048514, 31.503934620039715 ], [ 34.943577784257293, 31.504239832950553 ], [ 34.943632558380401, 31.504416092127592 ], [ 34.943705163044278, 31.504686732227938 ], [ 34.943745583875966, 31.504938282797667 ], [ 34.943799827761865, 31.505246651459707 ], [ 34.94382864194251, 31.505413416156266 ], [ 34.943875954831974, 31.505611643220288 ], [ 34.943955500347336, 31.506049003273183 ], [ 34.943977581842148, 31.506212019888011 ], [ 34.944009796015642, 31.506517172918731 ], [ 34.944034992433842, 31.506683930177257 ], [ 34.944059936258022, 31.50694186085488 ], [ 34.944081444641938, 31.507133764452231 ], [ 34.944106849361866, 31.507284809749933 ], [ 34.944154451052746, 31.507557441939404 ], [ 34.944168705289812, 31.50775560160243 ], [ 34.94417553287694, 31.507903438440625 ], [ 34.94419717247181, 31.508048134738591 ], [ 34.944233545494967, 31.508218085299667 ], [ 34.944236702338713, 31.508384797668608 ], [ 34.944217566201353, 31.508642638628636 ], [ 34.944223606015214, 31.508837399520715 ], [ 34.944235846447434, 31.509287657246752 ], [ 34.944245718577363, 31.509524067160083 ], [ 34.944215518852282, 31.509856783460823 ], [ 34.944168775537264, 31.510164382704598 ], [ 34.944101196228445, 31.510393166419192 ], [ 34.944079771076531, 31.510586391756288 ], [ 34.944045934439075, 31.510747321631296 ], [ 34.943975307928739, 31.510888377660812 ], [ 34.943886980954467, 31.511124869491759 ], [ 34.943812269613339, 31.511315167909704 ], [ 34.943764143514493, 31.511527574078467 ], [ 34.9436961434685, 31.511729441350692 ], [ 34.943594118681716, 31.512040943806035 ], [ 34.943539461623573, 31.512294766406672 ], [ 34.943430579494581, 31.512646627688895 ], [ 34.943341992696979, 31.512975490193895 ], [ 34.943253437598514, 31.513292726960689 ], [ 34.943178562512443, 31.513540800915596 ], [ 34.943124208445944, 31.513684989812834 ], [ 34.943028944132244, 31.513930062754277 ], [ 34.942960940730508, 31.514131929541772 ], [ 34.942899665077853, 31.514339587665884 ], [ 34.942865462090253, 31.514512705765565 ], [ 34.942804057412566, 31.514766514150509 ], [ 34.942770050772985, 31.514928077352973 ], [ 34.942683785850946, 31.515307533508217 ], [ 34.942616589404892, 31.515514333836702 ], [ 34.94256596165075, 31.515678258560136 ], [ 34.942518307572875, 31.515837539057888 ], [ 34.942453946869101, 31.51602997147112 ], [ 34.942402100885744, 31.516158664175379 ], [ 34.942354198496979, 31.516288844568685 ], [ 34.942306569702012, 31.516438824448734 ], [ 34.942211553436394, 31.516652190669245 ], [ 34.942143594477933, 31.516836794588542 ], [ 34.942035156611794, 31.517084728461725 ], [ 34.941831115762952, 31.517696174788576 ], [ 34.94176384993257, 31.517867674543417 ], [ 34.94171435126497, 31.518097409760394 ], [ 34.941655252055959, 31.518289570659505 ], [ 34.941620150028186, 31.518488685780952 ], [ 34.941585548228744, 31.518626573163246 ], [ 34.941545988087192, 31.518772764492077 ], [ 34.941477194487732, 31.518960677838084 ], [ 34.941442533889976, 31.519119420870684 ], [ 34.941407919946549, 31.519261465237129 ], [ 34.941339090566942, 31.519461920094361 ], [ 34.941280001558589, 31.519649853263559 ], [ 34.941210971958121, 31.5198628493008 ], [ 34.941146503883573, 31.520032945241958 ], [ 34.941072421464924, 31.520287712886422 ], [ 34.941003520231057, 31.520513250724804 ], [ 34.940949223767568, 31.52069287942934 ], [ 34.940909837910979, 31.520834913795433 ], [ 34.94087028762879, 31.520976877348335 ], [ 34.940751765019876, 31.521474002051949 ], [ 34.940667389895189, 31.521819780987354 ], [ 34.940613033216721, 31.522020335653639 ], [ 34.940563635209408, 31.522212445457228 ], [ 34.940524201179066, 31.522371178307065 ], [ 34.940474849745733, 31.522546589421413 ], [ 34.940376287209681, 31.522847315651237 ], [ 34.94034652317773, 31.52301861005223 ], [ 34.940287476873458, 31.523189843994682 ], [ 34.940228336171565, 31.523394545642308 ], [ 34.940178269879098, 31.523589754058065 ], [ 34.940113946292975, 31.523882236599349 ], [ 34.94006926960936, 31.524149605897687 ], [ 34.940185976054806, 31.52430027650491 ], [ 34.940322153568246, 31.524488612192279 ], [ 34.940458202259578, 31.524722957056216 ], [ 34.940638790368261, 31.525031375332588 ], [ 34.940736157089674, 31.525156922221349 ], [ 34.940705579702993, 31.525179835551015 ], [ 34.939908483090171, 31.525777137617581 ], [ 34.937629504241542, 31.527573371004586 ], [ 34.934425714331411, 31.527758602299581 ], [ 34.931194070130168, 31.53071571076573 ], [ 34.93356606304711, 31.533300818577697 ], [ 34.93323104266053, 31.53518575649991 ], [ 34.932313752089414, 31.53555077584555 ], [ 34.927555708406608, 31.537409275795202 ], [ 34.919471247570613, 31.54055872843729 ], [ 34.918861054247976, 31.543950398190336 ], [ 34.918156661233354, 31.547951581014548 ], [ 34.921082949356311, 31.550391366742812 ], [ 34.924785487459467, 31.553453804591594 ], [ 34.924625614512891, 31.556214168830376 ], [ 34.924323750335873, 31.557946716293227 ], [ 34.923840662815003, 31.560745888467579 ], [ 34.923766327453244, 31.56134980731705 ], [ 34.923575352700666, 31.563472142930053 ], [ 34.924937606589879, 31.56435019968287 ], [ 34.928383784014592, 31.565131136939943 ], [ 34.927935130585723, 31.567461809538958 ], [ 34.927003906680007, 31.57019227230376 ], [ 34.92534819266303, 31.574823719652652 ], [ 34.924733828120978, 31.577396776462024 ], [ 34.923905896663122, 31.580804910778287 ], [ 34.924731175563167, 31.584911075679962 ], [ 34.925706596698433, 31.587346462046419 ], [ 34.926548238935588, 31.588206426437527 ], [ 34.927801951080035, 31.590235917381008 ], [ 34.929433439043734, 31.591662129847311 ], [ 34.930045086130804, 31.592256232569571 ], [ 34.931583448525799, 31.593975788536067 ], [ 34.932951718568262, 31.595232025464476 ], [ 34.934518878085576, 31.596149932036393 ], [ 34.936444865831355, 31.596153985598061 ], [ 34.936375641989656, 31.597294251071744 ], [ 34.936754105565598, 31.598729025876292 ], [ 34.938122899914461, 31.599849713797475 ], [ 34.939288604485824, 31.600490090185122 ], [ 34.941397946881594, 31.60100255325515 ], [ 34.944504393915388, 31.601138758912956 ], [ 34.948843094299974, 31.601734653091949 ], [ 34.949415937398712, 31.60211405255092 ], [ 34.950321349326344, 31.603911155475519 ], [ 34.951268268759037, 31.605008280340616 ], [ 34.952256067587783, 31.605631248991148 ], [ 34.95357104452421, 31.607248476987589 ], [ 34.953309245581025, 31.608935994322845 ], [ 34.953832026972613, 31.610788774108364 ], [ 34.954255888611243, 31.612635712022335 ], [ 34.956171741670936, 31.614101656395441 ], [ 34.958436550844134, 31.615856169171501 ], [ 34.959237686316541, 31.617280396655506 ], [ 34.961442328700436, 31.619390411880264 ], [ 34.959843842236346, 31.62263357000743 ], [ 34.959831618716493, 31.624784511906597 ], [ 34.962374659738693, 31.626234624370408 ], [ 34.962781692207756, 31.627025775791441 ], [ 34.966438388823988, 31.629081985931766 ], [ 34.968962949618451, 31.630097223249177 ], [ 34.969274582544358, 31.632118912732398 ], [ 34.969684739005359, 31.634327085835107 ], [ 34.97079319292493, 31.637010764194578 ], [ 34.970291625750669, 31.639668907723927 ], [ 34.970787442924561, 31.641950624228457 ], [ 34.971451094608419, 31.643097886303181 ], [ 34.972836446512083, 31.643292355715239 ], [ 34.975419014129315, 31.642365495747924 ], [ 34.976906788565842, 31.643858584417334 ], [ 34.984207048142586, 31.646033635202905 ], [ 34.985791087251371, 31.645957319654496 ], [ 34.988259023235095, 31.646063142032023 ], [ 34.99390472381296, 31.647574295731335 ], [ 34.998209752826462, 31.64959678763023 ], [ 35.002631813922783, 31.652522608933161 ], [ 35.005828220567757, 31.654655997368653 ], [ 35.010121598382575, 31.656215132913019 ], [ 35.012191596816486, 31.657403833980357 ], [ 35.011759450523272, 31.658921837230245 ], [ 35.013919631995172, 31.661239757006907 ], [ 35.015870763896537, 31.6633197661466 ], [ 35.016634544860267, 31.663736404801895 ], [ 35.018900610597115, 31.664971803925127 ], [ 35.02093635356659, 31.667355814227999 ], [ 35.024546974907565, 31.668087197405256 ], [ 35.025220915575737, 31.666928323571828 ], [ 35.026404868998341, 31.666366328546633 ], [ 35.027073609394058, 31.665702439318409 ], [ 35.028515100498836, 31.665209432048815 ], [ 35.029815554140903, 31.665579759366082 ], [ 35.03089242059729, 31.665787177732632 ], [ 35.03273430979678, 31.665789668596897 ], [ 35.034208870418915, 31.665679635771337 ], [ 35.038799734306671, 31.665320971056708 ], [ 35.038848038984348, 31.665317196324086 ], [ 35.039149815338654, 31.665463928305186 ], [ 35.039359712405435, 31.665559881129958 ], [ 35.039613670074679, 31.665709719996901 ], [ 35.03986780722677, 31.665851667354257 ], [ 35.040107769080045, 31.665997471115606 ], [ 35.040316470812996, 31.666118574131424 ], [ 35.040523853654229, 31.666240450143054 ], [ 35.040717235946651, 31.666360335052083 ], [ 35.040940258073697, 31.666490192132962 ], [ 35.041075725458761, 31.666564557255747 ], [ 35.041243454477524, 31.666657000587794 ], [ 35.041396361817206, 31.666745760981645 ], [ 35.041569505833003, 31.666851245425875 ], [ 35.041765535988908, 31.666965918268499 ], [ 35.041941806747488, 31.667074013115379 ], [ 35.042136208469252, 31.667178185155908 ], [ 35.042468742239492, 31.667341857404786 ], [ 35.04263138218915, 31.667425203440935 ], [ 35.042777236889549, 31.667496902536413 ], [ 35.043024966920576, 31.667633692079839 ], [ 35.043143935648075, 31.667722971111576 ], [ 35.043285315761146, 31.667810235062298 ], [ 35.043478224179538, 31.667922223941815 ], [ 35.043855671748275, 31.668127448619256 ], [ 35.044199160954776, 31.668343620910527 ], [ 35.044382005926181, 31.668464402963345 ], [ 35.044543128789847, 31.668569868284003 ], [ 35.044716273126497, 31.668679223601334 ], [ 35.044873461314751, 31.668773621764462 ], [ 35.04502077385375, 31.668862229891396 ], [ 35.045184888276488, 31.668953395278244 ], [ 35.045353449372463, 31.669045904686318 ], [ 35.045528245346468, 31.669153992722467 ], [ 35.045727255530863, 31.669265985785852 ], [ 35.045896798183591, 31.669363286798589 ], [ 35.046112608592331, 31.669479245740078 ], [ 35.046249396125091, 31.669557411690967 ], [ 35.046427148902367, 31.669671984237446 ], [ 35.046604090080891, 31.669779580247845 ], [ 35.046736258483342, 31.66986161512072 ], [ 35.046883754616942, 31.669941132309813 ], [ 35.04706449440814, 31.670044011721625 ], [ 35.047207364607466, 31.670131273146989 ], [ 35.047381333112696, 31.670244007804431 ], [ 35.047616726221825, 31.670376898065459 ], [ 35.047837154587974, 31.670492859754489 ], [ 35.048034691871308, 31.670602240476025 ], [ 35.048284743202032, 31.670739868107344 ], [ 35.048441271758563, 31.670838840783517 ], [ 35.04875487704345, 31.671005080395219 ], [ 35.048914374596066, 31.671102717419448 ], [ 35.049155926303257, 31.671255121582831 ], [ 35.051138299451054, 31.6698041009438 ], [ 35.055293568392763, 31.670238108197267 ], [ 35.060511994799747, 31.670814076776352 ], [ 35.067287872527594, 31.671519599840682 ], [ 35.06776502673484, 31.67295466258993 ], [ 35.069490557058238, 31.675934471680566 ], [ 35.073299077325579, 31.678237564066286 ], [ 35.077364472149036, 31.679029397882307 ], [ 35.081724407785394, 31.677996177219736 ], [ 35.086315354419142, 31.67778916849015 ], [ 35.088125188134256, 31.673762561005042 ], [ 35.08782154191811, 31.671053287294779 ], [ 35.086191603127673, 31.669066470510082 ], [ 35.086485671731374, 31.667459275437263 ], [ 35.08706628246901, 31.664251279333097 ], [ 35.089909668357244, 31.659751668217233 ], [ 35.091505919239687, 31.658568301729847 ], [ 35.095904805950362, 31.65527392066863 ], [ 35.096939935074701, 31.653609687000383 ], [ 35.099838986361092, 31.652171134151072 ], [ 35.103832204995051, 31.649619038432633 ], [ 35.105704910990333, 31.648621433395721 ], [ 35.10909812847909, 31.646837218950015 ], [ 35.110701601116489, 31.645455082191202 ], [ 35.113301603313502, 31.643132210863907 ], [ 35.116350931823249, 31.640489382116275 ], [ 35.124111906962085, 31.642678357915663 ], [ 35.127592104457655, 31.643673162248554 ], [ 35.130960128390321, 31.644610168644093 ], [ 35.131520180248643, 31.646422900261648 ], [ 35.133315004371553, 31.648921579818673 ], [ 35.134669673547656, 31.649453881663863 ], [ 35.138861618719865, 31.650237423764025 ], [ 35.141383745681885, 31.651538761015754 ], [ 35.143629024707671, 31.652692618498001 ], [ 35.144967586906759, 31.655184509859232 ], [ 35.145580791505445, 31.656350370756162 ], [ 35.1464409433651, 31.657753298734505 ], [ 35.146664816957383, 31.658957402216661 ], [ 35.146551939337151, 31.659873161023789 ], [ 35.144798122801404, 31.662626187375484 ], [ 35.144295497883583, 31.664105335990115 ], [ 35.143207609598505, 31.667403012244581 ], [ 35.141663817740017, 31.669272305483574 ], [ 35.141311375333323, 31.670008621028174 ], [ 35.141130936959179, 31.671071637808442 ], [ 35.141564604805055, 31.672045298452122 ], [ 35.146468116894582, 31.67429551062801 ], [ 35.148234930602953, 31.675116044380584 ], [ 35.149963379305447, 31.67756962042472 ], [ 35.151227948109678, 31.679408172220072 ], [ 35.149189955126154, 31.681072410304189 ], [ 35.147203909952516, 31.683396275499362 ], [ 35.144401553821588, 31.685495579264895 ], [ 35.142491849293094, 31.685321752542066 ], [ 35.139181681317545, 31.685063933985948 ], [ 35.137280245133176, 31.683833333956478 ], [ 35.136494771969026, 31.682584091437274 ], [ 35.132641958836636, 31.677183205439285 ], [ 35.128801403959258, 31.675688798474219 ], [ 35.124197335550768, 31.673963245145593 ], [ 35.120968684995553, 31.675171578088996 ], [ 35.118092046668899, 31.676245578409628 ], [ 35.114789518443907, 31.676236897749735 ], [ 35.110625779793622, 31.676233905879627 ], [ 35.109372780264046, 31.678570528164133 ], [ 35.106949142066007, 31.683083689981547 ], [ 35.107013771316751, 31.685741497773623 ], [ 35.108711792403739, 31.687785733553579 ], [ 35.111182780370441, 31.688389560909265 ], [ 35.114201376796913, 31.688141965643155 ], [ 35.114890146035592, 31.688437045503054 ], [ 35.116940707715436, 31.690167610636831 ], [ 35.120286878277845, 31.692161576695142 ], [ 35.122428697272852, 31.692534416256166 ], [ 35.123850722546372, 31.693790551081371 ], [ 35.125400852787109, 31.694182178405192 ], [ 35.126434240940384, 31.694490217139261 ], [ 35.127767087340608, 31.694990554583306 ], [ 35.129465114394655, 31.697803018930117 ], [ 35.129883465227202, 31.699199385008491 ], [ 35.129739785161682, 31.700896420155868 ], [ 35.129304714602682, 31.70165186295554 ], [ 35.128629982037133, 31.702343119824214 ], [ 35.128006494941481, 31.704475353107735 ], [ 35.126776689541394, 31.706011622872492 ], [ 35.125644592433886, 31.707118858289331 ], [ 35.125374669557395, 31.707400476818929 ], [ 35.123416989888298, 31.710236315587004 ], [ 35.124224074454922, 31.712555150078462 ], [ 35.12116421737759, 31.716203588347458 ], [ 35.120909559897243, 31.716126571392628 ], [ 35.120791675700794, 31.7160362706279 ], [ 35.120801563017508, 31.716218934375913 ], [ 35.120812592738389, 31.716419532642561 ], [ 35.120845854150346, 31.716645721355224 ], [ 35.120870351934919, 31.716901778070088 ], [ 35.120876817503763, 31.71704502134104 ], [ 35.120880375870364, 31.717305150825577 ], [ 35.120891081929905, 31.717499337255099 ], [ 35.120919729165578, 31.717724325120397 ], [ 35.120944735993511, 31.717964740664726 ], [ 35.120966149339317, 31.718168163937673 ], [ 35.12099501422307, 31.718334602169399 ], [ 35.121019923138093, 31.718500615061874 ], [ 35.121044947006553, 31.718722500388814 ], [ 35.121066391053922, 31.718892033845123 ], [ 35.121069786289283, 31.719150894917789 ], [ 35.121080418531726, 31.719428290887038 ], [ 35.121087266969383, 31.71988133353949 ], [ 35.12109072636752, 31.720068539902027 ], [ 35.121097831177181, 31.720234963842753 ], [ 35.12112652105143, 31.720413731841827 ], [ 35.121194798116257, 31.720752815200079 ], [ 35.12128115229357, 31.720971710761368 ], [ 35.121389927843431, 31.721190127657298 ], [ 35.121494447398362, 31.721375074644822 ], [ 35.12158812779758, 31.721513865214696 ], [ 35.121699901848189, 31.721698816736549 ], [ 35.121793561011486, 31.721862267058928 ], [ 35.12190517377384, 31.722044118182506 ], [ 35.122016946284603, 31.72223223997279 ], [ 35.122147486982186, 31.722450036131239 ], [ 35.122215959634552, 31.722573309432985 ], [ 35.122288043043177, 31.722715115189885 ], [ 35.122392557899879, 31.722909361710062 ], [ 35.122489827458153, 31.723094373629458 ], [ 35.12259435132728, 31.723279319667292 ], [ 35.122731164000555, 31.723492046321901 ], [ 35.122810510877223, 31.723624626562099 ], [ 35.122908466296202, 31.723781244449519 ], [ 35.122987629904642, 31.72393545472595 ], [ 35.123059696712133, 31.724098819819648 ], [ 35.123189398365383, 31.724339301438697 ], [ 35.123293946488346, 31.724499586971433 ], [ 35.123373127462386, 31.724635266840082 ], [ 35.123470416864514, 31.724801747814798 ], [ 35.1236011424336, 31.725004535203801 ], [ 35.123673240512225, 31.725134010181122 ], [ 35.123784863476679, 31.725312829933898 ], [ 35.123907524750294, 31.725500956862493 ], [ 35.123997580570517, 31.725645873040669 ], [ 35.124116472131099, 31.725809267016206 ], [ 35.124224642526805, 31.725978854341189 ], [ 35.124325575159325, 31.726129906865598 ], [ 35.124420235775077, 31.726289621568473 ], [ 35.124513917549571, 31.726437639742652 ], [ 35.124672480505254, 31.726675037749889 ], [ 35.12481654651058, 31.726900096551194 ], [ 35.124946319699035, 31.727066596617906 ], [ 35.125151835360484, 31.727347213318833 ], [ 35.125273361819545, 31.727519062637601 ], [ 35.125358983123348, 31.727648826834447 ], [ 35.125494828316398, 31.727850910804481 ], [ 35.125603665686548, 31.728017397220921 ], [ 35.125692754982985, 31.728141456322209 ], [ 35.125831255280495, 31.728324870491793 ], [ 35.125963142402327, 31.728530756174205 ], [ 35.126085168702581, 31.728699998094179 ], [ 35.126260889237969, 31.72893359991776 ], [ 35.126396103914075, 31.72910566788681 ], [ 35.126521443316641, 31.729258001759391 ], [ 35.12669288827351, 31.729480890916992 ], [ 35.126814924186533, 31.729641677300535 ], [ 35.126894121922028, 31.729768618244226 ], [ 35.127022713644585, 31.729977319058225 ], [ 35.127185404638915, 31.730222184750328 ], [ 35.127281081343057, 31.730360408516152 ], [ 35.127492034610739, 31.730662232108919 ], [ 35.127627263361511, 31.730823025645844 ], [ 35.127765824850812, 31.730941546942017 ], [ 35.127963871625781, 31.731102377860893 ], [ 35.128168560213034, 31.731206846979788 ], [ 35.128333546726452, 31.731271765807232 ], [ 35.128482059773923, 31.731319764973854 ], [ 35.128646234024387, 31.731370309719956 ], [ 35.128890507751294, 31.73145782109766 ], [ 35.129055497437641, 31.731519991174778 ], [ 35.129227075586648, 31.731590549284906 ], [ 35.129378868892012, 31.731661165979265 ], [ 35.129547305794055, 31.731743065356945 ], [ 35.129755125747529, 31.731853099847978 ], [ 35.129913654995683, 31.731954720847625 ], [ 35.13012474859449, 31.732095828102551 ], [ 35.130317838569809, 31.73227807132524 ], [ 35.130614740451058, 31.732537665501564 ], [ 35.130921523289601, 31.732814174307297 ], [ 35.131093192410226, 31.732983439936746 ], [ 35.131347294543488, 31.733161207411676 ], [ 35.131499114139629, 31.733203568403415 ], [ 35.131650940424592, 31.733237544858017 ], [ 35.131839161047935, 31.733327836839468 ], [ 35.132159251998566, 31.733460547876387 ], [ 35.132479179256279, 31.733592905731179 ], [ 35.132660814874406, 31.733671990148984 ], [ 35.132885130681316, 31.733782099249481 ], [ 35.133145874628724, 31.733906249223104 ], [ 35.133386850860475, 31.734007911932757 ], [ 35.133604753025637, 31.734098288286308 ], [ 35.133918262483306, 31.734219718151916 ], [ 35.134274808656897, 31.734338282197108 ], [ 35.134502628549917, 31.734397661477761 ], [ 35.134733761154301, 31.734437243801924 ], [ 35.134987991918415, 31.734457110383026 ], [ 35.135168886949188, 31.734428603290496 ], [ 35.135453084301254, 31.734282136718249 ], [ 35.13563146123056, 31.734090520117412 ], [ 35.135691088918989, 31.733946749939239 ], [ 35.135743983440427, 31.733766268109449 ], [ 35.135793362029816, 31.73343430222744 ], [ 35.135829797290313, 31.733214355675283 ], [ 35.13586291195319, 31.733025478773762 ], [ 35.135872979925267, 31.732787269702111 ], [ 35.135879732729954, 31.732572943699743 ], [ 35.135886481303729, 31.732364324689858 ], [ 35.135873448890699, 31.732149988039183 ], [ 35.135866637124678, 31.731996388505699 ], [ 35.135873364944864, 31.731815952196399 ], [ 35.135890168847872, 31.731610086382201 ], [ 35.135959816436944, 31.731065915234328 ], [ 35.136010000514268, 31.730756636659461 ], [ 35.136056534914481, 31.730477511620585 ], [ 35.136083053213746, 31.730288631043152 ], [ 35.136119445167445, 31.730125120206683 ], [ 35.1362352025562, 31.729877033141445 ], [ 35.13637067390048, 31.729724848252861 ], [ 35.136526289755203, 31.729530681659408 ], [ 35.136661114470137, 31.729359472758603 ], [ 35.136853312023248, 31.729190760109169 ], [ 35.136999455076889, 31.729097834403436 ], [ 35.137154325405774, 31.729019568158144 ], [ 35.137345786908355, 31.728954989603679 ], [ 35.137592159782486, 31.728876841372582 ], [ 35.137738452458137, 31.7288035018993 ], [ 35.137881801695123, 31.728695918687194 ], [ 35.138033687240352, 31.728639702807694 ], [ 35.138512129834766, 31.728654605983767 ], [ 35.138870368478891, 31.72868903264677 ], [ 35.139514976717649, 31.728738329846927 ], [ 35.139781217787494, 31.728773623037128 ], [ 35.139958766156028, 31.72879823188763 ], [ 35.140153619304513, 31.728832572258749 ], [ 35.140377158366576, 31.728869392730093 ], [ 35.140749540616049, 31.728957650254472 ], [ 35.140904327447238, 31.728996901449136 ], [ 35.141159154426418, 31.729090031156975 ], [ 35.141388410362637, 31.729207596248731 ], [ 35.141520089516504, 31.72928593882764 ], [ 35.141663295032863, 31.729386339937857 ], [ 35.141877018645815, 31.729557161884149 ], [ 35.142074580257542, 31.729735937192714 ], [ 35.142246466693763, 31.729848540694213 ], [ 35.142375333197165, 31.729944072483271 ], [ 35.142495615258106, 31.730056650530347 ], [ 35.142641612860665, 31.730176638890352 ], [ 35.142810670418243, 31.730330880250033 ], [ 35.143040205678233, 31.730532779329504 ], [ 35.143213379303155, 31.730697802025233 ], [ 35.143376652790046, 31.730875501974896 ], [ 35.143534988957441, 31.731040517123098 ], [ 35.143673543486059, 31.731201295239895 ], [ 35.143834315504527, 31.731425283539373 ], [ 35.143927040223332, 31.731579205279083 ], [ 35.144021091105039, 31.731722559051242 ], [ 35.144153700105726, 31.731901652590022 ], [ 35.144292729737387, 31.732096319972253 ], [ 35.144399454857293, 31.732274344187331 ], [ 35.144488081191867, 31.732394444295497 ], [ 35.144653190502417, 31.732546003948617 ], [ 35.144847470337616, 31.732718361776087 ], [ 35.144956556653419, 31.732816277208382 ], [ 35.145106523169964, 31.73292943023813 ], [ 35.145301643700741, 31.73307867791938 ], [ 35.145502684430845, 31.733253292487504 ], [ 35.14569760688655, 31.733457284408281 ], [ 35.145840789694908, 31.733611157477426 ], [ 35.146044431974964, 31.733847492537777 ], [ 35.146149390819389, 31.733958298640257 ], [ 35.146302140370338, 31.734108652710699 ], [ 35.146403806033859, 31.734213327356763 ], [ 35.146549803546534, 31.734352052680666 ], [ 35.146727124418632, 31.734497837688831 ], [ 35.146909403273689, 31.734625799112795 ], [ 35.14703202364403, 31.734708429719859 ], [ 35.147249567124717, 31.734870225780909 ], [ 35.147367059062894, 31.734981811507399 ], [ 35.147596774359677, 31.735193848109279 ], [ 35.147735208496933, 31.7353031882034 ], [ 35.147949299496112, 31.735452722040552 ], [ 35.148179366657352, 31.735632277154231 ], [ 35.148320768534163, 31.735744083902137 ], [ 35.148461197072251, 31.735829891509624 ], [ 35.148658839340094, 31.73591727403965 ], [ 35.148906115671117, 31.735998195853277 ], [ 35.149195918326406, 31.736102738631708 ], [ 35.149388460675155, 31.736172855906737 ], [ 35.14968304939643, 31.736271692641164 ], [ 35.150067995479198, 31.736369862666884 ], [ 35.150245526283186, 31.736454274973262 ], [ 35.150417964179482, 31.736507331607235 ], [ 35.150602109942248, 31.736558842899662 ], [ 35.150801413699348, 31.73663044048207 ], [ 35.151007316411665, 31.736696333516988 ], [ 35.151189315713381, 31.736754254627904 ], [ 35.15134674695642, 31.736813010738111 ], [ 35.151586275590283, 31.736898926550559 ], [ 35.15181064818961, 31.736961937208168 ], [ 35.151995600222492, 31.737048675205696 ], [ 35.152149721170282, 31.737131666092107 ], [ 35.152320494193006, 31.737217552322797 ], [ 35.152454506052528, 31.737289120624901 ], [ 35.152588354016807, 31.737359279583327 ], [ 35.152717252444596, 31.73743514339267 ], [ 35.152929048577121, 31.737583540585383 ], [ 35.153151716590692, 31.737752444713994 ], [ 35.15326725082209, 31.737845423584684 ], [ 35.153471462166394, 31.737997128293248 ], [ 35.153637096120391, 31.73813874199848 ], [ 35.153801409413177, 31.738284159626701 ], [ 35.153975608988034, 31.738443390476327 ], [ 35.154130858287523, 31.738581828868757 ], [ 35.15423748162155, 31.738691431130274 ], [ 35.15443111240041, 31.738901186487755 ], [ 35.15457282557616, 31.739070831369066 ], [ 35.154717327002025, 31.739269293987416 ], [ 35.154793107144933, 31.739398400269355 ], [ 35.154888945068002, 31.739638342763069 ], [ 35.154978196036687, 31.739862923051692 ], [ 35.155061845866378, 31.740078623552655 ], [ 35.155130689471839, 31.740230907201802 ], [ 35.15521604323898, 31.740343741406086 ], [ 35.155322640043025, 31.740509919483728 ], [ 35.155422632154924, 31.740693990942155 ], [ 35.155495560347816, 31.740920044151835 ], [ 35.155565734103867, 31.741053868392697 ], [ 35.155664408103277, 31.74123800959817 ], [ 35.15575879502309, 31.741422642283538 ], [ 35.155875124079301, 31.741586216686525 ], [ 35.155961635306156, 31.741697007564323 ], [ 35.156074995075763, 31.741864244399668 ], [ 35.156208953306113, 31.742057910190073 ], [ 35.15632361881287, 31.742252836780409 ], [ 35.156446522959698, 31.74246051902751 ], [ 35.156558732256421, 31.742623879861416 ], [ 35.156680341333669, 31.742786539544579 ], [ 35.156811185558624, 31.742948075248407 ], [ 35.156950773914609, 31.743101370633894 ], [ 35.157045357192722, 31.743232878028675 ], [ 35.157153299655469, 31.743359810616781 ], [ 35.157263893099362, 31.743462366070453 ], [ 35.157376464905084, 31.743566190377152 ], [ 35.157557436000573, 31.743735846299103 ], [ 35.157762626884143, 31.743946939364875 ], [ 35.157880629546518, 31.74407457957108 ], [ 35.158022370675106, 31.744216531014693 ], [ 35.158161322759589, 31.744330721346788 ], [ 35.158302589097183, 31.744434132487697 ], [ 35.158525457452384, 31.744584144740102 ], [ 35.158688829843747, 31.744669526488856 ], [ 35.158877771960391, 31.74473420289296 ], [ 35.159074645433037, 31.744766119474001 ], [ 35.159308793839244, 31.744782196185508 ], [ 35.159608738355089, 31.744795336422232 ], [ 35.159902593523519, 31.744783743527673 ], [ 35.160130661136883, 31.744757190305947 ], [ 35.160359883377701, 31.744729650681045 ], [ 35.160545242159898, 31.744702729670987 ], [ 35.16077447012141, 31.744662436639928 ], [ 35.160970065077109, 31.744608251772519 ], [ 35.161139465692344, 31.744500862910407 ], [ 35.161311708840529, 31.744307799434605 ], [ 35.16151544677092, 31.744114605405592 ], [ 35.161666242245268, 31.743942318948854 ], [ 35.161838641366238, 31.743764121160162 ], [ 35.162051803361237, 31.743511041199017 ], [ 35.162146832823218, 31.743402921682332 ], [ 35.162233952508686, 31.743282751378942 ], [ 35.162329976345781, 31.743162583952468 ], [ 35.162449926885536, 31.743004518614381 ], [ 35.162620695948867, 31.742776999500784 ], [ 35.16273535429243, 31.742651483153853 ], [ 35.162903780102383, 31.742498858376841 ], [ 35.163049587159954, 31.742408509781342 ], [ 35.163225238413446, 31.742321341212993 ], [ 35.163411757591199, 31.742267713296663 ], [ 35.163604854384076, 31.742255022568774 ], [ 35.163765474832331, 31.742224284279096 ], [ 35.163968648544731, 31.742168969892759 ], [ 35.164234984386098, 31.742095215435423 ], [ 35.164459103595348, 31.742029338354143 ], [ 35.164719507279912, 31.741944307946984 ], [ 35.1649375161495, 31.741898649201534 ], [ 35.165177787839269, 31.741847289939102 ], [ 35.165539098879805, 31.741777225686775 ], [ 35.165801954439893, 31.741740033931379 ], [ 35.165995055512539, 31.741713530062103 ], [ 35.166289893049544, 31.741693327002686 ], [ 35.166575176555781, 31.741648742397423 ], [ 35.166784429887961, 31.74163922219536 ], [ 35.167002267102895, 31.741606101162592 ], [ 35.167187786756976, 31.741568883837537 ], [ 35.167343453397436, 31.741549835405539 ], [ 35.1675307782277, 31.741533825582358 ], [ 35.167752565983385, 31.741516909457555 ], [ 35.167920598176941, 31.741500963970669 ], [ 35.168144368943729, 31.741472633740269 ], [ 35.168464107094813, 31.741444612030786 ], [ 35.168660331054802, 31.741440792070165 ], [ 35.168862822028771, 31.741434084828331 ], [ 35.169080644690446, 31.741436118148346 ], [ 35.16927076464988, 31.741440045797532 ], [ 35.169537230008025, 31.741443994063076 ], [ 35.169807159578788, 31.741444067591043 ], [ 35.170075771072803, 31.741441251466252 ], [ 35.170276611625432, 31.741438346197413 ], [ 35.170507956593966, 31.741437491970316 ], [ 35.170725617926102, 31.741429799406326 ], [ 35.170915908817101, 31.741417096856715 ], [ 35.171191620970284, 31.741385181612475 ], [ 35.17144342349674, 31.741353259593208 ], [ 35.17177420571317, 31.741331925822351 ], [ 35.172039299612031, 31.741304226504973 ], [ 35.171962863773388, 31.740612541008705 ], [ 35.17182362618766, 31.738896438478605 ], [ 35.171584172252956, 31.735880113292833 ], [ 35.172977634282887, 31.733667261911727 ], [ 35.174185945748583, 31.733046136281896 ], [ 35.175936833348054, 31.732200454966474 ], [ 35.176709072748899, 31.730843066004599 ], [ 35.176916294692958, 31.729882303062361 ], [ 35.177353166149942, 31.727721773482866 ], [ 35.17858949503978, 31.726522214384385 ], [ 35.182510289704894, 31.7251128057503 ], [ 35.185810141630064, 31.723985215656288 ], [ 35.186945359699187, 31.724324766177357 ], [ 35.187705885309647, 31.724659477952219 ], [ 35.1890703978397, 31.725099422303597 ], [ 35.190418134670999, 31.725611052313877 ], [ 35.191301745492943, 31.725773670898668 ], [ 35.192341947074624, 31.725984099663773 ], [ 35.193035418185751, 31.726118007266432 ], [ 35.195233278812687, 31.726629659160494 ], [ 35.196519573257795, 31.726887872654554 ], [ 35.197839421018791, 31.727289479110439 ], [ 35.199433302458054, 31.728106955023161 ], [ 35.199936635141228, 31.728451143667602 ], [ 35.200171522316879, 31.728671038080975 ], [ 35.200719590557711, 31.729340274548466 ], [ 35.201653553812747, 31.73075043890238 ], [ 35.202045044750513, 31.731304942695594 ], [ 35.202671439386059, 31.732222739040893 ], [ 35.203174811888829, 31.732136702354559 ], [ 35.203057336625299, 31.733680685277911 ], [ 35.202945452509866, 31.735105164411198 ], [ 35.202822382437944, 31.736290636296278 ], [ 35.201667589417944, 31.736537343798688 ], [ 35.200232653896713, 31.737394789045279 ], [ 35.199008482435595, 31.738449253947302 ], [ 35.199018841214858, 31.738451153035143 ], [ 35.198934918812405, 31.738819219652264 ], [ 35.1992369402967, 31.739230323559099 ], [ 35.198386701606687, 31.739794341886789 ], [ 35.197111360497487, 31.740176685954701 ], [ 35.196775736832144, 31.740348751067206 ], [ 35.196785525278834, 31.741358171502142 ], [ 35.197676580807162, 31.742412661923428 ], [ 35.198270611076005, 31.743389025355384 ], [ 35.198475971059679, 31.747958274008987 ], [ 35.198500586591074, 31.748047691671307 ], [ 35.198650151501603, 31.7478840749495 ], [ 35.198811603689776, 31.74770216299093 ], [ 35.198946833797692, 31.747550546075601 ], [ 35.199065240564003, 31.747447050220924 ], [ 35.199206074036013, 31.747341441468024 ], [ 35.199316069877099, 31.747243652025414 ], [ 35.199498293912846, 31.747128251108268 ], [ 35.1996914000743, 31.747032719113609 ], [ 35.19989176109415, 31.746946698732931 ], [ 35.200052213893279, 31.746891888994529 ], [ 35.200214480613283, 31.746832992625496 ], [ 35.20037147028745, 31.746773320859532 ], [ 35.200599365677022, 31.746763534358628 ], [ 35.200799229392551, 31.746708090733261 ], [ 35.201036360753598, 31.746652365952659 ], [ 35.20121857786814, 31.746643563528362 ], [ 35.201417779766338, 31.746637720421219 ], [ 35.201575920850338, 31.746637724008206 ], [ 35.201768360575201, 31.746672885993753 ], [ 35.202005488862383, 31.746711078168996 ], [ 35.202328531880383, 31.746728697968283 ], [ 35.202555271754683, 31.746763859314527 ], [ 35.202816476292639, 31.746804939047955 ], [ 35.20304799817113, 31.746877371160625 ], [ 35.203236974796738, 31.747009408826607 ], [ 35.203374501947039, 31.747167867065563 ], [ 35.203525716267357, 31.747355635222839 ], [ 35.203707768099079, 31.747555169627937 ], [ 35.203852057954762, 31.747707709013341 ], [ 35.204029164231862, 31.747858839194755 ], [ 35.204166529256149, 31.747943951164483 ], [ 35.204362435633783, 31.748058372984069 ], [ 35.204534266384726, 31.748166946627087 ], [ 35.204682021317765, 31.748246139664641 ], [ 35.20488468995017, 31.748337098590529 ], [ 35.205190590065406, 31.74847498072219 ], [ 35.205396722581732, 31.748554243002488 ], [ 35.205462518438409, 31.748576599496253 ], [ 35.206477258577721, 31.747475474095605 ], [ 35.208228405086508, 31.746743145021565 ], [ 35.208600967718468, 31.746185957293999 ], [ 35.209066705361622, 31.746297376237067 ], [ 35.209215721619799, 31.745947145774515 ], [ 35.208805872429693, 31.745819806129667 ], [ 35.209867635109269, 31.744084559369153 ], [ 35.210817674012787, 31.743606935387259 ], [ 35.210910810027499, 31.743495495412155 ], [ 35.211693122250814, 31.742285584503541 ], [ 35.212028494081423, 31.743001934346637 ], [ 35.212362711905023, 31.742946184354572 ], [ 35.212452195250975, 31.74275773086131 ], [ 35.212567931021439, 31.742522750295429 ], [ 35.212719939099706, 31.742244577272267 ], [ 35.21281407638309, 31.742052928766476 ], [ 35.212915300876034, 31.741830419660456 ], [ 35.212987671434661, 31.74163877246875 ], [ 35.213074551689182, 31.741440924048682 ], [ 35.21317577138786, 31.741181284010619 ], [ 35.213262647281567, 31.74094637519967 ], [ 35.213313256666964, 31.740816519878933 ], [ 35.213356609495946, 31.740674335115141 ], [ 35.213356588053635, 31.740451832696124 ], [ 35.213428957234562, 31.740266385407015 ], [ 35.213472309025541, 31.740118000397157 ], [ 35.213537422548278, 31.739932553553782 ], [ 35.21358819467045, 31.739790368158644 ], [ 35.213653144071117, 31.739617251191785 ], [ 35.213696660091934, 31.739468866078621 ], [ 35.213725501465994, 31.739326682218572 ], [ 35.213798196528437, 31.739118618041026 ], [ 35.21389232906445, 31.738933168841196 ], [ 35.213971940887497, 31.738648799351655 ], [ 35.214065905143343, 31.738438619694808 ], [ 35.214196133727526, 31.738129515860127 ], [ 35.214275758381532, 31.737981127730531 ], [ 35.21442050760475, 31.737783273776756 ], [ 35.214608617168629, 31.737548355913823 ], [ 35.214702585724041, 31.737399966352935 ], [ 35.214774956063366, 31.737270179073523 ], [ 35.214919700322049, 31.737047594198053 ], [ 35.215049938289887, 31.73686214109452 ], [ 35.215201945508035, 31.736719946478701 ], [ 35.215353786647128, 31.73657155149473 ], [ 35.215599766373849, 31.736342827330418 ], [ 35.215744519287654, 31.73621916283226 ], [ 35.215890095014927, 31.736085634141016 ], [ 35.216107219953905, 31.735875441720367 ], [ 35.216237458643064, 31.735727118105753 ], [ 35.216389305278142, 31.735646712682538 ], [ 35.216635453029021, 31.735479777091239 ], [ 35.216816313228058, 31.735362308083573 ], [ 35.216989918167805, 31.735244839534776 ], [ 35.217207043766074, 31.735071705496363 ], [ 35.217330030815333, 31.73496664195946 ], [ 35.217431253258418, 31.734861510074651 ], [ 35.217677227768093, 31.73466364192695 ], [ 35.217814725918885, 31.734577106544769 ], [ 35.217988496628088, 31.734484366947502 ], [ 35.21811148475124, 31.734397832790421 ], [ 35.218306854127874, 31.734305019972247 ], [ 35.218567349812346, 31.734206140337726 ], [ 35.218726453332494, 31.734168991792547 ], [ 35.218934361475903, 31.734133739821832 ], [ 35.219122480656893, 31.73407812777948 ], [ 35.219361384548463, 31.734034839446775 ], [ 35.219650738344015, 31.73397294403302 ], [ 35.220012470764338, 31.733892579421358 ], [ 35.220294737037435, 31.733849213558035 ], [ 35.220533482419128, 31.733849183537401 ], [ 35.220793995160236, 31.733867750871198 ], [ 35.221083530102753, 31.733904773561918 ], [ 35.221401927119395, 31.733985122691408 ], [ 35.221568300942565, 31.734040690806221 ], [ 35.221770954318615, 31.734127254761901 ], [ 35.222009719136707, 31.734226143349957 ], [ 35.222234142243977, 31.734337363441448 ], [ 35.222386180978397, 31.734436263435025 ], [ 35.222545308693157, 31.734528962036016 ], [ 35.222682837343456, 31.734621663539176 ], [ 35.222820368708973, 31.734726694834709 ], [ 35.222972249995614, 31.734856524686755 ], [ 35.223080926563085, 31.73495543015871 ], [ 35.223241073142546, 31.735186363995599 ], [ 35.223342339501599, 31.735328530815579 ], [ 35.223414754291795, 31.735483031803479 ], [ 35.223494420352296, 31.735619001519925 ], [ 35.223595692671985, 31.73578589846575 ], [ 35.223682621807733, 31.735958997697352 ], [ 35.223755044088854, 31.736144429010015 ], [ 35.223805691679765, 31.73628040292391 ], [ 35.223870853099577, 31.736434975190903 ], [ 35.223957791145097, 31.736645134488956 ], [ 35.224051835299562, 31.736929483624927 ], [ 35.224131515335472, 31.737121113772385 ], [ 35.22420395389036, 31.737374535591258 ], [ 35.224290741907687, 31.737646555709183 ], [ 35.224363177329067, 31.737881447283925 ], [ 35.224435607789864, 31.738091608480765 ], [ 35.224522562041166, 31.738363628383702 ], [ 35.224609341152409, 31.738586117133053 ], [ 35.22467452169289, 31.738814879907789 ], [ 35.224711321206776, 31.738949728299438 ], [ 35.224761998790029, 31.73920935339131 ], [ 35.224856200660206, 31.739438111407619 ], [ 35.224928632078921, 31.739642072077284 ], [ 35.224972030876522, 31.739790447009717 ], [ 35.225044479289537, 31.740068598563074 ], [ 35.225102409487477, 31.740309692171888 ], [ 35.22516034136968, 31.740556985938905 ], [ 35.22521101554986, 31.740791880468489 ], [ 35.225254847460498, 31.740968659399925 ], [ 35.226963961236315, 31.74139618735941 ], [ 35.230425226108395, 31.741653693968637 ], [ 35.233946843536422, 31.74163817341223 ], [ 35.235043454864893, 31.742913995704519 ], [ 35.23626926037209, 31.743282504527894 ], [ 35.237805426886347, 31.742573996522939 ], [ 35.238582268355053, 31.74258854283093 ], [ 35.239411126772033, 31.743207917861742 ], [ 35.239739389831797, 31.74390118919802 ], [ 35.239446420009074, 31.745243736724671 ], [ 35.239601914491153, 31.745568246170649 ], [ 35.240517239271632, 31.746482637298548 ], [ 35.238498481420997, 31.748853295031772 ], [ 35.238359048066513, 31.749366351678258 ], [ 35.238736109628633, 31.749592933571105 ], [ 35.240705088661251, 31.750391743282961 ], [ 35.241696416535547, 31.750403387561899 ], [ 35.241961868853025, 31.750820883384044 ], [ 35.241724819932656, 31.751596447235038 ], [ 35.240943150881492, 31.752181277124034 ], [ 35.239909934680888, 31.752217361392329 ], [ 35.236894142210801, 31.752570121451718 ], [ 35.235260819987523, 31.753489189762764 ], [ 35.23333401067616, 31.753656671525192 ], [ 35.233124705219836, 31.754098153878015 ], [ 35.232203249575527, 31.754408555904615 ], [ 35.230471899999408, 31.754587882222353 ], [ 35.229075888978208, 31.755649990250756 ], [ 35.229131820672514, 31.755948246189167 ], [ 35.229034187806953, 31.756359873258337 ], [ 35.22847572800184, 31.756622454811335 ], [ 35.228350218723982, 31.757242873289741 ], [ 35.228099000494929, 31.75772014702796 ], [ 35.228462589295582, 31.759807945393483 ], [ 35.22858870045404, 31.761490144908041 ], [ 35.228532974694787, 31.761991243219562 ], [ 35.228044482167824, 31.762969648908548 ], [ 35.229035920458365, 31.762897876994845 ], [ 35.228994072127122, 31.763064914297871 ], [ 35.22909184055159, 31.763136479323386 ], [ 35.229343311627666, 31.763565933975737 ], [ 35.229417372919258, 31.764033475067269 ], [ 35.229617075250722, 31.764357031545643 ], [ 35.229985700402985, 31.764737401781471 ], [ 35.230149571521764, 31.765039100000212 ], [ 35.230175278616159, 31.765454521862189 ], [ 35.23020097137379, 31.765817468702142 ], [ 35.230160064015237, 31.765961783213225 ], [ 35.230114024180494, 31.766055810211913 ], [ 35.230027101261321, 31.766383796420676 ], [ 35.229771239607366, 31.766606866356923 ], [ 35.229602358787723, 31.766711849868503 ], [ 35.229484668824611, 31.766840874114102 ], [ 35.22929534261548, 31.767055184122956 ], [ 35.229239088340108, 31.767238857546673 ], [ 35.229090701861111, 31.767426921755188 ], [ 35.2289269384517, 31.767536276280865 ], [ 35.229060138183897, 31.767982287855833 ], [ 35.229612954608427, 31.768034654558804 ], [ 35.230283557858492, 31.768301267778661 ], [ 35.230769954098939, 31.768771256245365 ], [ 35.230995314383286, 31.769269721550398 ], [ 35.231292332942182, 31.769750679648485 ], [ 35.231876999341395, 31.770611364700226 ], [ 35.231772147378187, 31.770790557947219 ], [ 35.231706714718364, 31.770962274275103 ], [ 35.23161044974055, 31.771177468762634 ], [ 35.231527359670885, 31.771323049433381 ], [ 35.231426950002472, 31.771468633724414 ], [ 35.231349927333262, 31.771612016973929 ], [ 35.231318117920232, 31.771825305014836 ], [ 35.231259781701254, 31.772152046139283 ], [ 35.231212054501114, 31.772428868089644 ], [ 35.231148374900606, 31.772648969618089 ], [ 35.231419337219677, 31.772834966282442 ], [ 35.231817784673694, 31.773011859175661 ], [ 35.232147149749551, 31.773093470007815 ], [ 35.232322465957026, 31.773166038066858 ], [ 35.232614655191547, 31.773270345331198 ], [ 35.232859143010621, 31.773719542912765 ], [ 35.233486064004651, 31.774059743634506 ], [ 35.233741101927251, 31.774254814749256 ], [ 35.234155536656239, 31.774558757751198 ], [ 35.234293744462541, 31.774853688749968 ], [ 35.234703565915098, 31.774891935493621 ], [ 35.234857145792169, 31.774920645044585 ], [ 35.23502821177123, 31.774952591197767 ], [ 35.235267733640683, 31.774986211495388 ], [ 35.235581982751796, 31.775030663342992 ], [ 35.235746146802569, 31.775138562182594 ], [ 35.235715517056612, 31.775291178203396 ], [ 35.235688839489363, 31.775424206373621 ], [ 35.235661018693577, 31.775591476606962 ], [ 35.235800766410577, 31.775686699214482 ], [ 35.235639957867114, 31.775829508693327 ], [ 35.234632115516952, 31.775697303058749 ], [ 35.234373112754731, 31.776972442656962 ], [ 35.233592896291299, 31.777000985805053 ], [ 35.230944999914612, 31.776618680421908 ], [ 35.230878476752217, 31.776193266439844 ], [ 35.230911653273644, 31.776108173964701 ], [ 35.230737339170503, 31.776072757824547 ], [ 35.230728972668622, 31.775838774228909 ], [ 35.230405260125586, 31.775817569371565 ], [ 35.230322207016378, 31.775633234227698 ], [ 35.23050479239852, 31.775569382735647 ], [ 35.230845096320046, 31.77556222203636 ], [ 35.230836731611419, 31.775335328893835 ], [ 35.230446615844947, 31.775299956980827 ], [ 35.229990095526901, 31.775250416307465 ], [ 35.229989999828987, 31.774902983520708 ], [ 35.229882083160426, 31.774846281441786 ], [ 35.229881999536119, 31.774541391426641 ], [ 35.229973294265413, 31.774520101722413 ], [ 35.230014767153477, 31.774420826859334 ], [ 35.230213964229748, 31.774406605692747 ], [ 35.23023059191037, 31.774505868845747 ], [ 35.230487881512381, 31.774463273586637 ], [ 35.230512874960603, 31.774394385065371 ], [ 35.23073686078623, 31.774385227196181 ], [ 35.230678431619111, 31.773222402709759 ], [ 35.230587098357603, 31.773101883580512 ], [ 35.22954955980191, 31.772924831071947 ], [ 35.22819667828994, 31.772939272075298 ], [ 35.227806598587698, 31.77300315860278 ], [ 35.227773467600258, 31.773276147693945 ], [ 35.227723689318708, 31.773361242432792 ], [ 35.227798442421367, 31.77357394273351 ], [ 35.227723840622382, 31.773963932104785 ], [ 35.227790509305663, 31.775031035024373 ], [ 35.227807227409542, 31.775499002659171 ], [ 35.227466942846476, 31.775584150352952 ], [ 35.227466992142972, 31.775782683358656 ], [ 35.227583312996003, 31.776257723344873 ], [ 35.227566813373457, 31.776661882793274 ], [ 35.225832407845019, 31.778158274300011 ], [ 35.225832442202197, 31.778307173996218 ], [ 35.225691363207972, 31.778427735523717 ], [ 35.226006893056827, 31.778920469429554 ], [ 35.225948827780435, 31.779083559878913 ], [ 35.225849255020343, 31.779225385916192 ], [ 35.226023591336599, 31.779338803792793 ], [ 35.226231103381203, 31.779338768371872 ], [ 35.226471842626196, 31.77944508376611 ], [ 35.226762411032674, 31.779657746865883 ], [ 35.226986533429894, 31.77969315959659 ], [ 35.227393334060885, 31.779997976551343 ], [ 35.227426576652647, 31.780161051120121 ], [ 35.22784230500897, 31.780440404870355 ], [ 35.228152520875511, 31.780864183659688 ], [ 35.228152629264322, 31.781288019908338 ], [ 35.227796185912055, 31.782016554444223 ], [ 35.227300332723253, 31.782680994176001 ], [ 35.227105655615986, 31.783130269542639 ], [ 35.227232378184823, 31.783579487332705 ], [ 35.227271407658222, 31.783870654679859 ], [ 35.227359143114484, 31.78419509029213 ], [ 35.227330045791255, 31.784685932250813 ], [ 35.227271786708037, 31.785409718834661 ], [ 35.227242743800751, 31.786125180805531 ], [ 35.22698966115474, 31.786740851491153 ], [ 35.226883979967347, 31.78704036401065 ], [ 35.227032710252089, 31.787405300934854 ], [ 35.227112915717804, 31.787519425739642 ], [ 35.226995039541649, 31.789885433169662 ], [ 35.226883041226337, 31.791242334745199 ], [ 35.22641786055609, 31.79200309207658 ], [ 35.226385964424161, 31.792839155794418 ], [ 35.226386035835247, 31.79314068494325 ], [ 35.22649845149283, 31.793497018098858 ], [ 35.226562683322257, 31.793675183234711 ], [ 35.226723232664156, 31.793990390163568 ], [ 35.226931928811062, 31.794319294226714 ], [ 35.227429536232421, 31.794867439849767 ], [ 35.229981698727507, 31.797046184865764 ], [ 35.232261087675568, 31.798985085442396 ], [ 35.23341721869653, 31.801081822973199 ], [ 35.234136540427677, 31.80256731567022 ], [ 35.234299001493696, 31.803116973379815 ], [ 35.23458988341384, 31.804508012551285 ], [ 35.234574043629181, 31.805152191026014 ], [ 35.234205496327377, 31.806176071875846 ], [ 35.234424278412533, 31.806397380692214 ], [ 35.234615593785513, 31.805988607123361 ], [ 35.2347907242102, 31.805046838234155 ], [ 35.234464149913421, 31.802692597231584 ], [ 35.233674173338741, 31.801012653522029 ], [ 35.234751706194629, 31.800691357501425 ], [ 35.234952351247486, 31.801162173422817 ], [ 35.235228111787258, 31.801418941778877 ], [ 35.235353376234784, 31.801290493946151 ], [ 35.236556153838904, 31.800797928896348 ], [ 35.235904146330618, 31.799578126188823 ], [ 35.235503192524234, 31.799642433541347 ], [ 35.235077042776894, 31.799300090401623 ], [ 35.235102082422635, 31.799235875628785 ], [ 35.235076667907556, 31.798165736082922 ], [ 35.234575442460951, 31.798123050079102 ], [ 35.234325009299646, 31.798658182075222 ], [ 35.233824025772741, 31.799385997913419 ], [ 35.233247738007904, 31.799749979330471 ], [ 35.23322280327708, 31.800156640259214 ], [ 35.232846722579858, 31.799621652137851 ], [ 35.233723619878546, 31.79887235119612 ], [ 35.235940170703245, 31.794965788389643 ], [ 35.237393200513836, 31.793745453139085 ], [ 35.239949052704581, 31.793209691713272 ], [ 35.240224497882025, 31.792674541178467 ], [ 35.240249251240009, 31.791882625628464 ], [ 35.240574641476186, 31.790919401382332 ], [ 35.241626820369191, 31.790212800993391 ], [ 35.242704147424242, 31.789763019593483 ], [ 35.243555940366733, 31.789313298623782 ], [ 35.244194690241557, 31.788767325448404 ], [ 35.244169494726329, 31.78844628912379 ], [ 35.244620491513594, 31.788339132695665 ], [ 35.24472066745296, 31.788210683320472 ], [ 35.245246826622967, 31.788082097894414 ], [ 35.245271611332619, 31.787461404411477 ], [ 35.245672372620476, 31.787097424950367 ], [ 35.248404379714934, 31.788637522224864 ], [ 35.248329256326009, 31.788744562898934 ], [ 35.249406876110911, 31.789001021822308 ], [ 35.249582199511316, 31.788829736159368 ], [ 35.250459220764611, 31.788808018928066 ], [ 35.252213493405492, 31.789214028088175 ], [ 35.252739826083825, 31.789427858751729 ], [ 35.254193328686164, 31.789662730904578 ], [ 35.255220577477232, 31.789405489669122 ], [ 35.255796714879601, 31.789041408343714 ], [ 35.256422855891167, 31.788484677464922 ], [ 35.256798169838277, 31.787499987986227 ], [ 35.257149038302742, 31.787606857837435 ], [ 35.257524867390302, 31.787542492721713 ], [ 35.257549790374362, 31.78730704988298 ], [ 35.257800194505684, 31.78700730380513 ], [ 35.257808647447817, 31.786959519535209 ], [ 35.25860089372005, 31.785833813493124 ], [ 35.258541129280559, 31.785579230018918 ], [ 35.258719732735379, 31.78516159532122 ], [ 35.258898489935554, 31.78500875357372 ], [ 35.259124854880739, 31.784713310112338 ], [ 35.259005504507066, 31.784509674199203 ], [ 35.259279638113981, 31.784346606602977 ], [ 35.260161605136858, 31.783786083665841 ], [ 35.261800427958903, 31.782843302115378 ], [ 35.262885045856919, 31.782272484324832 ], [ 35.264363256504275, 31.781945897192781 ], [ 35.265054727014885, 31.781874279145899 ], [ 35.265472021462969, 31.781874079678062 ], [ 35.266360333805594, 31.781980586305249 ], [ 35.267302352153536, 31.782163442921334 ], [ 35.268244521170423, 31.782560164057134 ], [ 35.268638120982231, 31.782773837654837 ], [ 35.271435273530592, 31.784508828846924 ], [ 35.273427328448996, 31.785729887168536 ], [ 35.275031760406755, 31.786732166086836 ], [ 35.276391523966744, 31.787383203051302 ], [ 35.27659426139035, 31.787434010014167 ], [ 35.276963926854755, 31.7874847216255 ], [ 35.277166585029725, 31.787433684204494 ], [ 35.277524223161059, 31.78735200448989 ], [ 35.277810296188228, 31.787239811997345 ], [ 35.278203573656995, 31.786995160184471 ], [ 35.278310819002044, 31.786913623154184 ], [ 35.278453793558128, 31.786781143493645 ], [ 35.279507710887636, 31.785176490419826 ], [ 35.28004357951945, 31.784351240378282 ], [ 35.280174591442346, 31.784178028418125 ], [ 35.280770355844155, 31.783709192058296 ], [ 35.281670075412876, 31.783153601748143 ], [ 35.28279056630538, 31.782847386107996 ], [ 35.283136276267882, 31.782786066655042 ], [ 35.284924689043351, 31.782774763868325 ], [ 35.286564169815229, 31.782880652273928 ], [ 35.289366116718405, 31.782970472653403 ], [ 35.289473785916478, 31.783367590695288 ], [ 35.289772288503563, 31.783835871308227 ], [ 35.290284975080276, 31.783835526533647 ], [ 35.290010447065484, 31.783509812002841 ], [ 35.28885726239951, 31.780623316315999 ], [ 35.288897523320756, 31.779009068123006 ], [ 35.288949389978207, 31.77704854333237 ], [ 35.290422711965512, 31.771629471109655 ], [ 35.290767267954294, 31.770376559599679 ], [ 35.290461857831708, 31.768844017328469 ], [ 35.290150539698288, 31.767357307644051 ], [ 35.290399982098222, 31.766389623056316 ], [ 35.290655875686092, 31.765956613686555 ], [ 35.291525338700438, 31.765161639869813 ], [ 35.292609644748609, 31.764672043034402 ], [ 35.292907375713604, 31.764376489286047 ], [ 35.293848738279316, 31.764009193756323 ], [ 35.294492351034023, 31.763917080669337 ], [ 35.294927499715811, 31.76397278627698 ], [ 35.295440096622414, 31.763992789710365 ], [ 35.295761947338804, 31.763992559264853 ], [ 35.296381757590432, 31.763941191253508 ], [ 35.297072855975713, 31.763655527471741 ], [ 35.29789473564032, 31.763033679197381 ], [ 35.299163585603267, 31.762386032861709 ], [ 35.299782913104728, 31.761876351128318 ], [ 35.300330545356346, 31.761203770110175 ], [ 35.301033361897858, 31.760755125669025 ], [ 35.302236947683369, 31.760438490796531 ], [ 35.302821143261689, 31.760550069078882 ], [ 35.304079435193728, 31.761236537063372 ], [ 35.304462158741671, 31.762427810569953 ], [ 35.304975443087791, 31.763089391547002 ], [ 35.305655342545968, 31.76349622837963 ], [ 35.306025184444856, 31.763781096667124 ], [ 35.306675029235251, 31.763948618914636 ], [ 35.307438001733409, 31.764009110330971 ], [ 35.307939248058865, 31.764538291901875 ], [ 35.308201520972723, 31.764558447209751 ], [ 35.30847562326467, 31.764497117235774 ], [ 35.309214817881127, 31.764608539345922 ], [ 35.310240546453556, 31.765106725977517 ], [ 35.310950349301457, 31.765569523625157 ], [ 35.311355708059267, 31.765620105805056 ], [ 35.311987818050135, 31.765894551774593 ], [ 35.312286129373433, 31.76614890899485 ], [ 35.31259671860213, 31.766708786498015 ], [ 35.312883196622799, 31.767034442993079 ], [ 35.314278878842138, 31.767837812584649 ], [ 35.314779531740939, 31.767817010943528 ], [ 35.314904803882648, 31.767903469536286 ], [ 35.315489426516379, 31.768320520473576 ], [ 35.315823249579161, 31.768350782012998 ], [ 35.316323819044676, 31.768258683731769 ], [ 35.316526560945348, 31.768329796055863 ], [ 35.316812934562925, 31.768553599927795 ], [ 35.317301892385323, 31.768716117473222 ], [ 35.317862303420547, 31.768817463245473 ], [ 35.318482508244813, 31.769071518645458 ], [ 35.318995489577773, 31.769376589403922 ], [ 35.319019959609015, 31.76988578612788 ], [ 35.319253019615395, 31.770369333944164 ], [ 35.31906268232823, 31.770695405389738 ], [ 35.318633867855397, 31.770980953161367 ], [ 35.318109543133176, 31.771154556690398 ], [ 35.317394858968953, 31.771644042622462 ], [ 35.316990038173579, 31.772061960369683 ], [ 35.317498006043863, 31.773135961373242 ], [ 35.317796815441021, 31.77376712654593 ], [ 35.318513389378204, 31.774805291989367 ], [ 35.318449500567141, 31.776175146387672 ], [ 35.318268560079396, 31.779317183970722 ], [ 35.318145962231078, 31.781430547777759 ], [ 35.317546430707104, 31.78353415109903 ], [ 35.316517589062101, 31.785597392280476 ], [ 35.316233566483746, 31.787369718656603 ], [ 35.316312448828221, 31.788515388270067 ], [ 35.316456575542013, 31.789380930776971 ], [ 35.315332448652832, 31.791607193885334 ], [ 35.314285588654712, 31.793675522475969 ], [ 35.314148875590867, 31.794027000021444 ], [ 35.313073229442708, 31.797017024850053 ], [ 35.312419637767249, 31.79896278822013 ], [ 35.311740367127285, 31.799350367279366 ], [ 35.309706895441735, 31.799112733932631 ], [ 35.306404224354154, 31.79959408661308 ], [ 35.303296692507388, 31.798583197884756 ], [ 35.300867730081656, 31.796410706627334 ], [ 35.300450023056392, 31.79607493941128 ], [ 35.298414032694062, 31.793250305517265 ], [ 35.296772309640339, 31.791087334601674 ], [ 35.296044018891024, 31.790140716875012 ], [ 35.294211660043459, 31.788008401879267 ], [ 35.29311344537242, 31.786695390641849 ], [ 35.292517028709234, 31.786431011656948 ], [ 35.29220655184028, 31.785932192893583 ], [ 35.291204126518352, 31.784995919724281 ], [ 35.290690828129804, 31.78434446992048 ], [ 35.290166187535206, 31.7843142713185 ], [ 35.290405062478861, 31.784762221812279 ], [ 35.290786988756288, 31.78517952178861 ], [ 35.290500881169741, 31.785230637348054 ], [ 35.2890760447901, 31.785206131981184 ], [ 35.287979099423971, 31.785186488040523 ], [ 35.28499223904474, 31.785050924822137 ], [ 35.283430304098829, 31.785041719516979 ], [ 35.282774688230241, 31.785225443147937 ], [ 35.282202745036628, 31.785663721156546 ], [ 35.281916945632894, 31.786091638331506 ], [ 35.281238205737097, 31.787161406772789 ], [ 35.280553425851238, 31.788154792417838 ], [ 35.280124528535453, 31.788582790927876 ], [ 35.279647866820589, 31.788929341414878 ], [ 35.279028109625756, 31.789265789710534 ], [ 35.278515547348007, 31.789459591743757 ], [ 35.278002950646204, 31.789612654337201 ], [ 35.277466432729547, 31.78967406946321 ], [ 35.277049127246421, 31.789704861314984 ], [ 35.276715279487036, 31.789725420074483 ], [ 35.275433329476122, 31.789527546975862 ], [ 35.273799184367462, 31.788723884631395 ], [ 35.27352482844055, 31.788571268632413 ], [ 35.271717594062757, 31.78744686619493 ], [ 35.271061514036447, 31.787039837290369 ], [ 35.269868661202104, 31.786307182790573 ], [ 35.269093301339218, 31.785808545741961 ], [ 35.266928365984455, 31.784511121932614 ], [ 35.266379750019802, 31.784277149950505 ], [ 35.265258893976778, 31.784135109625669 ], [ 35.264913147207366, 31.784165827492671 ], [ 35.264829666384124, 31.784135314066962 ], [ 35.264448143908737, 31.784155863288156 ], [ 35.263911570143954, 31.784095009066995 ], [ 35.263232024561404, 31.784197168459841 ], [ 35.262326156201745, 31.784645695559671 ], [ 35.262227134763656, 31.784788639837043 ], [ 35.262110772647453, 31.784908040569807 ], [ 35.261528700685524, 31.78508732497675 ], [ 35.261086217186921, 31.785047740106776 ], [ 35.260644143549413, 31.785684458443857 ], [ 35.260155572160322, 31.786460434785049 ], [ 35.260155631858851, 31.786559891347824 ], [ 35.260015977135772, 31.786679300335095 ], [ 35.259480996370499, 31.787753663956028 ], [ 35.259437843697597, 31.787790559900714 ], [ 35.259454462746014, 31.787798508295527 ], [ 35.259154236319468, 31.788590546768955 ], [ 35.258828946583556, 31.789382595157257 ], [ 35.258278075927208, 31.790089126529836 ], [ 35.257326332784913, 31.790924240360365 ], [ 35.256349346072774, 31.791459716194396 ], [ 35.255397265955693, 31.791738339309603 ], [ 35.254119379889978, 31.791952874160643 ], [ 35.252239819440867, 31.791675356225518 ], [ 35.252816652129674, 31.792595464289359 ], [ 35.2532805885036, 31.793248076384049 ], [ 35.253539541083747, 31.794048524428597 ], [ 35.248763538193735, 31.795253440902194 ], [ 35.248738760531126, 31.795163666790774 ], [ 35.248685923431665, 31.795209035868936 ], [ 35.248382601852171, 31.795469484541748 ], [ 35.247969163304298, 31.795668535795393 ], [ 35.247718554327655, 31.795647218405911 ], [ 35.247222748261244, 31.794952509385045 ], [ 35.246547499508459, 31.794395945357298 ], [ 35.246074437056613, 31.794415810475297 ], [ 35.24571105210395, 31.794578531148076 ], [ 35.245209287762819, 31.794928534131301 ], [ 35.243383363360884, 31.796055275460525 ], [ 35.24333343182829, 31.796504752080594 ], [ 35.243358689538212, 31.796975608576314 ], [ 35.243484180017433, 31.797425031376264 ], [ 35.243472615001416, 31.799179855767068 ], [ 35.243472401978742, 31.799212178307169 ], [ 35.243398235433098, 31.801630729531031 ], [ 35.243248359038475, 31.802807934913591 ], [ 35.244126329100894, 31.804691118704078 ], [ 35.243650642548459, 31.805868425278142 ], [ 35.243300043496113, 31.80653202243737 ], [ 35.242698809316778, 31.807195694239194 ], [ 35.242197697266789, 31.807559693082951 ], [ 35.241395831313127, 31.807945180606268 ], [ 35.240518693766958, 31.808138058516569 ], [ 35.239566330169595, 31.808245339666147 ], [ 35.237385701644435, 31.807903477488981 ], [ 35.23603330071623, 31.808056680019892 ], [ 35.236244365341157, 31.808531437843108 ], [ 35.236900458850151, 31.809330006747672 ], [ 35.237481203573729, 31.809843985177917 ], [ 35.237803904739117, 31.81030294376994 ], [ 35.238277174271794, 31.810890393507698 ], [ 35.238556884287647, 31.811367723262521 ], [ 35.238793618692334, 31.811918510830843 ], [ 35.23896600423727, 31.81289163469415 ], [ 35.238923162011503, 31.813332327291018 ], [ 35.239525348989787, 31.813589226365394 ], [ 35.240127673645162, 31.814194994919905 ], [ 35.240891040791766, 31.814185597438122 ], [ 35.240955898261241, 31.815066940535335 ], [ 35.241557977096541, 31.81501168103398 ], [ 35.242676300157108, 31.815341860154355 ], [ 35.243601252649881, 31.816039323120137 ], [ 35.24381649376582, 31.816516660756637 ], [ 35.24411761179627, 31.816663460692293 ], [ 35.244590715104096, 31.816700035529166 ], [ 35.24497779479384, 31.81671827437329 ], [ 35.245214492114926, 31.817067070882992 ], [ 35.245859499210233, 31.816809798620685 ], [ 35.246461578081338, 31.816736154238768 ], [ 35.246848532262298, 31.816478961993873 ], [ 35.247665005115444, 31.815028112822201 ], [ 35.247944379469274, 31.814660783505605 ], [ 35.248718049673521, 31.813705707855554 ], [ 35.24939520283813, 31.813292331863625 ], [ 35.250083187396719, 31.813053384567205 ], [ 35.251222686739318, 31.81272245968065 ], [ 35.252663171919856, 31.812299602246387 ], [ 35.254985721686609, 31.812721019474729 ], [ 35.2561686663458, 31.81321630979885 ], [ 35.25659891568057, 31.813546644721761 ], [ 35.257104852114004, 31.814620595765962 ], [ 35.258095309297325, 31.816860308763218 ], [ 35.259128270994211, 31.818163548830249 ], [ 35.260903131874407, 31.819402187050262 ], [ 35.260904563445479, 31.821752481828188 ], [ 35.25906724227066, 31.824076036539196 ], [ 35.258723861078465, 31.825288053920591 ], [ 35.25767058544082, 31.826188221026804 ], [ 35.255563142186261, 31.826482872622339 ], [ 35.253412401159501, 31.826263379331113 ], [ 35.252723973291729, 31.825822962637982 ], [ 35.252293623854776, 31.825382445297912 ], [ 35.251648434757811, 31.825364324864545 ], [ 35.25124083184464, 31.827365897330083 ], [ 35.251273606611782, 31.828384957558278 ], [ 35.250392579174893, 31.829890935192534 ], [ 35.249855686343736, 31.831488592151711 ], [ 35.249824401251395, 31.833480842340194 ], [ 35.250147789418598, 31.835041466255348 ], [ 35.252644110640517, 31.837666258301265 ], [ 35.253364855590902, 31.838042396400873 ], [ 35.253644695985209, 31.838464605926809 ], [ 35.254914048610104, 31.8390516803785 ], [ 35.253924901900895, 31.839566194973262 ], [ 35.2540971336513, 31.839859913855044 ], [ 35.254097625882991, 31.840777995001002 ], [ 35.253237969035219, 31.842155449741643 ], [ 35.251797304646431, 31.843129160625285 ], [ 35.251292063306167, 31.84361593078248 ], [ 35.250474994414041, 31.844258885979372 ], [ 35.249593310994712, 31.844754965931873 ], [ 35.248410347643386, 31.844994081761094 ], [ 35.247012854792338, 31.846500209838755 ], [ 35.245765444398764, 31.846996385122427 ], [ 35.24396930276221, 31.847061222274167 ], [ 35.243108616423036, 31.846473915654329 ], [ 35.242291202747438, 31.846474161821209 ], [ 35.24091435406504, 31.846088970760153 ], [ 35.23990308629314, 31.84540987742745 ], [ 35.239128290377259, 31.844308394451836 ], [ 35.238246270719678, 31.844051569604176 ], [ 35.238117028391741, 31.843555840239862 ], [ 35.238138217737315, 31.842674476846245 ], [ 35.237492911010783, 31.842656284773536 ], [ 35.236568076544771, 31.842931946379082 ], [ 35.234492107746256, 31.842170447209064 ], [ 35.234835813710212, 31.840793243523155 ], [ 35.234254706349788, 31.839710045158988 ], [ 35.233781332534321, 31.839177668092553 ], [ 35.234082437744419, 31.839104151647231 ], [ 35.233867112455123, 31.838369736387655 ], [ 35.232942174228427, 31.838204692611857 ], [ 35.232705626030587, 31.838370000189609 ], [ 35.231178703966002, 31.839123157829114 ], [ 35.229995506196694, 31.83842565939306 ], [ 35.2297801394323, 31.837415812580971 ], [ 35.229403619249709, 31.836984388670327 ], [ 35.231403178247099, 31.834413349929605 ], [ 35.233520857057094, 31.831649454411782 ], [ 35.235068694886806, 31.829537500109755 ], [ 35.235670549146079, 31.828527462215515 ], [ 35.235949792948119, 31.827517501740029 ], [ 35.23599263701977, 31.827021726118122 ], [ 35.235831006232623, 31.826039416897061 ], [ 35.235185321950595, 31.824533917684033 ], [ 35.233958794954226, 31.822349168969168 ], [ 35.233302428610358, 31.820889566002265 ], [ 35.232979560075542, 31.819934831257406 ], [ 35.23304371703567, 31.818778030401354 ], [ 35.23338746139811, 31.81773133607334 ], [ 35.234225842686399, 31.816849780923654 ], [ 35.236590895976676, 31.815729140947255 ], [ 35.23733260940935, 31.815260727776273 ], [ 35.237762563536833, 31.814930105142672 ], [ 35.238192414279595, 31.814324055522032 ], [ 35.238407159191496, 31.813534445011378 ], [ 35.238471338535852, 31.812634704197887 ], [ 35.238234396645758, 31.811514703113737 ], [ 35.237675028013896, 31.810688573542127 ], [ 35.237115727608753, 31.810027696829334 ], [ 35.235674581600129, 31.80859584517782 ], [ 35.234728068867604, 31.807310753738083 ], [ 35.234555893296566, 31.806815028089421 ], [ 35.234093802453117, 31.806486369868107 ], [ 35.234060920446744, 31.806577719318785 ], [ 35.231666042430255, 31.806457349305301 ], [ 35.229792183423172, 31.80681074471492 ], [ 35.227863437366587, 31.808129010159181 ], [ 35.226954115752847, 31.808599851377551 ], [ 35.22372977951926, 31.810821101402301 ], [ 35.222213266788096, 31.813292912953262 ], [ 35.221040786785053, 31.814361974587289 ], [ 35.218370037217696, 31.816798122242325 ], [ 35.215754759375265, 31.817330847004516 ], [ 35.212013219943962, 31.817390730348382 ], [ 35.208904648016365, 31.818960456079203 ], [ 35.206959393865283, 31.81934992433148 ], [ 35.206577789952597, 31.819548612120062 ], [ 35.20650332849204, 31.819500930022624 ], [ 35.206242716999412, 31.819485039633204 ], [ 35.203394567951165, 31.823375215232339 ], [ 35.199643394062662, 31.824897023315341 ], [ 35.196571786861632, 31.824181621925735 ], [ 35.195119669981111, 31.824853064510087 ], [ 35.194086394686742, 31.825560287532383 ], [ 35.193295120226466, 31.826243681758605 ], [ 35.191917235196371, 31.828242279075429 ], [ 35.190465019275997, 31.828925588913023 ], [ 35.189349362767402, 31.828905977180288 ], [ 35.189265450051188, 31.829323535932662 ], [ 35.188902000166571, 31.830051254738592 ], [ 35.188287007678696, 31.830767010308307 ], [ 35.187811799676389, 31.831208378921097 ], [ 35.187029147748703, 31.831649704154042 ], [ 35.186260493275974, 31.831935929662727 ], [ 35.185310198564871, 31.83205509601035 ], [ 35.183898766071884, 31.832054876550615 ], [ 35.181956367414607, 31.831774181508894 ], [ 35.181131884718532, 31.831714380838296 ], [ 35.178363934411465, 31.831386979322328 ], [ 35.176939671332903, 31.831224393835903 ], [ 35.175891594681197, 31.831200302367538 ], [ 35.175332538211983, 31.831450717054654 ], [ 35.174689536062203, 31.831999372921782 ], [ 35.174675339788905, 31.832691340207845 ], [ 35.174787022934758, 31.833049282037749 ], [ 35.175317894298395, 31.83358627809649 ], [ 35.17656143212421, 31.834320283405741 ], [ 35.177106352201058, 31.834666386602827 ], [ 35.177846834482288, 31.835334652500414 ], [ 35.178377636246346, 31.83622955122118 ], [ 35.17855906468801, 31.837124377156179 ], [ 35.178558835361223, 31.837947582853772 ], [ 35.178307057139982, 31.838728980319978 ], [ 35.177384084777259, 31.840733114088 ], [ 35.176279345856564, 31.842856505561613 ], [ 35.174866778230395, 31.845904429631936 ], [ 35.174629075320851, 31.846214567293309 ], [ 35.17475483140327, 31.846321971163967 ], [ 35.174517034766176, 31.846918440584982 ], [ 35.17440499636492, 31.847610383200962 ], [ 35.174446620716708, 31.848558867598751 ], [ 35.1732857835256, 31.850765730632386 ], [ 35.172684771715737, 31.850717860280039 ], [ 35.172977937029721, 31.851779746801672 ], [ 35.173732823481259, 31.851481668695108 ], [ 35.176834072077568, 31.857393934243316 ], [ 35.180383721414643, 31.860729222266464 ], [ 35.181137754124904, 31.864028137725334 ], [ 35.180284290347331, 31.866795846870851 ], [ 35.175124981744354, 31.869186821586275 ], [ 35.166653259044871, 31.86853437971995 ], [ 35.163074295134187, 31.868676432778695 ], [ 35.160460282567705, 31.868114825038901 ], [ 35.15786057539664, 31.866968576182231 ], [ 35.156728684121589, 31.866043546168932 ], [ 35.154967973936301, 31.864670870696465 ], [ 35.154409573156165, 31.863227065969603 ], [ 35.155892588109268, 31.860913128867011 ], [ 35.159821943615299, 31.858260035732304 ], [ 35.160382356879083, 31.855581837988609 ], [ 35.156497783098281, 31.85297958886137 ], [ 35.155701318924294, 31.852472240743673 ], [ 35.153885524454445, 31.850085434616471 ], [ 35.153760765085067, 31.848188436371608 ], [ 35.154739839372581, 31.846912259019202 ], [ 35.156236024799348, 31.845630305397076 ], [ 35.156670172193202, 31.843936337555693 ], [ 35.156642379233666, 31.843626133998871 ], [ 35.156894118018506, 31.84330410458136 ], [ 35.160836440977249, 31.841146093325396 ], [ 35.163812782324378, 31.842369954614089 ], [ 35.167138459203407, 31.843969659775507 ], [ 35.167278151287377, 31.844148658180302 ], [ 35.168652986695918, 31.8447768218901 ], [ 35.169514034162532, 31.845056009102993 ], [ 35.170394529745955, 31.845127830460616 ], [ 35.171121241732941, 31.845318910631999 ], [ 35.171386805189357, 31.845295118796987 ], [ 35.171722205108821, 31.845402579893356 ], [ 35.171819990932036, 31.845545770999664 ], [ 35.172085579807352, 31.845450394696808 ], [ 35.172798390315101, 31.845438643203288 ], [ 35.174266966003294, 31.842259519576384 ], [ 35.175301816235205, 31.840291226100106 ], [ 35.176112965015356, 31.838483936029455 ], [ 35.176434622017453, 31.837756245583208 ], [ 35.176476702764525, 31.837243242547903 ], [ 35.17639295146558, 31.836909169620416 ], [ 35.17622536008362, 31.836539286530275 ], [ 35.175987868466976, 31.836252901257151 ], [ 35.175317222929536, 31.83572780687274 ], [ 35.175093767820407, 31.835262465272866 ], [ 35.174395161390301, 31.834808942648518 ], [ 35.173193661167126, 31.833770698165587 ], [ 35.173123907653462, 31.833412765289715 ], [ 35.173138007068516, 31.833042922451863 ], [ 35.172872629168083, 31.832625288566373 ], [ 35.172551246716424, 31.832523799077425 ], [ 35.172705379512109, 31.831318854193519 ], [ 35.173180704086754, 31.830746306221727 ], [ 35.174145200906175, 31.82993526298884 ], [ 35.175109560340488, 31.82950598936926 ], [ 35.175934078055292, 31.829374940552679 ], [ 35.176856362946978, 31.829410935048401 ], [ 35.181090418190692, 31.829894967309155 ], [ 35.182348081153023, 31.829978705095424 ], [ 35.184080827465749, 31.830265326205254 ], [ 35.184779537894578, 31.830289296863125 ], [ 35.185083386589923, 31.830266786282753 ], [ 35.185736773711461, 31.830157840394818 ], [ 35.186201523338404, 31.829989977562672 ], [ 35.186713571729598, 31.82959268906912 ], [ 35.187085996916714, 31.829147696297341 ], [ 35.187234999207909, 31.828790091838666 ], [ 35.187327346044469, 31.828431463961564 ], [ 35.187351173142879, 31.828321129104356 ], [ 35.187211446231714, 31.82824952710504 ], [ 35.186443045560303, 31.827372526619776 ], [ 35.183900248529042, 31.82534395094547 ], [ 35.182447296579426, 31.82407907124264 ], [ 35.182406220272433, 31.820517795935679 ], [ 35.18482448522915, 31.815948788282363 ], [ 35.185917783051458, 31.813064556495465 ], [ 35.187456496953445, 31.809192908989772 ], [ 35.187029297719974, 31.809087731110626 ], [ 35.186645329231581, 31.80900115821138 ], [ 35.186189253387035, 31.808902173609308 ], [ 35.185790927886067, 31.808827996332148 ], [ 35.185392600513602, 31.808766077150537 ], [ 35.185081231244354, 31.808722770323744 ], [ 35.184856654786458, 31.8086979355528 ], [ 35.184646761864393, 31.808685643830774 ], [ 35.184436702683577, 31.808679410952148 ], [ 35.184175986146897, 31.808666969565738 ], [ 35.183893497630478, 31.808611264160611 ], [ 35.183654564331661, 31.808592625083921 ], [ 35.183263492867155, 31.808561701058313 ], [ 35.183034128959179, 31.808549826180311 ], [ 35.182672098524684, 31.808525105333903 ], [ 35.182462044235351, 31.808500268814544 ], [ 35.182201334363022, 31.808463163785916 ], [ 35.181853674023699, 31.808382782877704 ], [ 35.181448261828422, 31.808296049584705 ], [ 35.181165777597307, 31.808234278908753 ], [ 35.180810852255867, 31.808178553424419 ], [ 35.180115683976084, 31.808085702670617 ], [ 35.17987676094193, 31.808036196775678 ], [ 35.179478434268979, 31.807999059594806 ], [ 35.179268380350223, 31.80798041793226 ], [ 35.178957011487618, 31.807955696506234 ], [ 35.178507032391003, 31.807935596308159 ], [ 35.178302425713262, 31.807911458590837 ], [ 35.177864827371963, 31.807875294690643 ], [ 35.177490753296567, 31.807857038549333 ], [ 35.176933192794827, 31.80782084604175 ], [ 35.176481393663643, 31.807820747795422 ], [ 35.176015564969617, 31.807832622339685 ], [ 35.175426300607491, 31.807868704019739 ], [ 35.174783896609256, 31.807922666448565 ], [ 35.174162788047461, 31.807946616436915 ], [ 35.173499434360991, 31.807976612366446 ], [ 35.173135741867902, 31.808001605930485 ], [ 35.172712309380032, 31.808043633955332 ], [ 35.172218247557993, 31.808097761172998 ], [ 35.171681783682558, 31.808133697937482 ], [ 35.171159506023557, 31.808181754576186 ], [ 35.170834915761212, 31.80821788381385 ], [ 35.170503060424636, 31.8082658468971 ], [ 35.169966737568394, 31.808362086801274 ], [ 35.169578449496193, 31.808404113896586 ], [ 35.169253857844879, 31.808440239100452 ], [ 35.168837347465796, 31.808494374572309 ], [ 35.16837858890446, 31.808560474254797 ], [ 35.167945907349882, 31.808611924905044 ], [ 35.167482557320703, 31.808602350308171 ], [ 35.166797753302262, 31.808612436498073 ], [ 35.166148739861121, 31.808663535146735 ], [ 35.165668042453596, 31.808704395221088 ], [ 35.16499525731458, 31.808775912990761 ], [ 35.164250195692873, 31.808847404433497 ], [ 35.163505132866476, 31.808919032425525 ], [ 35.162832170295644, 31.809011111849141 ], [ 35.162351441819979, 31.809113397002722 ], [ 35.161930795743928, 31.809174835923226 ], [ 35.161474162048904, 31.809266980133156 ], [ 35.160921319917882, 31.809369235547933 ], [ 35.160464679401187, 31.809471662703231 ], [ 35.159767753306269, 31.809625155254846 ], [ 35.159322996264493, 31.80971729590166 ], [ 35.158950519570972, 31.809799174242119 ], [ 35.158433789265246, 31.809942578014695 ], [ 35.157953045922447, 31.810055274015284 ], [ 35.157509608702448, 31.81014036320208 ], [ 35.157147368604868, 31.810204626036164 ], [ 35.156769949956704, 31.810262400212075 ], [ 35.156203726858188, 31.810371675705518 ], [ 35.155456480616152, 31.810480879218531 ], [ 35.155011063097945, 31.810558067863653 ], [ 35.154580833232622, 31.810622296995334 ], [ 35.154120404902862, 31.810686512749704 ], [ 35.153501402783142, 31.810737840557671 ], [ 35.153048409532069, 31.81078275047145 ], [ 35.152504961906992, 31.810872713749212 ], [ 35.15209156368212, 31.810931304844932 ], [ 35.151608352578762, 31.811008325129361 ], [ 35.151117718577886, 31.811078999435562 ], [ 35.150627083832674, 31.811149671849076 ], [ 35.150204442761542, 31.8112074074362 ], [ 35.149804243438766, 31.811265151244619 ], [ 35.149426815855961, 31.811323044540476 ], [ 35.149056982530006, 31.811374317158286 ], [ 35.148694566782694, 31.811438555841526 ], [ 35.148339729580286, 31.811522242671391 ], [ 35.147932078487365, 31.811618587167427 ], [ 35.147667850265918, 31.811676525400106 ], [ 35.147449001623585, 31.811734342479379 ], [ 35.147184768864456, 31.811798620740859 ], [ 35.146826785639924, 31.811895124914432 ], [ 35.146620794202626, 31.811974083163769 ], [ 35.14624992726997, 31.812088193849227 ], [ 35.145776082452727, 31.812210992610741 ], [ 35.145168372679386, 31.812386428436529 ], [ 35.144573534183451, 31.812558626430466 ], [ 35.144223289805971, 31.812672740886281 ], [ 35.143914145874689, 31.812769259926139 ], [ 35.143615562551716, 31.812865783255855 ], [ 35.143151918368289, 31.813023664150954 ], [ 35.142801664696407, 31.813146511214519 ], [ 35.142451410098701, 31.81326935731072 ], [ 35.142132178422628, 31.81339221761753 ], [ 35.141884912666214, 31.813488761964837 ], [ 35.141565520380539, 31.813602884231731 ], [ 35.140988622486375, 31.813822279748159 ], [ 35.140576644926171, 31.813945089908994 ], [ 35.140226396556102, 31.814050315886121 ], [ 35.13975250925192, 31.814208320107571 ], [ 35.139289016833573, 31.814366186964563 ], [ 35.138959393117403, 31.814471560904551 ], [ 35.138732749111853, 31.814567968794002 ], [ 35.138495866824485, 31.814673389334462 ], [ 35.138124960337862, 31.814813826770017 ], [ 35.137857046216666, 31.814927825577588 ], [ 35.137568681119419, 31.815024340019576 ], [ 35.137208003294461, 31.815164780142347 ], [ 35.136847495864238, 31.815296341885901 ], [ 35.136548719187296, 31.81541046245912 ], [ 35.13629121076093, 31.815506990439939 ], [ 35.135922429211448, 31.815666022926436 ], [ 35.135598386809171, 31.815799855317128 ], [ 35.135323368366691, 31.815916944988032 ], [ 35.135018949686874, 31.816067555045787 ], [ 35.134665327233805, 31.816251674429665 ], [ 35.134331512863625, 31.816427349022558 ], [ 35.134105649624352, 31.816569686301534 ], [ 35.13373784662592, 31.816733503965004 ], [ 35.13355123946112, 31.816900239771513 ], [ 35.133098868164964, 31.817157996623614 ], [ 35.132749016414145, 31.817364094989571 ], [ 35.132254848578185, 31.81767325807218 ], [ 35.131770862026357, 31.818042735249968 ], [ 35.13322419095082, 31.818758752564793 ], [ 35.134900443269508, 31.81936813681687 ], [ 35.135780217927746, 31.820048655364804 ], [ 35.137036571310425, 31.821695741798759 ], [ 35.136979448359959, 31.823389848651946 ], [ 35.137173423044324, 31.82566868424318 ], [ 35.137130178712546, 31.827494033306756 ], [ 35.137604298597807, 31.828872259510639 ], [ 35.137282402501704, 31.82955213039854 ], [ 35.135170999459312, 31.831292856479255 ], [ 35.132347038331041, 31.832734882458027 ], [ 35.128909599525272, 31.832327252019045 ], [ 35.127008659593002, 31.832797365850659 ], [ 35.124563224376573, 31.832640758399727 ], [ 35.123949286428243, 31.831548728869301 ], [ 35.123782753874742, 31.830212404608719 ], [ 35.123545430153484, 31.829937851927458 ], [ 35.123624279135292, 31.829256668845563 ], [ 35.121948145361799, 31.828396595862053 ], [ 35.121256283168407, 31.827002659696419 ], [ 35.120944969912344, 31.825112659301762 ], [ 35.12047530427256, 31.825284150189844 ], [ 35.119140264246866, 31.825539150902916 ], [ 35.118665563401187, 31.825582232776213 ], [ 35.118221594902813, 31.825587710308263 ], [ 35.117760984213639, 31.825564147185279 ], [ 35.117479614631442, 31.825535068470703 ], [ 35.117106828313588, 31.825488594346808 ], [ 35.116849227985263, 31.825456571396483 ], [ 35.116486518127871, 31.825401365870803 ], [ 35.116130580907978, 31.825340386635144 ], [ 35.115859472668738, 31.825282424587524 ], [ 35.115520557859291, 31.825198205080639 ], [ 35.115127341991077, 31.825117187560124 ], [ 35.114690904582467, 31.825016974395957 ], [ 35.11419605242606, 31.824907700007898 ], [ 35.113701049761318, 31.824784755166881 ], [ 35.113190142059594, 31.824725348114661 ], [ 35.112769663658071, 31.824679672568376 ], [ 35.112286260256205, 31.82467932362831 ], [ 35.11183916125664, 31.824683508429413 ], [ 35.111397348034693, 31.824683186352527 ], [ 35.111029981805949, 31.824669248958028 ], [ 35.110567038931137, 31.824673417665558 ], [ 35.110098479918953, 31.82468223060912 ], [ 35.109635536946556, 31.824686395927841 ], [ 35.109140392390287, 31.824708713054783 ], [ 35.108629408367783, 31.824726507167455 ], [ 35.108128977390258, 31.824753325549924 ], [ 35.1076834801109, 31.824803715948484 ], [ 35.107337347178195, 31.824844316795549 ], [ 35.107049978067209, 31.82487580241169 ], [ 35.106693286729318, 31.8249118842601 ], [ 35.106416474898722, 31.824948026629908 ], [ 35.106139667778933, 31.824979518320035 ], [ 35.105868136845807, 31.825015663573161 ], [ 35.105554010548651, 31.825065443590951 ], [ 35.105261164589997, 31.825124257748644 ], [ 35.104883132625012, 31.825205691407749 ], [ 35.104636478630042, 31.826970274058496 ], [ 35.103803053200608, 31.827083615540698 ], [ 35.103271840371512, 31.82727408301627 ], [ 35.102670625206578, 31.827583797617482 ], [ 35.10208318258173, 31.828072478348755 ], [ 35.101327979118281, 31.828620673195701 ], [ 35.100391103147828, 31.829168715154879 ], [ 35.099258597547013, 31.829698692892642 ], [ 35.098098014247604, 31.830330046483187 ], [ 35.097370910364084, 31.830711213759209 ], [ 35.09618240835924, 31.831294804176522 ], [ 35.09570691389856, 31.831604592462423 ], [ 35.094588220500171, 31.832224019039462 ], [ 35.09405677487463, 31.832569544359032 ], [ 35.093874934064011, 31.832712552765841 ], [ 35.093609216144863, 31.832879348945113 ], [ 35.092504468160257, 31.833498769177062 ], [ 35.088015782504556, 31.835713818411012 ], [ 35.086617370747227, 31.836422397031416 ], [ 35.085666292833814, 31.837018038549608 ], [ 35.08403013000941, 31.837827775758953 ], [ 35.082813353473433, 31.838524553432176 ], [ 35.080086079284314, 31.840049022432524 ], [ 35.073261146631054, 31.843412536484919 ], [ 35.069065727848077, 31.845149994608068 ], [ 35.06828248248118, 31.845530934661564 ], [ 35.062856185186696, 31.847744083504288 ], [ 35.061639423018057, 31.848243804159765 ], [ 35.060002834407229, 31.849065160241569 ], [ 35.058450249260162, 31.849779217210099 ], [ 35.055653104174446, 31.850837789742897 ], [ 35.055079840047263, 31.85095642288945 ], [ 35.054285680009379, 31.849380665353006 ], [ 35.053826323977198, 31.84821690079913 ], [ 35.052586340499417, 31.845793539303212 ], [ 35.051708231747149, 31.844325038742362 ], [ 35.051443743500613, 31.843680474729872 ], [ 35.049953508525583, 31.840540955429365 ], [ 35.047990526926299, 31.836028829582027 ], [ 35.047113645191487, 31.833933945407988 ], [ 35.045778246033812, 31.830317343837169 ], [ 35.045248789995526, 31.829403998602352 ], [ 35.044218598440416, 31.827147838751845 ], [ 35.043800789363686, 31.826336036987161 ], [ 35.042838996010524, 31.82496280990425 ], [ 35.041546644107818, 31.824006405535098 ], [ 35.039625080407362, 31.824970619898046 ], [ 35.037356611498844, 31.826244040348186 ], [ 35.037129001981128, 31.826542004302052 ], [ 35.036499754117685, 31.826779785999172 ], [ 35.035678743571367, 31.826808526465651 ], [ 35.034158156489681, 31.827321004864789 ], [ 35.032148979168987, 31.827556911527466 ], [ 35.031292664142235, 31.827779446710498 ], [ 35.030786111312182, 31.827778756658944 ], [ 35.029999996980834, 31.827822421201258 ], [ 35.026681144447281, 31.827847655980513 ], [ 35.025318446668187, 31.827972507347404 ], [ 35.023919142100617, 31.828954797511411 ], [ 35.022642608089491, 31.829668811096063 ], [ 35.019407576678375, 31.83142389870963 ], [ 35.018988016409217, 31.831587332479675 ], [ 35.017012515540685, 31.832382290934685 ], [ 35.014617878101845, 31.83310948506649 ], [ 35.00912976308198, 31.834555210523369 ], [ 35.008378172270533, 31.834762838525162 ], [ 35.00488332340398, 31.83527936561406 ], [ 35.00109404907424, 31.834617190687627 ], [ 34.998597413430836, 31.833994283000802 ], [ 34.99615430495534, 31.832886737757185 ], [ 34.99531687047412, 31.832423057950372 ], [ 34.994583578175487, 31.832257806693434 ], [ 34.993563001032371, 31.835522091146828 ], [ 34.993209957817065, 31.837132121041492 ], [ 34.992910942976295, 31.838026410518058 ], [ 34.992234692039943, 31.840399449888967 ], [ 34.991727638259704, 31.842110626422333 ], [ 34.991431483875942, 31.843267386780102 ], [ 34.991093667496813, 31.844304771688517 ], [ 34.990629504875464, 31.845580552594882 ], [ 34.990391215435928, 31.845878413607998 ], [ 34.990501155917137, 31.846689870096391 ], [ 34.991001748561978, 31.847806209079344 ], [ 34.99129353445857, 31.848558317268392 ], [ 34.992072582474044, 31.850158301495782 ], [ 34.992963286353692, 31.85184197944637 ], [ 34.994398950844527, 31.853616030047565 ], [ 34.996716634876343, 31.85478901953665 ], [ 34.999386100167548, 31.854936515472481 ], [ 34.999958063854905, 31.855450445448337 ], [ 35.001242472101822, 31.856168330376661 ], [ 35.00227630702198, 31.856420516852854 ], [ 35.005279100465081, 31.857594437101461 ], [ 35.008870327282509, 31.858172669988793 ], [ 35.012251921573394, 31.858750485012692 ], [ 35.014306446819376, 31.858908668022405 ], [ 35.016906542135288, 31.858870770839722 ], [ 35.02038743793063, 31.858756549899503 ], [ 35.022862222955702, 31.858461844874352 ], [ 35.02368698884262, 31.858445123682102 ], [ 35.025965551650671, 31.858412549251238 ], [ 35.028523999770087, 31.858213294955537 ], [ 35.030173895332354, 31.85798292176483 ], [ 35.032450474500557, 31.859012038894477 ], [ 35.032610651615315, 31.863092469293122 ], [ 35.032549743762111, 31.865782702085173 ], [ 35.032630037118246, 31.867715541753821 ], [ 35.03186869971271, 31.871162406639854 ], [ 35.032758338063445, 31.87391953956158 ], [ 35.034866756982318, 31.875389810368972 ], [ 35.037128196360364, 31.877325533841514 ], [ 35.037752815106934, 31.879849637560191 ], [ 35.0386926714936, 31.881594299312045 ], [ 35.038951203352589, 31.882112016154796 ], [ 35.039285602663199, 31.88276862351989 ], [ 35.039744510108498, 31.884177007051051 ], [ 35.040148220890856, 31.885179683519524 ], [ 35.040113298929555, 31.889098775867769 ], [ 35.040319016046233, 31.891371782275638 ], [ 35.04069188388241, 31.894020810246712 ], [ 35.040967546691945, 31.896293903961404 ], [ 35.044980506746889, 31.904709917786413 ], [ 35.04542644293813, 31.905641045289837 ], [ 35.046248759432643, 31.907300392471775 ], [ 35.047224374894533, 31.90929993901862 ], [ 35.047928393371649, 31.914782807545013 ], [ 35.04965809081957, 31.917588558209609 ], [ 35.04985137181388, 31.919109912708784 ], [ 35.050632961160147, 31.920433515383447 ], [ 35.050533431380131, 31.921115038286473 ], [ 35.049862973272518, 31.923438467758917 ], [ 35.050723420906294, 31.924628753026628 ], [ 35.052663455504664, 31.927291549234937 ], [ 35.057175231822598, 31.931466507556632 ], [ 35.056356419989456, 31.936094520041209 ], [ 35.055865485479977, 31.936887312839612 ], [ 35.053367962141223, 31.941310512453388 ], [ 35.049180060152935, 31.944031537384646 ], [ 35.046562232109913, 31.944863431863002 ], [ 35.04026845379142, 31.943489435277115 ], [ 35.03828483550609, 31.941733102470543 ], [ 35.037334326124906, 31.941242713446396 ], [ 35.035754321607577, 31.940703761815112 ], [ 35.03466427854157, 31.940022282598385 ], [ 35.034454877093133, 31.939771466237964 ], [ 35.03421728643206, 31.939633949638502 ], [ 35.029286303231352, 31.935535152315087 ], [ 35.027593267205404, 31.93565211012768 ], [ 35.026015820908725, 31.936651611010241 ], [ 35.024737765886016, 31.936423573375691 ], [ 35.023060804681784, 31.936781046152721 ], [ 35.02154031947255, 31.935938972854363 ], [ 35.020577033859034, 31.936319352260277 ], [ 35.019663166786422, 31.934371000363516 ], [ 35.017357427806253, 31.934463068624339 ], [ 35.015252365888927, 31.934933584716017 ], [ 35.013080056021813, 31.935439755479834 ], [ 35.010306141221953, 31.934614742239074 ], [ 35.00805738370105, 31.930269846893669 ], [ 35.007315849844041, 31.930315226849753 ], [ 35.00662197865686, 31.930314148471123 ], [ 35.005883177569174, 31.930389350095382 ], [ 35.005323685888513, 31.930350297549378 ], [ 35.005144375302379, 31.930464547416953 ], [ 35.003644342744842, 31.930633982213134 ], [ 35.00214246607888, 31.931643290104944 ], [ 35.001311872796208, 31.932739553184767 ], [ 34.999920291911351, 31.934455284543795 ], [ 34.999466769099676, 31.937088763852625 ], [ 35.000380067235881, 31.939113612219835 ], [ 35.002012462068407, 31.939898851035316 ], [ 35.002973904116466, 31.940415768026927 ], [ 35.003331613123173, 31.940626307944363 ], [ 35.004158156655713, 31.941419785072615 ], [ 35.005252376895875, 31.942662255622093 ], [ 35.006324485976904, 31.943790151339069 ], [ 35.005849634652506, 31.946225174429387 ], [ 35.004046537403198, 31.947636786370378 ], [ 35.00176752003523, 31.948761715684455 ], [ 34.996748027918755, 31.952094099513921 ], [ 34.995084706682981, 31.954017417351732 ], [ 34.992333774860015, 31.957852643574785 ], [ 34.992228235424761, 31.957964630230581 ], [ 34.992122655544399, 31.958094089350677 ], [ 34.991976046563877, 31.958240811459117 ], [ 34.991845617500893, 31.958394887708259 ], [ 34.991731236571034, 31.958541804378871 ], [ 34.991631463149098, 31.95866126831606 ], [ 34.991508281783489, 31.958825501742361 ], [ 34.991393676936298, 31.958997358475852 ], [ 34.99132315119126, 31.959119407569741 ], [ 34.99125279639663, 31.959238920560765 ], [ 34.991155739213319, 31.959398265690975 ], [ 34.991041099439258, 31.95958463557367 ], [ 34.990985276875769, 31.959709245519907 ], [ 34.990914738633343, 31.959836226136417 ], [ 34.990850138898537, 31.959968148485629 ], [ 34.990741429651997, 31.960162418910688 ], [ 34.990653272641602, 31.96033178308657 ], [ 34.990565121183288, 31.960498610857897 ], [ 34.990485467391466, 31.960635862161833 ], [ 34.9903930513238, 31.960788309984977 ], [ 34.990354980606334, 31.960954799273718 ], [ 34.990278163706968, 31.961080078023851 ], [ 34.990172409043197, 31.96128210285271 ], [ 34.990076331348973, 31.961444971452408 ], [ 34.989993425659549, 31.961558403454919 ], [ 34.98989742302269, 31.961688722253502 ], [ 34.989816588585924, 31.961835271050013 ], [ 34.989718661393105, 31.962011099785382 ], [ 34.989655184908031, 31.962156127829399 ], [ 34.98954149492841, 31.962357715945242 ], [ 34.989460782936455, 31.962522160037064 ], [ 34.989347410498375, 31.962728962103519 ], [ 34.989255116299432, 31.962898318218954 ], [ 34.989145252740435, 31.963088498877781 ], [ 34.98905309645729, 31.963269268626082 ], [ 34.988943462587415, 31.963502285552384 ], [ 34.988873770124968, 31.963689293232768 ], [ 34.988783170422828, 31.963910787848818 ], [ 34.98868138008573, 31.964111127163402 ], [ 34.988621744326693, 31.964238124924236 ], [ 34.988569535852548, 31.964369644339421 ], [ 34.988502158983486, 31.964555387550128 ], [ 34.988427005648347, 31.964744358376368 ], [ 34.988348016021639, 31.964947977063286 ], [ 34.988292082246922, 31.965117112463453 ], [ 34.988220695363637, 31.965320743998682 ], [ 34.988164990483035, 31.965462543556995 ], [ 34.988087941192745, 31.965684060684179 ], [ 34.98803956330454, 31.965873076860401 ], [ 34.988017807120293, 31.966057911146709 ], [ 34.987969900634461, 31.966257214375133 ], [ 34.987928035059966, 31.966417919075688 ], [ 34.987875592197632, 31.966648355197368 ], [ 34.98782987557999, 31.9668299076755 ], [ 34.987789356656585, 31.966980046509502 ], [ 34.987747942635082, 31.967159351760394 ], [ 34.987721942173962, 31.967321069797599 ], [ 34.987638999744284, 31.967657698370218 ], [ 34.987484832090857, 31.967705484681662 ], [ 34.98728954663931, 31.96773586880834 ], [ 34.987022606074426, 31.967730902959406 ], [ 34.987021987528976, 31.967993413516293 ], [ 34.987026596401172, 31.968212110625622 ], [ 34.987005605315915, 31.968421886688411 ], [ 34.986953806322958, 31.968588069406646 ], [ 34.986922361221161, 31.968744705225387 ], [ 34.986885852622336, 31.969015749637649 ], [ 34.986844167596352, 31.969238735537072 ], [ 34.986802544628162, 31.969505402991352 ], [ 34.986776273145132, 31.969710942681353 ], [ 34.986763618538596, 31.969890015007529 ], [ 34.986732627990399, 31.970063842295065 ], [ 34.986715267349723, 31.970205706837394 ], [ 34.986694518524196, 31.970382369827156 ], [ 34.98679607792139, 31.970565019745688 ], [ 34.987061082547513, 31.97062338688816 ], [ 34.987275367567378, 31.970670112287575 ], [ 34.98746901049504, 31.970708206668565 ], [ 34.987666118599336, 31.970748983921386 ], [ 34.987839595217189, 31.970787043306238 ], [ 34.988101421457657, 31.970862029993693 ], [ 34.98827063037043, 31.970887399803221 ], [ 34.988561247259611, 31.97095059828909 ], [ 34.988866433075593, 31.971004380014318 ], [ 34.98926360406913, 31.971095939348956 ], [ 34.989428982591875, 31.971133841931039 ], [ 34.98962755788952, 31.971184200365013 ], [ 34.989932686799534, 31.971263061046159 ], [ 34.990186451036791, 31.971323093573119 ], [ 34.990438359050863, 31.97139960869378 ], [ 34.990710392823715, 31.971494052503012 ], [ 34.990982485187082, 31.971563414214476 ], [ 34.991184683929013, 31.971620258070775 ], [ 34.991368563692284, 31.971664389150018 ], [ 34.991589219184981, 31.971746204039324 ], [ 34.991831874556297, 31.971821855436442 ], [ 34.992074516056675, 31.971903706295908 ], [ 34.992262004629985, 31.971960382923999 ], [ 34.992423705908323, 31.972017157125126 ], [ 34.992675421344465, 31.972107194648199 ], [ 34.992859201978966, 31.972195286679497 ], [ 34.99309452911664, 31.972295864155541 ], [ 34.993300281350422, 31.972390332975916 ], [ 34.993495152977282, 31.972472101672036 ], [ 34.993715639922002, 31.972557012559104 ], [ 34.993888397270844, 31.972623103166583 ], [ 34.994086863547061, 31.972723758577324 ], [ 34.994178415382535, 31.97288059983752 ], [ 34.994225989485663, 31.97304046819777 ], [ 34.994288856522566, 31.973308297314141 ], [ 34.994347228263663, 31.973590350649442 ], [ 34.99439833154505, 31.973725143161445 ], [ 34.994442125589948, 31.97387570524641 ], [ 34.994493294419485, 31.974054461088162 ], [ 34.994551723790487, 31.974239006131391 ], [ 34.994595411588641, 31.974436490304964 ], [ 34.994642757482453, 31.9746246805821 ], [ 34.994682823303656, 31.974815817874671 ], [ 34.994730384845809, 31.974982026835892 ], [ 34.994781182962477, 31.975251667500654 ], [ 34.994843343718713, 31.975467922810886 ], [ 34.994901730819329, 31.975671771963906 ], [ 34.99496048034792, 31.975934521167769 ], [ 34.995011651302185, 31.976113276751725 ], [ 34.995055461853994, 31.976257497747856 ], [ 34.995132085881558, 31.976511399133841 ], [ 34.995208903765089, 31.976752900893821 ], [ 34.995278226473538, 31.977019330938344 ], [ 34.995311595744617, 31.977175652698975 ], [ 34.995351791794924, 31.977310426792616 ], [ 34.995413761199053, 31.97753936314972 ], [ 34.995450214039188, 31.977721194254908 ], [ 34.995490375093652, 31.977871609004513 ], [ 34.995544778452405, 31.978156895951759 ], [ 34.995552311105314, 31.978189255036693 ], [ 34.999991481353447, 31.977995190216195 ], [ 35.000965427641148, 31.97955426954217 ], [ 35.001017153048288, 31.979529758943123 ], [ 35.007151730460656, 31.984222050044504 ], [ 35.015206771560067, 31.987902852734095 ], [ 35.017304522080359, 31.988872309375861 ], [ 35.020836344635718, 31.993762884788747 ], [ 35.022016966600113, 31.998459118219831 ], [ 35.023378142380309, 32.003954917240968 ], [ 35.024433943244588, 32.008173736221259 ], [ 35.025114194843027, 32.01115724156363 ], [ 35.024899810767032, 32.013393844119491 ], [ 35.024068508833388, 32.016041160398778 ], [ 35.020774040789036, 32.017998944426523 ], [ 35.018320610599076, 32.0194627774382 ], [ 35.012838697833551, 32.022717511197961 ], [ 35.011408578690073, 32.023562383088418 ], [ 35.009313676477369, 32.027514017618095 ], [ 35.010830023400764, 32.03231821692993 ], [ 35.011303058267366, 32.033810203168642 ], [ 35.012402026828369, 32.037373011509125 ], [ 35.012666964678388, 32.037934127668528 ], [ 35.014771802215968, 32.042798811837876 ], [ 35.01698840803342, 32.047914155111066 ], [ 35.01758807642851, 32.0492154203206 ], [ 35.019275299097501, 32.053029558732248 ], [ 35.020209460798036, 32.055214124783078 ], [ 35.019226019050919, 32.056632371541447 ], [ 35.017554845108364, 32.058675927350322 ], [ 35.016418811282378, 32.059318471667531 ], [ 35.014064765638075, 32.059577420304066 ], [ 35.011287917637588, 32.061034653685326 ], [ 35.009964592417781, 32.064086727199104 ], [ 35.009904425946317, 32.066037199688452 ], [ 35.009843966233312, 32.068124866716985 ], [ 35.011294604859984, 32.071187143582712 ], [ 35.011950336404063, 32.072512376362738 ], [ 35.013177961676412, 32.075079194270174 ], [ 35.015135826304423, 32.07688953474657 ], [ 35.019863306793326, 32.081101845387821 ], [ 35.021569692528779, 32.082667153205307 ], [ 35.021871530246244, 32.085906590815327 ], [ 35.02060115471285, 32.090503776853758 ], [ 35.019514123536432, 32.094462958876569 ], [ 35.020982205193945, 32.096177048888059 ], [ 35.022673976618464, 32.09819565769179 ], [ 35.025206687066266, 32.100239295856568 ], [ 35.027349872485736, 32.100832844527318 ], [ 35.034633905294086, 32.102960391000174 ], [ 35.036906068123216, 32.102068666198946 ], [ 35.03903635682552, 32.102107255242743 ], [ 35.041725850473014, 32.102945837773674 ], [ 35.041707742281588, 32.105254268655706 ], [ 35.040050845049741, 32.106934258319328 ], [ 35.039656719983661, 32.10786428540905 ], [ 35.040285429350917, 32.10899845040823 ], [ 35.041546039340979, 32.109495172056022 ], [ 35.043493742634283, 32.109843631145708 ], [ 35.0444148071116, 32.112159214754108 ], [ 35.045013860109819, 32.114277541415895 ], [ 35.048264119290998, 32.115319498440535 ], [ 35.04948186984565, 32.116370831835567 ], [ 35.050392297578099, 32.1168014214038 ], [ 35.051061698684421, 32.118866118900527 ], [ 35.050149210779281, 32.119646423639594 ], [ 35.049248838507069, 32.121542188311317 ], [ 35.048907762932785, 32.124273731218956 ], [ 35.046355596651942, 32.124694084844357 ], [ 35.043131932152676, 32.12429633139773 ], [ 35.040921394193987, 32.121800135057669 ], [ 35.039516970367693, 32.123229909296029 ], [ 35.038661278874272, 32.123533006070929 ], [ 35.035827515424309, 32.12460296116307 ], [ 35.031956902083394, 32.12533740594349 ], [ 35.031760354849276, 32.125486262512801 ], [ 35.030651583543424, 32.126152823136223 ], [ 35.028478980713757, 32.125958943875858 ], [ 35.026836779356913, 32.126970697194196 ], [ 35.024816951865439, 32.127504696053734 ], [ 35.023975942975284, 32.127425955727169 ], [ 35.021914743098208, 32.127601950860893 ], [ 35.021153571865995, 32.129664731728241 ], [ 35.01822011423566, 32.131306783533468 ], [ 35.015747889052271, 32.131473818902201 ], [ 35.015334837496795, 32.129930564707124 ], [ 35.015437524647339, 32.127723678828183 ], [ 35.016968064346358, 32.126538924330696 ], [ 35.019228722307602, 32.124776618340668 ], [ 35.020925228642803, 32.12467171849454 ], [ 35.023129619320784, 32.122945050376728 ], [ 35.023312827824753, 32.122456184354846 ], [ 35.023454955726606, 32.121472166099061 ], [ 35.023373694601297, 32.120028524897435 ], [ 35.023571619709877, 32.119181780444123 ], [ 35.022498130550197, 32.116203716747513 ], [ 35.01943353851761, 32.11358661437194 ], [ 35.015554659831523, 32.111689989017641 ], [ 35.015149325439992, 32.111128675162654 ], [ 35.013733202382483, 32.111329360638642 ], [ 35.013128735543894, 32.112163547267336 ], [ 35.012217405365092, 32.112269537334484 ], [ 35.011224558384313, 32.111146609361931 ], [ 35.01055442168154, 32.109881008106306 ], [ 35.006868877128916, 32.109487589237148 ], [ 35.002650828575554, 32.109051461106787 ], [ 35.000545607240156, 32.110282842245311 ], [ 34.998258016070025, 32.111555646179497 ], [ 34.994143573366323, 32.114817692333681 ], [ 34.993904086785001, 32.115336247769477 ], [ 34.993354880053289, 32.11643288989265 ], [ 34.994682600609266, 32.118164939401503 ], [ 34.995392579291646, 32.120331399745965 ], [ 34.996520511449248, 32.123661712090389 ], [ 34.996573652680787, 32.1249561982561 ], [ 34.99669579648063, 32.126733959923698 ], [ 34.996750144114515, 32.127497565153547 ], [ 34.99688858232053, 32.128273238059798 ], [ 34.99697178131207, 32.128678992231556 ], [ 34.997391127628397, 32.129228455613458 ], [ 34.997362845952125, 32.129335778782568 ], [ 34.997319372339668, 32.129962029231066 ], [ 34.99737545118596, 32.129962120943965 ], [ 34.99761367864528, 32.130010230005595 ], [ 34.997696882380936, 32.130415983609453 ], [ 34.997709530351244, 32.131024430808999 ], [ 34.997917033767806, 32.132265482199045 ], [ 34.997703343237099, 32.133768304422475 ], [ 34.997071107764462, 32.134351836946522 ], [ 34.996762740424231, 32.134315541772537 ], [ 34.996243309163404, 32.134612936873836 ], [ 34.995022932967707, 32.134873382680084 ], [ 34.993815446590204, 32.135622964948666 ], [ 34.992551995619792, 32.136312792315742 ], [ 34.988831586472671, 32.138587870330163 ], [ 34.988967042187205, 32.138661512028769 ], [ 34.98912084866253, 32.138819022800554 ], [ 34.989250737047854, 32.139007068947109 ], [ 34.989305918742147, 32.13913299018418 ], [ 34.989354936554932, 32.139274541290767 ], [ 34.989410094089735, 32.139410889347921 ], [ 34.989452806696661, 32.13955778406195 ], [ 34.989514030448831, 32.139720350549887 ], [ 34.989556945967067, 32.139851464297145 ], [ 34.989618231524311, 32.139987822653517 ], [ 34.989655007709523, 32.140124139400491 ], [ 34.989704051012559, 32.140255263486068 ], [ 34.989746776688968, 32.140396944650988 ], [ 34.989826402220572, 32.1406223854367 ], [ 34.989887639540974, 32.140779738288764 ], [ 34.989949116212223, 32.140905669882983 ], [ 34.989991867292133, 32.141036783182763 ], [ 34.990070212129588, 32.141173029289021 ], [ 34.990166169451001, 32.141355380815945 ], [ 34.990192646381047, 32.141505770365178 ], [ 34.990256652499312, 32.141683558808197 ], [ 34.990315017649486, 32.141865846606855 ], [ 34.990432196663612, 32.142180401896447 ], [ 34.990356824672993, 32.142330619187 ], [ 34.990249441454445, 32.142430620400859 ], [ 34.990163250966283, 32.142603645735093 ], [ 34.990017283666226, 32.142843640141677 ], [ 34.989877274605597, 32.143084912604124 ], [ 34.989726762105832, 32.143285023084644 ], [ 34.989581681740859, 32.143498951200542 ], [ 34.989463296552543, 32.143699115872288 ], [ 34.989334156323785, 32.143894894124763 ], [ 34.989215967791147, 32.144081391186489 ], [ 34.989118987779506, 32.144263415273933 ], [ 34.989006097611764, 32.144450062042033 ], [ 34.98889304136916, 32.144636708419966 ], [ 34.988757024861563, 32.14486798216798 ], [ 34.988665615525179, 32.14500450335521 ], [ 34.988541862316126, 32.145231993347167 ], [ 34.988466549118456, 32.145354874136139 ], [ 34.988364309443071, 32.145518712003877 ], [ 34.988256748109634, 32.145691699460052 ], [ 34.988160016223944, 32.145837229030384 ], [ 34.988041667477958, 32.146019356626027 ], [ 34.987944779939497, 32.14616037682692 ], [ 34.987869465172395, 32.146283257235737 ], [ 34.987799593891005, 32.146415305675113 ], [ 34.987665247131559, 32.146638549498 ], [ 34.987552604912494, 32.146857885043651 ], [ 34.987456040290468, 32.147001723481111 ], [ 34.987350375401164, 32.14714174182663 ], [ 34.987272156690672, 32.147301251921753 ], [ 34.987145771724698, 32.147518309036819 ], [ 34.987062942420209, 32.147666256948291 ], [ 34.989338701808677, 32.149158560703647 ], [ 34.992525892378637, 32.151280063115713 ], [ 34.996060769729652, 32.152496826085326 ], [ 35.001444224871435, 32.155203634637338 ], [ 35.002367458214344, 32.156416005919723 ], [ 35.007397659487829, 32.162919263049282 ], [ 35.011623743884755, 32.164365911597201 ], [ 35.015399655149629, 32.163007883949888 ], [ 35.017903338183501, 32.161959414923913 ], [ 35.020462824063941, 32.160622949082899 ], [ 35.02185935456815, 32.160284040116878 ], [ 35.023612762911625, 32.161180032332275 ], [ 35.02694468513522, 32.16056166754548 ], [ 35.028630220252282, 32.16084617008795 ], [ 35.029318686039609, 32.1621814589043 ], [ 35.028219759338931, 32.165871394547857 ], [ 35.028368818752391, 32.167417547598141 ], [ 35.028310412522387, 32.169039827064154 ], [ 35.027560890072444, 32.170672898206583 ], [ 35.026813849931656, 32.17101278256478 ], [ 35.025374454583677, 32.171992399207113 ], [ 35.023832021989435, 32.176140154660089 ], [ 35.021382673876325, 32.177506234448899 ], [ 35.020938197573749, 32.17857540636809 ], [ 35.020620646009071, 32.178386845977144 ], [ 35.020315736142614, 32.178786113977431 ], [ 35.020327927307576, 32.179597310524244 ], [ 35.019053766607868, 32.180794583708114 ], [ 35.017419968565669, 32.182085362328891 ], [ 35.016203109863923, 32.182271657074367 ], [ 35.014737835829152, 32.182257712350058 ], [ 35.013120134432555, 32.182419863348109 ], [ 35.012055829228039, 32.182365346528215 ], [ 35.009942970373771, 32.18135108233438 ], [ 35.009791712885324, 32.180974651071978 ], [ 35.009598561176823, 32.180798010646541 ], [ 35.009571565377662, 32.180492307645089 ], [ 35.009184738836396, 32.180385905391319 ], [ 35.008521976469147, 32.180032194582857 ], [ 35.007816562558695, 32.180230955862868 ], [ 35.007416093125265, 32.180042233537804 ], [ 35.006406972182603, 32.180052414311945 ], [ 35.006158854569485, 32.179728729970449 ], [ 35.005937989720074, 32.179587309139357 ], [ 35.004779178619174, 32.178515670671921 ], [ 35.004212641651428, 32.178420725712662 ], [ 35.003898474122586, 32.176703821109058 ], [ 35.002255466429659, 32.175843002733366 ], [ 35.000065497452468, 32.172336131515657 ], [ 34.995880347963485, 32.171041996627018 ], [ 34.993726005549235, 32.170227248264773 ], [ 34.992581467987598, 32.169073227330109 ], [ 34.993716486306099, 32.168357992681848 ], [ 34.993635181722368, 32.167652483643352 ], [ 34.995638137209276, 32.168155444008356 ], [ 34.996813997809234, 32.167698885796348 ], [ 34.998197510273144, 32.167089824188963 ], [ 34.999799883440168, 32.167492137311228 ], [ 35.000461892700976, 32.16812804250096 ], [ 35.001291543193609, 32.167964789848334 ], [ 35.001982535086441, 32.168001165899121 ], [ 35.003323805236064, 32.167732911303276 ], [ 35.005080692861526, 32.167012682937518 ], [ 35.001675499026724, 32.163098324627732 ], [ 34.997429631057173, 32.158271391748364 ], [ 34.996631102510037, 32.156935749109927 ], [ 34.99490565359558, 32.156051185785387 ], [ 34.992823267851982, 32.154154965008395 ], [ 34.988098218581015, 32.153659092824505 ], [ 34.982806821394689, 32.153085638297121 ], [ 34.979851025661993, 32.152469103259683 ], [ 34.975375503928177, 32.151579826233302 ], [ 34.975200610838591, 32.151708859373443 ], [ 34.974971949578489, 32.151879643254695 ], [ 34.974706968978651, 32.152068819209425 ], [ 34.974563454194282, 32.152167332262714 ], [ 34.974388597055338, 32.152281146711417 ], [ 34.974271954194464, 32.152429306420103 ], [ 34.974320810983031, 32.152562549388122 ], [ 34.974374130658482, 32.15269946394659 ], [ 34.974463190826761, 32.152916476803114 ], [ 34.974520915689318, 32.153080171025948 ], [ 34.974587489599145, 32.153281784419256 ], [ 34.97465412070428, 32.15346071235939 ], [ 34.974720955858487, 32.153624423017334 ], [ 34.974774286279377, 32.15375753300394 ], [ 34.974872841244611, 32.154019933798381 ], [ 34.974970810136725, 32.154252039124636 ], [ 34.975042019517268, 32.154389126705816 ], [ 34.975180024001887, 32.154640467329152 ], [ 34.975260372630274, 32.1547660172224 ], [ 34.975411880066453, 32.15498314240677 ], [ 34.975496563917631, 32.155097427685682 ], [ 34.975594782649601, 32.155230618486762 ], [ 34.97568842060975, 32.155341115420583 ], [ 34.975835495899112, 32.1555430144643 ], [ 34.9759206414857, 32.155671813376067 ], [ 34.976059024614528, 32.155839456839814 ], [ 34.976179373142024, 32.155999458822514 ], [ 34.976290962442796, 32.15615183609539 ], [ 34.976384555170903, 32.15628121352718 ], [ 34.976473675683621, 32.156410723736748 ], [ 34.976562933687596, 32.156551647334346 ], [ 34.976647582572433, 32.156681149366491 ], [ 34.97677682114125, 32.156863852270924 ], [ 34.976852720295675, 32.156981925217877 ], [ 34.976937330437316, 32.157127349104549 ], [ 34.977039780021151, 32.157359460792925 ], [ 34.97711295245351, 32.157508668406258 ], [ 34.977174909379741, 32.157638692926838 ], [ 34.97720851845866, 32.157778388882392 ], [ 34.977253186820001, 32.158067180833896 ], [ 34.97726404439998, 32.158230789559809 ], [ 34.977252124298197, 32.158495526273882 ], [ 34.977211785940099, 32.158731326695147 ], [ 34.977177495776452, 32.158865969084971 ], [ 34.977058149055686, 32.15903413466927 ], [ 34.976921906322247, 32.159202410667042 ], [ 34.976769786151756, 32.159427442145443 ], [ 34.976662741575396, 32.159577030178454 ], [ 34.976486116918089, 32.159797367373606 ], [ 34.976397643209729, 32.159938957107606 ], [ 34.976221184349249, 32.160092224060264 ], [ 34.976117393828169, 32.160198278240749 ], [ 34.975954721616205, 32.160335788471464 ], [ 34.975824512907067, 32.160540427283834 ], [ 34.975708297912327, 32.160646599578484 ], [ 34.975494495939529, 32.160894485263178 ], [ 34.97537357339079, 32.161028124940572 ], [ 34.975178420422154, 32.161236590799469 ], [ 34.975066908984289, 32.161382083128785 ], [ 34.974959800011035, 32.161555341357321 ], [ 34.974773990301365, 32.161736206396071 ], [ 34.974690199236868, 32.161858217771481 ], [ 34.974567405813971, 32.162010311631491 ], [ 34.97439090024718, 32.162179357083886 ], [ 34.974237613741785, 32.162336749519142 ], [ 34.974102872123467, 32.162431050692383 ], [ 34.97395438165811, 32.162525326681269 ], [ 34.973801097102175, 32.162615648455514 ], [ 34.973624787486301, 32.162705928050677 ], [ 34.9733973096277, 32.162855152609467 ], [ 34.973197728987607, 32.162976951526417 ], [ 34.97305835722873, 32.163067297810841 ], [ 34.972840203300159, 32.16319695280005 ], [ 34.972663931566345, 32.16327144990813 ], [ 34.972492052065135, 32.163377517225186 ], [ 34.972178647145398, 32.16357322114127 ], [ 34.971983691439753, 32.16369897190885 ], [ 34.971811830396469, 32.163797147723244 ], [ 34.971570422418893, 32.163950288649289 ], [ 34.971408022487665, 32.164040590717228 ], [ 34.971231522035858, 32.164138757191537 ], [ 34.971027287511653, 32.16426448936798 ], [ 34.970874162816621, 32.164354807849925 ], [ 34.97060027453275, 32.164511832252572 ], [ 34.970446761909351, 32.164688805184795 ], [ 34.970441771206985, 32.164826740541045 ], [ 34.970445815261897, 32.165059238883892 ], [ 34.97045474959409, 32.165193113776397 ], [ 34.970504689715256, 32.16542146984888 ], [ 34.970601373180862, 32.165638358184708 ], [ 34.970656689783105, 32.165772459651777 ], [ 34.970702669992676, 32.165930074738455 ], [ 34.970780811509314, 32.166142983375252 ], [ 34.970840646506076, 32.166324295776768 ], [ 34.97069205571519, 32.166454075354075 ], [ 34.970529444497274, 32.166560157047314 ], [ 34.97036695857085, 32.166681879050699 ], [ 34.970148721543147, 32.166839146224405 ], [ 34.969972269213336, 32.16698056834533 ], [ 34.969761321365866, 32.16713714382719 ], [ 34.969631351796004, 32.167239339579432 ], [ 34.969441003200451, 32.16737284456466 ], [ 34.969204024076483, 32.167537824968434 ], [ 34.969069455195374, 32.16762437129654 ], [ 34.968888412103269, 32.167746056852515 ], [ 34.968744329551484, 32.167860061300161 ], [ 34.968623654836087, 32.167954382716239 ], [ 34.968461008054916, 32.168072297537094 ], [ 34.968249913083021, 32.168219711457169 ], [ 34.968124274620301, 32.16831134595806 ], [ 34.967998654828854, 32.168395653386739 ], [ 34.967838317999522, 32.168516530683029 ], [ 34.967647646309793, 32.168644818895885 ], [ 34.967478751329686, 32.168743698775231 ], [ 34.967357418453041, 32.168835340565138 ], [ 34.967218847155827, 32.168930754315298 ], [ 34.966972044833867, 32.169047804887093 ], [ 34.966643409623927, 32.169036197278281 ], [ 34.966409046208938, 32.169019834559379 ], [ 34.965998119625262, 32.168992711979449 ], [ 34.965566650358774, 32.168966112902538 ], [ 34.965381143984793, 32.168954490311762 ], [ 34.965129394778486, 32.168935133405448 ], [ 34.96488641517287, 32.168919737896559 ], [ 34.964599225206442, 32.168896649349541 ], [ 34.964258995643604, 32.168884731766624 ], [ 34.964081924276101, 32.169004586188322 ], [ 34.964099255256151, 32.169154822167073 ], [ 34.964129584471884, 32.169338899648167 ], [ 34.964146905974026, 32.169492799083969 ], [ 34.964172790342026, 32.169729425080831 ], [ 34.964190240297206, 32.169897555990609 ], [ 34.964198596451524, 32.170059047168621 ], [ 34.964220440171758, 32.170194215009616 ], [ 34.964237398892273, 32.170423356143168 ], [ 34.96425883868821, 32.17071253062003 ], [ 34.964293375414833, 32.170998066448583 ], [ 34.964301692658282, 32.171174493277896 ], [ 34.964327607525405, 32.171462971685585 ], [ 34.964340348216751, 32.171658287946151 ], [ 34.964357581424842, 32.171846144844672 ], [ 34.964370381353341, 32.172018916663937 ], [ 34.964387664200224, 32.172187892591147 ], [ 34.964409195232925, 32.17237942110836 ], [ 34.964430704706309, 32.172642387577582 ], [ 34.964446200197735, 32.172798115175382 ], [ 34.964459079098972, 32.172940874696906 ], [ 34.964467366892116, 32.173128714577786 ], [ 34.96431258531215, 32.173210990297136 ], [ 34.964148985538564, 32.173244496523353 ], [ 34.963963147330034, 32.173292896029231 ], [ 34.963746524531167, 32.173330105342117 ], [ 34.963388530388009, 32.17338944867307 ], [ 34.963207213463349, 32.173419256438507 ], [ 34.963017096849171, 32.17345637412744 ], [ 34.962667852232492, 32.173527004374982 ], [ 34.962398195737329, 32.173571577905378 ], [ 34.96206655029502, 32.17362730440064 ], [ 34.961783629898612, 32.173675655600462 ], [ 34.961659648710281, 32.173761791510287 ], [ 34.961540080811574, 32.173870339396167 ], [ 34.961405212619667, 32.17400097959937 ], [ 34.961201421420157, 32.174195879990343 ], [ 34.961064045909595, 32.174334546488517 ], [ 34.96092669959706, 32.174462081528759 ], [ 34.960785056059571, 32.174585662848891 ], [ 34.96063872316234, 32.174728116012638 ], [ 34.960519132511699, 32.174844271643451 ], [ 34.960399551325168, 32.17495676369095 ], [ 34.960284463176137, 32.1750616555153 ], [ 34.960098268312301, 32.175241511385032 ], [ 34.959969815334361, 32.175387802669455 ], [ 34.959823480259864, 32.175530113957016 ], [ 34.959605250597484, 32.175731888054557 ], [ 34.95943250243522, 32.175900496675588 ], [ 34.959418846769729, 32.176050673106474 ], [ 34.959387383633654, 32.176230968340754 ], [ 34.959369370232459, 32.176399876450304 ], [ 34.959333403954872, 32.176591294294667 ], [ 34.959306464146472, 32.176752717220616 ], [ 34.959274965028953, 32.177008113760948 ], [ 34.959220947874591, 32.177320250643298 ], [ 34.959193740488942, 32.177457719458559 ], [ 34.959159436937, 32.177646604184055 ], [ 34.95912493886317, 32.177846197161493 ], [ 34.959097746658877, 32.177977888941456 ], [ 34.959076992595357, 32.178118188293993 ], [ 34.959049316632907, 32.178430235221747 ], [ 34.959018560338599, 32.178593482375774 ], [ 34.959004606223075, 32.17873097682822 ], [ 34.958977298303616, 32.178905643811845 ], [ 34.958949706552929, 32.179062556431994 ], [ 34.958918811879279, 32.179277232937977 ], [ 34.958871017732669, 32.179492017531821 ], [ 34.958847115114665, 32.179632310699738 ], [ 34.958802803582515, 32.179783977394315 ], [ 34.958768710145421, 32.179955672160894 ], [ 34.958737937308285, 32.180124696201844 ], [ 34.958689520314131, 32.180447693111226 ], [ 34.958665170974378, 32.180754110169723 ], [ 34.958634428704009, 32.180911580164242 ], [ 34.958600160888253, 32.18108623347976 ], [ 34.958555852234994, 32.181298065694996 ], [ 34.958507776860124, 32.181555120470101 ], [ 34.958466819993831, 32.18175258703377 ], [ 34.95842914549209, 32.181961614016139 ], [ 34.958394607492835, 32.182236448835006 ], [ 34.95836051196612, 32.18240828431901 ], [ 34.958333066688354, 32.182571537636228 ], [ 34.958288810499972, 32.182763361565605 ], [ 34.958257675241782, 32.182943234242742 ], [ 34.958223360041593, 32.183134936577908 ], [ 34.9582027148723, 32.183295385019072 ], [ 34.958168649675613, 32.183455666426234 ], [ 34.958148012299127, 32.183613155900268 ], [ 34.958113634396909, 32.183827966166781 ], [ 34.958086228070918, 32.183976424644165 ], [ 34.958055445361424, 32.184148125543011 ], [ 34.958017845933774, 32.18432854914164 ], [ 34.957980231173281, 32.184514608816137 ], [ 34.957942508066857, 32.184740825633938 ], [ 34.957915242567211, 32.184898302121027 ], [ 34.9578842970785, 32.185130168236064 ], [ 34.957839712340807, 32.18538159327121 ], [ 34.957822449208443, 32.1855162629262 ], [ 34.957805328920557, 32.185659387036509 ], [ 34.95778121855826, 32.185814051560868 ], [ 34.957740188625223, 32.186037302857521 ], [ 34.957692860818547, 32.186199671742592 ], [ 34.957667307570453, 32.186336297830074 ], [ 34.957626503626038, 32.186537005028178 ], [ 34.957590651469225, 32.186806059828996 ], [ 34.957539417228347, 32.187126373279831 ], [ 34.957498593865367, 32.187395418325352 ], [ 34.957447555255698, 32.187643026146397 ], [ 34.957406766006038, 32.187899249033855 ], [ 34.957350202328463, 32.188167840548545 ], [ 34.957299162872054, 32.1884154482753 ], [ 34.957237950461739, 32.188748564191968 ], [ 34.957186949239436, 32.189043092608763 ], [ 34.957130822222901, 32.189333524783699 ], [ 34.957080004728567, 32.189559856461777 ], [ 34.957044053380116, 32.189803266441572 ], [ 34.957023507751053, 32.189986822786715 ], [ 34.957028869569157, 32.190148589842664 ], [ 34.957048560863406, 32.190280936207323 ], [ 34.957118600087512, 32.190422116996537 ], [ 34.957258871776091, 32.190571889178344 ], [ 34.95740421125069, 32.19074731543116 ], [ 34.957499495075218, 32.190867128056517 ], [ 34.957654685292859, 32.191076671751681 ], [ 34.957815047027559, 32.191273544072544 ], [ 34.95790519569357, 32.191393205470547 ], [ 34.958000469455378, 32.19151724477782 ], [ 34.958170728684607, 32.191731185172117 ], [ 34.958327947055842, 32.191927064388949 ], [ 34.958528439025713, 32.192175161612155 ], [ 34.958638615627841, 32.192303597389504 ], [ 34.95873391441728, 32.19241904110455 ], [ 34.958829047368909, 32.192534625327305 ], [ 34.958919175526617, 32.192662881022578 ], [ 34.959024547961683, 32.192791307132183 ], [ 34.959209936776404, 32.192988085300662 ], [ 34.959269770539734, 32.193167711553691 ], [ 34.959304584055239, 32.193347148384881 ], [ 34.959349374147017, 32.193513782372122 ], [ 34.959575602137562, 32.193497171269122 ], [ 34.95973158438607, 32.193476055893626 ], [ 34.960073300408418, 32.193523778078017 ], [ 34.960072726996927, 32.19367637477842 ], [ 34.960056906082883, 32.193954063759811 ], [ 34.960046204869776, 32.194176105990614 ], [ 34.960055627872329, 32.194432426488653 ], [ 34.960049475244105, 32.194812570482576 ], [ 34.960048972967478, 32.195000533901684 ], [ 34.960060927925085, 32.195239528209811 ], [ 34.960111088126069, 32.195505790559558 ], [ 34.960178421529427, 32.19567063601157 ], [ 34.960258570181679, 32.195814652547313 ], [ 34.960380647297299, 32.196081194488414 ], [ 34.960498532136391, 32.196304471054198 ], [ 34.960616468300394, 32.196570863861751 ], [ 34.960696685271479, 32.196689799536372 ], [ 34.960776689064097, 32.196826629403596 ], [ 34.960860924557075, 32.196992352441072 ], [ 34.961013704052007, 32.197305028067341 ], [ 34.961195405893079, 32.197460088903391 ], [ 34.961352060910492, 32.197499983763151 ], [ 34.961555009333736, 32.197579561019232 ], [ 34.961711502400533, 32.1976806069327 ], [ 34.961816960869932, 32.197842706573041 ], [ 34.961871308432244, 32.198094604083529 ], [ 34.961955413680684, 32.198310628408699 ], [ 34.962064882361837, 32.198523178709472 ], [ 34.962187458409304, 32.198667275271561 ], [ 34.96235033282791, 32.198800035729185 ], [ 34.962553189965838, 32.198915541407949 ], [ 34.962773087589838, 32.19904178793157 ], [ 34.962988667274487, 32.199171830203568 ], [ 34.96324251809984, 32.199305326763422 ], [ 34.963470859282005, 32.199435251644992 ], [ 34.963673718880706, 32.199550896430374 ], [ 34.96388948603974, 32.199673610577236 ], [ 34.964100779533943, 32.199796315854172 ], [ 34.964278433853586, 32.199918956905769 ], [ 34.964494036983332, 32.200041669707389 ], [ 34.964637862575287, 32.200110280317631 ], [ 34.964890414866751, 32.200235316937601 ], [ 34.965017300261863, 32.200318408012059 ], [ 34.965262586929043, 32.20043398964981 ], [ 34.965558805160107, 32.200527967996962 ], [ 34.965846722214678, 32.200564582575488 ], [ 34.966016054214407, 32.200575610511599 ], [ 34.966217419399399, 32.200567394885447 ], [ 34.966468649491333, 32.20056504978465 ], [ 34.96673527597757, 32.200568510134893 ], [ 34.967174822873517, 32.200541295831378 ], [ 34.967429281801067, 32.20050795627408 ], [ 34.967667232692932, 32.200514038070999 ], [ 34.967911617312723, 32.200531403672471 ], [ 34.968172695837758, 32.200565567416049 ], [ 34.968430309108385, 32.200594088044596 ], [ 34.968648316814033, 32.200622534317219 ], [ 34.968846474870979, 32.20063699386818 ], [ 34.969114204394849, 32.200662713892982 ], [ 34.969394037024983, 32.200686201400515 ], [ 34.969704413045939, 32.200754129348276 ], [ 34.969882743451954, 32.200810680398533 ], [ 34.970074115349234, 32.200886840847375 ], [ 34.970252482333834, 32.200929301168962 ], [ 34.97044750752525, 32.200937975399043 ], [ 34.970718479909493, 32.200927345118743 ], [ 34.970930090123559, 32.200865879679533 ], [ 34.971092143806615, 32.20080728142041 ], [ 34.97138325217778, 32.20069833673584 ], [ 34.971594116092717, 32.200604179363616 ], [ 34.971842151881631, 32.200489518199788 ], [ 34.97220604256654, 32.200366615162871 ], [ 34.972453934315077, 32.200308172734069 ], [ 34.972817673917042, 32.200244305916748 ], [ 34.973098622828573, 32.200219457617436 ], [ 34.973359664235041, 32.200203167392573 ], [ 34.973587686210294, 32.200203583795378 ], [ 34.973807947470434, 32.200258655915547 ], [ 34.974085242195414, 32.200368642723646 ], [ 34.974283245275423, 32.200444808892321 ], [ 34.974431922200786, 32.200498481514799 ], [ 34.974636639415401, 32.200540842673021 ], [ 34.974960430959158, 32.200547066687783 ], [ 34.975231261147108, 32.200592505780925 ], [ 34.975409482475854, 32.200693855933771 ], [ 34.97561726170882, 32.200837389245798 ], [ 34.975736013051382, 32.200930318064792 ], [ 34.975848094110404, 32.20104000214608 ], [ 34.975973288077924, 32.201141255648508 ], [ 34.976118519831736, 32.201248181312138 ], [ 34.976281545156127, 32.201396846128176 ], [ 34.976449672022198, 32.201560032913306 ], [ 34.976647420956958, 32.201740040256837 ], [ 34.976779133518491, 32.201886252676289 ], [ 34.976856223370689, 32.202006863277887 ], [ 34.976944816757964, 32.202233030685882 ], [ 34.977100228127192, 32.202445932389544 ], [ 34.977283987822226, 32.20265493953962 ], [ 34.977505621707977, 32.202827943281392 ], [ 34.977661207978137, 32.202904450744334 ], [ 34.977892577546505, 32.202961085599135 ], [ 34.978161731290591, 32.203017787638551 ], [ 34.978331639957709, 32.203066139353098 ], [ 34.978492132073711, 32.203102638186508 ], [ 34.978784964965627, 32.203167271755468 ], [ 34.978945477251848, 32.203195738593749 ], [ 34.979129668037999, 32.203232137967582 ], [ 34.979425783247052, 32.203310161661243 ], [ 34.979633546111735, 32.203330539325961 ], [ 34.979945380524065, 32.203351242329035 ], [ 34.980214528571913, 32.203343688342002 ], [ 34.980394198113828, 32.203331889121408 ], [ 34.980554809537615, 32.203320196812001 ], [ 34.980918651760362, 32.203284769275882 ], [ 34.981078998672437, 32.203381289141305 ], [ 34.981352649014319, 32.203498157806436 ], [ 34.981579274754914, 32.203598880110789 ], [ 34.981763174386636, 32.203687550055086 ], [ 34.981914310814027, 32.203756012997047 ], [ 34.982159654284324, 32.203860853372554 ], [ 34.982390853895104, 32.203989621904782 ], [ 34.982579522028288, 32.204094361944584 ], [ 34.982739823262023, 32.204211028710844 ], [ 34.982915527557893, 32.204400005354493 ], [ 34.983073581555054, 32.204555416008233 ], [ 34.983271458157013, 32.20475922574429 ], [ 34.983394574931914, 32.20490259815675 ], [ 34.983484089238857, 32.20502984883391 ], [ 34.98358488042927, 32.205154019279775 ], [ 34.983719144583226, 32.205348276715753 ], [ 34.983838586676924, 32.205504182614206 ], [ 34.983972982363518, 32.205644333363232 ], [ 34.984114736539716, 32.205825781279337 ], [ 34.984257583475014, 32.206035411475114 ], [ 34.98440679643015, 32.206216872041566 ], [ 34.984555986930943, 32.206407913772296 ], [ 34.98465663576529, 32.206592530350605 ], [ 34.984805926925432, 32.206742146563762 ], [ 34.985053092483952, 32.206713972335521 ], [ 34.985254495686995, 32.206694876992351 ], [ 34.985576418365433, 32.206660490664191 ], [ 34.985737375907668, 32.206644847115484 ], [ 34.986021798846529, 32.206629416659759 ], [ 34.986332579429693, 32.206610931165038 ], [ 34.986631932562005, 32.206589184463311 ], [ 34.986815413358819, 32.206579918951917 ], [ 34.987114539509712, 32.206653561842572 ], [ 34.987297808870579, 32.206733345772335 ], [ 34.98749171643535, 32.20679990283309 ], [ 34.987653635512572, 32.206867954695333 ], [ 34.987820075176131, 32.20691671042448 ], [ 34.987958269180325, 32.206995993471203 ], [ 34.988120225297997, 32.20704868640567 ], [ 34.988320750199257, 32.207120748718921 ], [ 34.988493903254515, 32.207204317998382 ], [ 34.988662581674944, 32.207288020308425 ], [ 34.988853947034954, 32.207379369815321 ], [ 34.988981503235806, 32.207472582972954 ], [ 34.989129522915611, 32.207602747346222 ], [ 34.989250211914545, 32.207726947128982 ], [ 34.989344090820033, 32.207835179194738 ], [ 34.989441951061451, 32.207941868028776 ], [ 34.989619496426343, 32.208132106554864 ], [ 34.989721686016196, 32.208300940601198 ], [ 34.989801280644997, 32.208423097430824 ], [ 34.989930945542753, 32.208607477225094 ], [ 34.990010772355532, 32.208772186916001 ], [ 34.990101766446848, 32.208910003073179 ], [ 34.990219938493304, 32.209119443752918 ], [ 34.990317782644027, 32.209234022414925 ], [ 34.99041083713432, 32.209412421793559 ], [ 34.99052292432507, 32.209602266410833 ], [ 34.990600109936871, 32.209763307772199 ], [ 34.99069998290836, 32.209932137076351 ], [ 34.990768017958317, 32.210108521248898 ], [ 34.990829262532905, 32.210283062176153 ], [ 34.99089271156906, 32.210436330495511 ], [ 34.99095665406562, 32.210591290444427 ], [ 34.991022483007072, 32.210719200238117 ], [ 34.991124650766466, 32.210899727976205 ], [ 34.991147201039986, 32.211037286967411 ], [ 34.991192352692217, 32.211219550195366 ], [ 34.991217128425816, 32.211397833774171 ], [ 34.991221190474448, 32.211645829207548 ], [ 34.991236386779384, 32.211952036176179 ], [ 34.991247510603088, 32.212085771492013 ], [ 34.991272057508098, 32.212291248850214 ], [ 34.99132481153331, 32.212483106188103 ], [ 34.991417884401223, 32.212655868675384 ], [ 34.991552160105144, 32.212785866080168 ], [ 34.991684317363294, 32.21290050139563 ], [ 34.991820891507189, 32.213040224656545 ], [ 34.991936874008715, 32.213197385083944 ], [ 34.992023381141472, 32.213343505491657 ], [ 34.992123704046271, 32.213464145671296 ], [ 34.992239335645976, 32.213558744486392 ], [ 34.992366900311829, 32.213653504111257 ], [ 34.992515670611596, 32.213752244419581 ], [ 34.992673993672348, 32.213877067523768 ], [ 34.992791918645935, 32.213983787290609 ], [ 34.992905387530321, 32.214082468046399 ], [ 34.993023317928412, 32.214187074066103 ], [ 34.993117676132066, 32.214307844376428 ], [ 34.99322951474079, 32.214466828404085 ], [ 34.993337943173906, 32.214595512589646 ], [ 34.993429995840131, 32.214710220002843 ], [ 34.993531453990997, 32.214843119463353 ], [ 34.993625762835684, 32.2149858700989 ], [ 34.993767280206626, 32.215140816941727 ], [ 34.993887670829238, 32.215257684762904 ], [ 34.99405908350785, 32.215386191375401 ], [ 34.994196141698708, 32.21546278850716 ], [ 34.994349723432443, 32.215561534641544 ], [ 34.994555122848389, 32.215686433576913 ], [ 34.994734708432688, 32.215793253846201 ], [ 34.994876560435372, 32.215875916997057 ], [ 34.995001672707254, 32.21595855226267 ], [ 34.995166955145798, 32.216087329017228 ], [ 34.995327624332255, 32.216204262113692 ], [ 34.995520398487322, 32.216342947041568 ], [ 34.995688209703665, 32.216453691767022 ], [ 34.995872416111766, 32.216570522121224 ], [ 34.996011747561241, 32.21666924272224 ], [ 34.996129886893165, 32.216757924179916 ], [ 34.996307123920694, 32.216878828588882 ], [ 34.996467626047682, 32.216997591686635 ], [ 34.996654284195699, 32.217130487814522 ], [ 34.996806679807683, 32.217243037447616 ], [ 34.996934272596796, 32.217329761037597 ], [ 34.997071263219212, 32.217438480700523 ], [ 34.997227185563219, 32.21753116835599 ], [ 34.997404296512926, 32.217635867226114 ], [ 34.997574436979946, 32.217744781518327 ], [ 34.997744587414722, 32.217849468522303 ], [ 34.997874511625277, 32.217932108798337 ], [ 34.998019053481684, 32.218074092751621 ], [ 34.998143125931172, 32.218252818690139 ], [ 34.99824048394153, 32.218371194679222 ], [ 34.998331927912027, 32.218539722233338 ], [ 34.998446868337297, 32.218726041711022 ], [ 34.998638950211323, 32.218882192631874 ], [ 34.998751880647475, 32.219004679735725 ], [ 34.998875993546513, 32.219092945618669 ], [ 34.999023735526919, 32.219213798238762 ], [ 34.999242459702657, 32.219390140568315 ], [ 34.999404937231304, 32.219518625385717 ], [ 34.999576342927817, 32.219657269435935 ], [ 34.999796391126409, 32.219835444677159 ], [ 34.999979543860967, 32.219984111262946 ], [ 35.000168664509737, 32.220132646320728 ], [ 35.000325183002147, 32.220258724977739 ], [ 35.000523221665823, 32.220422350459337 ], [ 35.000738984763501, 32.220591217575283 ], [ 35.000857090120356, 32.220699479968552 ], [ 35.001069870964464, 32.220868341713519 ], [ 35.001239443098235, 32.221013884761561 ], [ 35.001378273904315, 32.221119784629117 ], [ 35.00151708312665, 32.221235547478578 ], [ 35.001688517764677, 32.221364043714843 ], [ 35.001901312939331, 32.221527831585888 ], [ 35.002078516624827, 32.221671413090441 ], [ 35.002240974137784, 32.221812575421836 ], [ 35.002413213473361, 32.221952907758542 ], [ 35.00259953524025, 32.222096503096346 ], [ 35.002753104878373, 32.222209892799931 ], [ 35.002956447556038, 32.222377468168418 ], [ 35.003106567386723, 32.222477184408696 ], [ 35.003280842104992, 32.222597651556903 ], [ 35.003435479261086, 32.222678634572326 ], [ 35.003593196649405, 32.22279118442944 ], [ 35.003749873777856, 32.222924726894995 ], [ 35.003948446053627, 32.223077216528445 ], [ 35.004120539473078, 32.223210782976665 ], [ 35.004301530817379, 32.223368739388256 ], [ 35.00457836528885, 32.223586448792588 ], [ 35.004761541647028, 32.223731304072103 ], [ 35.004884982826731, 32.223829144320511 ], [ 35.005037382849636, 32.223949433602435 ], [ 35.005213901487778, 32.224107522544678 ], [ 35.005381960343087, 32.224268697770924 ], [ 35.005553845525846, 32.224499907269035 ], [ 35.005657477515818, 32.224637168255526 ], [ 35.005763309723477, 32.224753719964632 ], [ 35.005898488937547, 32.224943164194713 ], [ 35.006004268551102, 32.225084232626038 ], [ 35.006101275785923, 32.225219510208177 ], [ 35.006246801965119, 32.225377408159751 ], [ 35.006368147857891, 32.225525968505373 ], [ 35.006502548595499, 32.225693289183909 ], [ 35.006617924587786, 32.22584338986335 ], [ 35.006741463183879, 32.225975044992445 ], [ 35.006853900111302, 32.226104850918745 ], [ 35.006988339134956, 32.226255262848959 ], [ 35.007120773331472, 32.2264131393284 ], [ 35.007253066251543, 32.226559884161738 ], [ 35.007399547054973, 32.226738213089078 ], [ 35.007538459543973, 32.226890463125827 ], [ 35.00765966411555, 32.227029581530189 ], [ 35.007776554972764, 32.227170665738356 ], [ 35.007886828093639, 32.22730596255262 ], [ 35.008007997385526, 32.227461988839259 ], [ 35.008116824145986, 32.227576429658853 ], [ 35.00824691729683, 32.227745573483865 ], [ 35.00833734033143, 32.227862099082884 ], [ 35.008423295818936, 32.227974954228969 ], [ 35.008535753910195, 32.228097149938158 ], [ 35.008656653322674, 32.228225417417462 ], [ 35.008805159493413, 32.22838937578414 ], [ 35.00894004266884, 32.22856768494119 ], [ 35.009078432163705, 32.228734445381214 ], [ 35.009251211179198, 32.228943529453048 ], [ 35.009342259714664, 32.229078795286348 ], [ 35.009490750155372, 32.229251347846372 ], [ 35.009662718779971, 32.229452680468263 ], [ 35.00976058981778, 32.229576261614667 ], [ 35.009932725414949, 32.229777594118843 ], [ 35.010044018068228, 32.229904154638426 ], [ 35.010135117590387, 32.230016452894318 ], [ 35.010276765719809, 32.230211961064214 ], [ 35.010428877345355, 32.230398326482572 ], [ 35.010533571190933, 32.230510504404762 ], [ 35.010708964665952, 32.230740584886483 ], [ 35.010891093429443, 32.230921782351018 ], [ 35.010870552974225, 32.231071107281487 ], [ 35.010698293459683, 32.231238657969236 ], [ 35.010477598951589, 32.231498002367267 ], [ 35.010371517111984, 32.231648464043715 ], [ 35.010434138983328, 32.231823278925383 ], [ 35.010508136493463, 32.23194964085905 ], [ 35.010639736834548, 32.232194730737504 ], [ 35.010742212717602, 32.232415822472156 ], [ 35.010804757278954, 32.232549493587996 ], [ 35.010916018673811, 32.232692961512136 ], [ 35.011081442328546, 32.232858211132609 ], [ 35.011226905455587, 32.232977355006767 ], [ 35.011432518917324, 32.233108849055959 ], [ 35.011562628713584, 32.233198238734481 ], [ 35.011768299935483, 32.23330282000358 ], [ 35.011993940853486, 32.233371219475842 ], [ 35.012145381954859, 32.233407802701883 ], [ 35.012410939500811, 32.233493170407272 ], [ 35.012565135187927, 32.233639097417473 ], [ 35.01272195329998, 32.233799541140137 ], [ 35.012893143286199, 32.233984382521847 ], [ 35.013010071776087, 32.234115598678805 ], [ 35.013107460308873, 32.234236640194695 ], [ 35.013284258198304, 32.234435861547645 ], [ 35.013443976570329, 32.234637593083058 ], [ 35.013538039505043, 32.23476398351746 ], [ 35.013632123013835, 32.234880651661371 ], [ 35.013752037406256, 32.235012012527591 ], [ 35.013862304998177, 32.235158717070469 ], [ 35.014013420737612, 32.235353107986768 ], [ 35.014170168293639, 32.235550043433847 ], [ 35.014361788768554, 32.235479880638827 ], [ 35.0146251108416, 32.235368540906457 ], [ 35.014825365953342, 32.235291204359946 ], [ 35.01514580493928, 32.23513626952802 ], [ 35.015334675907084, 32.235032143708892 ], [ 35.01547210510553, 32.234952316791528 ], [ 35.015758587414439, 32.234702643361658 ], [ 35.015879974408378, 32.234603911156199 ], [ 35.016046147199944, 32.234492423487026 ], [ 35.016275102857186, 32.234322836461381 ], [ 35.016518485078727, 32.234150875124371 ], [ 35.016730299264545, 32.234012823870167 ], [ 35.016956359641931, 32.233879584061036 ], [ 35.017158866313373, 32.233752649549537 ], [ 35.017445136272194, 32.233602589779402 ], [ 35.017596833369637, 32.233515313811957 ], [ 35.017748475161937, 32.233454949902068 ], [ 35.01796002808814, 32.233443144565001 ], [ 35.018208600643938, 32.233487190694419 ], [ 35.018457128965096, 32.233553076113516 ], [ 35.018739933480511, 32.233638455906153 ], [ 35.018914200312253, 32.233701835976724 ], [ 35.019103564637177, 32.233759460951937 ], [ 35.01931109962571, 32.233849097057664 ], [ 35.019474901442116, 32.233923310498653 ], [ 35.019628586661426, 32.233999763372601 ], [ 35.019800337404192, 32.234078355980628 ], [ 35.019961657665448, 32.234150451632111 ], [ 35.020110231074639, 32.234213792554129 ], [ 35.02025602041595, 32.234342507868028 ], [ 35.020204532100571, 32.234473049179641 ], [ 35.020085790642561, 32.234659712381379 ], [ 35.020011057853488, 32.234807691577203 ], [ 35.019957091089424, 32.23493386119312 ], [ 35.019874727832935, 32.235083942697493 ], [ 35.019807821228028, 32.235214461317405 ], [ 35.019763843007034, 32.235401656074117 ], [ 35.0197662233291, 32.235536221131078 ], [ 35.019791216118385, 32.235801858237593 ], [ 35.019829350906122, 32.235963106017479 ], [ 35.019867521142274, 32.23610688196554 ], [ 35.019887690770979, 32.236298397451954 ], [ 35.019915813934475, 32.236491897170275 ], [ 35.019941040569776, 32.236642135688513 ], [ 35.019963771754696, 32.236796738523125 ], [ 35.019989181693312, 32.236938382261521 ], [ 35.020009470426658, 32.237071141684908 ], [ 35.020034653265554, 32.237243219939039 ], [ 35.020052389396319, 32.237408664920991 ], [ 35.02009020896908, 32.237726595292415 ], [ 35.020125534413694, 32.237966180420443 ], [ 35.020132930582598, 32.238162186054993 ], [ 35.02011183304235, 32.238429869310743 ], [ 35.020103596546655, 32.238732233225889 ], [ 35.020108309450137, 32.238943452351968 ], [ 35.020110387452391, 32.239145931698424 ], [ 35.020071648259581, 32.239283113839889 ], [ 35.020043078079752, 32.23947455810606 ], [ 35.020035135785207, 32.239631088738314 ], [ 35.02003463890631, 32.239877103050013 ], [ 35.020013729642066, 32.240051227511998 ], [ 35.019944074720335, 32.240227394355152 ], [ 35.019843770570546, 32.24039280783974 ], [ 35.01974803552033, 32.240512152940958 ], [ 35.019657307881047, 32.240696602039613 ], [ 35.019625688514608, 32.240837598771648 ], [ 35.019611310157813, 32.240979043411038 ], [ 35.019486536910755, 32.241192186600586 ], [ 35.019410167847191, 32.24132635447905 ], [ 35.019316581437771, 32.241529961798555 ], [ 35.019211759802715, 32.241714389899975 ], [ 35.01914348548484, 32.24194410104429 ], [ 35.019117725210968, 32.242138367174221 ], [ 35.019128585379072, 32.242342127424195 ], [ 35.01925807358792, 32.242502945509329 ], [ 35.019429956250271, 32.242687778863939 ], [ 35.019548205614662, 32.242831812854213 ], [ 35.019740307697148, 32.243102766482778 ], [ 35.019841642435125, 32.243249170806536 ], [ 35.019928943230184, 32.243366810551635 ], [ 35.020021847612831, 32.24350108484694 ], [ 35.02013165319223, 32.243640315288637 ], [ 35.020224548198584, 32.243779520986529 ], [ 35.020320286132332, 32.243906754085913 ], [ 35.020427293473944, 32.24403639885228 ], [ 35.02055478804008, 32.244201580634964 ], [ 35.020636434650889, 32.244328652084064 ], [ 35.020749007645463, 32.244494234670135 ], [ 35.020827831174991, 32.24462383812341 ], [ 35.020999590751607, 32.244873484025547 ], [ 35.021086894586361, 32.244991122951603 ], [ 35.021268121192229, 32.245233173504836 ], [ 35.021366690523564, 32.24535547832356 ], [ 35.021468059168086, 32.24548750935142 ], [ 35.021637061132033, 32.245708406369339 ], [ 35.021789058984993, 32.245893207682954 ], [ 35.02188195401073, 32.246034807456617 ], [ 35.022000197203887, 32.246186025084654 ], [ 35.02210502720348, 32.246329191838242 ], [ 35.022203598554775, 32.246451636892857 ], [ 35.022293733575999, 32.24656448837883 ], [ 35.022403522408503, 32.246715693435092 ], [ 35.022496447868356, 32.246842920789206 ], [ 35.02259781024938, 32.246979741543569 ], [ 35.022773109666844, 32.24720487312041 ], [ 35.022908371289191, 32.247387253663597 ], [ 35.02304911437556, 32.247564851260009 ], [ 35.023139251538034, 32.247677702130773 ], [ 35.023316731964172, 32.247891282106323 ], [ 35.023432180315943, 32.248032913025142 ], [ 35.02356252349233, 32.248188514443115 ], [ 35.023646991441503, 32.248318124156015 ], [ 35.023835715647039, 32.248548486796452 ], [ 35.023970753724896, 32.248762146074 ], [ 35.024004349880371, 32.248961147517278 ], [ 35.024009679656224, 32.249116710812366 ], [ 35.024012992582556, 32.24936991622905 ], [ 35.023998684016647, 32.249562649571999 ], [ 35.023988294188342, 32.249702127594539 ], [ 35.023966347648049, 32.249900345190198 ], [ 35.023964723919875, 32.250050685164894 ], [ 35.023967054148187, 32.250213852851978 ], [ 35.023961267205287, 32.250541018705121 ], [ 35.023952101660207, 32.25073206852889 ], [ 35.023942524481065, 32.251047393186084 ], [ 35.023943526281528, 32.251211545263352 ], [ 35.023926746318736, 32.251396102704724 ], [ 35.023917657253271, 32.251548404605039 ], [ 35.023903432021825, 32.251698726538024 ], [ 35.023888948385029, 32.251895827502686 ], [ 35.023871955739587, 32.252187751799106 ], [ 35.023856257756457, 32.252411904157576 ], [ 35.023848314253108, 32.252655512037215 ], [ 35.023826168946691, 32.252953628607528 ], [ 35.02382721293003, 32.253096363622774 ], [ 35.023816517025338, 32.253390128577891 ], [ 35.023800890645099, 32.253577928327381 ], [ 35.023791597512243, 32.253833088174773 ], [ 35.023782486478865, 32.25399623941108 ], [ 35.023770769842706, 32.254135433615609 ], [ 35.023765336461913, 32.254283513611028 ], [ 35.023760004986158, 32.254463860253246 ], [ 35.023759674102394, 32.254630969274125 ], [ 35.023763181750965, 32.254785543522175 ], [ 35.023798138749974, 32.254968061274589 ], [ 35.023880189545721, 32.255149378195043 ], [ 35.023957038285168, 32.255278272177272 ], [ 35.024018798133042, 32.255407144568309 ], [ 35.024129827237765, 32.255608792537537 ], [ 35.024216657844505, 32.255805333431773 ], [ 35.02430236038299, 32.25598552805166 ], [ 35.024379108929686, 32.256165850752339 ], [ 35.024496602130327, 32.256369762017108 ], [ 35.024589790261906, 32.256538413146167 ], [ 35.024661488356692, 32.256673639922901 ], [ 35.024731005789256, 32.25682168561169 ], [ 35.024804013930243, 32.256965509170158 ], [ 35.024875695483423, 32.257109471700296 ], [ 35.024957814078476, 32.257258380571585 ], [ 35.025022074467721, 32.257381901724571 ], [ 35.025105227780969, 32.257510803921903 ], [ 35.025205078891837, 32.257665232955823 ], [ 35.025323408824079, 32.257867171974553 ], [ 35.025427187825443, 32.258048377715276 ], [ 35.025496356556083, 32.258206285579952 ], [ 35.025608650376434, 32.258442877583661 ], [ 35.025705763005732, 32.258641827258771 ], [ 35.025780620228069, 32.25877438069913 ], [ 35.025887301281806, 32.258998846957091 ], [ 35.025973323822242, 32.259188199426731 ], [ 35.026070544642252, 32.259332620009438 ], [ 35.026223481891428, 32.259477119109292 ], [ 35.026357115256317, 32.25957199343253 ], [ 35.026554843883972, 32.259622010231851 ], [ 35.026783263821073, 32.259664883891887 ], [ 35.026944825273901, 32.259724289637091 ], [ 35.027114655325036, 32.259795401617346 ], [ 35.027352998864792, 32.259937342039365 ], [ 35.027522746841719, 32.260051146556847 ], [ 35.027737065075108, 32.260183894002992 ], [ 35.027876219034511, 32.260255102956869 ], [ 35.028065581185544, 32.260345262670668 ], [ 35.02821588692229, 32.260395210666097 ], [ 35.028472245675154, 32.260397822362478 ], [ 35.028603077311516, 32.260485645319712 ], [ 35.02866975108639, 32.260651297520297 ], [ 35.028755712576036, 32.260876155190196 ], [ 35.028825640205788, 32.26107464190504 ], [ 35.028900587625586, 32.261249886779972 ], [ 35.028964250263762, 32.261429765688725 ], [ 35.029030722976849, 32.261614439117146 ], [ 35.029102847854411, 32.261791934366443 ], [ 35.029211184240381, 32.262024008719685 ], [ 35.029261121200513, 32.262184705804195 ], [ 35.029336061434968, 32.262364600136813 ], [ 35.029316180340103, 32.262527877547022 ], [ 35.029268542639798, 32.262724087446792 ], [ 35.029254140386392, 32.262970222572115 ], [ 35.029262168518592, 32.263107330954185 ], [ 35.029265194755887, 32.263258522557216 ], [ 35.029292704170942, 32.263440746446328 ], [ 35.029376032411051, 32.263570914090323 ], [ 35.029423191674056, 32.263710612889788 ], [ 35.029514995766505, 32.263831351771998 ], [ 35.029609439608073, 32.2639592802187 ], [ 35.029737236770963, 32.26416277795694 ], [ 35.02988354147719, 32.264314167550772 ], [ 35.030043501530123, 32.2645226409551 ], [ 35.030137447178568, 32.264651695520925 ], [ 35.030288830739586, 32.264923139769756 ], [ 35.030359212065527, 32.265061038479978 ], [ 35.030429691429063, 32.265234585375502 ], [ 35.030484647588196, 32.265461089836997 ], [ 35.030507933060868, 32.265598923603392 ], [ 35.030525776267702, 32.265807905148066 ], [ 35.030433994342346, 32.265934590159723 ], [ 35.030263246032298, 32.266163319874188 ], [ 35.03019237141477, 32.266283270248991 ], [ 35.03011284440489, 32.266418285106198 ], [ 35.029992053253302, 32.266624820913066 ], [ 35.02995544080995, 32.266778775711735 ], [ 35.029910559390423, 32.266920742445059 ], [ 35.029849938820313, 32.267054656024683 ], [ 35.029745795402881, 32.267226975511086 ], [ 35.029594736401172, 32.26747714851664 ], [ 35.029502692148121, 32.26765258436528 ], [ 35.029415445185734, 32.267834085551122 ], [ 35.029292532021664, 32.268021173291004 ], [ 35.029216973593762, 32.268160701889954 ], [ 35.029051902608181, 32.26845171619614 ], [ 35.028976532062053, 32.268579409177541 ], [ 35.028894011259588, 32.268716955278734 ], [ 35.028813808152883, 32.268856477164853 ], [ 35.028669387770499, 32.26910130396093 ], [ 35.02851618797493, 32.269340482297828 ], [ 35.028440827631826, 32.269462116190333 ], [ 35.028353465108971, 32.269615577034003 ], [ 35.028273391380949, 32.269773134118438 ], [ 35.028112275560531, 32.270074015725129 ], [ 35.028022601563507, 32.270221555236439 ], [ 35.027923609326749, 32.270385003522136 ], [ 35.027815159922881, 32.270550411123885 ], [ 35.027718477005365, 32.27071992122827 ], [ 35.027588185869249, 32.27094489936772 ], [ 35.027505649062952, 32.271088503239461 ], [ 35.027425599916988, 32.271231969637647 ], [ 35.027309978463542, 32.271417374728905 ], [ 35.027189847806646, 32.271618695239212 ], [ 35.027026461967715, 32.271889419275979 ], [ 35.026950927833866, 32.27201302459703 ], [ 35.026828346616028, 32.272194474203353 ], [ 35.026717590725418, 32.272349873565787 ], [ 35.02660443457944, 32.272545285437907 ], [ 35.026497955501419, 32.272718303288912 ], [ 35.026365987909344, 32.272949477382397 ], [ 35.026226938631559, 32.273154856389617 ], [ 35.026156054061239, 32.273274381625647 ], [ 35.026015615826857, 32.27351103852714 ], [ 35.025902433275284, 32.273718426305045 ], [ 35.025834015961543, 32.273847958829961 ], [ 35.025681058707818, 32.273955532008721 ], [ 35.025455395742952, 32.274011009416405 ], [ 35.025293145250558, 32.274036705278228 ], [ 35.025039227682115, 32.274038317559693 ], [ 35.024745463206159, 32.27406185326511 ], [ 35.024583176852538, 32.274105583533512 ], [ 35.024306318233585, 32.274218332826287 ], [ 35.024143936944064, 32.274309827942425 ], [ 35.023934615902654, 32.274403369305467 ], [ 35.023751119701934, 32.274520759582991 ], [ 35.023558145578022, 32.274650253533174 ], [ 35.023416758243499, 32.274775734979997 ], [ 35.023247231019091, 32.27495697282496 ], [ 35.023138527866834, 32.27507616026913 ], [ 35.023011097509539, 32.27527154832628 ], [ 35.022921393356789, 32.275510810765638 ], [ 35.022873984754646, 32.275748161311625 ], [ 35.022828590541664, 32.275973256314678 ], [ 35.022802387839889, 32.276138777648029 ], [ 35.022766821503367, 32.276342328849907 ], [ 35.022751118686514, 32.276482080329771 ], [ 35.022706031202048, 32.276636161463081 ], [ 35.022620799491207, 32.276793989135918 ], [ 35.022528653364532, 32.276925880957457 ], [ 35.022391690450036, 32.277075743489689 ], [ 35.022285505796731, 32.277177743827991 ], [ 35.022125679297751, 32.27731503288134 ], [ 35.021991185415274, 32.277390784473702 ], [ 35.021762271837986, 32.277490493525427 ], [ 35.021491068773223, 32.277588168301598 ], [ 35.021330688440976, 32.277669940444703 ], [ 35.021132420359585, 32.277787728124771 ], [ 35.020981384223113, 32.277923619453865 ], [ 35.020834931432638, 32.278089388321298 ], [ 35.020718288157767, 32.27827704006274 ], [ 35.020600066454243, 32.278506959758836 ], [ 35.020533793274346, 32.278636915113921 ], [ 35.020469845880974, 32.278764901201448 ], [ 35.020351558061797, 32.278944800618845 ], [ 35.020258428120805, 32.279068376121991 ], [ 35.020152162135908, 32.279208276929054 ], [ 35.020050495385654, 32.279370164943728 ], [ 35.019878277936769, 32.279479957267711 ], [ 35.019684737454796, 32.279553647462279 ], [ 35.019434763920948, 32.279647403588214 ], [ 35.019282559855235, 32.279702272939353 ], [ 35.019041239097348, 32.279781809945732 ], [ 35.01884522978834, 32.279845491239513 ], [ 35.01844371412934, 32.279993551400189 ], [ 35.018151658545868, 32.280063430703102 ], [ 35.017955670786783, 32.280115979449569 ], [ 35.017646851384725, 32.280191327977256 ], [ 35.017456541591578, 32.280224721783974 ], [ 35.017164468021754, 32.280302630137882 ], [ 35.016983612112625, 32.280335896345399 ], [ 35.016817653865928, 32.280383556341711 ], [ 35.0166613150258, 32.280431371320965 ], [ 35.016477094998585, 32.280487175986153 ], [ 35.016211467445956, 32.280528346277073 ], [ 35.016043766399093, 32.280536127628217 ], [ 35.015844064544808, 32.28053892944029 ], [ 35.015674555620478, 32.280538676235736 ], [ 35.015409132968422, 32.280480791630424 ], [ 35.01518894094211, 32.280366895581828 ], [ 35.014994164326886, 32.280234579217073 ], [ 35.014838200796099, 32.280101616310432 ], [ 35.01467830696744, 32.279944694106561 ], [ 35.014586332680338, 32.279827748831657 ], [ 35.014455941765142, 32.279601265501903 ], [ 35.014388375682429, 32.279471675680746 ], [ 35.014151208674292, 32.279466527980681 ], [ 35.013987300900212, 32.279485443513543 ], [ 35.013742284910059, 32.279505927224555 ], [ 35.013578390553086, 32.279518360792515 ], [ 35.01323418736483, 32.279540525321792 ], [ 35.012985535796901, 32.279554520606553 ], [ 35.0128254625089, 32.279563859162643 ], [ 35.012659746452712, 32.279574879762563 ], [ 35.012237732443758, 32.279607772802414 ], [ 35.012075557193832, 32.279669945145869 ], [ 35.011826981685125, 32.27980469055931 ], [ 35.011553744942859, 32.279914599218998 ], [ 35.011365126086716, 32.280010264736234 ], [ 35.011138846943858, 32.280110522080307 ], [ 35.01089953860469, 32.280175815568377 ], [ 35.010732425776872, 32.280219097857632 ], [ 35.010478027249164, 32.280282676588222 ], [ 35.010315924621189, 32.280309621485443 ], [ 35.010142591198147, 32.280314145617588 ], [ 35.00983553736517, 32.280336076208087 ], [ 35.009623513359131, 32.280439311711341 ], [ 35.009510299824349, 32.280562143739097 ], [ 35.009304544099827, 32.280758524021827 ], [ 35.009193184685493, 32.280867127607671 ], [ 35.009017600677751, 32.281069894595319 ], [ 35.008942022116607, 32.281199265770574 ], [ 35.008825109690093, 32.281344494717146 ], [ 35.008894445638255, 32.281496493478002 ], [ 35.009033788213337, 32.281565327964039 ], [ 35.009144644837782, 32.281691887710181 ], [ 35.00923836002228, 32.281845473879848 ], [ 35.009294750102178, 32.282001961239047 ], [ 35.009375314443602, 32.282178071158128 ], [ 35.00942970043512, 32.2823411777063 ], [ 35.009474500591715, 32.282488347607888 ], [ 35.009508188019936, 32.282635500340632 ], [ 35.009569994118927, 32.282819330728586 ], [ 35.009616764626308, 32.282976084883082 ], [ 35.009622103459023, 32.283116712395696 ], [ 35.009655723000741, 32.283295849514801 ], [ 35.009708289546623, 32.283457121397063 ], [ 35.009719250814342, 32.283605788924341 ], [ 35.009748958262378, 32.283752935432844 ], [ 35.009775026983434, 32.283895285687024 ], [ 35.009806660018128, 32.284072869771919 ], [ 35.009868745270197, 32.284282062595359 ], [ 35.009941882973855, 32.284442097936115 ], [ 35.010020650203757, 32.284606932532306 ], [ 35.0100976854092, 32.284728507790291 ], [ 35.010191906806497, 32.284880262254951 ], [ 35.010278383142641, 32.285008333365951 ], [ 35.010375962698056, 32.285141212111512 ], [ 35.010471660407873, 32.28530114088786 ], [ 35.010529940817406, 32.285506664080955 ], [ 35.010577502318569, 32.28568286337584 ], [ 35.010641437157666, 32.285881631936206 ], [ 35.010698373152429, 32.286017688770265 ], [ 35.01078638662414, 32.286203813090331 ], [ 35.010859873872697, 32.286356944244517 ], [ 35.010946020042041, 32.286563496228752 ], [ 35.0110137683427, 32.286763679428468 ], [ 35.011044726322368, 32.286948307146609 ], [ 35.011051756704738, 32.287152765256536 ], [ 35.01106802221134, 32.287304399628461 ], [ 35.011093569758032, 32.287459288927444 ], [ 35.011120710062833, 32.287645319772928 ], [ 35.011144556322876, 32.287820355289554 ], [ 35.011201132695319, 32.288048701447977 ], [ 35.011257838681161, 32.2882160376518 ], [ 35.011316561940106, 32.288370836724837 ], [ 35.01139399280094, 32.288542854281218 ], [ 35.01148572230538, 32.288699253625786 ], [ 35.011619823429314, 32.288899537795956 ], [ 35.011757570828209, 32.289101518193156 ], [ 35.011864446538773, 32.289234128098137 ], [ 35.011959872649129, 32.289368833975402 ], [ 35.012108454261032, 32.289625359154648 ], [ 35.012170845503633, 32.289772413835564 ], [ 35.012317973010383, 32.290089805744152 ], [ 35.012374767832405, 32.290216562067471 ], [ 35.012477420089041, 32.290465267375218 ], [ 35.012585925226603, 32.290691860038081 ], [ 35.012657418160906, 32.290849918555139 ], [ 35.012732524514938, 32.291025172424938 ], [ 35.01280778725701, 32.291205076213181 ], [ 35.012864860107356, 32.291358040287321 ], [ 35.012903201153428, 32.291505058086344 ], [ 35.012976349119, 32.291744418733927 ], [ 35.013035090567911, 32.291893017321456 ], [ 35.013103099051882, 32.292052338386988 ], [ 35.013160006449283, 32.292205583860657 ], [ 35.013222225201801, 32.292357428338796 ], [ 35.01327348000008, 32.292516864834639 ], [ 35.013374513440233, 32.292827985971613 ], [ 35.013456950172298, 32.293068769357731 ], [ 35.013517345288761, 32.293220610914304 ], [ 35.013592676910562, 32.293448420577278 ], [ 35.013662365237998, 32.293598726190915 ], [ 35.013536847848776, 32.293729856109927 ], [ 35.013350806781119, 32.293770154183761 ], [ 35.013122678219077, 32.29386688947023 ], [ 35.012883069092609, 32.293900906050247 ], [ 35.012710055028435, 32.293899093583242 ], [ 35.012553496456697, 32.293881665889764 ], [ 35.012431717110935, 32.293969825621502 ], [ 35.012468263491058, 32.29410275067967 ], [ 35.01252136522556, 32.294251481779725 ], [ 35.012561697532199, 32.2943985026428 ], [ 35.012609506087685, 32.294540180615151 ], [ 35.012652458723984, 32.294703409019078 ], [ 35.012706292384756, 32.294898779314067 ], [ 35.012792328902918, 32.295163239858859 ], [ 35.01287889350094, 32.295413470153804 ], [ 35.0129379541197, 32.295648018684496 ], [ 35.012980977212372, 32.295857180720411 ], [ 35.013037126506198, 32.296135404023644 ], [ 35.013120578449815, 32.296525684788627 ], [ 35.013150148839323, 32.296663671459477 ], [ 35.013214596617374, 32.296861452873635 ], [ 35.013306082137376, 32.297139588620752 ], [ 35.01341688612942, 32.297461291854319 ], [ 35.013540824663373, 32.297769488359464 ], [ 35.013583814115819, 32.297916653739144 ], [ 35.013653865673781, 32.29813276046211 ], [ 35.013770070156959, 32.298490964794446 ], [ 35.013823823896189, 32.298647445779707 ], [ 35.013909872156944, 32.298909510126649 ], [ 35.013969137133401, 32.299127995680784 ], [ 35.014009235835843, 32.299309536305444 ], [ 35.014084844189476, 32.299566653238138 ], [ 35.014125029566586, 32.299706910032953 ], [ 35.014181547452502, 32.299890870645363 ], [ 35.014221807800084, 32.300074806738053 ], [ 35.014251183545127, 32.300386805165381 ], [ 35.014269697690409, 32.300577471707115 ], [ 35.014282760848268, 32.300756857975614 ], [ 35.014342028193191, 32.300975202398462 ], [ 35.014420161884637, 32.301136228597457 ], [ 35.01455528995092, 32.301492347018353 ], [ 35.014595652183701, 32.301628095068288 ], [ 35.01465215810078, 32.301818818633535 ], [ 35.01470580522426, 32.302028136761656 ], [ 35.014762282860097, 32.302232668489772 ], [ 35.014819121588118, 32.302423251562985 ], [ 35.014883742905575, 32.302621032222859 ], [ 35.01492127643025, 32.302761284721164 ], [ 35.014931643946525, 32.302961238313664 ], [ 35.014947342600038, 32.303230241218039 ], [ 35.014979438651913, 32.303432481809622 ], [ 35.014980429086798, 32.303594378133781 ], [ 35.016072494579412, 32.333215230578823 ], [ 35.016220088835631, 32.337036657180214 ], [ 35.016340946979319, 32.3386239336388 ], [ 35.018677795111678, 32.340147563786871 ], [ 35.019017077958694, 32.340371248127788 ], [ 35.019290714284196, 32.340557637694268 ], [ 35.019586058122307, 32.340843251943063 ], [ 35.019855982774637, 32.341060632798595 ], [ 35.020049485350917, 32.341070215090184 ], [ 35.020360028466428, 32.341064468895915 ], [ 35.020685195727538, 32.341049443845435 ], [ 35.020915409099914, 32.341043579281511 ], [ 35.021200295382798, 32.341003695943172 ], [ 35.021481708516987, 32.340957607332612 ], [ 35.021697359838669, 32.340930021653072 ], [ 35.021905592150233, 32.340877626502511 ], [ 35.022128595548331, 32.340825252348885 ], [ 35.022577760639749, 32.340717689411051 ], [ 35.022997047063214, 32.340611631809992 ], [ 35.023185659531215, 32.340576255209434 ], [ 35.02339538503287, 32.340523296138734 ], [ 35.023568256418635, 32.340474651794509 ], [ 35.023971623652763, 32.340444090446105 ], [ 35.024155054883657, 32.340426599264681 ], [ 35.024307004920381, 32.340382291909755 ], [ 35.024506458098855, 32.340235899720831 ], [ 35.024663824791176, 32.34005394049592 ], [ 35.024871437549471, 32.340061281093092 ], [ 35.02521146551085, 32.340082899474474 ], [ 35.025578853805371, 32.340117095810761 ], [ 35.025932639581384, 32.340147890239614 ], [ 35.0261784061491, 32.340165145643255 ], [ 35.026377058360495, 32.340171766605714 ], [ 35.026632670957795, 32.340161559544399 ], [ 35.026933008714323, 32.340195657443637 ], [ 35.027034256150948, 32.34053283229057 ], [ 35.0271920789219, 32.341051283723907 ], [ 35.02726641881776, 32.341314589028833 ], [ 35.027325563316282, 32.341540111797066 ], [ 35.027345028520507, 32.341771919341397 ], [ 35.027359605195286, 32.341957223071915 ], [ 35.027384019013553, 32.342119573927611 ], [ 35.027396130642899, 32.342292334101316 ], [ 35.027395525245851, 32.342603299143974 ], [ 35.027429820092976, 32.34280553848356 ], [ 35.027456918632453, 32.342953098590741 ], [ 35.027550790276308, 32.34315964842795 ], [ 35.02768215398077, 32.343290446623392 ], [ 35.027813951948346, 32.343454215839905 ], [ 35.027917775221447, 32.343665006313678 ], [ 35.027981906206605, 32.343888422175759 ], [ 35.028021202336731, 32.344080241727283 ], [ 35.028092737493765, 32.344337342917662 ], [ 35.028164102885754, 32.344682224376598 ], [ 35.028191170663355, 32.344846551314852 ], [ 35.028225370078417, 32.345099373252019 ], [ 35.028234904175193, 32.345318485687308 ], [ 35.028239573084946, 32.345478695225232 ], [ 35.028251690852031, 32.345649341741506 ], [ 35.028269216635458, 32.345941451379964 ], [ 35.028281338337273, 32.34611012529033 ], [ 35.028283134408532, 32.346468154017522 ], [ 35.028290264772913, 32.346643020532454 ], [ 35.028319620233617, 32.346826372049726 ], [ 35.028378938112525, 32.346965522855918 ], [ 35.028527883197704, 32.34702054058998 ], [ 35.028723947972487, 32.346999678829604 ], [ 35.028935190111298, 32.346940935851556 ], [ 35.02910943559003, 32.346873123532561 ], [ 35.029283998114501, 32.346812919996822 ], [ 35.029498307902514, 32.346712192212344 ], [ 35.029736345670976, 32.346615019410208 ], [ 35.02993072359525, 32.346521167373794 ], [ 35.030212471523107, 32.346393619770893 ], [ 35.03050189061338, 32.346333573084628 ], [ 35.030918213551175, 32.346310616048875 ], [ 35.03117599988132, 32.346300825515812 ], [ 35.031405053384425, 32.346300576238626 ], [ 35.031690564724201, 32.346287441077806 ], [ 35.03197591615131, 32.346271064357886 ], [ 35.032162375466292, 32.346237644039022 ], [ 35.032364583533131, 32.346214389704173 ], [ 35.032618449300216, 32.346171056735521 ], [ 35.032800784217841, 32.346124103479156 ], [ 35.033054700253736, 32.346053857846606 ], [ 35.033201521203196, 32.346003615072206 ], [ 35.033542639057124, 32.345899811724813 ], [ 35.033954929742556, 32.345812870707235 ], [ 35.034375239300502, 32.345786526045885 ], [ 35.034537707575574, 32.345800271293157 ], [ 35.034791464703467, 32.345813998202416 ], [ 35.035064941939218, 32.345844659045596 ], [ 35.035298762894854, 32.345868502955206 ], [ 35.035532590256693, 32.345888964845777 ], [ 35.035924515355703, 32.345953175572284 ], [ 35.036074977559387, 32.345997196254785 ], [ 35.036265300028838, 32.346027743513453 ], [ 35.0365149829993, 32.346001164194192 ], [ 35.037181145652916, 32.345954847570354 ], [ 35.037375366193743, 32.345941719393835 ], [ 35.037601602859503, 32.345847897685992 ], [ 35.037807823193894, 32.345807731952249 ], [ 35.037982372032452, 32.345750757030324 ], [ 35.038168760553916, 32.345663504015775 ], [ 35.038355117820338, 32.345684039013818 ], [ 35.038513498912245, 32.345754838171793 ], [ 35.038632328124436, 32.345852497020608 ], [ 35.0388460670436, 32.345967188320884 ], [ 35.039020425862269, 32.346014477546582 ], [ 35.039234441712686, 32.346068581648986 ], [ 35.039404866005306, 32.346089094235218 ], [ 35.039634668731694, 32.346133073522473 ], [ 35.039918569902568, 32.346183322529861 ], [ 35.040191983346325, 32.346250887918949 ], [ 35.040465293783519, 32.346375798787896 ], [ 35.040675218960224, 32.346490341130547 ], [ 35.040837692198139, 32.346594817722774 ], [ 35.04094040054904, 32.346705979865625 ], [ 35.041110726661501, 32.346874434770591 ], [ 35.041225350151798, 32.347005760765853 ], [ 35.041336102054011, 32.347167375097513 ], [ 35.041454571144591, 32.347376059813733 ], [ 35.041490022199298, 32.347507283267035 ], [ 35.041521399390739, 32.347688943555866 ], [ 35.041537074464046, 32.347833667828688 ], [ 35.041548766242549, 32.347978246054282 ], [ 35.041576165910598, 32.348156660487639 ], [ 35.041607579577366, 32.348318172122987 ], [ 35.041682647169914, 32.348479740064654 ], [ 35.041923126647916, 32.348590515421684 ], [ 35.042034403575343, 32.348738744308626 ], [ 35.04205516502396, 32.348917150074151 ], [ 35.042073832405976, 32.349059905509186 ], [ 35.042088062951308, 32.34927056888958 ], [ 35.042089950038502, 32.349422179402993 ], [ 35.042087531053653, 32.349568430183339 ], [ 35.042080835332598, 32.349785829804688 ], [ 35.042076351003843, 32.349973220629209 ], [ 35.042067519281275, 32.350178359214162 ], [ 35.04206705725619, 32.350437050442963 ], [ 35.042028729289122, 32.350707246698001 ], [ 35.042015865478014, 32.350846439017801 ], [ 35.042019626269315, 32.351064133851338 ], [ 35.042008525004391, 32.351424540902656 ], [ 35.04199305722539, 32.351720410268967 ], [ 35.041976021042089, 32.351872137258695 ], [ 35.041906417182531, 32.351995053005901 ], [ 35.041811476928473, 32.35217697300704 ], [ 35.041646905970737, 32.352496180252082 ], [ 35.041566597694157, 32.352663747168819 ], [ 35.041477329339216, 32.352829188962012 ], [ 35.041384363334984, 32.353019987840526 ], [ 35.041319041235361, 32.353160943922958 ], [ 35.041253505133973, 32.353328529718688 ], [ 35.041187971826155, 32.353494424683682 ], [ 35.041097220171331, 32.353653101082571 ], [ 35.040945398694227, 32.353894969952172 ], [ 35.040867239211941, 32.354066202555664 ], [ 35.040850220217457, 32.3542070800858 ], [ 35.040858390541153, 32.354371238705795 ], [ 35.040885193104266, 32.354605025872878 ], [ 35.040910061649008, 32.354806685414495 ], [ 35.040933050629221, 32.354945923995899 ], [ 35.040977006152858, 32.35514915814467 ], [ 35.041042002064067, 32.355283096935445 ], [ 35.041153135898668, 32.355422308697946 ], [ 35.041306324072636, 32.355622443358456 ], [ 35.041522461150585, 32.355895645105242 ], [ 35.041688260473819, 32.356099318063841 ], [ 35.04188652339743, 32.356343752602449 ], [ 35.042140463888607, 32.356643772882791 ], [ 35.042421811804196, 32.356934951170871 ], [ 35.042610727154589, 32.357117235846296 ], [ 35.042975927270049, 32.357397812052525 ], [ 35.043176495989876, 32.35737538376975 ], [ 35.043381513163474, 32.357371841384222 ], [ 35.043483734512186, 32.357485395966208 ], [ 35.04358149970048, 32.35767827121547 ], [ 35.04363920642178, 32.357806986048267 ], [ 35.043732369659068, 32.358068050673069 ], [ 35.043807605451256, 32.358328951494116 ], [ 35.043843062116714, 32.358461301276193 ], [ 35.043918391869731, 32.358669364821736 ], [ 35.04405632502629, 32.358866235961258 ], [ 35.044163051109486, 32.358968382838171 ], [ 35.044318947471318, 32.3590518524096 ], [ 35.044497275068856, 32.359029393807184 ], [ 35.0446799387284, 32.358995527584135 ], [ 35.04494132414807, 32.358941048423169 ], [ 35.045115235489448, 32.358880822295468 ], [ 35.045342712288885, 32.358756272417033 ], [ 35.045561178496911, 32.358752884354821 ], [ 35.045824021575804, 32.358813660993633 ], [ 35.046006361321588, 32.358965075290079 ], [ 35.046202287471921, 32.359131723508995 ], [ 35.046415955298023, 32.359215262941206 ], [ 35.0466386685953, 32.359347846351412 ], [ 35.04674984090655, 32.35947268141846 ], [ 35.046905766899343, 32.359540930683586 ], [ 35.047097381519954, 32.359514821611782 ], [ 35.047391796046952, 32.359367666697615 ], [ 35.047587742476935, 32.359428356363345 ], [ 35.047725912888772, 32.359492919151585 ], [ 35.047988629321601, 32.359629354150933 ], [ 35.04820218975879, 32.35977699969196 ], [ 35.048348984191136, 32.359943583707214 ], [ 35.048420132710937, 32.360079780625753 ], [ 35.048548915071024, 32.360295516043415 ], [ 35.048637839847913, 32.360424126226391 ], [ 35.048726784189618, 32.360541464410481 ], [ 35.048820191631201, 32.36067007999381 ], [ 35.048922537655045, 32.360813923668438 ], [ 35.049011284446223, 32.360950141931347 ], [ 35.049095803768893, 32.361131724551456 ], [ 35.049162772365982, 32.361286514610839 ], [ 35.049251569767698, 32.36149078719648 ], [ 35.049420143369922, 32.361933277844074 ], [ 35.04975318475725, 32.362697502532747 ], [ 35.049908578468219, 32.363083334720933 ], [ 35.050046346130138, 32.36329147095946 ], [ 35.0501175124813, 32.363420199210474 ], [ 35.05018850034525, 32.363556394869754 ], [ 35.050263964289236, 32.363696400241395 ], [ 35.050397449377257, 32.363885650324555 ], [ 35.050547965432173, 32.364017574982775 ], [ 35.050679692676233, 32.364167088983898 ], [ 35.050635454346235, 32.364311738736561 ], [ 35.050502865018622, 32.364671011357217 ], [ 35.050419841743846, 32.364974407291314 ], [ 35.050617296176569, 32.365329432865629 ], [ 35.050743325747888, 32.365609694440934 ], [ 35.050896859742608, 32.365922537114535 ], [ 35.051088807909004, 32.366296294816038 ], [ 35.051264345681432, 32.366655942344742 ], [ 35.051439869178999, 32.367024888950219 ], [ 35.051467655787626, 32.367185547896391 ], [ 35.051068959122617, 32.368711566964564 ], [ 35.050924150660805, 32.369126902828562 ], [ 35.050686242717866, 32.370008642547774 ], [ 35.050570401208169, 32.37037526207574 ], [ 35.050448557529272, 32.370854170850684 ], [ 35.050303535498074, 32.371391665229808 ], [ 35.050147072148199, 32.371919564250021 ], [ 35.050037028818686, 32.372290980834542 ], [ 35.049985906914891, 32.372477609702507 ], [ 35.049936129562468, 32.37265451814546 ], [ 35.049889848924792, 32.372825372182383 ], [ 35.049840025148576, 32.37302933316667 ], [ 35.049768878128859, 32.373275115037906 ], [ 35.049704688615989, 32.373529922942744 ], [ 35.049636788679891, 32.373818401154651 ], [ 35.04958562208278, 32.374030250709986 ], [ 35.049511125075163, 32.374292372584776 ], [ 35.049459942767299, 32.374513098700362 ], [ 35.049402248879915, 32.374754951656861 ], [ 35.049336292031015, 32.374973968752435 ], [ 35.049293671415178, 32.375139191038279 ], [ 35.049246672629863, 32.375340196301394 ], [ 35.049195508585562, 32.375549509462566 ], [ 35.049159242737979, 32.375687827773412 ], [ 35.049095446194542, 32.375905015679251 ], [ 35.049042115554307, 32.376118693962503 ], [ 35.049005747965936, 32.376316189723319 ], [ 35.048938124556081, 32.376537599783482 ], [ 35.048772940693652, 32.376621794578114 ], [ 35.048609813501997, 32.376668371632 ], [ 35.048402176462098, 32.376721938368455 ], [ 35.048194498940575, 32.376798893964519 ], [ 35.047982704149227, 32.376856118233867 ], [ 35.04781759925315, 32.37689367426308 ], [ 35.047573066164588, 32.37696748327587 ], [ 35.047356903933981, 32.377053444475855 ], [ 35.04710489303222, 32.377130343043405 ], [ 35.046804073051391, 32.377203657629821 ], [ 35.046638788519651, 32.377248397740679 ], [ 35.046460913461267, 32.377276777568277 ], [ 35.046255482073704, 32.377301741006022 ], [ 35.046075448068642, 32.377330258480278 ], [ 35.045817069638325, 32.377344305475958 ], [ 35.045646041563799, 32.377349867111427 ], [ 35.045411083593663, 32.377358588596195 ], [ 35.045233214118092, 32.377383444219909 ], [ 35.045067982148055, 32.377397607232275 ], [ 35.044765099026847, 32.37741525919936 ], [ 35.04458939097281, 32.377438284962487 ], [ 35.044331002330985, 32.37745782396297 ], [ 35.044081216162184, 32.377495126656839 ], [ 35.043877763385034, 32.377527274586555 ], [ 35.043679253173124, 32.377581126946509 ], [ 35.043456798627815, 32.377654533402826 ], [ 35.043219585642156, 32.377717071370391 ], [ 35.042952677148882, 32.37776519916374 ], [ 35.042738782318573, 32.37778648265229 ], [ 35.042542024436621, 32.377788061908035 ], [ 35.042328187306694, 32.377776937987093 ], [ 35.042158707701617, 32.377751639983373 ], [ 35.041789035375309, 32.377699031098473 ], [ 35.041507088349391, 32.378169974531509 ], [ 35.041269823948241, 32.378629280492433 ], [ 35.040740555832102, 32.37960587031629 ], [ 35.040327786302569, 32.380335754345566 ], [ 35.040236383473236, 32.380471462008217 ], [ 35.040130055200891, 32.380688589778217 ], [ 35.040324355511508, 32.380855949001898 ], [ 35.040540868481585, 32.381044330744565 ], [ 35.040735008077164, 32.381209575635175 ], [ 35.040863165838573, 32.381317529664791 ], [ 35.041059985878228, 32.381470237517206 ], [ 35.04091804852429, 32.382282899743899 ], [ 35.041028767852481, 32.382393789854525 ], [ 35.041127963609213, 32.3825417213706 ], [ 35.041258375437813, 32.382690256799854 ], [ 35.041435364406198, 32.382884785366599 ], [ 35.041641873167102, 32.383100204838421 ], [ 35.041754933935323, 32.383202784285366 ], [ 35.041936947506613, 32.383374352090094 ], [ 35.04207220723243, 32.383506125935718 ], [ 35.04223811657257, 32.383676968068322 ], [ 35.042420124464151, 32.383852762126992 ], [ 35.042587317520336, 32.38404938994735 ], [ 35.042712560266317, 32.384212570699695 ], [ 35.04285767752063, 32.384404942870297 ], [ 35.042997614263435, 32.384616188692348 ], [ 35.043177428187029, 32.384907234143235 ], [ 35.04330354444533, 32.385140864863551 ], [ 35.043447869804986, 32.385406784548834 ], [ 35.043526648903033, 32.385554406255117 ], [ 35.043642260388005, 32.385719828143742 ], [ 35.043747414977858, 32.385882982215222 ], [ 35.043862987657796, 32.386070806768771 ], [ 35.043988974850997, 32.386285415252637 ], [ 35.044117928960738, 32.386512849174999 ], [ 35.044188743494793, 32.386658205936897 ], [ 35.044256822829311, 32.38684808322634 ], [ 35.044437730934426, 32.387371047717828 ], [ 35.044640860890659, 32.387912075127311 ], [ 35.044697378391078, 32.388067699071385 ], [ 35.044788628001008, 32.388302974814813 ], [ 35.044851514973161, 32.388519615943558 ], [ 35.044864285264325, 32.388717735871509 ], [ 35.044866204262568, 32.388854128371413 ], [ 35.044868115702627, 32.389089290937505 ], [ 35.044878105827905, 32.389546520257859 ], [ 35.045106557510763, 32.389572875427646 ], [ 35.045610769206824, 32.389636493335146 ], [ 35.046125759511646, 32.389709281183386 ], [ 35.046634222643362, 32.389811788410007 ], [ 35.046852319152478, 32.389873070363272 ], [ 35.047092328238691, 32.390226180724653 ], [ 35.047185806025077, 32.390426232747743 ], [ 35.047274960044639, 32.390630083574166 ], [ 35.047370741077749, 32.390843101008919 ], [ 35.047457632213984, 32.391011583278626 ], [ 35.047606125960407, 32.391280180263003 ], [ 35.047719265248276, 32.391539433803956 ], [ 35.047928057666518, 32.391991414628528 ], [ 35.048048005441544, 32.392251803489955 ], [ 35.048245904360535, 32.3926668547563 ], [ 35.048361504493137, 32.392945695645359 ], [ 35.0484593246968, 32.393134621022533 ], [ 35.048572564049458, 32.393338359749421 ], [ 35.048681297625663, 32.393555196385428 ], [ 35.048973292155978, 32.393817487519009 ], [ 35.048979061835411, 32.394036310362608 ], [ 35.048950927880654, 32.394173229232585 ], [ 35.048925787408564, 32.394307615608433 ], [ 35.048903779700474, 32.39445510942182 ], [ 35.048884899932062, 32.394618528641871 ], [ 35.048878318362341, 32.394776608878175 ], [ 35.048865614674604, 32.394921577976092 ], [ 35.048837408390334, 32.395197281934664 ], [ 35.048855524849515, 32.395479242589062 ], [ 35.048926225876691, 32.395893149273292 ], [ 35.048975803347808, 32.396035518088354 ], [ 35.049062555248319, 32.3962899471505 ], [ 35.04914617709796, 32.396529859724872 ], [ 35.049229795492373, 32.396674947426732 ], [ 35.049328971026597, 32.396851615512553 ], [ 35.049415740819278, 32.396999384036498 ], [ 35.04954903397546, 32.397133965188793 ], [ 35.049685572826974, 32.397313215056606 ], [ 35.049844816316948, 32.397520672345948 ], [ 35.050127021639447, 32.397884677490637 ], [ 35.050458782888029, 32.398309328936392 ], [ 35.050598368167229, 32.398457020215254 ], [ 35.05076634213053, 32.398709151829031 ], [ 35.050980426473622, 32.398996704900824 ], [ 35.051535360106136, 32.39974315554317 ], [ 35.051960704942054, 32.400325159239337 ], [ 35.05226756273008, 32.400755129814847 ], [ 35.052751462729042, 32.401385529644202 ], [ 35.053125450649581, 32.401899695271474 ], [ 35.053874932304339, 32.402929011182074 ], [ 35.05397644925381, 32.40370632870831 ], [ 35.054000072076285, 32.403883325448284 ], [ 35.054040794604326, 32.404164889281162 ], [ 35.054081418780072, 32.404405733301857 ], [ 35.054118622579523, 32.404605994452204 ], [ 35.054149202193621, 32.404794694011031 ], [ 35.054186382496638, 32.405009326748377 ], [ 35.054203133922108, 32.405224076020936 ], [ 35.054223353916107, 32.405450523991945 ], [ 35.054260238235109, 32.40604487773485 ], [ 35.054304193138627, 32.406381536541133 ], [ 35.054348092770688, 32.406651409378384 ], [ 35.054409117227785, 32.407011336684803 ], [ 35.054446464891839, 32.407226110370267 ], [ 35.054494059628055, 32.407371151496775 ], [ 35.054555430386593, 32.407522126717893 ], [ 35.054637436985161, 32.407849953970306 ], [ 35.054671355030159, 32.408029921573714 ], [ 35.054711973034713, 32.408276542077594 ], [ 35.054742369929272, 32.40847679484051 ], [ 35.054776192633916, 32.40871481243331 ], [ 35.054823121838005, 32.40936483250757 ], [ 35.054866571386903, 32.409808714024621 ], [ 35.05489229448726, 32.410023473692029 ], [ 35.054913805561739, 32.410173696890922 ], [ 35.054943753067121, 32.410344923947392 ], [ 35.054963610987286, 32.41049049552327 ], [ 35.05499853152736, 32.410768670320543 ], [ 35.055008360351081, 32.410952695243438 ], [ 35.055023193298744, 32.411123904341224 ], [ 35.0550632875159, 32.411286548571987 ], [ 35.055118341733333, 32.411543471509098 ], [ 35.055153425247369, 32.411723158465335 ], [ 35.055161470744302, 32.411880833246194 ], [ 35.05512582373369, 32.412043387713986 ], [ 35.054949202524476, 32.412077416661504 ], [ 35.054777426232739, 32.412094402414603 ], [ 35.054464471616342, 32.412106852182653 ], [ 35.054126092393027, 32.412226212694222 ], [ 35.054105717448003, 32.412393152920927 ], [ 35.054059680576685, 32.412709837447466 ], [ 35.054034191986311, 32.412855214105079 ], [ 35.054013866502935, 32.412992143016858 ], [ 35.053988377524185, 32.413137660556252 ], [ 35.05395267811064, 32.413330225932874 ], [ 35.053912094838587, 32.41346290368007 ], [ 35.053881636730125, 32.413599820455303 ], [ 35.053841010883374, 32.413758000715255 ], [ 35.053810386462807, 32.413894917267747 ], [ 35.053784875598389, 32.414053256462722 ], [ 35.053754409838554, 32.414194541031542 ], [ 35.05372891307308, 32.414344285428641 ], [ 35.053703416222369, 32.414494029816758 ], [ 35.053688030390106, 32.414656608033376 ], [ 35.053672644501482, 32.414819186243747 ], [ 35.05364255643142, 32.415032752033419 ], [ 35.053611817384031, 32.415238144929873 ], [ 35.053586141952927, 32.415494971738298 ], [ 35.053565679927402, 32.415713198649364 ], [ 35.053555162921299, 32.415944259196259 ], [ 35.053575086286152, 32.416149712693297 ], [ 35.053589952962369, 32.416299505322506 ], [ 35.053625042042455, 32.416475106524153 ], [ 35.053680280560009, 32.416620579592433 ], [ 35.053740480984601, 32.416779021203944 ], [ 35.053811008721212, 32.416920426440136 ], [ 35.053916702336444, 32.417091744061636 ], [ 35.054012292155619, 32.417245859948352 ], [ 35.054128119256298, 32.417417189479366 ], [ 35.054249110458088, 32.417579930262846 ], [ 35.05433729237096, 32.417694162870376 ], [ 35.054453226696474, 32.417801383533828 ], [ 35.054564026288055, 32.417899862294213 ], [ 35.054730409685085, 32.418037013102996 ], [ 35.054896828905676, 32.418152747205248 ], [ 35.055048008509416, 32.418242819549974 ], [ 35.055204344841911, 32.418328670872683 ], [ 35.055396098787369, 32.418393006465109 ], [ 35.055557648577562, 32.418440257406644 ], [ 35.055799720716109, 32.418513387503829 ], [ 35.055986484954119, 32.41858208415664 ], [ 35.056173097417329, 32.418642185563705 ], [ 35.056359654214653, 32.418736524890782 ], [ 35.056536265541489, 32.41881803053414 ], [ 35.05667746021242, 32.418920910936635 ], [ 35.056808473432397, 32.41905379056854 ], [ 35.056934468789635, 32.419208080713972 ], [ 35.057004816656843, 32.419362164746254 ], [ 35.057059985623013, 32.419554837088242 ], [ 35.057115279270583, 32.419773153014354 ], [ 35.057165215849189, 32.42001710611617 ], [ 35.05718014396755, 32.420235374822092 ], [ 35.057176927333842, 32.420374860245886 ], [ 35.057172427500809, 32.420588456598423 ], [ 35.057138370579665, 32.420794832594844 ], [ 35.057091860460339, 32.420997671562013 ], [ 35.05704127805906, 32.42115076869743 ], [ 35.056965149114411, 32.421384006958704 ], [ 35.056863898574356, 32.421640182145687 ], [ 35.056775457887603, 32.421782526561962 ], [ 35.056665917877176, 32.422027983601382 ], [ 35.05660268592333, 32.422195296410358 ], [ 35.056547672823648, 32.422415878315654 ], [ 35.056505537819142, 32.422583074922564 ], [ 35.056475363165227, 32.422852154884652 ], [ 35.05646253802108, 32.423076449605198 ], [ 35.05648312660437, 32.423286411944368 ], [ 35.056524812474827, 32.423496539935542 ], [ 35.05658330602575, 32.4236887935702 ], [ 35.056620795124942, 32.42382409971092 ], [ 35.056658433001729, 32.423970114266396 ], [ 35.056750443288088, 32.424187346069267 ], [ 35.056850783337403, 32.424390356848683 ], [ 35.056926096968745, 32.424557831936987 ], [ 35.056988837727964, 32.42469316750708 ], [ 35.057043261024738, 32.424835538218396 ], [ 35.057085070506503, 32.424970849251579 ], [ 35.05714891597254, 32.425244547915675 ], [ 35.057186578626556, 32.425376190710757 ], [ 35.057240813178296, 32.425532932702843 ], [ 35.057328719482591, 32.425721697836195 ], [ 35.057496406999256, 32.425885617004766 ], [ 35.057630618193947, 32.425999759944609 ], [ 35.057764760876303, 32.426156453866795 ], [ 35.057974445419468, 32.426341837766124 ], [ 35.058163090213156, 32.426491549690752 ], [ 35.058469130217333, 32.426780181923554 ], [ 35.058708711172727, 32.427281492565406 ], [ 35.058800798303466, 32.427456030763544 ], [ 35.05887614680384, 32.427605610608971 ], [ 35.059081341421951, 32.428004447915349 ], [ 35.059223641898846, 32.428257382982714 ], [ 35.059382688315871, 32.428531612754369 ], [ 35.059462283925669, 32.428727552551948 ], [ 35.059575181315701, 32.428980453364993 ], [ 35.059699093400887, 32.429306492766671 ], [ 35.059834486165904, 32.42962211875728 ], [ 35.059863842027717, 32.429757414484484 ], [ 35.05985796942273, 32.429897883010725 ], [ 35.05979844217741, 32.430138327502874 ], [ 35.059768668808189, 32.430368661469124 ], [ 35.059738705081003, 32.430614071280694 ], [ 35.059750068757211, 32.430884608369055 ], [ 35.059796891318676, 32.431110098815751 ], [ 35.059861648915081, 32.431340541244353 ], [ 35.059944001334209, 32.431581007561903 ], [ 35.059996829456395, 32.431791569618525 ], [ 35.059996732143937, 32.432061107211695 ], [ 35.060025889426392, 32.432321660859643 ], [ 35.060072593771615, 32.43262224959841 ], [ 35.060101823256481, 32.432837715963906 ], [ 35.060095761099092, 32.4329929784939 ], [ 35.060119009741207, 32.433208437991418 ], [ 35.060136435750785, 32.433428822235022 ], [ 35.060159796310082, 32.433574114697244 ], [ 35.060194833363113, 32.433794519084763 ], [ 35.060218344328028, 32.433949815448727 ], [ 35.060259498142763, 32.43408512449755 ], [ 35.060359441095343, 32.434340686642948 ], [ 35.060459630223058, 32.434546230242908 ], [ 35.060542162073908, 32.434676514140897 ], [ 35.060636498084378, 32.434801880030413 ], [ 35.06076621487535, 32.434932217620528 ], [ 35.060901889295593, 32.435077637931293 ], [ 35.061078719761198, 32.435358366852732 ], [ 35.061103847492205, 32.435543112502955 ], [ 35.061103601887233, 32.435698381634182 ], [ 35.061085578493703, 32.435958881211597 ], [ 35.061014404937751, 32.436104065868271 ], [ 35.060884067734243, 32.436259186831172 ], [ 35.060747954774094, 32.436389221257052 ], [ 35.060653155720807, 32.436554527139172 ], [ 35.060611562984022, 32.436694672985631 ], [ 35.060676255674998, 32.436865092263659 ], [ 35.060817906281621, 32.437015450866788 ], [ 35.060971512156961, 32.437065785485082 ], [ 35.061178348557235, 32.437076024579767 ], [ 35.061402622591316, 32.437196465210747 ], [ 35.061485142195068, 32.437336893069762 ], [ 35.061567377901895, 32.43765752882279 ], [ 35.061691087601773, 32.437913116728069 ], [ 35.061714167695101, 32.438238757641301 ], [ 35.061808461777851, 32.438394133769194 ], [ 35.062316624550931, 32.438449799044577 ], [ 35.062292795548792, 32.438600110083037 ], [ 35.062237200594993, 32.438876206966818 ], [ 35.06217294203681, 32.439273043406196 ], [ 35.062449538298686, 32.439513586095842 ], [ 35.06268498120977, 32.439721675394281 ], [ 35.063002922276851, 32.439981284562592 ], [ 35.063181091551527, 32.44015957919116 ], [ 35.063418054905853, 32.44035371993288 ], [ 35.063592931807634, 32.440513270887763 ], [ 35.063752071175642, 32.440642933706272 ], [ 35.063885656635371, 32.440751151362022 ], [ 35.064114621928276, 32.440961907788108 ], [ 35.064305481419545, 32.441102454350911 ], [ 35.064499431615374, 32.441286259653673 ], [ 35.06461702656766, 32.441421370226166 ], [ 35.064753866695817, 32.441575382318689 ], [ 35.064890507710743, 32.441751092285543 ], [ 35.065071571149893, 32.441996877405941 ], [ 35.065154179650683, 32.442194084640825 ], [ 35.065240361356089, 32.442336909254998 ], [ 35.065319701280544, 32.44249902923589 ], [ 35.065453100906318, 32.442731375860561 ], [ 35.065542111934221, 32.442871808118426 ], [ 35.06564694611275, 32.443095950963873 ], [ 35.06569428177108, 32.44332552541411 ], [ 35.065697215641201, 32.443471216835562 ], [ 35.065700125351185, 32.443741179966132 ], [ 35.06569991862267, 32.443876159697218 ], [ 35.065670805130928, 32.444116358135986 ], [ 35.065648304045567, 32.444270193584693 ], [ 35.065612830319139, 32.444431904998943 ], [ 35.065571179161701, 32.44461277166895 ], [ 35.065529391283029, 32.444882685475548 ], [ 35.065513088054715, 32.445112048845075 ], [ 35.065490615409033, 32.445247003989721 ], [ 35.065483762271313, 32.445490044833981 ], [ 35.065493134685127, 32.445662795654073 ], [ 35.06545782174932, 32.445827466014784 ], [ 35.065457502874125, 32.446035289641181 ], [ 35.065470028283102, 32.446210720981 ], [ 35.065454041537926, 32.446558438626646 ], [ 35.065450644223887, 32.446714972108211 ], [ 35.06544703922016, 32.446898557694055 ], [ 35.065453233813706, 32.4470848311407 ], [ 35.065443360145963, 32.447238680409434 ], [ 35.065427014733267, 32.447495095969231 ], [ 35.065398381809736, 32.447745721154391 ], [ 35.065411622236148, 32.447996674337531 ], [ 35.065418064020818, 32.448346670990929 ], [ 35.065427990098797, 32.448591843691268 ], [ 35.065427641061284, 32.448819251952017 ], [ 35.065451466652, 32.448994413891029 ], [ 35.065540601993632, 32.449274475618964 ], [ 35.065598896636082, 32.449402897538469 ], [ 35.065664008700956, 32.449528508988621 ], [ 35.065830719979843, 32.44982598632339 ], [ 35.065902789610931, 32.449966117743074 ], [ 35.06599210994608, 32.450126698219883 ], [ 35.066091711008326, 32.450301802365345 ], [ 35.066228975430526, 32.450514849187883 ], [ 35.066321839771959, 32.450640490724894 ], [ 35.066414547432935, 32.450760073426842 ], [ 35.066545075560555, 32.450923657486967 ], [ 35.066668831184607, 32.451060886168797 ], [ 35.066782140386216, 32.451183590868894 ], [ 35.066974581590713, 32.45139373829192 ], [ 35.067088088781439, 32.451496012791388 ], [ 35.067270177260198, 32.45163034561682 ], [ 35.067473033476119, 32.451767659607263 ], [ 35.067630215973089, 32.451889424948526 ], [ 35.067843393734961, 32.452015055057174 ], [ 35.068101412571998, 32.452158345529973 ], [ 35.068328441058775, 32.452246088383269 ], [ 35.068586356447433, 32.452348517479628 ], [ 35.068823863746523, 32.452430353045671 ], [ 35.06899925246266, 32.452491832151139 ], [ 35.069240079382993, 32.45257677024528 ], [ 35.069580826002365, 32.452629549371579 ], [ 35.069790605275948, 32.452696840984814 ], [ 35.069969493426754, 32.452752545682614 ], [ 35.070169022215993, 32.452784883149391 ], [ 35.070372176968284, 32.452837513395046 ], [ 35.070671499888007, 32.45292251099594 ], [ 35.070843405497371, 32.452981024985917 ], [ 35.07108772535959, 32.453065822351896 ], [ 35.071356076794935, 32.453194463747195 ], [ 35.071543710753957, 32.453293430968493 ], [ 35.071787946464461, 32.453436699331604 ], [ 35.071970080049702, 32.453547636406746 ], [ 35.072148847729984, 32.453687876353101 ], [ 35.072306992928041, 32.453839788901121 ], [ 35.072451354550019, 32.453985769112641 ], [ 35.072568118408576, 32.454140455908352 ], [ 35.072657463081669, 32.454295254806993 ], [ 35.07273634763618, 32.454443984112523 ], [ 35.072835966276585, 32.454619223748132 ], [ 35.072921805339575, 32.454785572375698 ], [ 35.072997379644896, 32.454925703307921 ], [ 35.073079699885575, 32.455112478275481 ], [ 35.073178433672069, 32.455325899902228 ], [ 35.073308488062807, 32.455600080841776 ], [ 35.073370773672984, 32.455737097955712 ], [ 35.073511356102806, 32.455971556555511 ], [ 35.073240225252057, 32.455918297010989 ], [ 35.073073238443762, 32.456015342176833 ], [ 35.072979172792216, 32.456134584138873 ], [ 35.072879705553781, 32.456311306525201 ], [ 35.072796096102458, 32.456439294903355 ], [ 35.072728100984733, 32.456571808268158 ], [ 35.072665384750756, 32.456730956722431 ], [ 35.072557786775555, 32.457012497982298 ], [ 35.072439946782225, 32.457251477395964 ], [ 35.072369298372124, 32.457379338154205 ], [ 35.072248167043355, 32.457595488548179 ], [ 35.072190771061734, 32.457751965271363 ], [ 35.072183878559343, 32.457919766793204 ], [ 35.072203708479833, 32.458110421739917 ], [ 35.072250460518077, 32.458301104935622 ], [ 35.072327433476573, 32.458509009287226 ], [ 35.072414411447916, 32.45869395780619 ], [ 35.072479524010348, 32.458830273771298 ], [ 35.072613583088469, 32.458981174306459 ], [ 35.072767759428984, 32.459126459834998 ], [ 35.072868319844119, 32.459228997283809 ], [ 35.07297900972884, 32.459337181117149 ], [ 35.073082894367211, 32.459439721861457 ], [ 35.073193584561615, 32.459548046401004 ], [ 35.073334500814937, 32.459670492040736 ], [ 35.07345184747571, 32.459773046488635 ], [ 35.073582622866731, 32.45989829924698 ], [ 35.073689828329961, 32.46000380177734 ], [ 35.073797196368645, 32.460111981432632 ], [ 35.073904406601166, 32.460214524938813 ], [ 35.074001637609172, 32.460322693910491 ], [ 35.074105512162788, 32.460433828524032 ], [ 35.074224583184957, 32.460609791523211 ], [ 35.074368732149317, 32.46079775657735 ], [ 35.074516144248932, 32.461028416708984 ], [ 35.074619971346692, 32.461173647984133 ], [ 35.074707029845044, 32.461307449218957 ], [ 35.07477065564278, 32.461441226268299 ], [ 35.074928223826547, 32.461660483672929 ], [ 35.075021963552132, 32.461771466191614 ], [ 35.075179654634695, 32.461905480545092 ], [ 35.07531715211816, 32.461982410600733 ], [ 35.075488378850025, 32.462065010935014 ], [ 35.075686322205442, 32.462176240497307 ], [ 35.075833836530663, 32.462221901031739 ], [ 35.076005112565262, 32.462270403572063 ], [ 35.076203109300749, 32.462344717289383 ], [ 35.076360737811349, 32.462407436073541 ], [ 35.076518508642458, 32.462487203374188 ], [ 35.076702980602846, 32.462606871486727 ], [ 35.076842276802665, 32.462706345258596 ], [ 35.076989834591274, 32.462840206167819 ], [ 35.077140660623208, 32.463013944129685 ], [ 35.077294791133937, 32.463201915865668 ], [ 35.077418900934283, 32.463347165267585 ], [ 35.077596636432745, 32.46353220158813 ], [ 35.077844739795125, 32.463788602409828 ], [ 35.078112934614218, 32.46405911261224 ], [ 35.078320892789492, 32.464264185611967 ], [ 35.078501967627894, 32.464440770143206 ], [ 35.078699821049703, 32.464623147949091 ], [ 35.078843878730311, 32.464768415834087 ], [ 35.078972987292531, 32.464907750976543 ], [ 35.079177482801349, 32.465095770526737 ], [ 35.07933187394238, 32.465221040717658 ], [ 35.079496015980745, 32.465386335199454 ], [ 35.079955435187749, 32.465836252231568 ], [ 35.080079564481501, 32.465973045149063 ], [ 35.080284115525416, 32.466124006969324 ], [ 35.080478687527332, 32.466280594520512 ], [ 35.080575932711007, 32.466388899243888 ], [ 35.080753719334268, 32.466545610752348 ], [ 35.080934846356378, 32.466690771713445 ], [ 35.081062167237349, 32.466804741433798 ], [ 35.081218225340976, 32.466930433610266 ], [ 35.081418280750242, 32.467090406591474 ], [ 35.081577145955023, 32.467230331675495 ], [ 35.081735991403278, 32.46738519163754 ], [ 35.081912614188845, 32.467545140991412 ], [ 35.082071494481539, 32.467675061759721 ], [ 35.08224200943522, 32.467804993615225 ], [ 35.082365716209715, 32.467889933679785 ], [ 35.082576471217493, 32.468006518848334 ], [ 35.082876015022983, 32.468096700734101 ], [ 35.083101806950587, 32.468155531700774 ], [ 35.08336917101505, 32.468198762650673 ], [ 35.08365966379192, 32.468222430511915 ], [ 35.083959131537647, 32.468246247186578 ], [ 35.084222029556344, 32.468273832468633 ], [ 35.084378718244068, 32.468305261113002 ], [ 35.084724339705176, 32.468368007574966 ], [ 35.084936343792343, 32.468422877023848 ], [ 35.085092971118428, 32.468501223473474 ], [ 35.085258859961087, 32.468614661883578 ], [ 35.085410808599121, 32.468712447315141 ], [ 35.085599619137291, 32.468837601399251 ], [ 35.085839201800589, 32.469029306475633 ], [ 35.086023277988112, 32.469217013791543 ], [ 35.086189036576563, 32.46943203767956 ], [ 35.086382335291113, 32.469686115668758 ], [ 35.086455968007137, 32.469811160427554 ], [ 35.086601997955796, 32.469989391120592 ], [ 35.086762182114889, 32.47014762747596 ], [ 35.086883353633297, 32.47027074383049 ], [ 35.08700902241366, 32.470386678507275 ], [ 35.087175664174168, 32.470564927739936 ], [ 35.087296950496032, 32.470728622164167 ], [ 35.087426780574233, 32.470840756066018 ], [ 35.087602299277236, 32.47096772642562 ], [ 35.087751752183102, 32.471072551543926 ], [ 35.087912006671907, 32.471179218141287 ], [ 35.088069103742335, 32.471285740718571 ], [ 35.088283645847504, 32.471442052772161 ], [ 35.088400513624066, 32.471554314600539 ], [ 35.088411124146781, 32.471704943367435 ], [ 35.088437000233327, 32.471875734476122 ], [ 35.08853652636796, 32.472032080982736 ], [ 35.088666528406435, 32.472142382083788 ], [ 35.088798560405927, 32.47222520998293 ], [ 35.088941529859774, 32.472333691042714 ], [ 35.089071563183069, 32.472420180144596 ], [ 35.089237323281345, 32.472513746653398 ], [ 35.089445392707894, 32.472666387458105 ], [ 35.089557965424206, 32.472760186756204 ], [ 35.089711684519578, 32.472912777522183 ], [ 35.089861036041263, 32.473102138256678 ], [ 35.089951918272874, 32.47326213907742 ], [ 35.090018875553994, 32.473414650548612 ], [ 35.09007954953136, 32.473541372114376 ], [ 35.090204875212535, 32.473804258861819 ], [ 35.090268516144484, 32.473951131297987 ], [ 35.090328964380511, 32.474125616625543 ], [ 35.090411126632318, 32.474348026575676 ], [ 35.090467293029135, 32.474491369705305 ], [ 35.090547406165925, 32.474625576160669 ], [ 35.090686020576562, 32.474765330406683 ], [ 35.090796427178994, 32.474866453259772 ], [ 35.090989191904519, 32.475035703502158 ], [ 35.091153073771423, 32.475174493709325 ], [ 35.091334598719889, 32.475294419348941 ], [ 35.091499346965065, 32.475405734961655 ], [ 35.091684172423605, 32.47554552953266 ], [ 35.091828625146668, 32.475671198031243 ], [ 35.092037036890574, 32.475825243767652 ], [ 35.092171567123977, 32.47591088826217 ], [ 35.092305938553544, 32.475990755693608 ], [ 35.092480828575667, 32.47610207904355 ], [ 35.092662399445331, 32.476187764826051 ], [ 35.092837173252022, 32.476259213725456 ], [ 35.093005347697961, 32.476290782692075 ], [ 35.093208124665196, 32.47629885220578 ], [ 35.093469553856167, 32.47632571239447 ], [ 35.093670961005415, 32.476366608955722 ], [ 35.093853256620143, 32.476404670472384 ], [ 35.094073915776676, 32.476469958474709 ], [ 35.094301031382322, 32.476556949874208 ], [ 35.094467324543118, 32.476632897794602 ], [ 35.094633650643686, 32.476681934198297 ], [ 35.094806270555715, 32.476749715161525 ], [ 35.095007659661967, 32.476806812721392 ], [ 35.095263559205954, 32.476872129256961 ], [ 35.095428714154743, 32.476928208443375 ], [ 35.095671776290693, 32.477026060238373 ], [ 35.095866840393903, 32.477091322984272 ], [ 35.096119368383292, 32.477197213202963 ], [ 35.096269723266253, 32.477259618916555 ], [ 35.096483874580031, 32.477349272277486 ], [ 35.096666124866125, 32.47742804890683 ], [ 35.096819651611632, 32.477479607609702 ], [ 35.096995602121375, 32.477544852267101 ], [ 35.097161749019193, 32.477607411283934 ], [ 35.097337709699239, 32.477664483446631 ], [ 35.09770225507458, 32.477786668862159 ], [ 35.097996546897527, 32.477860184399411 ], [ 35.098222879697758, 32.477912225602886 ], [ 35.098488454276996, 32.477953027666047 ], [ 35.098744221850112, 32.477993961834514 ], [ 35.099012945599632, 32.478042937458689 ], [ 35.099268895612489, 32.478070344604888 ], [ 35.099470340843617, 32.478084038801036 ], [ 35.099684767108712, 32.478084217365435 ], [ 35.099854313459197, 32.478084358297302 ], [ 35.10013573349412, 32.478079096735904 ], [ 35.100484467052574, 32.478079385115819 ], [ 35.100737136787778, 32.478068744386782 ], [ 35.100945083433857, 32.478066238425413 ], [ 35.101242611289315, 32.478074654633446 ], [ 35.101447344226514, 32.478120895561069 ], [ 35.101645619365542, 32.47814543275053 ], [ 35.101846412388731, 32.478148414442416 ], [ 35.102169381816687, 32.478148677161315 ], [ 35.102425375997342, 32.478138035743633 ], [ 35.102604621383747, 32.478086612535677 ], [ 35.102803006294721, 32.478013647283937 ], [ 35.103059094117441, 32.477919030053016 ], [ 35.103273432723377, 32.477848613045914 ], [ 35.103535808815046, 32.477778375071537 ], [ 35.103750303688507, 32.477716270297371 ], [ 35.103889487493987, 32.477815009401127 ], [ 35.104089677177875, 32.477761910032498 ], [ 35.10426832712615, 32.477646234949688 ], [ 35.10453805152455, 32.47754345352282 ], [ 35.104712820708095, 32.477479202127668 ], [ 35.104975081834048, 32.477360351592189 ], [ 35.105176477321258, 32.477267236694495 ], [ 35.105362788778145, 32.477135362930426 ], [ 35.105537651460459, 32.476984317903273 ], [ 35.105685879817166, 32.476868616893846 ], [ 35.105864533023684, 32.47674645826482 ], [ 35.10606448862125, 32.476599659045021 ], [ 35.1061671751864, 32.476480681243338 ], [ 35.106269844054403, 32.476377765601839 ], [ 35.106361241130799, 32.476245957206544 ], [ 35.106475243785368, 32.476114025432423 ], [ 35.10663501166816, 32.475930701688306 ], [ 35.106768225750002, 32.475708751355207 ], [ 35.106870986642996, 32.475519042704043 ], [ 35.107060855247127, 32.475474102614314 ], [ 35.107303944579051, 32.475554742564555 ], [ 35.107486212647174, 32.475622372705864 ], [ 35.107660834830334, 32.475690137604232 ], [ 35.107850576316345, 32.475764254224025 ], [ 35.108086007311691, 32.475857849315041 ], [ 35.108275929343499, 32.475919143800638 ], [ 35.108492307650387, 32.475954674002288 ], [ 35.108750542397821, 32.476019260432643 ], [ 35.108955570715075, 32.476099868263184 ], [ 35.109092290440472, 32.476173942794858 ], [ 35.109231328258552, 32.476256754545808 ], [ 35.109455262554121, 32.476379222269607 ], [ 35.109626027585996, 32.47648234668079 ], [ 35.109766561308227, 32.476566145243005 ], [ 35.109899445963244, 32.476653037639721 ], [ 35.110074018316816, 32.47677222655819 ], [ 35.110206920151555, 32.476843197278178 ], [ 35.110464959083458, 32.476939904559686 ], [ 35.110719331657506, 32.477046330476718 ], [ 35.110859794118738, 32.477200858059362 ], [ 35.110946943331228, 32.477313640398108 ], [ 35.11107977046867, 32.477458440167439 ], [ 35.11121640761553, 32.477616346035404 ], [ 35.111470677293866, 32.477825625158225 ], [ 35.111633883680312, 32.477848289062372 ], [ 35.111850493414728, 32.47782590499223 ], [ 35.112101139043055, 32.477842151288414 ], [ 35.112264475669633, 32.477900320513861 ], [ 35.112455523696021, 32.478005569368236 ], [ 35.112614930068773, 32.478169830702335 ], [ 35.112690714133166, 32.47834685255863 ], [ 35.112755032405147, 32.478520625386587 ], [ 35.112830777804838, 32.478736393790463 ], [ 35.112925603647447, 32.478987400252855 ], [ 35.113016499009262, 32.479180636023798 ], [ 35.113088516740298, 32.479302986856709 ], [ 35.113228990018051, 32.479454271126215 ], [ 35.113411257347849, 32.479534855180191 ], [ 35.113597188314607, 32.479609101249295 ], [ 35.113893473757742, 32.479702588427969 ], [ 35.114053666617657, 32.479750749374922 ], [ 35.114779193639457, 32.479964726937972 ], [ 35.114942392041286, 32.480000208167006 ], [ 35.115211445692324, 32.480066761565446 ], [ 35.115450093038675, 32.480120471281879 ], [ 35.115743094720969, 32.480176050502671 ], [ 35.11593222981228, 32.48020675821769 ], [ 35.116200290753, 32.480269927277206 ], [ 35.116385102537009, 32.480302462942468 ], [ 35.116646354411898, 32.480359849515324 ], [ 35.11683116094779, 32.480398161296797 ], [ 35.117024934605034, 32.480446060024384 ], [ 35.117209562346844, 32.480497756335922 ], [ 35.11738537473574, 32.480555223057365 ], [ 35.117576329800748, 32.480596215036726 ], [ 35.117756490159195, 32.480626913819087 ], [ 35.118017920976385, 32.480672885014911 ], [ 35.118184586371086, 32.480735980219215 ], [ 35.118348928440867, 32.480795269396708 ], [ 35.118695914511783, 32.480896670143494 ], [ 35.11902481131311, 32.48096762392565 ], [ 35.11925679273034, 32.481044147204308 ], [ 35.11952432304431, 32.481146478170821 ], [ 35.119785543635665, 32.481242041273262 ], [ 35.120046920230791, 32.481349157485731 ], [ 35.120254124880738, 32.481437074967587 ], [ 35.120702290339622, 32.481601518705958 ], [ 35.120927609796219, 32.481695223895407 ], [ 35.121105565018105, 32.481777484694291 ], [ 35.121260946848139, 32.481823378926123 ], [ 35.121420797753863, 32.48189026955378 ], [ 35.121596577089889, 32.481989717646499 ], [ 35.121735641372737, 32.482065893393006 ], [ 35.121895645404834, 32.482148000383468 ], [ 35.122042041354575, 32.482205441305936 ], [ 35.122228955925713, 32.482308700014244 ], [ 35.122368528358606, 32.482375576194194 ], [ 35.122526192388115, 32.482473038618309 ], [ 35.122762781662004, 32.482608735122874 ], [ 35.122933907768072, 32.482710009980977 ], [ 35.123213214397268, 32.482851510049933 ], [ 35.123533044852785, 32.483034881919188 ], [ 35.123861859756715, 32.483210791185535 ], [ 35.124115887655897, 32.483368617104468 ], [ 35.124291666093661, 32.483475669847287 ], [ 35.124584410060898, 32.483653385912632 ], [ 35.124757971687337, 32.483636306437511 ], [ 35.125005802176851, 32.483661260866867 ], [ 35.125264891470223, 32.483737790148361 ], [ 35.125481094922975, 32.483812319456149 ], [ 35.125713075757623, 32.483904188573554 ], [ 35.125869196245119, 32.484063499558161 ], [ 35.125608042813433, 32.484064886205928 ], [ 35.125671897765947, 32.484231184480485 ], [ 35.1257570779172, 32.484343391645993 ], [ 35.12585504591604, 32.48446983731715 ], [ 35.125948839389636, 32.484618119322327 ], [ 35.12612353292878, 32.484831545946321 ], [ 35.126268555633345, 32.48494731238177 ], [ 35.126443319200327, 32.485081131871191 ], [ 35.126605295665321, 32.485200430836201 ], [ 35.126903831174964, 32.485421118587205 ], [ 35.127035917286562, 32.48550432899097 ], [ 35.12726619047946, 32.485656216233792 ], [ 35.127503438099822, 32.485817829196016 ], [ 35.127673895344465, 32.485937131955751 ], [ 35.127904173692514, 32.486085495605082 ], [ 35.128266526042424, 32.486335102721227 ], [ 35.12852240695004, 32.486483480716991 ], [ 35.128778285751814, 32.486635380609187 ], [ 35.128987310260612, 32.48675850895961 ], [ 35.129128050729008, 32.486834395704321 ], [ 35.129426473503628, 32.48700449539966 ], [ 35.129605567929609, 32.487138313042252 ], [ 35.129776193654976, 32.487261276351767 ], [ 35.129989359207073, 32.487405962695775 ], [ 35.130202531339137, 32.487543462942654 ], [ 35.130356053727063, 32.487644717266875 ], [ 35.130488143272608, 32.487731587343006 ], [ 35.130645988539449, 32.48783284384983 ], [ 35.130773928487464, 32.487912525455187 ], [ 35.13093592158215, 32.488024633076002 ], [ 35.131089433840799, 32.488140398863443 ], [ 35.131335665447992, 32.488309900003451 ], [ 35.131484903141988, 32.488367754241366 ], [ 35.131783504601486, 32.488534185101926 ], [ 35.132060682292185, 32.488675241516617 ], [ 35.132393353845629, 32.488856202871553 ], [ 35.13255969297736, 32.488943090351796 ], [ 35.132713243289153, 32.489015457958921 ], [ 35.132853996090027, 32.489084154787072 ], [ 35.133075660579301, 32.489214469230312 ], [ 35.133276049516475, 32.489341107942764 ], [ 35.133467954984482, 32.489474927288065 ], [ 35.133672644774599, 32.489630451625892 ], [ 35.133813359766677, 32.489749729292953 ], [ 35.133966889839307, 32.489851120084879 ], [ 35.134120406344799, 32.489970404569071 ], [ 35.134367648490851, 32.490136800572635 ], [ 35.13449558942623, 32.490223664106161 ], [ 35.134627850246964, 32.490314052322532 ], [ 35.134862304468946, 32.490466068787875 ], [ 35.135020170552636, 32.490552807419498 ], [ 35.135156596711376, 32.49063248921999 ], [ 35.13529735938269, 32.490693997573032 ], [ 35.135503920187475, 32.490801755939181 ], [ 35.135711149572607, 32.490905428324311 ], [ 35.13606441727935, 32.491131196326634 ], [ 35.13622162611459, 32.491210747353598 ], [ 35.136470231755474, 32.491342197549166 ], [ 35.136642558665891, 32.491436550364597 ], [ 35.136793106236013, 32.491532722901766 ], [ 35.136956618552418, 32.491632706418109 ], [ 35.137258889009146, 32.491811665993389 ], [ 35.137415761634173, 32.491899246455574 ], [ 35.137622153147092, 32.492018272976004 ], [ 35.137803794818623, 32.492109388511224 ], [ 35.137940056323757, 32.492193434989538 ], [ 35.138096932855973, 32.492277492182623 ], [ 35.138274588144405, 32.49236508251721 ], [ 35.138509893695442, 32.492505257270913 ], [ 35.138741033725076, 32.492659237285856 ], [ 35.13890206037992, 32.492753862888314 ], [ 35.13914153940884, 32.492872904121 ], [ 35.139385155138257, 32.493019985476359 ], [ 35.139686591491063, 32.493216128154316 ], [ 35.139996336746535, 32.493419178295674 ], [ 35.139634794352659, 32.493578487791652 ], [ 35.139386836713577, 32.493686850378516 ], [ 35.139081174222675, 32.493816176140264 ], [ 35.138738076384051, 32.493983946420677 ], [ 35.13838697167391, 32.494186653934428 ], [ 35.138031558148903, 32.494368505481944 ], [ 35.137833149962823, 32.494462801447689 ], [ 35.13790336392816, 32.494613316205076 ], [ 35.13798589108017, 32.494749888650077 ], [ 35.13807655722573, 32.49489689168059 ], [ 35.138266361598426, 32.495201469237379 ], [ 35.138361182526864, 32.495351855755949 ], [ 35.13843141842306, 32.495474472675269 ], [ 35.138595336878012, 32.495713941891019 ], [ 35.13873150288785, 32.49593789777547 ], [ 35.13886352831031, 32.496140998647959 ], [ 35.138974969122053, 32.496301960584709 ], [ 35.139487061407266, 32.496267283433198 ], [ 35.140015915292331, 32.496274459072495 ], [ 35.140338120911764, 32.496271242000709 ], [ 35.140643710996727, 32.496253785127223 ], [ 35.141184877469357, 32.496247154222303 ], [ 35.142242423879225, 32.496254584993757 ], [ 35.142596706070691, 32.496266876608843 ], [ 35.142898284104362, 32.496280973134319 ], [ 35.143208186841989, 32.496277601803662 ], [ 35.14359223952998, 32.496274265563947 ], [ 35.143840138253083, 32.49625691393247 ], [ 35.144178805332935, 32.496250172532463 ], [ 35.144430846428911, 32.496253674420906 ], [ 35.144769504251549, 32.496260880193262 ], [ 35.144918238493716, 32.496358873746267 ], [ 35.145095730611025, 32.496464066406915 ], [ 35.145306303681572, 32.496576037393638 ], [ 35.145459209032076, 32.496653179561783 ], [ 35.145645013072809, 32.496761615959016 ], [ 35.145859727962261, 32.496898244857427 ], [ 35.146111503079339, 32.497059265674096 ], [ 35.146247777512656, 32.497146825523565 ], [ 35.14638472718908, 32.497218886908477 ], [ 35.146538963074754, 32.497298423613969 ], [ 35.146753870127917, 32.497398558844012 ], [ 35.146993025251639, 32.497539705682783 ], [ 35.147204917997769, 32.497675767397787 ], [ 35.147401520498711, 32.497804072515223 ], [ 35.147646674256386, 32.497927326953473 ], [ 35.147858586615762, 32.498035067354074 ], [ 35.148003829536258, 32.498142918429451 ], [ 35.148167364558731, 32.498245564337807 ], [ 35.148363324200076, 32.498342306819744 ], [ 35.148490458652191, 32.498429578361538 ], [ 35.148678096062547, 32.498542519760043 ], [ 35.148889998459211, 32.498670829311514 ], [ 35.14903525312878, 32.498763180568467 ], [ 35.149201627802, 32.498847932508205 ], [ 35.149337911277144, 32.498929994027691 ], [ 35.14953768464926, 32.499048152620219 ], [ 35.14976472694724, 32.499163645702325 ], [ 35.149903848639219, 32.499227813973434 ], [ 35.150049123715583, 32.499289448610071 ], [ 35.150245909233597, 32.499402391609031 ], [ 35.150436551308353, 32.499502369179993 ], [ 35.150578816102303, 32.499594858259115 ], [ 35.150699967524417, 32.499684661132534 ], [ 35.150848201690621, 32.499805190867384 ], [ 35.151032852185708, 32.499918127462429 ], [ 35.151216663122682, 32.50004585756804 ], [ 35.151374048973842, 32.50015624599358 ], [ 35.151591963884698, 32.500251301915377 ], [ 35.151800889156654, 32.500366783700187 ], [ 35.151918883826688, 32.50045658407074 ], [ 35.152076271251552, 32.50056697161245 ], [ 35.152294174648951, 32.500684992444256 ], [ 35.152536361960458, 32.500787665186422 ], [ 35.152727024078736, 32.500862137003963 ], [ 35.152929801883502, 32.500975078242533 ], [ 35.153159838852154, 32.501103387978638 ], [ 35.153311260839615, 32.501182915196523 ], [ 35.153553436212761, 32.501311229137634 ], [ 35.15368058270478, 32.50139342313031 ], [ 35.153843969552867, 32.501485776110272 ], [ 35.153998378407231, 32.501578125280787 ], [ 35.154164760103477, 32.501667942904184 ], [ 35.154382013963428, 32.501767643296532 ], [ 35.154575830254991, 32.501857471277397 ], [ 35.15473622738638, 32.50194742666833 ], [ 35.154881487665307, 32.502050056583272 ], [ 35.155011608251534, 32.502170574243756 ], [ 35.155108468784, 32.502304041220363 ], [ 35.155205152211678, 32.502457938043428 ], [ 35.155329267307565, 32.5026169177643 ], [ 35.155453403601761, 32.502737573520285 ], [ 35.155577355991369, 32.502891480652842 ], [ 35.155737760129433, 32.502973685449653 ], [ 35.155895244804618, 32.502919782904861 ], [ 35.156149618067047, 32.502950737045147 ], [ 35.156422088894644, 32.503030306863209 ], [ 35.156676438313433, 32.503107333081374 ], [ 35.156861137913197, 32.50315361705281 ], [ 35.157066957617843, 32.503192582082846 ], [ 35.157281581274361, 32.503247753169497 ], [ 35.157447491374747, 32.503297410757092 ], [ 35.157655797233488, 32.503352719743418 ], [ 35.157821706352699, 32.50340505386982 ], [ 35.158007067666766, 32.503460212881059 ], [ 35.158221870038169, 32.503493402576893 ], [ 35.158370823612316, 32.503539248515906 ], [ 35.15857248547951, 32.503583422730358 ], [ 35.158842648998203, 32.503630439373978 ], [ 35.159083379050266, 32.50368561683505 ], [ 35.159245965561354, 32.503735270851621 ], [ 35.159398914099974, 32.503773931285707 ], [ 35.159587607977144, 32.503818099233129 ], [ 35.15983813936937, 32.503892581556777 ], [ 35.160088672488151, 32.503964386348521 ], [ 35.160254586828245, 32.504011222302758 ], [ 35.160407532219033, 32.504058194400336 ], [ 35.160628624507048, 32.504154644699931 ], [ 35.16077820499784, 32.504284321401812 ], [ 35.160905177191083, 32.504405536321691 ], [ 35.161025479006021, 32.504568172371336 ], [ 35.161119673983457, 32.504736435181997 ], [ 35.161210690484864, 32.504945838590878 ], [ 35.161288752585833, 32.505125085648949 ], [ 35.161364336820469, 32.505270939348712 ], [ 35.161478004107849, 32.505403279939685 ], [ 35.161582194188149, 32.505535617200309 ], [ 35.161669928823791, 32.505656817965665 ], [ 35.161780436525611, 32.505791975131324 ], [ 35.16187813898965, 32.505932481934174 ], [ 35.161969025796367, 32.506070309327548 ], [ 35.162053604776467, 32.506186154687128 ], [ 35.162232574949385, 32.506414889693993 ], [ 35.162365857600925, 32.50656386181042 ], [ 35.162499135659672, 32.506723682804683 ], [ 35.162639048584701, 32.50691943444091 ], [ 35.16276714401954, 32.507142375011661 ], [ 35.162838753049627, 32.507263569595146 ], [ 35.16297534454214, 32.507453824784598 ], [ 35.163095662964942, 32.507597155979447 ], [ 35.163209486891354, 32.507762605663316 ], [ 35.163336268353468, 32.507955534265584 ], [ 35.1634891496618, 32.508162279070113 ], [ 35.163661479950711, 32.508382837826993 ], [ 35.163798088546336, 32.508542658479996 ], [ 35.163947657438804, 32.508724603878974 ], [ 35.164048540466879, 32.508832140206998 ], [ 35.164198145899078, 32.508934197073565 ], [ 35.164383499237211, 32.50904176009508 ], [ 35.164594459033935, 32.509151585288564 ], [ 35.164747388789543, 32.509259137507172 ], [ 35.164958851759572, 32.509361212945329 ], [ 35.165128094517485, 32.50943016421035 ], [ 35.165306980611476, 32.509501795274858 ], [ 35.165433814154618, 32.509590035741518 ], [ 35.165681165683687, 32.509761019386623 ], [ 35.16589578553134, 32.509874084129471 ], [ 35.166165776301057, 32.509989842376044 ], [ 35.166390381099625, 32.5100864244341 ], [ 35.166582218600375, 32.510207793999193 ], [ 35.166735162852994, 32.510290546034696 ], [ 35.166901060206932, 32.510414584371105 ], [ 35.167066962559161, 32.510527632574181 ], [ 35.167255645966094, 32.510640687285289 ], [ 35.167463957949856, 32.510737121709816 ], [ 35.167713335205327, 32.510850616226229 ], [ 35.168037157562743, 32.511088684135494 ], [ 35.168219014462011, 32.511229914682659 ], [ 35.168342361384731, 32.511318010296137 ], [ 35.168550319867776, 32.511474041951374 ], [ 35.168682306233336, 32.511582287862424 ], [ 35.168883616710559, 32.511732822117004 ], [ 35.169106697506287, 32.511918163542582 ], [ 35.169303696769589, 32.512041080233367 ], [ 35.169431532710512, 32.512136502628344 ], [ 35.169629688479439, 32.51228125805185 ], [ 35.169815874390082, 32.512420655810843 ], [ 35.169926250733113, 32.512517904548183 ], [ 35.170118921985036, 32.512659276178994 ], [ 35.17024674857938, 32.51278400416134 ], [ 35.170402676518904, 32.512912402912853 ], [ 35.170528177913802, 32.513031635021278 ], [ 35.170651516491731, 32.51315467062156 ], [ 35.170759895095415, 32.513262907990196 ], [ 35.170881076703743, 32.513374811978963 ], [ 35.170997939207716, 32.513475724793423 ], [ 35.171144225460502, 32.513602147504287 ], [ 35.171267569740259, 32.513714051686833 ], [ 35.171423495334281, 32.513857243262024 ], [ 35.171542520148051, 32.513959987781568 ], [ 35.17166171152094, 32.514062732230279 ], [ 35.171800184039412, 32.514189293029681 ], [ 35.171925859294021, 32.514297533858624 ], [ 35.172040561746272, 32.514400276784258 ], [ 35.172200814576669, 32.514539805192115 ], [ 35.172324166650803, 32.514637055115827 ], [ 35.172447683335882, 32.514739799912427 ], [ 35.172685242336016, 32.514935846700816 ], [ 35.172849830946717, 32.515045928051109 ], [ 35.173107517758332, 32.515227607664734 ], [ 35.173291557748158, 32.515354178128568 ], [ 35.173475601390294, 32.515471590067129 ], [ 35.173689896126994, 32.515631277990401 ], [ 35.173902198597688, 32.515783638458508 ], [ 35.174068948338103, 32.515904708628888 ], [ 35.174242185135824, 32.516022116830065 ], [ 35.174447837160088, 32.516176306424569 ], [ 35.174678925455041, 32.516352340604222 ], [ 35.174830380149714, 32.516467911188194 ], [ 35.174953901592993, 32.516572485147911 ], [ 35.175148748210837, 32.516723007752759 ], [ 35.175380333985842, 32.516912003195173 ], [ 35.17559264119599, 32.517067883187387 ], [ 35.175713841462738, 32.517155971005913 ], [ 35.175887078706346, 32.517286339369392 ], [ 35.176097226416026, 32.517440386361443 ], [ 35.176337303406584, 32.517608951986496 ], [ 35.176519189809362, 32.517739180503966 ], [ 35.176681453883759, 32.517869404433114 ], [ 35.17685253093255, 32.518003434277546 ], [ 35.177008483388356, 32.518111676595083 ], [ 35.177155787167408, 32.518225411794894 ], [ 35.177354957593472, 32.518399743333319 ], [ 35.17745237057995, 32.518522625693436 ], [ 35.177536809369705, 32.518656636001737 ], [ 35.177547564689569, 32.518838112544138 ], [ 35.177528067539399, 32.518973791372417 ], [ 35.177523691379044, 32.519149910620378 ], [ 35.17751499090668, 32.51932786058881 ], [ 35.177508445731846, 32.519527790809654 ], [ 35.17748893745383, 32.519700102608972 ], [ 35.177471578885573, 32.519912992945592 ], [ 35.177486663468336, 32.520076153887686 ], [ 35.177516373083535, 32.520270878681536 ], [ 35.177537599213331, 32.520473350937046 ], [ 35.17756133397787, 32.520628623520729 ], [ 35.177601193303055, 32.52080644291015 ], [ 35.177632251526518, 32.520941427993563 ], [ 35.177681601106158, 32.521082757278137 ], [ 35.177757884954161, 32.521246917416526 ], [ 35.177829856592645, 32.5213724710637 ], [ 35.177959692300533, 32.521529597569923 ], [ 35.178064763665645, 32.521637827812555 ], [ 35.178190453275455, 32.521758179327527 ], [ 35.178353221659997, 32.521903054317875 ], [ 35.178480917125739, 32.521990436270286 ], [ 35.178647199181412, 32.522063736391182 ], [ 35.178739124740353, 32.522204651259088 ], [ 35.178791630275221, 32.522367960511851 ], [ 35.178870404732486, 32.522557059054314 ], [ 35.178993080695186, 32.522757438103675 ], [ 35.179155003032236, 32.522965292402546 ], [ 35.179317105848376, 32.52312481917523 ], [ 35.179474714908089, 32.523299138930092 ], [ 35.179566647085416, 32.523425259082458 ], [ 35.179747535516668, 32.523615927023442 ], [ 35.179913961490712, 32.523786584645762 ], [ 35.180032176225261, 32.523894111285848 ], [ 35.180181147994006, 32.524038840293663 ], [ 35.180325632920031, 32.524172437476381 ], [ 35.180483259493599, 32.52429490620397 ], [ 35.180702247130078, 32.524443311178551 ], [ 35.180873198657402, 32.524491529717338 ], [ 35.181201649438769, 32.524517515603613 ], [ 35.181534597283971, 32.524517576581189 ], [ 35.181705396126013, 32.524513944223372 ], [ 35.181871870042507, 32.52451397415561 ], [ 35.182060297470336, 32.524510344472652 ], [ 35.182436671631663, 32.524427986593224 ], [ 35.18261629622652, 32.524376027201541 ], [ 35.182800243693151, 32.524327872488264 ], [ 35.183102447635214, 32.524227746952569 ], [ 35.183413628891905, 32.524138752974316 ], [ 35.183715834911581, 32.524023831877933 ], [ 35.183943691067803, 32.523953421129605 ], [ 35.184215282975934, 32.523894147782414 ], [ 35.184456104582154, 32.523849663056417 ], [ 35.184683954890367, 32.523801371642818 ], [ 35.184924942294487, 32.523757026940494 ], [ 35.18512202229487, 32.523723664944356 ], [ 35.185415569049589, 32.52364579408858 ], [ 35.185674023999638, 32.523571580623297 ], [ 35.185844828535203, 32.523530746087502 ], [ 35.186125236634716, 32.52344920833621 ], [ 35.186304838547827, 32.523490094163058 ], [ 35.186462483861646, 32.52355309728307 ], [ 35.186688484297022, 32.523600047701429 ], [ 35.186929292421155, 32.523614875472632 ], [ 35.187100244981323, 32.52366688974864 ], [ 35.187139633272999, 32.523804127909713 ], [ 35.187231574557181, 32.523941373241414 ], [ 35.187340980439949, 32.524067490086402 ], [ 35.187494294453863, 32.52417881866068 ], [ 35.187669559333372, 32.524301280755246 ], [ 35.187914831992224, 32.524468274946145 ], [ 35.188125018644236, 32.524612861650162 ], [ 35.188230103236243, 32.52473531385278 ], [ 35.188304588048766, 32.524854098755675 ], [ 35.188405336660026, 32.52504699826094 ], [ 35.188523539665056, 32.525288086320757 ], [ 35.188698777110631, 32.525588639509266 ], [ 35.188808179346751, 32.52575927818183 ], [ 35.18895633741419, 32.525899910673239 ], [ 35.189180806673427, 32.52619328350297 ], [ 35.189296204305379, 32.526324753375853 ], [ 35.189408447486549, 32.526425366543243 ], [ 35.18961314078269, 32.526643356868483 ], [ 35.189722057103715, 32.526752423118502 ], [ 35.189837459876351, 32.526861349127799 ], [ 35.189969491888611, 32.52698436653634 ], [ 35.19008505978065, 32.527104564011204 ], [ 35.190180672665015, 32.527210810421614 ], [ 35.190298899314854, 32.527349042680029 ], [ 35.190514242767364, 32.527554915648899 ], [ 35.190611020935329, 32.527660457373635 ], [ 35.190741556705547, 32.527794322780991 ], [ 35.190883733823398, 32.527934952307817 ], [ 35.191050856301636, 32.528090519292512 ], [ 35.191163433844451, 32.528207615727517 ], [ 35.191276176272645, 32.528336547336103 ], [ 35.191416525390188, 32.528478725913367 ], [ 35.191531100135265, 32.528592581611868 ], [ 35.191706868155478, 32.528785063328371 ], [ 35.191821611837177, 32.528885533660358 ], [ 35.191987570475554, 32.529062938129812 ], [ 35.192111125550838, 32.529192997207232 ], [ 35.192218052549187, 32.529299243139732 ], [ 35.192325311508547, 32.52941239291151 ], [ 35.19243223830869, 32.529523992703147 ], [ 35.192565942067837, 32.529638271947661 ], [ 35.19268218182745, 32.529760439592572 ], [ 35.192788109762802, 32.529886128573445 ], [ 35.192894370089583, 32.530016044370228 ], [ 35.193007450969809, 32.530136379771456 ], [ 35.19311221863893, 32.530237552480003 ], [ 35.193230456183784, 32.530356056492757 ], [ 35.193338384410616, 32.530457229290214 ], [ 35.193446811014596, 32.530565165039818 ], [ 35.193588830611588, 32.530703959787807 ], [ 35.193724863668074, 32.530838386091673 ], [ 35.193859732481577, 32.530976334545073 ], [ 35.193999756597201, 32.531123159718106 ], [ 35.194114338133808, 32.531235463162339 ], [ 35.19422442959592, 32.531345230011048 ], [ 35.194339510529524, 32.53145866045368 ], [ 35.194483693339095, 32.53161323468251 ], [ 35.194599937655944, 32.531740754560673 ], [ 35.194723997824482, 32.531882928100686 ], [ 35.194840076894934, 32.532006784446395 ], [ 35.194949005368073, 32.53212190460183 ], [ 35.195078722442965, 32.532255483561414 ], [ 35.195286769553931, 32.532468956036325 ], [ 35.19554304578638, 32.532737803635328 ], [ 35.195635341604138, 32.532874901761573 ], [ 35.195712167099707, 32.5330383462708 ], [ 35.19577152974167, 32.533192913093679 ], [ 35.19585866584903, 32.53337735169152 ], [ 35.195923019512826, 32.533523183232298 ], [ 35.196078670047051, 32.533836827739854 ], [ 35.196144024020874, 32.533964342766772 ], [ 35.196218857300998, 32.534107497810083 ], [ 35.196332103540776, 32.534345478158173 ], [ 35.196405772366361, 32.534497509442708 ], [ 35.196476447034478, 32.534655599011252 ], [ 35.196571898804315, 32.534880615586275 ], [ 35.196629269419795, 32.535021092255668 ], [ 35.196694623921346, 32.535161569385508 ], [ 35.196791081404967, 32.535307543300938 ], [ 35.196912485396005, 32.535489306157096 ], [ 35.197062337440158, 32.535604145059004 ], [ 35.197204374798048, 32.535689395219357 ], [ 35.197334103782715, 32.535779012295855 ], [ 35.197491941264431, 32.53588539738287 ], [ 35.197611857304153, 32.535976563483786 ], [ 35.197736430972661, 32.536065334488029 ], [ 35.197877470760901, 32.536163828031505 ], [ 35.198058094765479, 32.536297265569495 ], [ 35.198202294743666, 32.536407171461441 ], [ 35.198365288579552, 32.5365432847018 ], [ 35.198485205904426, 32.536641635644344 ], [ 35.198620092246721, 32.536754922110688 ], [ 35.198786080893825, 32.536897375244848 ], [ 35.198977018254972, 32.537063358826302 ], [ 35.199117229335613, 32.537161287345207 ], [ 35.199296527230537, 32.537282183306601 ], [ 35.199439233246771, 32.537393214868501 ], [ 35.199587760263483, 32.537522140248562 ], [ 35.199769054481422, 32.537662620113203 ], [ 35.199915586743174, 32.53778520471905 ], [ 35.200023697284216, 32.537894543620361 ], [ 35.200168234893738, 32.538004024555086 ], [ 35.200380468307451, 32.538157185181525 ], [ 35.20055611090266, 32.538269766363484 ], [ 35.200663391379912, 32.538373187060834 ], [ 35.20089708100226, 32.538591018576788 ], [ 35.201008520935524, 32.538685421764775 ], [ 35.201245539913579, 32.538873805509233 ], [ 35.201384923805769, 32.538995401929846 ], [ 35.201687143893238, 32.539305802058678 ], [ 35.201837173977211, 32.539445573744246 ], [ 35.202092327195828, 32.539636069674472 ], [ 35.202317375878437, 32.539775842137239 ], [ 35.202501674123241, 32.539859396205046 ], [ 35.202662518871151, 32.539966479258183 ], [ 35.202829685318939, 32.540042706028672 ], [ 35.202970903580692, 32.540118509595651 ], [ 35.203185309700153, 32.540227424219104 ], [ 35.203352476925119, 32.540316330902414 ], [ 35.20351531961154, 32.54041622719437 ], [ 35.203641901230199, 32.540508796484005 ], [ 35.203847659424781, 32.54063757620807 ], [ 35.204107145182277, 32.540784672168364 ], [ 35.204291447108595, 32.540897248106646 ], [ 35.204513674606297, 32.541045188556751 ], [ 35.204715110416359, 32.541157763853533 ], [ 35.204903738543749, 32.541248500050393 ], [ 35.205096691868981, 32.541341067582806 ], [ 35.205321915189103, 32.541420953978033 ], [ 35.205512706459636, 32.5414771698075 ], [ 35.205720631068431, 32.541546065777389 ], [ 35.205973634060278, 32.541624119065702 ], [ 35.206117185889369, 32.541684138738958 ], [ 35.206350229210415, 32.541777408267563 ], [ 35.206598908878256, 32.541868281865199 ], [ 35.206847589142384, 32.541962677360736 ], [ 35.207016924505183, 32.54201339638805 ], [ 35.207220692831307, 32.542076935923774 ], [ 35.207482182638579, 32.542174993160231 ], [ 35.207653680266837, 32.542200350061286 ], [ 35.207833828306299, 32.542242050386307 ], [ 35.207992352269748, 32.54228389196728 ], [ 35.20815486781315, 32.54230798037959 ], [ 35.208317716417469, 32.542338831561679 ], [ 35.208467757324833, 32.542378841163163 ], [ 35.208637094980801, 32.542442379507534 ], [ 35.208845187947183, 32.542458575329761 ], [ 35.209061599064221, 32.542494918574661 ], [ 35.209263206902079, 32.542547605912411 ], [ 35.209509728156874, 32.542620157394481 ], [ 35.20965760815173, 32.542669182982046 ], [ 35.209826947410569, 32.542736383007252 ], [ 35.210017746416824, 32.542827111416372 ], [ 35.210275578348273, 32.542870213704035 ], [ 35.210469873308412, 32.542991374715164 ], [ 35.210633560889029, 32.543098165590798 ], [ 35.210783607582336, 32.543187626783897 ], [ 35.21096759258419, 32.543334853230014 ], [ 35.211172202066557, 32.543447417976225 ], [ 35.211325576285297, 32.543531101618676 ], [ 35.211492758383024, 32.543629296542463 ], [ 35.211625672793168, 32.543710163055927 ], [ 35.211799509507522, 32.54381117509871 ], [ 35.211997298349246, 32.543891896489868 ], [ 35.212181447634293, 32.543975577220522 ], [ 35.212358773358162, 32.544016003165112 ], [ 35.212529279151745, 32.544056429300149 ], [ 35.212777134466549, 32.544091918732036 ], [ 35.213053435503532, 32.54413515497955 ], [ 35.213322748942431, 32.544164019765184 ], [ 35.213544321272252, 32.544187110733532 ], [ 35.213704514900087, 32.544230494830224 ], [ 35.213858053695077, 32.544262184889178 ], [ 35.214069315229516, 32.54430542377564 ], [ 35.214250134736758, 32.544337252151472 ], [ 35.214407001429663, 32.544374717997975 ], [ 35.214574017859263, 32.544435289703976 ], [ 35.214754682047626, 32.544559403972336 ], [ 35.214860490906815, 32.544677747506107 ], [ 35.215000234771182, 32.544799046900962 ], [ 35.215133158505104, 32.544917387913181 ], [ 35.215232147762485, 32.545032772902033 ], [ 35.215356261726136, 32.54519972340276 ], [ 35.215492685116388, 32.545361459555906 ], [ 35.215639255736633, 32.545520094948344 ], [ 35.215765532601587, 32.545678872896509 ], [ 35.215905286220988, 32.545854979634861 ], [ 35.215976834658846, 32.546005026831658 ], [ 35.216031421100794, 32.54619551257484 ], [ 35.216038260720495, 32.546345706590365 ], [ 35.216038294970723, 32.546611294675728 ], [ 35.216041812477641, 32.546798826304091 ], [ 35.216045163668419, 32.546986498837711 ], [ 35.216048182974703, 32.547180370799296 ], [ 35.216064674657282, 32.547359024790417 ], [ 35.216085158806614, 32.547537678403465 ], [ 35.216111802042576, 32.547747469342447 ], [ 35.216201987125963, 32.547924425670729 ], [ 35.21635553829325, 32.547995422505139 ], [ 35.216515412233086, 32.548075294959006 ], [ 35.216650166182497, 32.548146011449816 ], [ 35.216805883513423, 32.548237860054456 ], [ 35.21699836582993, 32.548336749562857 ], [ 35.217209481660092, 32.548447612995815 ], [ 35.217438898758175, 32.548572563725607 ], [ 35.217623228667378, 32.548653982076253 ], [ 35.217766636523834, 32.548737236152057 ], [ 35.21791620046541, 32.548825702534778 ], [ 35.218166082192319, 32.548959244353668 ], [ 35.218323962644114, 32.549035451430939 ], [ 35.218553382228336, 32.549156877727903 ], [ 35.218756183419579, 32.549262667247113 ], [ 35.218970964421956, 32.549380149374272 ], [ 35.219126685119406, 32.549465091207594 ], [ 35.219329490543402, 32.549588209938626 ], [ 35.219474898578653, 32.549676674948032 ], [ 35.219616312640873, 32.549754714006959 ], [ 35.219749574413235, 32.549825850023325 ], [ 35.21992160024417, 32.549916002006967 ], [ 35.220069166859808, 32.54997487801176 ], [ 35.220243357142628, 32.550072074056104 ], [ 35.220489088425374, 32.550214206376054 ], [ 35.220778072770983, 32.550355909901185 ], [ 35.220941449642275, 32.55044324369856 ], [ 35.221128451907447, 32.550544522791384 ], [ 35.221268038057211, 32.550618333361108 ], [ 35.221577154318297, 32.550761723083696 ], [ 35.221898585614674, 32.550924131214039 ], [ 35.222058135753983, 32.550997938122705 ], [ 35.222277580801233, 32.551103437800847 ], [ 35.222491868876439, 32.551206824404574 ], [ 35.222683866460336, 32.551314440746658 ], [ 35.222883184623925, 32.551424028253869 ], [ 35.223062707642342, 32.551537986140211 ], [ 35.223225927448375, 32.551648987405699 ], [ 35.223582474936869, 32.551851541139008 ], [ 35.223771974828963, 32.551935908445671 ], [ 35.223936351765772, 32.552005485352424 ], [ 35.224083431369749, 32.552091972201033 ], [ 35.224243321023586, 32.552179161332809 ], [ 35.224497213736413, 32.552311421802862 ], [ 35.224605986958601, 32.552197701781118 ], [ 35.224693964880402, 32.552082998752809 ], [ 35.224813873791732, 32.551926021858129 ], [ 35.225044714695819, 32.551645461402593 ], [ 35.225216507209431, 32.55140746071698 ], [ 35.225343894355071, 32.551224557303485 ], [ 35.225445341201286, 32.551092380454818 ], [ 35.225533812482233, 32.550962460029673 ], [ 35.225645736602836, 32.550819291408729 ], [ 35.225739363792457, 32.550686974739826 ], [ 35.225853779429357, 32.550530561333048 ], [ 35.225952561480831, 32.550391762429399 ], [ 35.226059661150238, 32.550253666490185 ], [ 35.226161105855901, 32.550121489044443 ], [ 35.226247078197574, 32.549984805548256 ], [ 35.226332882896827, 32.549843895155817 ], [ 35.22646808958406, 32.549682968887133 ], [ 35.226621587131056, 32.549491324026789 ], [ 35.22677774022678, 32.54927769880733 ], [ 35.226899972481895, 32.549127764215086 ], [ 35.227025854337683, 32.548938941691823 ], [ 35.227155897672034, 32.548762798877611 ], [ 35.227288436850664, 32.548590882334459 ], [ 35.227371744972174, 32.548456452849408 ], [ 35.227460212010527, 32.548330898776555 ], [ 35.227592919730633, 32.548172226046702 ], [ 35.227681212450932, 32.548018070058603 ], [ 35.227767186214642, 32.547903506071911 ], [ 35.227872437981119, 32.547718067988654 ], [ 35.22799583027566, 32.547566300436685 ], [ 35.228151488159313, 32.547392265179674 ], [ 35.228286517401166, 32.547215556630064 ], [ 35.228433519985856, 32.547026587732773 ], [ 35.228565557208711, 32.546862419146976 ], [ 35.228671306188808, 32.546680784448768 ], [ 35.228765252777222, 32.546531557916104 ], [ 35.228871005706154, 32.54636739408636 ], [ 35.228983584106018, 32.546223799578257 ], [ 35.229103982363583, 32.546087107312012 ], [ 35.229236175776045, 32.545895463335953 ], [ 35.229350576469422, 32.545728902154252 ], [ 35.22955029508509, 32.545500047996761 ], [ 35.229647240867173, 32.545378153916353 ], [ 35.229747010743893, 32.545243719484873 ], [ 35.229870384609413, 32.545049822265099 ], [ 35.229976128839041, 32.544868186419343 ], [ 35.230094360016913, 32.544726984958579 ], [ 35.230252990278302, 32.544508000727504 ], [ 35.230426256664572, 32.544284222811207 ], [ 35.230576082127101, 32.544110044775799 ], [ 35.230696464229382, 32.543935872716744 ], [ 35.23083729954331, 32.543739434736246 ], [ 35.230928419696916, 32.543617540859351 ], [ 35.231036985736566, 32.543428436019063 ], [ 35.231110473029126, 32.543306545737572 ], [ 35.231248499357356, 32.543179710304024 ], [ 35.231421108943806, 32.543001299498044 ], [ 35.23156194385129, 32.542813596205811 ], [ 35.231694959123871, 32.542622512952811 ], [ 35.231831972261681, 32.542451999442541 ], [ 35.231940709043663, 32.542288114067809 ], [ 35.232045454348459, 32.542127751863084 ], [ 35.232287031554016, 32.541755874953196 ], [ 35.232480406735462, 32.5415067284355 ], [ 35.232617413435058, 32.541325787763611 ], [ 35.232933652653045, 32.540893166764995 ], [ 35.233155288481925, 32.54060301212396 ], [ 35.233348494674168, 32.540360768153569 ], [ 35.233509776428512, 32.540159391015436 ], [ 35.233646593916021, 32.539920541104863 ], [ 35.233803724733981, 32.539746498303714 ], [ 35.233972978450332, 32.539514544324462 ], [ 35.234117960982168, 32.53932683709349 ], [ 35.234307158485798, 32.539050354895316 ], [ 35.23454491523966, 32.538746667901066 ], [ 35.234718997507152, 32.538540495639538 ], [ 35.234904212436795, 32.538302196208321 ], [ 35.235174386970364, 32.537960176486663 ], [ 35.235372222553671, 32.537668896462797 ], [ 35.235505555812317, 32.537480626864003 ], [ 35.235683284816574, 32.537251627216371 ], [ 35.235879460288281, 32.536978663222364 ], [ 35.236097920624779, 32.536699493883859 ], [ 35.236201670810878, 32.536586610198562 ], [ 35.236305235531042, 32.536420326981556 ], [ 35.2364014825326, 32.536257286139453 ], [ 35.236482939233575, 32.536131727265882 ], [ 35.236645883416799, 32.535968669199441 ], [ 35.236882835189462, 32.535783471191557 ], [ 35.237107152105843, 32.535617719634949 ], [ 35.237255138429148, 32.535492283827466 ], [ 35.237425576246189, 32.535360501640547 ], [ 35.237551448188768, 32.535256910130123 ], [ 35.237703263454314, 32.535144012504091 ], [ 35.237825477930357, 32.535046761994764 ], [ 35.23797729244707, 32.534933723138842 ], [ 35.238121790635127, 32.534827167265803 ], [ 35.23824383314988, 32.534717235770081 ], [ 35.238362383789642, 32.534610686596089 ], [ 35.238499395058192, 32.534500750806252 ], [ 35.238632744527685, 32.5343847573426 ], [ 35.238751127892371, 32.534278066946577 ], [ 35.238958632578196, 32.534096113623072 ], [ 35.239243619633449, 32.533851439876734 ], [ 35.239436161620823, 32.533691328749065 ], [ 35.23957865432974, 32.533569695888602 ], [ 35.239697204255449, 32.533469203958582 ], [ 35.239878605912409, 32.533321775894194 ], [ 35.240041550014261, 32.533186892524839 ], [ 35.240237761985547, 32.533061298592351 ], [ 35.240378586636417, 32.532932761393724 ], [ 35.240578435343146, 32.532753907259199 ], [ 35.240826500334229, 32.532534319950877 ], [ 35.241070924095581, 32.532361651523885 ], [ 35.241278255967053, 32.532186034684877 ], [ 35.241400452304987, 32.532063701202802 ], [ 35.241648514678232, 32.531847211960184 ], [ 35.24177071390551, 32.531734177237929 ], [ 35.241881773319186, 32.531630726633431 ], [ 35.242000318192368, 32.531530373400869 ], [ 35.242137658000509, 32.531432409647508 ], [ 35.242368100883859, 32.53124903477925 ], [ 35.242540192728953, 32.531132180041212 ], [ 35.242700144533757, 32.531019414743071 ], [ 35.242903817077966, 32.530857744995345 ], [ 35.243138075742934, 32.530659150777652 ], [ 35.243308327398026, 32.530522429225663 ], [ 35.24344881564911, 32.530404455836369 ], [ 35.243625548966534, 32.530258996292439 ], [ 35.243745921746381, 32.530163572180491 ], [ 35.243932793818054, 32.53000514660561 ], [ 35.244083916033667, 32.529867302833885 ], [ 35.244236541730352, 32.52974552053432 ], [ 35.244435061508618, 32.529603434439004 ], [ 35.244682288066642, 32.52940891916181 ], [ 35.244916228241735, 32.529258930781296 ], [ 35.245200700526958, 32.529048763026694 ], [ 35.245599890120857, 32.528752892381767 ], [ 35.245829812101228, 32.528551899278767 ], [ 35.246037636083308, 32.528400508433336 ], [ 35.246187263589299, 32.528279992796278 ], [ 35.246391411573278, 32.528094505764969 ], [ 35.246533720220015, 32.527973851257322 ], [ 35.246665048943846, 32.527847141750733 ], [ 35.246883829152118, 32.527658690176345 ], [ 35.24709548323969, 32.527525753638947 ], [ 35.247237772466342, 32.527368042696125 ], [ 35.247394545148701, 32.527241323749244 ], [ 35.247554976263004, 32.527114603349602 ], [ 35.247803004381609, 32.526885843873984 ], [ 35.247963588637212, 32.526734325203876 ], [ 35.248111553835095, 32.526626488461041 ], [ 35.248334139645912, 32.52641013560541 ], [ 35.248512857612383, 32.526274108446209 ], [ 35.248655163661837, 32.526159791826089 ], [ 35.248811929206767, 32.526026871669593 ], [ 35.248965046107941, 32.525915509693178 ], [ 35.249202267993496, 32.525708449227984 ], [ 35.249490362436525, 32.525467273254591 ], [ 35.249756681333636, 32.525250902161581 ], [ 35.249960829211361, 32.525093306662704 ], [ 35.250110439721027, 32.524960387458385 ], [ 35.250300109640442, 32.52478729810138 ], [ 35.250482472293683, 32.524635768220641 ], [ 35.250754585056995, 32.524376419581401 ], [ 35.250951400519497, 32.524197127169437 ], [ 35.251155702209978, 32.524024031087663 ], [ 35.251334401607018, 32.523869542499874 ], [ 35.251484016074983, 32.523751979303768 ], [ 35.251644438491724, 32.523631453052552 ], [ 35.251815822007998, 32.523483025048812 ], [ 35.251950805300076, 32.523374906839329 ], [ 35.252107561157224, 32.523241982525242 ], [ 35.252268149708797, 32.523124414223638 ], [ 35.252417605386256, 32.523025589138904 ], [ 35.252559927672237, 32.522960581657472 ], [ 35.252748635227853, 32.522870335803304 ], [ 35.25301367937363, 32.522786118719218 ], [ 35.253200403328549, 32.522719684384462 ], [ 35.253429357165786, 32.522632803392831 ], [ 35.253664465191314, 32.522548455702676 ], [ 35.25415778013403, 32.522350725279246 ], [ 35.254383568136177, 32.52225623541166 ], [ 35.254621659204737, 32.522156527072362 ], [ 35.25500123794081, 32.521993076428672 ], [ 35.255323465372321, 32.521873043853638 ], [ 35.255703047487536, 32.521719876498089 ], [ 35.255989195576497, 32.521617609827047 ], [ 35.256296450256869, 32.52149250863436 ], [ 35.256516420625701, 32.521410697974751 ], [ 35.256757338726253, 32.521318733695551 ], [ 35.257010397822519, 32.521229300006617 ], [ 35.257206265234977, 32.521168069043526 ], [ 35.257456324080891, 32.52106849119712 ], [ 35.257672962352629, 32.520979916903961 ], [ 35.257859840932959, 32.520905867183536 ], [ 35.258082626519801, 32.520808835805184 ], [ 35.258329700594864, 32.520727010399263 ], [ 35.258528554783943, 32.520658026808093 ], [ 35.258820664684066, 32.520525176664876 ], [ 35.259197246407027, 32.52037960842673 ], [ 35.259591969164092, 32.520259533295416 ], [ 35.260019113195497, 32.520129579867195 ], [ 35.260187872427672, 32.520073287599033 ], [ 35.260932740547908, 32.519828500338953 ], [ 35.261468921870602, 32.519618323048583 ], [ 35.2616917096911, 32.519535938457885 ], [ 35.26199579482828, 32.519418855834168 ], [ 35.262334630383471, 32.51929386629299 ], [ 35.262670142409377, 32.519174090533184 ], [ 35.263033906917869, 32.519027812241134 ], [ 35.263401476302761, 32.518852788300109 ], [ 35.263993997603066, 32.518607631545969 ], [ 35.264225749618163, 32.518508612466839 ], [ 35.264439067526915, 32.518447643715092 ], [ 35.264596849244285, 32.518397268397017 ], [ 35.264990553725241, 32.518270272874851 ], [ 35.265285483758205, 32.518152764001655 ], [ 35.265629950960673, 32.518008460068188 ], [ 35.266087158139477, 32.517853673644929 ], [ 35.266462395817854, 32.517721469404414 ], [ 35.266769958889242, 32.517601555576043 ], [ 35.267016010125147, 32.517507596516452 ], [ 35.26732142796584, 32.517413607297208 ], [ 35.267555013827511, 32.517330784211602 ], [ 35.267770318669264, 32.517264736543936 ], [ 35.268059430740003, 32.517160327426794 ], [ 35.268327916825186, 32.517049024214423 ], [ 35.268709289695003, 32.516901311563736 ], [ 35.269262897282253, 32.516692501032914 ], [ 35.269563810656358, 32.516585405339391 ], [ 35.270045758734113, 32.516399312736013 ], [ 35.27046186959074, 32.516235796258627 ], [ 35.270763282206225, 32.516133206106069 ], [ 35.271314869477663, 32.515903675853231 ], [ 35.271964714140076, 32.515650138094443 ], [ 35.27217783557542, 32.515564922161666 ], [ 35.272450638044823, 32.515457130209136 ], [ 35.272676064074574, 32.515371906774348 ], [ 35.272965152525373, 32.515251846895339 ], [ 35.273163967140569, 32.515161423924745 ], [ 35.273352649599801, 32.51508664567077 ], [ 35.273529028981827, 32.515015396298871 ], [ 35.27369710018538, 32.514952745923935 ], [ 35.273891935787837, 32.514879654224515 ], [ 35.274488789517854, 32.514716306229388 ], [ 35.274715521792011, 32.514605012606538 ], [ 35.274906872215126, 32.51454277028855 ], [ 35.275207128316907, 32.51446341799295 ], [ 35.275420592969013, 32.514399189898015 ], [ 35.275643041465841, 32.514340733098429 ], [ 35.275853349933655, 32.514281437423186 ], [ 35.276024606350155, 32.514254992452557 ], [ 35.276173719306172, 32.514194603894687 ], [ 35.276358248568542, 32.514130531606874 ], [ 35.276545116070288, 32.514079561055645 ], [ 35.276729646187142, 32.514017178976474 ], [ 35.27698767694978, 32.513956726789111 ], [ 35.277303569540571, 32.51388877305746 ], [ 35.277463675860737, 32.513852892540683 ], [ 35.277709722993606, 32.513780187858707 ], [ 35.2781366237962, 32.513625516123554 ], [ 35.278390158118668, 32.513559427843639 ], [ 35.278605944877199, 32.513493361321665 ], [ 35.2788505004917, 32.513429109059601 ], [ 35.279061809314555, 32.513378120301475 ], [ 35.27928210054349, 32.513330930040723 ], [ 35.279494903598618, 32.513277685325711 ], [ 35.279726158232378, 32.513217243496825 ], [ 35.279973024513936, 32.513134107572149 ], [ 35.280197641308227, 32.513090717307477 ], [ 35.280462324831134, 32.513037721481382 ], [ 35.280638062501176, 32.513005631669763 ], [ 35.280862649910333, 32.512928284241568 ], [ 35.281040524914417, 32.512867872424181 ], [ 35.281231875310958, 32.512815060523756 ], [ 35.281443189276828, 32.512773366912121 ], [ 35.281870108026951, 32.512652638477121 ], [ 35.282150244857903, 32.512589203259822 ], [ 35.282357063419397, 32.512542015936894 ], [ 35.282510502465513, 32.512492888877169 ], [ 35.282739586465844, 32.512426807002811 ], [ 35.28298413133377, 32.512356910856376 ], [ 35.283135411334037, 32.51231158858095 ], [ 35.283377797205098, 32.512245497218466 ], [ 35.283571313156862, 32.512200147899001 ], [ 35.283749371119626, 32.512162416429241 ], [ 35.283940548795513, 32.512105796315943 ], [ 35.284156312950834, 32.512022671832739 ], [ 35.284349813067521, 32.511960413774261 ], [ 35.285211506625572, 32.511783038463165 ], [ 35.285832107289757, 32.51163004767691 ], [ 35.28642523223035, 32.511436493618667 ], [ 35.28669336297768, 32.511343749682645 ], [ 35.286946205692296, 32.51126256869933 ], [ 35.28718375121592, 32.511182806235844 ], [ 35.287540004439663, 32.511083662149041 ], [ 35.287700927131993, 32.511041286828274 ], [ 35.287892421832822, 32.510973106999977 ], [ 35.288136971687997, 32.510917149556768 ], [ 35.288579497552817, 32.510790329407278 ], [ 35.288803589840839, 32.510730157464742 ], [ 35.288975983313087, 32.510686222957368 ], [ 35.289154031655805, 32.510643834263647 ], [ 35.289383950746078, 32.510591829345785 ], [ 35.289562003359002, 32.510554371441344 ], [ 35.28992527132138, 32.510493257843265 ], [ 35.290078547696396, 32.510455956942955 ], [ 35.290268225526539, 32.510403836908559 ], [ 35.29048468839941, 32.510366351478282 ], [ 35.290674205848788, 32.510320853066574 ], [ 35.290909768970856, 32.510260669504603 ], [ 35.291164656108805, 32.510237668796492 ], [ 35.291347488476568, 32.510157654389971 ], [ 35.291544840505352, 32.51013314279863 ], [ 35.29171160150603, 32.510113583499759 ], [ 35.291868554999894, 32.51009727141291 ], [ 35.292046771880727, 32.510059809876843 ], [ 35.292276504120309, 32.509989905972773 ], [ 35.292516052878, 32.509926476003692 ], [ 35.29279569074108, 32.509879220493374 ], [ 35.292959951819263, 32.509854589029672 ], [ 35.29322813195239, 32.509823684591957 ], [ 35.29344076288762, 32.509781265409963 ], [ 35.293664881436335, 32.509753490933441 ], [ 35.293883188134245, 32.509733892176122 ], [ 35.294155206450618, 32.509717495350749 ], [ 35.294331452073372, 32.509705956901847 ], [ 35.294511507617564, 32.509679903159423 ], [ 35.294691580941894, 32.509671742975691 ], [ 35.294916233950687, 32.509680176233751 ], [ 35.295098147635109, 32.509683285847458 ], [ 35.295295020587353, 32.509680466748037 ], [ 35.295564898734725, 32.50968576644992 ], [ 35.295825954797571, 32.509681913724769 ], [ 35.296091507835683, 32.509685383787968 ], [ 35.296302679842867, 32.509681566416567 ], [ 35.296517663199253, 32.509664924338104 ], [ 35.296750460908655, 32.50967024863921 ], [ 35.296959486366845, 32.509681225851253 ], [ 35.297133594786679, 32.509693919211095 ], [ 35.29740780592946, 32.509708510921001 ], [ 35.297651583961638, 32.509719320392477 ], [ 35.297982485421414, 32.509722878910814 ], [ 35.298258841153284, 32.509720841408893 ], [ 35.298419960763439, 32.509715085263551 ], [ 35.298647921293281, 32.509705756454338 ], [ 35.298826521470396, 32.509720275758049 ], [ 35.299035377170114, 32.509727586344795 ], [ 35.299220460456375, 32.509740268561025 ], [ 35.299405377661834, 32.509753091526612 ], [ 35.299601249963729, 32.50974744851878 ], [ 35.299779821216042, 32.509734350819507 ], [ 35.300225970510745, 32.509752469232659 ], [ 35.300554569597537, 32.509779834210768 ], [ 35.300717864772977, 32.509787176814164 ], [ 35.300905100271407, 32.509790696645936 ], [ 35.301085684572421, 32.50979422131028 ], [ 35.30140559784877, 32.509784675914524 ], [ 35.301592657232668, 32.509779036600769 ], [ 35.301851725816135, 32.509782499514309 ], [ 35.302213060898289, 32.509789686633177 ], [ 35.302391501634162, 32.509809836850174 ], [ 35.302609172508738, 32.509818825393182 ], [ 35.302874736309256, 32.509831580284114 ], [ 35.30314463548541, 32.509855321121385 ], [ 35.303357995443676, 32.509875442557302 ], [ 35.303586318726069, 32.509893720184699 ], [ 35.303812810998728, 32.509910167192814 ], [ 35.303982603717323, 32.509928490333245 ], [ 35.30419362987773, 32.509942976347737 ], [ 35.304531031521599, 32.509959334046258 ], [ 35.304707295026041, 32.509964688601798 ], [ 35.305022916121018, 32.509982893994589 ], [ 35.305234121275461, 32.510008508925338 ], [ 35.305414718610507, 32.510023158169822 ], [ 35.305719494506867, 32.510008119002677 ], [ 35.306005601388357, 32.509952656946531 ], [ 35.306281622014396, 32.50994792506328 ], [ 35.306477200088054, 32.509976227589007 ], [ 35.30670337982523, 32.51000971809389 ], [ 35.306899124443753, 32.510038019827732 ], [ 35.307064104202354, 32.510063669334535 ], [ 35.307220119805315, 32.51010242930289 ], [ 35.307428062422574, 32.510182570067435 ], [ 35.307602220563915, 32.510236672395358 ], [ 35.307755080254978, 32.510277970419814 ], [ 35.30792323795707, 32.510319255671938 ], [ 35.308229064897986, 32.510350141739394 ], [ 35.308414365664404, 32.510405079122528 ], [ 35.308692620111785, 32.510461770867131 ], [ 35.30889436745391, 32.510503026971776 ], [ 35.309050206234936, 32.510531358490702 ], [ 35.309273434327586, 32.510598521027305 ], [ 35.309514932604486, 32.510647492288761 ], [ 35.309731990659976, 32.510699019681468 ], [ 35.309894003697288, 32.510745520599656 ], [ 35.310114197489128, 32.510776473851315 ], [ 35.31029148751076, 32.510804785804957 ], [ 35.310531833835931, 32.510863055232676 ], [ 35.310744390093255, 32.510903312974079 ], [ 35.310966421474788, 32.51094088530246 ], [ 35.311206089637217, 32.51098745962689 ], [ 35.311378078059782, 32.511031554925879 ], [ 35.311589980489451, 32.511080688255106 ], [ 35.311755967693905, 32.511111825695856 ], [ 35.311989308739115, 32.51115065463199 ], [ 35.312192060170482, 32.511194722506218 ], [ 35.312520706491782, 32.511254180513156 ], [ 35.312711134718803, 32.511282618658065 ], [ 35.312932334902314, 32.511318920162076 ], [ 35.31314720073032, 32.511342123403324 ], [ 35.313313006864334, 32.51136015559527 ], [ 35.313591578575505, 32.511399224186924 ], [ 35.313849697345624, 32.511438028162772 ], [ 35.314083018053047, 32.511458677617206 ], [ 35.314319510764712, 32.511489609291353 ], [ 35.3144946292675, 32.511507631788838 ], [ 35.314859995171489, 32.511541126638882 ], [ 35.315093485761956, 32.511564310201088 ], [ 35.315271591438105, 32.511577256724692 ], [ 35.315431239521409, 32.511590078389872 ], [ 35.315775318500066, 32.511620912336056 ], [ 35.315974900548703, 32.511654550593171 ], [ 35.316146895862609, 32.511701316385547 ], [ 35.316484781045133, 32.511698338801509 ], [ 35.316647471114983, 32.511750184461562 ], [ 35.316984328711406, 32.511589684493543 ], [ 35.3171501559235, 32.511623632878774 ], [ 35.317397507004621, 32.511693295489614 ], [ 35.317643514594387, 32.511752109814495 ], [ 35.317919265188941, 32.511793284799531 ], [ 35.318069305191166, 32.511834431920747 ], [ 35.318277068443955, 32.511893420447031 ], [ 35.318477825612, 32.511934662061144 ], [ 35.318640001106594, 32.511972838676115 ], [ 35.318844243087476, 32.512008158900088 ], [ 35.319056613128758, 32.512027691011411 ], [ 35.319344543402941, 32.512099848930987 ], [ 35.319559269410497, 32.512141076054071 ], [ 35.319833228753822, 32.512210286819887 ], [ 35.320065426324362, 32.512260232610174 ], [ 35.32029748263249, 32.512329480878591 ], [ 35.32051705107785, 32.512385636898742 ], [ 35.320768385685227, 32.512445990043013 ], [ 35.32101092661204, 32.512521144933729 ], [ 35.321243150595819, 32.512590391297707 ], [ 35.321484015933436, 32.512655120512733 ], [ 35.321667157661786, 32.512702291059561 ], [ 35.321856786918076, 32.512751146036791 ], [ 35.322047056196752, 32.51278055645745 ], [ 35.322368070520881, 32.512843800042525 ], [ 35.322657827417444, 32.512910031010961 ], [ 35.322839295771566, 32.512948324962487 ], [ 35.323013787850968, 32.512992401971808 ], [ 35.323289569865914, 32.513052727018021 ], [ 35.323573993370672, 32.513108675492447 ], [ 35.323826813874888, 32.513157890310175 ], [ 35.324004986780473, 32.513218306402202 ], [ 35.324277131470552, 32.513293426833663 ], [ 35.324465765273246, 32.513341997026309 ], [ 35.324652392019054, 32.513381692396287 ], [ 35.32485666506151, 32.513436164690816 ], [ 35.325078238216584, 32.513495128736558 ], [ 35.325251109153619, 32.51356879238179 ], [ 35.325406472834082, 32.513607107695655 ], [ 35.32559110395578, 32.513645958212607 ], [ 35.32579169805966, 32.513684229472354 ], [ 35.325969711004888, 32.513747601746843 ], [ 35.326165344790105, 32.51380658893514 ], [ 35.32635199111737, 32.513859525996516 ], [ 35.326598198785391, 32.513934666532734 ], [ 35.326837246359361, 32.514002346058867 ], [ 35.327001266458822, 32.514046568611541 ], [ 35.327155622862399, 32.514076710766183 ], [ 35.327426923066483, 32.514138440058133 ], [ 35.32759126378479, 32.514173503278037 ], [ 35.327813193118011, 32.514247115343224 ], [ 35.327973575260543, 32.514305570702319 ], [ 35.328189194565773, 32.514385246832731 ], [ 35.328369368063733, 32.514445513859776 ], [ 35.328531921965741, 32.514510729377868 ], [ 35.328680494066703, 32.514565954873291 ], [ 35.328858714331254, 32.514656374894791 ], [ 35.329027271512082, 32.514733278207899 ], [ 35.329207423091397, 32.514776777414141 ], [ 35.329371798017696, 32.514835227022097 ], [ 35.329579972520726, 32.514940692140982 ], [ 35.329720571098967, 32.515000996595575 ], [ 35.329991272176194, 32.515106962314654 ], [ 35.330181446705438, 32.515182292634208 ], [ 35.330435024705949, 32.515290951537956 ], [ 35.330666817101552, 32.515398081937761 ], [ 35.330827376515835, 32.515461605723708 ], [ 35.331011509531365, 32.515496644571499 ], [ 35.331185760928527, 32.515481393204183 ], [ 35.331363979669419, 32.515449370957043 ], [ 35.331524286112341, 32.515450899828046 ], [ 35.331700580082895, 32.515469178953218 ], [ 35.331902504157725, 32.515502507739782 ], [ 35.332118299965053, 32.515467346621556 ], [ 35.332272724639452, 32.515425343618354 ], [ 35.332460753813571, 32.515393168949977 ], [ 35.332666619141534, 32.51539140937237 ], [ 35.332862758899076, 32.515449822018617 ], [ 35.333011375706022, 32.515533503348529 ], [ 35.333150179420244, 32.515615644687472 ], [ 35.333314589581214, 32.5156959279864 ], [ 35.333546419859815, 32.51582644177703 ], [ 35.333770425624103, 32.515950341067665 ], [ 35.333897252623423, 32.516028971488517 ], [ 35.334081171919237, 32.516145162192842 ], [ 35.334227752149772, 32.516198692414072 ], [ 35.334408012550895, 32.516198506261937 ], [ 35.33471682856856, 32.516206499619997 ], [ 35.334879324857724, 32.516226479329632 ], [ 35.335081256674762, 32.516263184503202 ], [ 35.335249656040652, 32.516340220507288 ], [ 35.335372706326943, 32.516450695870482 ], [ 35.335532511657824, 32.516563950725953 ], [ 35.335696918280846, 32.516639158639251 ], [ 35.335871290645173, 32.51670604305508 ], [ 35.336017885161127, 32.516768024930848 ], [ 35.336164479672256, 32.516829865738792 ], [ 35.336342836580414, 32.516891813962907 ], [ 35.336499411582572, 32.516955334663351 ], [ 35.336645992077308, 32.51700717130305 ], [ 35.33681636737083, 32.51706898634702 ], [ 35.337004553687983, 32.517142617654017 ], [ 35.33720822096145, 32.517226658643011 ], [ 35.337442830281255, 32.517318134071608 ], [ 35.337644037413853, 32.517424861214238 ], [ 35.337832404969546, 32.517507649326454 ], [ 35.338053716472409, 32.5176020965297 ], [ 35.338319428054547, 32.517695791604496 ], [ 35.338559168687361, 32.517769647475525 ], [ 35.338837832780975, 32.517850224307892 ], [ 35.339000204846414, 32.517895841891416 ], [ 35.339283855206411, 32.517974158061605 ], [ 35.339565014790622, 32.518054589706828 ], [ 35.339828048885018, 32.518135181131598 ], [ 35.340060318557136, 32.518215664287666 ], [ 35.34029760719681, 32.518315867032307 ], [ 35.340555530014683, 32.518424641652238 ], [ 35.340707312493556, 32.51850436531798 ], [ 35.340846617913392, 32.518580720828751 ], [ 35.340996237139883, 32.518659178425423 ], [ 35.341158824339949, 32.518735367409924 ], [ 35.341372980443694, 32.518822489932035 ], [ 35.341602469233962, 32.518931293348409 ], [ 35.341888819086783, 32.519031439556784 ], [ 35.342059024301371, 32.519085921063528 ], [ 35.342345311655158, 32.519144501982673 ], [ 35.342523126734768, 32.519172626966586 ], [ 35.342886723077363, 32.519218159315749 ], [ 35.343085322401528, 32.51924414718237 ], [ 35.343366425552318, 32.519283146948801 ], [ 35.343544227757448, 32.519302534951564 ], [ 35.343778402304672, 32.519320169506464 ], [ 35.344025863103546, 32.519326376305585 ], [ 35.344224408882681, 32.519317420230749 ], [ 35.344528546781532, 32.519303978492133 ], [ 35.344871408235122, 32.519275276019393 ], [ 35.345126620406383, 32.519240048581835 ], [ 35.345335262303806, 32.519200505033517 ], [ 35.34552591330646, 32.519141396782956 ], [ 35.345724383330449, 32.519084392899153 ], [ 35.345920199195568, 32.519031759463267 ], [ 35.346172718763711, 32.518976948392265 ], [ 35.346409976383178, 32.518946106359756 ], [ 35.346572235534367, 32.518916334933152 ], [ 35.346749941519015, 32.518874710557277 ], [ 35.34693811691114, 32.51882856539715 ], [ 35.347123645394035, 32.518791299405109 ], [ 35.347329790920597, 32.518751755381189 ], [ 35.347546218949333, 32.518694728218321 ], [ 35.347767784664391, 32.518626845837616 ], [ 35.347935327987237, 32.518574241482106 ], [ 35.348125958461104, 32.518504139426966 ], [ 35.348356173800838, 32.518438218670731 ], [ 35.348544699161792, 32.518404046865044 ], [ 35.348717580641839, 32.518362425237243 ], [ 35.348949637291646, 32.518304532353504 ], [ 35.349160930187374, 32.518261316118789 ], [ 35.3493966732945, 32.518221171062308 ], [ 35.349675964059593, 32.518167590164147 ], [ 35.349897434120756, 32.518145354441252 ], [ 35.350178516261984, 32.518171658378769 ], [ 35.350351551835146, 32.518226125387514 ], [ 35.350556019993618, 32.518282105498692 ], [ 35.350804084148038, 32.518354237585712 ], [ 35.35105396605347, 32.518419040472253 ], [ 35.351326416428428, 32.518454228350357 ], [ 35.35163212368257, 32.51848782686406 ], [ 35.351831072785821, 32.518523804129401 ], [ 35.352021597834323, 32.518594592269579 ], [ 35.352203275577686, 32.518644678807782 ], [ 35.352444309077356, 32.518687227759614 ], [ 35.35276586938766, 32.518753492721153 ], [ 35.352999938459597, 32.518807884080964 ], [ 35.353241036162203, 32.518888896024841 ], [ 35.353392598942897, 32.518929012855025 ], [ 35.353590017656138, 32.518943572960247 ], [ 35.353834473952666, 32.518943282814121 ], [ 35.354075413492417, 32.518928202301865 ], [ 35.354391536393749, 32.518923458010008 ], [ 35.354590586113787, 32.518918711854297 ], [ 35.354920668011836, 32.518908031936554 ], [ 35.355208845411816, 32.518898810354415 ], [ 35.355381614968714, 32.518890994738129 ], [ 35.355580659841209, 32.518883429102772 ], [ 35.355961439496987, 32.518859300402433 ], [ 35.356347361573704, 32.518827696853172 ], [ 35.356558523314504, 32.518806729919483 ], [ 35.356724462293123, 32.518791735027378 ], [ 35.356933958515242, 32.518769360520814 ], [ 35.357112026992773, 32.518748432779908 ], [ 35.357300718315784, 32.518715656616216 ], [ 35.357529312487536, 32.518678041142095 ], [ 35.357695062045423, 32.51864966008516 ], [ 35.357866301905929, 32.51862282196776 ], [ 35.358080937519816, 32.518591562836917 ], [ 35.358281762727827, 32.518555811563409 ], [ 35.358468608816928, 32.518514159460445 ], [ 35.358648316523386, 32.518479842422387 ], [ 35.35883166501182, 32.518435235253669 ], [ 35.359011511217204, 32.518384855388042 ], [ 35.359196187764418, 32.518339118888221 ], [ 35.359457811792808, 32.518265812586662 ], [ 35.359701964688369, 32.518186891472034 ], [ 35.359929079578137, 32.518064172305557 ], [ 35.360159544778007, 32.517955960863638 ], [ 35.360321047709668, 32.517877140850857 ], [ 35.360489680572087, 32.517786476522986 ], [ 35.360720250478593, 32.517739553666367 ], [ 35.360888857993089, 32.517730608493679 ], [ 35.361129758096233, 32.517695366401227 ], [ 35.361325924576981, 32.517660038760468 ], [ 35.361638978140526, 32.517614420262667 ], [ 35.361807575010793, 32.517599556241862 ], [ 35.362144904604975, 32.517552497148593 ], [ 35.362330604191584, 32.517523098696252 ], [ 35.362564669811782, 32.517479126886769 ], [ 35.362754022387662, 32.517446764401527 ], [ 35.362956995837784, 32.517405789810994 ], [ 35.363221991245695, 32.517361636896283 ], [ 35.363431964008932, 32.517329388252818 ], [ 35.363669359425352, 32.51728822809843 ], [ 35.363841432333665, 32.517264762298019 ], [ 35.364020317709887, 32.517238187907523 ], [ 35.364302601630946, 32.517191192860786 ], [ 35.364602013475931, 32.517144175370696 ], [ 35.364884135759489, 32.517100138040547 ], [ 35.36510091480303, 32.517061960298925 ], [ 35.365317709226922, 32.517032517714092 ], [ 35.365507065140683, 32.517003109897267 ], [ 35.365703050759329, 32.516961435346033 ], [ 35.365878406545285, 32.516914573820408 ], [ 35.366036576486458, 32.516835609851533 ], [ 35.366260255110994, 32.516750784681591 ], [ 35.366466665188788, 32.516680634541963 ], [ 35.366748701008504, 32.516589815680106 ], [ 35.367096239899695, 32.516490316836631 ], [ 35.367275247130323, 32.516440489825712 ], [ 35.367484955082865, 32.5163556805635 ], [ 35.367619181964727, 32.516279704453709 ], [ 35.367914996649901, 32.516177311628205 ], [ 35.36815581035976, 32.516098237548107 ], [ 35.368413741159166, 32.516013363957001 ], [ 35.368596217820581, 32.515951977072177 ], [ 35.368754420866345, 32.51589343955596 ], [ 35.368922928355566, 32.515831929549762 ], [ 35.369094912049114, 32.515761820111891 ], [ 35.369270387322068, 32.51569156496695 ], [ 35.36969880517659, 32.515538271541423 ], [ 35.369846044007438, 32.515486510064342 ], [ 35.370041791346452, 32.515408477901964 ], [ 35.370256980823385, 32.515323093213148 ], [ 35.370480960972138, 32.515225579496075 ], [ 35.370715577724233, 32.515125092502785 ], [ 35.370891829213967, 32.515026232180723 ], [ 35.371085851166171, 32.514915371907854 ], [ 35.371255134358222, 32.514825537651305 ], [ 35.371499179447483, 32.51469897092889 ], [ 35.37168789254352, 32.514595584263823 ], [ 35.371862298913356, 32.514489257543126 ], [ 35.37201228533803, 32.514396348236808 ], [ 35.372182695053297, 32.51428734937047 ], [ 35.372367762057969, 32.514191434032995 ], [ 35.372507119213047, 32.514106146709594 ], [ 35.372648102498758, 32.514001272510775 ], [ 35.372759167915277, 32.513904046577558 ], [ 35.372886013291783, 32.513797641172381 ], [ 35.373067483378229, 32.51364649837906 ], [ 35.373203133061658, 32.513535713070752 ], [ 35.373381202071364, 32.5134337470963 ], [ 35.373505597395194, 32.513351719364259 ], [ 35.373620102417505, 32.513227436003802 ], [ 35.373775130681594, 32.513076327743072 ], [ 35.373916077304436, 32.51295355836541 ], [ 35.374046547565165, 32.512830802955179 ], [ 35.374157429452744, 32.512725967636669 ], [ 35.374298403101371, 32.512618132769596 ], [ 35.374444703361853, 32.512513390257077 ], [ 35.374621137171403, 32.512427909564771 ], [ 35.374780977014304, 32.512360908479593 ], [ 35.37493431636598, 32.512285884927934 ], [ 35.375080637712891, 32.512192976912161 ], [ 35.375299286977892, 32.512097152577937 ], [ 35.375495036378851, 32.512026579399816 ], [ 35.375652064062969, 32.511968034793554 ], [ 35.375819544953721, 32.511897640480981 ], [ 35.375994141513985, 32.511809201545915 ], [ 35.376150959615089, 32.511728254129778 ], [ 35.376292014583228, 32.511665221853804 ], [ 35.376471501953041, 32.51161326765093 ], [ 35.376653104044252, 32.511536794383069 ], [ 35.376815236213119, 32.511452739148673 ], [ 35.37698982258874, 32.511359931065343 ], [ 35.37715194280841, 32.511269957777806 ], [ 35.377375839863149, 32.511138194127938 ], [ 35.37767568091752, 32.510982232282096 ], [ 35.377813233347695, 32.51091483534325 ], [ 35.378042303325429, 32.510793489682648 ], [ 35.378279842730464, 32.510666777848556 ], [ 35.378496600671852, 32.51054234865979 ], [ 35.378648279994913, 32.510471972439575 ], [ 35.378870389782968, 32.510364020033627 ], [ 35.379101469471578, 32.510251546105579 ], [ 35.379347845559707, 32.510138627795349 ], [ 35.379624392739053, 32.509978607695508 ], [ 35.379770388540997, 32.509893725738607 ], [ 35.379916377771835, 32.509805603010946 ], [ 35.380058535985327, 32.509714244851963 ], [ 35.380196715817441, 32.50962937331041 ], [ 35.380466429029077, 32.509462456992985 ], [ 35.380667006369571, 32.5093146579433 ], [ 35.38081031516937, 32.509217238786853 ], [ 35.380990361015272, 32.509114554754611 ], [ 35.381229825416163, 32.508956273906513 ], [ 35.381444693379144, 32.508804931122256 ], [ 35.3816090509169, 32.508673384574287 ], [ 35.381828078102757, 32.508523866922495 ], [ 35.382057202857204, 32.508351650356396 ], [ 35.382226972872587, 32.508183039675153 ], [ 35.382392619487852, 32.508031764817169 ], [ 35.382521362789753, 32.507885896039383 ], [ 35.382613337849619, 32.507729512002022 ], [ 35.382695031031382, 32.507587091180881 ], [ 35.382777379321347, 32.507439738010774 ], [ 35.382863018055573, 32.507274768100409 ], [ 35.382950790483108, 32.50709584638291 ], [ 35.383007904858545, 32.506969099694295 ], [ 35.383091751333659, 32.5068231531409 ], [ 35.383159011400366, 32.506698082723602 ], [ 35.383259097258822, 32.50652435644006 ], [ 35.383369536338797, 32.506373158731201 ], [ 35.383490693989728, 32.506177140690049 ], [ 35.383619353510426, 32.505991256365498 ], [ 35.383744073427287, 32.505831302413988 ], [ 35.383840059167937, 32.505687169687192 ], [ 35.383932060797271, 32.505546424077174 ], [ 35.3840465158138, 32.505409168746141 ], [ 35.384152881770667, 32.505301372164695 ], [ 35.384283869642111, 32.505200585103232 ], [ 35.384412225797767, 32.505114313975469 ], [ 35.384567675440302, 32.505023777039412 ], [ 35.384725411143656, 32.50499579453718 ], [ 35.384905790823275, 32.504983418830882 ], [ 35.385086014606699, 32.50497625624844 ], [ 35.385295002928352, 32.504968911161761 ], [ 35.385655606152895, 32.504949371241302 ], [ 35.386010303616857, 32.50496971242881 ], [ 35.386311461741606, 32.504989989134458 ], [ 35.386636567550738, 32.505012484776231 ], [ 35.386849772336923, 32.505034719195919 ], [ 35.387091582952934, 32.505060434127827 ], [ 35.387300616924541, 32.505075629030259 ], [ 35.387548583229581, 32.505103024889216 ], [ 35.387911471332295, 32.505144201424457 ], [ 35.388075443000602, 32.505157910893836 ], [ 35.388341505493834, 32.505171611843984 ], [ 35.38854638343021, 32.505186951647147 ], [ 35.388755414764823, 32.505200594277319 ], [ 35.389052594387053, 32.505226083405176 ], [ 35.389222714948197, 32.50523809160093 ], [ 35.389517871273924, 32.505249774777909 ], [ 35.389677664914814, 32.505252921093245 ], [ 35.389843614363237, 32.505257889783302 ], [ 35.390003411790403, 32.505262867329272 ], [ 35.39020626278387, 32.505262567945351 ], [ 35.390385799828103, 32.505244831574394 ], [ 35.390551631438349, 32.505192595667026 ], [ 35.390709265310754, 32.505115996645003 ], [ 35.39091410559552, 32.505032423547995 ], [ 35.39108177072611, 32.504982720354612 ], [ 35.391270003114705, 32.50490875225546 ], [ 35.391501576943838, 32.504808230956833 ], [ 35.391769354808304, 32.504687225382249 ], [ 35.39194312051621, 32.504613277816624 ], [ 35.392162550739407, 32.504510659956736 ], [ 35.392406277242301, 32.504418290833577 ], [ 35.392558137159725, 32.504364945986389 ], [ 35.392695663363547, 32.504295137555005 ], [ 35.392891004361118, 32.504202839889217 ], [ 35.393096163371929, 32.504114613185585 ], [ 35.393308493051812, 32.50403666080225 ], [ 35.3935032202739, 32.503969442624594 ], [ 35.393698661656757, 32.503846428187209 ], [ 35.393850677545139, 32.503788995555283 ], [ 35.393995355845718, 32.503721288375196 ], [ 35.394166572349796, 32.503622825642175 ], [ 35.394369195963677, 32.503516143284834 ], [ 35.394540437761201, 32.503430078867169 ], [ 35.394699554446994, 32.50335009108975 ], [ 35.394878102476824, 32.503259788276445 ], [ 35.395025076581639, 32.503177705024257 ], [ 35.395172229774886, 32.503101820760492 ], [ 35.395362743902972, 32.503009526569087 ], [ 35.395630498115494, 32.502882313369469 ], [ 35.395905097170669, 32.502768615216212 ], [ 35.396069054724734, 32.502698762862003 ], [ 35.396216175749451, 32.50260850601277 ], [ 35.396368170582086, 32.502542898389201 ], [ 35.396536957771708, 32.502477124045967 ], [ 35.396742318320072, 32.502487095728533 ], [ 35.396930618643097, 32.502527667653595 ], [ 35.397234846711235, 32.502508885293018 ], [ 35.397427991114071, 32.502481959774947 ], [ 35.397584889397585, 32.502455089613022 ], [ 35.397769644597773, 32.502392811506368 ], [ 35.397953035614059, 32.50231475485333 ], [ 35.398174991485568, 32.502232693457472 ], [ 35.398438018766342, 32.502152540889874 ], [ 35.398691244707571, 32.502076488896208 ], [ 35.39903639728329, 32.501992122256439 ], [ 35.399268073742043, 32.501946676907124 ], [ 35.39943942677899, 32.50191569605829 ], [ 35.399596301555114, 32.501878678899779 ], [ 35.399847273307167, 32.501837429437465 ], [ 35.400245108889678, 32.501820044232964 ], [ 35.400409230044389, 32.501827960669161 ], [ 35.400655687848193, 32.501852092460155 ], [ 35.400861051376666, 32.501863889069654 ], [ 35.401037892366503, 32.501757377117748 ], [ 35.401188857035763, 32.501679084625636 ], [ 35.401350988185314, 32.501613173340253 ], [ 35.401527777716282, 32.501559778644676 ], [ 35.40173974141608, 32.501548738298474 ], [ 35.402042148854783, 32.501535723920796 ], [ 35.402270721275912, 32.501516625509531 ], [ 35.402429061535152, 32.501466358274492 ], [ 35.402594801610469, 32.501378741693486 ], [ 35.402782799689298, 32.50128150886357 ], [ 35.402904153483782, 32.501197061559338 ], [ 35.403047621281488, 32.50103748155405 ], [ 35.403135896347266, 32.500881229175043 ], [ 35.403227628217898, 32.500709331789849 ], [ 35.403326841242496, 32.500537281611336 ], [ 35.403400206660578, 32.500405991235745 ], [ 35.403492076185287, 32.500221553665902 ], [ 35.403602569115925, 32.500038213714333 ], [ 35.403712822923737, 32.499897424700315 ], [ 35.403852546778374, 32.49970037128552 ], [ 35.403995948607324, 32.499512751924676 ], [ 35.404084102549326, 32.499378337958511 ], [ 35.404175720532955, 32.499156421864491 ], [ 35.404286014606427, 32.498959555564241 ], [ 35.404399806192487, 32.49876564242485 ], [ 35.404458406525961, 32.498575057546041 ], [ 35.404457772736571, 32.498363855068057 ], [ 35.404446163454423, 32.498076445152982 ], [ 35.404438101167159, 32.497814109121215 ], [ 35.40442674118421, 32.497639274905914 ], [ 35.404411564200124, 32.49746754646953 ], [ 35.40438900277546, 32.497264550787591 ], [ 35.404344339178706, 32.496990860277442 ], [ 35.404332917153269, 32.496787846870305 ], [ 35.404302736547017, 32.496522446194803 ], [ 35.404287497676847, 32.49632253854967 ], [ 35.404264902246787, 32.496103903371065 ], [ 35.404216531030883, 32.495882350287324 ], [ 35.404182886595898, 32.495704310760608 ], [ 35.404171244320274, 32.495401402152567 ], [ 35.404163563293849, 32.495235861162122 ], [ 35.404163310407412, 32.495046215103159 ], [ 35.404162992786013, 32.494902501346772 ], [ 35.404122061461408, 32.49473701311581 ], [ 35.404449806881743, 32.49453966036377 ], [ 35.404526975895315, 32.4944021637357 ], [ 35.40447873595906, 32.494239786950374 ], [ 35.40437082067551, 32.493855875011391 ], [ 35.404326183654881, 32.493668553771059 ], [ 35.404277916749258, 32.493493637154288 ], [ 35.40430329188144, 32.493315644736875 ], [ 35.404384027474094, 32.49313742345435 ], [ 35.404513775810521, 32.492945457242186 ], [ 35.404585687026412, 32.492761613997416 ], [ 35.404642259251588, 32.492633026496613 ], [ 35.404731061642657, 32.492419568042649 ], [ 35.40480096235639, 32.492229105731347 ], [ 35.404868157209457, 32.492018076812258 ], [ 35.404927514132815, 32.491871168202287 ], [ 35.404970341209555, 32.491692161525592 ], [ 35.405021818844645, 32.491515818071974 ], [ 35.405086423735767, 32.491336776629055 ], [ 35.405142782441686, 32.491187618341776 ], [ 35.405196601283251, 32.491017752304927 ], [ 35.405255806431775, 32.490877888582816 ], [ 35.405323277273574, 32.490717158963683 ], [ 35.405387730109801, 32.490545021513867 ], [ 35.405441609527529, 32.490402770960763 ], [ 35.405498164031179, 32.490267420032758 ], [ 35.405565534214929, 32.490136560475811 ], [ 35.405638854142211, 32.489990051862534 ], [ 35.405714252159271, 32.489806343218618 ], [ 35.4057708109072, 32.489673246493453 ], [ 35.405821893855141, 32.489544808086841 ], [ 35.405889166005331, 32.489370411497028 ], [ 35.405943038603247, 32.489225765477372 ], [ 35.40601577582553, 32.489042201790724 ], [ 35.406061527987646, 32.488909122231675 ], [ 35.406120612544051, 32.488716422080586 ], [ 35.40616352289419, 32.488576443105984 ], [ 35.406226647274686, 32.488331886517123 ], [ 35.406281751424338, 32.488143701344555 ], [ 35.406327329584528, 32.488007522228386 ], [ 35.406395727103693, 32.487816920428827 ], [ 35.406436659059267, 32.487684693825109 ], [ 35.406473067815277, 32.487536975853587 ], [ 35.406513929925524, 32.48737361120611 ], [ 35.406559394571154, 32.487186991226658 ], [ 35.406623742358327, 32.486970048139277 ], [ 35.406650867086761, 32.486833898530804 ], [ 35.406691833961311, 32.486643340613874 ], [ 35.406741690728417, 32.486414021845178 ], [ 35.406764335568525, 32.486281824505419 ], [ 35.406823631436289, 32.486110680779667 ], [ 35.406846267249925, 32.485974538331057 ], [ 35.406873531716364, 32.485826834914441 ], [ 35.406923369910814, 32.485589625870148 ], [ 35.406964457500088, 32.48545345369871 ], [ 35.407041759417943, 32.485157869223976 ], [ 35.40709619039805, 32.484893459659773 ], [ 35.407137113777239, 32.484684303268466 ], [ 35.407182532209468, 32.484478239339857 ], [ 35.407205175935466, 32.484346041884571 ], [ 35.407218501731968, 32.484209914333597 ], [ 35.407231863195193, 32.484015596438589 ], [ 35.406964190024453, 32.483924162932595 ], [ 35.406959146690753, 32.483750586470855 ], [ 35.406968230825377, 32.483576000992862 ], [ 35.406977302616824, 32.483395920562579 ], [ 35.406999180442916, 32.483218637446612 ], [ 35.40703992050728, 32.483076266311457 ], [ 35.407106108906156, 32.482866505608506 ], [ 35.407153319599644, 32.482718769938174 ], [ 35.407210195144842, 32.482581585920059 ], [ 35.407311239422498, 32.482422914395876 ], [ 35.40742557690858, 32.48226210789781 ], [ 35.407495109493873, 32.482135752365828 ], [ 35.40757714861833, 32.481953017961729 ], [ 35.407630698484141, 32.481815839107611 ], [ 35.407690761477177, 32.481692175784694 ], [ 35.407772860010944, 32.481536211504263 ], [ 35.407845365580911, 32.481401819855691 ], [ 35.407927427437869, 32.481229793312217 ], [ 35.407974659735657, 32.481092624513003 ], [ 35.408022003869931, 32.480931362188095 ], [ 35.40806921207249, 32.480783626138802 ], [ 35.40815163079489, 32.480622870588441 ], [ 35.408189375836194, 32.480480503877537 ], [ 35.408239705293447, 32.480316559587294 ], [ 35.408280517185361, 32.480133750537647 ], [ 35.408333986445683, 32.479961770006696 ], [ 35.408384439315427, 32.47977908619086 ], [ 35.408447310141071, 32.479574825031783 ], [ 35.408513656516142, 32.47943762501302 ], [ 35.408589305474088, 32.479297873727248 ], [ 35.408658761304082, 32.479139252288952 ], [ 35.40872822293975, 32.478983307836323 ], [ 35.408775792634977, 32.478849378769141 ], [ 35.40885468615577, 32.47867467966816 ], [ 35.40893363991286, 32.478526750785875 ], [ 35.408977674749991, 32.47837352453125 ], [ 35.409059695387732, 32.478185435022667 ], [ 35.409129161667124, 32.478032167358201 ], [ 35.409195321481796, 32.477886936143335 ], [ 35.40926163517868, 32.47773635056577 ], [ 35.409324648832055, 32.477596619368626 ], [ 35.409390956035843, 32.477443356690159 ], [ 35.409463500462266, 32.477255282325693 ], [ 35.409507588429179, 32.477126149109942 ], [ 35.409596014586654, 32.476978345244135 ], [ 35.409698218709849, 32.476822628627957 ], [ 35.409774047802635, 32.476690766504404 ], [ 35.409855923379837, 32.476513384822191 ], [ 35.409919009610583, 32.476333215824774 ], [ 35.410001148481008, 32.476198807113249 ], [ 35.410102211541336, 32.476053659272402 ], [ 35.410206610482128, 32.475913719073439 ], [ 35.41032662873625, 32.475698655272708 ], [ 35.410408772204555, 32.47556678241839 ], [ 35.410554158409262, 32.475397327421554 ], [ 35.410687040513331, 32.475284392341536 ], [ 35.410829623571161, 32.475198070698973 ], [ 35.411022110638562, 32.475128997295933 ], [ 35.411271356397449, 32.474949226386855 ], [ 35.411410517811319, 32.474748219745564 ], [ 35.411482037648369, 32.474550987547772 ], [ 35.411553441986776, 32.474303455347538 ], [ 35.411608113862606, 32.474152746723519 ], [ 35.41169226470943, 32.47395535270234 ], [ 35.411784966031824, 32.47379020989694 ], [ 35.411920158618813, 32.473671774715157 ], [ 35.412051058104282, 32.473565886281968 ], [ 35.412226518122445, 32.473466828099106 ], [ 35.412416441153155, 32.473369013844874 ], [ 35.412563438862186, 32.473252953706456 ], [ 35.41270844619207, 32.473138869243677 ], [ 35.412824877711557, 32.473030467797614 ], [ 35.412938057065219, 32.472881352456014 ], [ 35.413020837906828, 32.472740318505934 ], [ 35.413112099478816, 32.472601102097727 ], [ 35.413201230599832, 32.47247513345404 ], [ 35.413322392928443, 32.472328681555759 ], [ 35.413403513821173, 32.472189059067169 ], [ 35.413491088648733, 32.47203730867902 ], [ 35.413588329735617, 32.47189695480774 ], [ 35.413677406050155, 32.471747878829007 ], [ 35.413757004888936, 32.471597409577271 ], [ 35.413855730208439, 32.471452403428351 ], [ 35.413957594247201, 32.471299219958929 ], [ 35.414031219175534, 32.471153269167466 ], [ 35.414082116465956, 32.471025954567686 ], [ 35.414147263393119, 32.470879595132551 ], [ 35.414220409967626, 32.470742662416953 ], [ 35.414271303822055, 32.470614079667762 ], [ 35.414334718767357, 32.470437852883627 ], [ 35.414414473073464, 32.47028371961305 ], [ 35.414473315847253, 32.470142865487873 ], [ 35.414544968754434, 32.470007344031231 ], [ 35.414619750879716, 32.469859559279818 ], [ 35.4146641551038, 32.469728169255163 ], [ 35.414727977727487, 32.469584911436655 ], [ 35.414807651900162, 32.469468397496648 ], [ 35.414883967022583, 32.469336954052437 ], [ 35.41493486210387, 32.469209639080319 ], [ 35.414976110621481, 32.469079522282925 ], [ 35.415058900907972, 32.468945390854955 ], [ 35.415122423751605, 32.468816645701722 ], [ 35.415208342894111, 32.468670250905461 ], [ 35.415278699053573, 32.468549807142942 ], [ 35.415359766259392, 32.468389894263929 ], [ 35.415418634604016, 32.468261156750863 ], [ 35.415502894003595, 32.468116173493883 ], [ 35.415564884960517, 32.467972495601067 ], [ 35.415636518740037, 32.467830210465621 ], [ 35.41572151887263, 32.467718054789465 ], [ 35.415799499474815, 32.467589285006376 ], [ 35.415883754349991, 32.467442892520609 ], [ 35.415955425096513, 32.467316810276472 ], [ 35.416025430667787, 32.467189462716263 ], [ 35.416135213457061, 32.467014706863544 ], [ 35.416230746459156, 32.466858714177249 ], [ 35.416299365267612, 32.466707275417001 ], [ 35.416372700156764, 32.466582599091915 ], [ 35.416426733559803, 32.466448515133813 ], [ 35.416480606878693, 32.466317108461368 ], [ 35.416550617220253, 32.466192437626319 ], [ 35.416625412111948, 32.466052823610582 ], [ 35.416710258611829, 32.465876418497828 ], [ 35.416755327297274, 32.465746999101519 ], [ 35.41680047176628, 32.46557911469317 ], [ 35.416829374002589, 32.46543056055134 ], [ 35.416871278259549, 32.465298469402263 ], [ 35.416929161241839, 32.465105765575728 ], [ 35.416964525273393, 32.464948887564567 ], [ 35.417029350682846, 32.464740250604819 ], [ 35.417071075223355, 32.464602664698134 ], [ 35.417129207668189, 32.464445748169283 ], [ 35.417206713573052, 32.464258506018311 ], [ 35.41726800327654, 32.464101584081618 ], [ 35.417326096274991, 32.463928182571152 ], [ 35.417371091833353, 32.463768470191425 ], [ 35.417516827285496, 32.463619718180865 ], [ 35.417717777590596, 32.46348735741396 ], [ 35.417944813112683, 32.463352134147357 ], [ 35.418149150964489, 32.463247241857459 ], [ 35.418311147942624, 32.463158906123823 ], [ 35.418473252137773, 32.463045772127963 ], [ 35.418630404151862, 32.462947017841969 ], [ 35.418786065425522, 32.462850520249326 ], [ 35.418931927333595, 32.462756716203366 ], [ 35.419055180048041, 32.462660132593982 ], [ 35.41920425788615, 32.462591120621028 ], [ 35.419255890810156, 32.462428719177282 ], [ 35.419294388028383, 32.462263663084713 ], [ 35.419333077065168, 32.462109455718952 ], [ 35.41937496310058, 32.461971868727396 ], [ 35.419419960781241, 32.461814973514095 ], [ 35.419458516036904, 32.461674574236369 ], [ 35.41949724406205, 32.461536992589402 ], [ 35.419535779321208, 32.461388280391972 ], [ 35.419581008287338, 32.461259000530831 ], [ 35.419674765162718, 32.460990149629126 ], [ 35.419723046412038, 32.460816763718078 ], [ 35.419761594075446, 32.460673546399697 ], [ 35.419813146453407, 32.460478174912076 ], [ 35.419861427169941, 32.460304788936135 ], [ 35.419900007277505, 32.460175379420576 ], [ 35.419945077756203, 32.45998001895817 ], [ 35.419977084678244, 32.459812155767104 ], [ 35.420018972756566, 32.459606515230405 ], [ 35.420057395233528, 32.459411166095165 ], [ 35.420096055588054, 32.459245968508846 ], [ 35.420134589244725, 32.459097396978805 ], [ 35.420169938710224, 32.458937700020783 ], [ 35.420010558188409, 32.458794962488213 ], [ 35.41985759148136, 32.458693496621642 ], [ 35.419711265822215, 32.458589201269632 ], [ 35.419561763223861, 32.458476598245021 ], [ 35.41938480938262, 32.458350938480528 ], [ 35.419179909613035, 32.45821377257105 ], [ 35.419001127451246, 32.458087551789589 ], [ 35.418861284937037, 32.457983244385808 ], [ 35.418701986216881, 32.457873474950226 ], [ 35.418571789367469, 32.457771827848866 ], [ 35.418363695685223, 32.457618181061818 ], [ 35.418236862191549, 32.457533012856153 ], [ 35.418015814001542, 32.457382205426164 ], [ 35.417843388588004, 32.457272316259001 ], [ 35.417703574894936, 32.457179138373824 ], [ 35.417567123628309, 32.457102298706594 ], [ 35.417414328365396, 32.457000688643262 ], [ 35.417221056332586, 32.456788119862289 ], [ 35.417163799866437, 32.456608572761013 ], [ 35.417140485007238, 32.456446157742839 ], [ 35.417101723345489, 32.456287150339961 ], [ 35.417047650026205, 32.456118305977277 ], [ 35.416993523304846, 32.455926636336685 ], [ 35.416935552180142, 32.45572539214777 ], [ 35.416885339677897, 32.455572744356878 ], [ 35.416835089322234, 32.455403893430912 ], [ 35.416777149301637, 32.455215611638444 ], [ 35.416726952886101, 32.455069585910991 ], [ 35.416687256260865, 32.45486563371712 ], [ 35.416636953491711, 32.454674098332163 ], [ 35.416586893072136, 32.454514968866896 ], [ 35.416559614663427, 32.454362423165406 ], [ 35.416517032528844, 32.454203281064437 ], [ 35.416459109133775, 32.454021480329594 ], [ 35.416409019037445, 32.453849388282222 ], [ 35.416354963665235, 32.453687024791485 ], [ 35.416304776047127, 32.453544098580444 ], [ 35.416266032291716, 32.453391572082211 ], [ 35.416231102790867, 32.453235657618769 ], [ 35.416184645747435, 32.452982402543988 ], [ 35.416130568567205, 32.4528103170599 ], [ 35.416080366642831, 32.452660909488586 ], [ 35.416056828330433, 32.452472710341198 ], [ 35.415998922133674, 32.452297390584079 ], [ 35.415952474553876, 32.45211881090961 ], [ 35.415913610223591, 32.451914152484356 ], [ 35.415855605945211, 32.451696563631394 ], [ 35.415805390297521, 32.451540815567604 ], [ 35.415766768710007, 32.451368703937959 ], [ 35.415735693075192, 32.451225745363502 ], [ 35.415689261701147, 32.451053646806358 ], [ 35.415654500617798, 32.450897872735098 ], [ 35.415631061625774, 32.45075166067533 ], [ 35.415596239960159, 32.450569820683931 ], [ 35.415542089465006, 32.450365187723911 ], [ 35.415495387997971, 32.450219437316505 ], [ 35.415449018364967, 32.450073404537328 ], [ 35.415429515119811, 32.44990450135856 ], [ 35.41538686159813, 32.449712952492185 ], [ 35.415352116334468, 32.449563518654116 ], [ 35.415324841216531, 32.449410831653545 ], [ 35.4152630637344, 32.449212833480097 ], [ 35.415220524404589, 32.449070034816415 ], [ 35.415182003077852, 32.448940051066465 ], [ 35.415139448921963, 32.448790771116357 ], [ 35.415104568425555, 32.448654299966904 ], [ 35.415062165622182, 32.448498538452696 ], [ 35.415034921477385, 32.448358813864694 ], [ 35.415007836374457, 32.448215989260092 ], [ 35.414965328067133, 32.448086152989148 ], [ 35.414915153329055, 32.447946466701474 ], [ 35.414853223055012, 32.447753399938954 ], [ 35.414793551730448, 32.447602739469581 ], [ 35.414718283941973, 32.447390391970885 ], [ 35.414618822919763, 32.447135111107244 ], [ 35.414544266693966, 32.446942628828324 ], [ 35.414434973933623, 32.446674824336696 ], [ 35.414400101212614, 32.44654088908149 ], [ 35.414365121769144, 32.446360880547047 ], [ 35.414320114579795, 32.446155808976407 ], [ 35.414275351149421, 32.445984129658491 ], [ 35.414220627975055, 32.445816693834296 ], [ 35.414160997832923, 32.445682799735138 ], [ 35.41410134861836, 32.445540592689483 ], [ 35.414051630113477, 32.445381461392785 ], [ 35.414006720988901, 32.445218236043267 ], [ 35.413966748585302, 32.445034149641479 ], [ 35.413916603748241, 32.444834158735212 ], [ 35.413876807312604, 32.444654158025379 ], [ 35.413821919532545, 32.444486722262575 ], [ 35.413767236878144, 32.444336052924271 ], [ 35.413712544637683, 32.444181156651062 ], [ 35.413657901093728, 32.444047253987314 ], [ 35.413588295505797, 32.443837996015858 ], [ 35.413538617897231, 32.443695772094848 ], [ 35.413463950723411, 32.443452988852584 ], [ 35.413399145095234, 32.443235268939794 ], [ 35.413354462576692, 32.443097263566074 ], [ 35.41331940720228, 32.442954874383425 ], [ 35.413269691840092, 32.442795883598123 ], [ 35.413214972482812, 32.442628447236558 ], [ 35.413125567610066, 32.442406681904806 ], [ 35.41307928631808, 32.442223450971333 ], [ 35.413044368989439, 32.442068521585611 ], [ 35.41298964076055, 32.441896858194767 ], [ 35.412934999681134, 32.441762955158723 ], [ 35.412895069615608, 32.441595635038723 ], [ 35.412870150941359, 32.441453228914099 ], [ 35.412845047061865, 32.441302510134953 ], [ 35.412800103595828, 32.441122517492701 ], [ 35.412760183467888, 32.440959283323004 ], [ 35.412710354518289, 32.440749992036416 ], [ 35.412665664576437, 32.440607759445037 ], [ 35.412625764033223, 32.440452838139706 ], [ 35.412585902165276, 32.440314683559315 ], [ 35.412546050133429, 32.440180755872589 ], [ 35.412476450133326, 32.439971497135424 ], [ 35.412436598417003, 32.439837569405491 ], [ 35.412431248550803, 32.439678504919733 ], [ 35.412401508755394, 32.439461994509657 ], [ 35.412363259032993, 32.439301998052834 ], [ 35.412315883832136, 32.439147511647839 ], [ 35.412274520564289, 32.439006259669725 ], [ 35.412236425450658, 32.438841049696912 ], [ 35.412195204356877, 32.438689230133349 ], [ 35.412135263230141, 32.438561253115644 ], [ 35.412068745262225, 32.438390876740868 ], [ 35.412027536607418, 32.438244270300146 ], [ 35.411986285466739, 32.43807906543195 ], [ 35.411941871545032, 32.437911188702657 ], [ 35.411909261007423, 32.437746251357964 ], [ 35.411883788123099, 32.437578343394065 ], [ 35.411870819235624, 32.437429154205901 ], [ 35.411861025239851, 32.437287850049245 ], [ 35.411854400310169, 32.437151894778125 ], [ 35.411860396344395, 32.437013241663436 ], [ 35.411841206638428, 32.436831938049671 ], [ 35.411821832800157, 32.43664274446455 ], [ 35.411808790607537, 32.436461430711809 ], [ 35.411805182246177, 32.43626417998874 ], [ 35.411804786443909, 32.436091299258813 ], [ 35.411794895294904, 32.435907444142927 ], [ 35.41178816058904, 32.435723442926538 ], [ 35.411791006052383, 32.435587472025702 ], [ 35.411768585864031, 32.435446329504295 ], [ 35.411774532908687, 32.435286259995252 ], [ 35.41177100402092, 32.435123669924117 ], [ 35.411764361020559, 32.434979683464654 ], [ 35.411761041199263, 32.434835832428789 ], [ 35.411779467213009, 32.434683773527844 ], [ 35.411801228568855, 32.434537204137975 ], [ 35.411832238581404, 32.434366526011658 ], [ 35.411863199759793, 32.434174572406292 ], [ 35.411888474653622, 32.434038846324086 ], [ 35.41192583412311, 32.433884079140626 ], [ 35.41196324253098, 32.43375072830861 ], [ 35.412006939915237, 32.433606799772697 ], [ 35.412060076093333, 32.433449329482073 ], [ 35.412122737243081, 32.433315936963652 ], [ 35.412197791394334, 32.433153217250435 ], [ 35.412276050719306, 32.433011767751189 ], [ 35.412363761561807, 32.432862412327175 ], [ 35.41243274124713, 32.432731686269285 ], [ 35.412504655871956, 32.432576861816401 ], [ 35.41256412258145, 32.432427552899746 ], [ 35.412656079083334, 32.432246488261278 ], [ 35.412728196013767, 32.432107725675152 ], [ 35.41280010964357, 32.431952901042379 ], [ 35.412887726530307, 32.431763530437181 ], [ 35.412959867373104, 32.431635475896663 ], [ 35.413047495626813, 32.431451318369284 ], [ 35.413141270851277, 32.43126729148883 ], [ 35.413225975824467, 32.431112586297644 ], [ 35.413291624081126, 32.430979188204844 ], [ 35.413354244685763, 32.430829732755583 ], [ 35.413426174768617, 32.430682938882875 ], [ 35.413501236775986, 32.430525572437254 ], [ 35.413559354858563, 32.43036907946297 ], [ 35.413668750958948, 32.430187844182505 ], [ 35.413738702708301, 32.430048098292765 ], [ 35.413796270887794, 32.429869626063116 ], [ 35.413865984084786, 32.429698742088647 ], [ 35.413921619133959, 32.429546620888694 ], [ 35.413973111458496, 32.429399156178839 ], [ 35.414048941162243, 32.429215440219956 ], [ 35.414109724371535, 32.429062746768295 ], [ 35.414185583203391, 32.428891852367791 ], [ 35.414243269523418, 32.428765089193121 ], [ 35.414306936048021, 32.428638175128171 ], [ 35.414401032866373, 32.428451892340831 ], [ 35.414504474047057, 32.428283487914214 ], [ 35.414595747750326, 32.428169631145508 ], [ 35.414668542677155, 32.427967744031363 ], [ 35.414741999515108, 32.427836445560978 ], [ 35.414805824934938, 32.42770699480284 ], [ 35.414897025353326, 32.427561999515945 ], [ 35.414972989825131, 32.427437741604457 ], [ 35.415033640195389, 32.42730054665163 ], [ 35.415082175187536, 32.427168585147029 ], [ 35.415136660481537, 32.42702365106944 ], [ 35.41520349308469, 32.426901944445646 ], [ 35.415273457986913, 32.426769947000949 ], [ 35.415370565118415, 32.426593943946294 ], [ 35.415453184766406, 32.426403311709329 ], [ 35.415519865833261, 32.426216933058051 ], [ 35.415580532625427, 32.426087487172701 ], [ 35.415677895219005, 32.425950371239871 ], [ 35.415762909382991, 32.425789746007545 ], [ 35.41584193716637, 32.425626735498128 ], [ 35.415908689540565, 32.425471494925702 ], [ 35.416018068823995, 32.425287580459596 ], [ 35.416103082097926, 32.425127095883198 ], [ 35.416191567533346, 32.424959701414373 ], [ 35.416264280815952, 32.424796560339132 ], [ 35.41635246765631, 32.424643819629864 ], [ 35.416422251168392, 32.424506749490355 ], [ 35.416495202337615, 32.424374605402647 ], [ 35.416552852239477, 32.424234878551893 ], [ 35.416622641075087, 32.424100344446806 ], [ 35.416692546982624, 32.423944957217763 ], [ 35.416753119812576, 32.423776763970473 ], [ 35.416801601901952, 32.423624089840956 ], [ 35.416844554946266, 32.423451417512652 ], [ 35.416871797397654, 32.423309064706885 ], [ 35.416923232864654, 32.42314088677152 ], [ 35.41696857622869, 32.422995967242535 ], [ 35.41702927768268, 32.422812274853982 ], [ 35.417101933197998, 32.422625885191025 ], [ 35.417156615067128, 32.422496448588134 ], [ 35.417208079986622, 32.422341233075286 ], [ 35.417250462809371, 32.422209281037006 ], [ 35.417277532186148, 32.422064392247883 ], [ 35.417338256563333, 32.421890985195851 ], [ 35.41738077498028, 32.421746211165178 ], [ 35.417406145094986, 32.421585262847429 ], [ 35.417437487387836, 32.421420922872585 ], [ 35.417470840192138, 32.421263906178581 ], [ 35.417488279485376, 32.421121287975893 ], [ 35.417503729636316, 32.420980504805264 ], [ 35.417525167866813, 32.420843093051609 ], [ 35.417552495087449, 32.42066692439392 ], [ 35.417581697188851, 32.42051104185829 ], [ 35.417622808107787, 32.420333299977173 ], [ 35.417667988494138, 32.420190775679288 ], [ 35.41771134214283, 32.420048536250839 ], [ 35.417750538157158, 32.419904331273194 ], [ 35.417791723435968, 32.419758432135801 ], [ 35.417832944079827, 32.419627609004628 ], [ 35.417893936097173, 32.419498443134238 ], [ 35.417939056237564, 32.419330698087016 ], [ 35.417988016728287, 32.419171400388414 ], [ 35.41807476869802, 32.418977236783917 ], [ 35.41816323158929, 32.418804345807914 ], [ 35.418232156415087, 32.418658399440488 ], [ 35.418283105385065, 32.418497407461977 ], [ 35.418326294486505, 32.418356577047433 ], [ 35.418405023262956, 32.418212304707147 ], [ 35.41846216502497, 32.418071309644304 ], [ 35.418519995679276, 32.417940739834492 ], [ 35.418584810129332, 32.41781325788088 ], [ 35.418657779781633, 32.417692525129304 ], [ 35.418734521801177, 32.417551496603252 ], [ 35.418823184156956, 32.41739382177775 ], [ 35.418917687705502, 32.41724783147788 ], [ 35.419041980193093, 32.417125320333696 ], [ 35.419187913908914, 32.417022779696723 ], [ 35.419308286580943, 32.416928736369513 ], [ 35.419427513286152, 32.416841880681389 ], [ 35.419589186614289, 32.416722545851677 ], [ 35.419733264094674, 32.416608313213359 ], [ 35.419859631277554, 32.416520881319265 ], [ 35.420019520510586, 32.416420147525031 ], [ 35.420173421127934, 32.416315901331402 ], [ 35.420338274081196, 32.416207268341289 ], [ 35.420458664622295, 32.416121677760302 ], [ 35.420602788098833, 32.416027592462676 ], [ 35.420794353634868, 32.415906514009826 ], [ 35.420940275662872, 32.415800730698585 ], [ 35.421088372562181, 32.415701565685509 ], [ 35.421246249192173, 32.415593929785409 ], [ 35.421410125502767, 32.415494737236969 ], [ 35.4215482914747, 32.415410805772893 ], [ 35.421720123990823, 32.415304836002647 ], [ 35.421863112194266, 32.415223291142453 ], [ 35.421995297533847, 32.415139369507784 ], [ 35.422133433997836, 32.415043602014521 ], [ 35.422265768339741, 32.414952775832894 ], [ 35.422429435947244, 32.414836815446535 ], [ 35.422731599335258, 32.414775001607445 ], [ 35.422891292955654, 32.414802481728898 ], [ 35.423058763302528, 32.414748509076787 ], [ 35.423219201284795, 32.414671441132732 ], [ 35.423409210356006, 32.414596294165001 ], [ 35.423580919702992, 32.414509625101417 ], [ 35.423714263430313, 32.414424995155571 ], [ 35.423849955554189, 32.41434994204662 ], [ 35.423992268062591, 32.414265155287978 ], [ 35.424148339252262, 32.414168931632062 ], [ 35.424270188344032, 32.414070935824412 ], [ 35.424423998420231, 32.414001486404018 ], [ 35.424561825397923, 32.41391684773027 ], [ 35.424698620923415, 32.413817980003351 ], [ 35.42485691501907, 32.41374852221449 ], [ 35.424988097096296, 32.413663894698168 ], [ 35.425150847684748, 32.41358301599427 ], [ 35.425297609924534, 32.41348483464489 ], [ 35.425437704399606, 32.413377083750675 ], [ 35.425556022336174, 32.413262466914155 ], [ 35.42570736912883, 32.413137506403352 ], [ 35.425854258636129, 32.41302396628749 ], [ 35.425985249216495, 32.412929756995183 ], [ 35.426125327889942, 32.412816228537523 ], [ 35.426279073727819, 32.412721978897537 ], [ 35.426432734371694, 32.412593068289063 ], [ 35.426550032712541, 32.412469998421756 ], [ 35.426662836701503, 32.412343132122274 ], [ 35.426793897561986, 32.412210597577278 ], [ 35.42694679803666, 32.412110994482163 ], [ 35.427086545847928, 32.411999015411105 ], [ 35.427240556400946, 32.411878275280671 ], [ 35.427378170185705, 32.411776867015654 ], [ 35.427550744578433, 32.411640453964793 ], [ 35.427711854513568, 32.41150279290958 ], [ 35.427872149439828, 32.411371614405169 ], [ 35.427999420222456, 32.411252611534415 ], [ 35.428153646192321, 32.411152863717454 ], [ 35.428297403477529, 32.411051443534049 ], [ 35.42845553748824, 32.410920268121799 ], [ 35.428609701772814, 32.410796003580572 ], [ 35.428734999572455, 32.410685880052867 ], [ 35.42888701671972, 32.410566832222827 ], [ 35.429052462527174, 32.410437756502503 ], [ 35.42921065515349, 32.410331096305931 ], [ 35.429346227538552, 32.410212077253895 ], [ 35.429465373881591, 32.410100273196967 ], [ 35.429590630493351, 32.409974368293874 ], [ 35.429736478075, 32.409846594771651 ], [ 35.429900849084795, 32.409753871571709 ], [ 35.43008594661368, 32.409647021225787 ], [ 35.43025641434874, 32.4095349835967 ], [ 35.430383906613159, 32.409440494178604 ], [ 35.430519014379435, 32.409336128096193 ], [ 35.430638004685079, 32.409229395535291 ], [ 35.430757195622185, 32.409136611417587 ], [ 35.430898949441321, 32.409033501070809 ], [ 35.431022283402235, 32.408937186800699 ], [ 35.431147649683936, 32.408856649345857 ], [ 35.431283326949234, 32.408781447332856 ], [ 35.431472463903738, 32.408697272274544 ], [ 35.431636940140471, 32.408648084145035 ], [ 35.431789265236027, 32.408588491262769 ], [ 35.431994906071459, 32.408528801919928 ], [ 35.43217794911714, 32.408465630633906 ], [ 35.432344566402854, 32.408409533701423 ], [ 35.432491604358447, 32.408361362284388 ], [ 35.43272542501083, 32.408279781528357 ], [ 35.432890344831584, 32.408209456235419 ], [ 35.433117826918476, 32.408117459779426 ], [ 35.433265675246339, 32.408061677487758 ], [ 35.433476115631287, 32.40799605928941 ], [ 35.433695192858259, 32.407930565923799 ], [ 35.433914109379899, 32.407867326840844 ], [ 35.434127587746403, 32.407821145969244 ], [ 35.434309465576163, 32.407758114610175 ], [ 35.434494381419242, 32.407714239592657 ], [ 35.434684895541835, 32.40765119192352 ], [ 35.43486061901794, 32.407584930357132 ], [ 35.435039831946767, 32.407519366650469 ], [ 35.435239061996832, 32.407487722484049 ], [ 35.435435234424645, 32.407429453854334 ], [ 35.435591550837877, 32.407373653310273 ], [ 35.435750844475635, 32.40731305656913 ], [ 35.435958445526261, 32.4072426489018 ], [ 35.436137472524912, 32.407169898169492 ], [ 35.436291155461923, 32.407123823574146 ], [ 35.436490125077803, 32.407055826182003 ], [ 35.436657888161996, 32.406995212696678 ], [ 35.436811619639933, 32.406968299529147 ], [ 35.436999319317628, 32.406910044090559 ], [ 35.437184207516076, 32.406856584103629 ], [ 35.437343376507471, 32.406812893361206 ], [ 35.43751975025431, 32.40674254083882 ], [ 35.437687561715236, 32.406701228943945 ], [ 35.437852567992266, 32.406667107829186 ], [ 35.438003271918433, 32.406625827203342 ], [ 35.438188134239851, 32.406562784716272 ], [ 35.438376685166475, 32.406513261335078 ], [ 35.438573023170754, 32.40645639649756 ], [ 35.438719375329619, 32.406402442265829 ], [ 35.43894558014572, 32.406334390357536 ], [ 35.439138407650489, 32.406269077282083 ], [ 35.439351324336386, 32.40620090849751 ], [ 35.439544173179698, 32.406144048652486 ], [ 35.439753862917279, 32.406112659634296 ], [ 35.439906908944153, 32.406078558166655 ], [ 35.440113014966506, 32.406010400822872 ], [ 35.440289523136506, 32.405993162788448 ], [ 35.440441911736357, 32.405961879865714 ], [ 35.440584888838188, 32.405888204044359 ], [ 35.440934475385305, 32.405876276553983 ], [ 35.441170959189463, 32.405929514694392 ], [ 35.441340811964665, 32.405971464926388 ], [ 35.441534050281533, 32.406064235169531 ], [ 35.441697415492889, 32.406165656154272 ], [ 35.441887557925604, 32.406280975386458 ], [ 35.442057574505178, 32.406385060429585 ], [ 35.442217596552673, 32.406477892248112 ], [ 35.442404230602001, 32.406584904320454 ], [ 35.44254100078912, 32.40667777963322 ], [ 35.44270439007046, 32.406787512242005 ], [ 35.44284111641803, 32.406863479529207 ], [ 35.44299816605205, 32.406962233690948 ], [ 35.443213114194329, 32.407098356858434 ], [ 35.44340130714356, 32.407228753573904 ], [ 35.443582751100188, 32.407381988311293 ], [ 35.44375130735358, 32.407497627458334 ], [ 35.443858585217505, 32.407616764381963 ], [ 35.443944638239309, 32.40774904508266 ], [ 35.444023368576133, 32.40787570371991 ], [ 35.444087831592327, 32.408008588958417 ], [ 35.444130908356229, 32.408156450045389 ], [ 35.444188479661392, 32.408321050410578 ], [ 35.444235239106455, 32.408479612702656 ], [ 35.444278505166501, 32.408636068150962 ], [ 35.444332240866608, 32.4087946171189 ], [ 35.444382642946799, 32.408948663668589 ], [ 35.444402613795127, 32.409089101037701 ], [ 35.444433584977482, 32.409243889053556 ], [ 35.444487467266825, 32.409394829162338 ], [ 35.444550084862826, 32.409520109146655 ], [ 35.444632337695047, 32.409658877883352 ], [ 35.444723620424597, 32.409820454830964 ], [ 35.444720496478148, 32.40995783641123 ], [ 35.444669283829107, 32.410125180075035 ], [ 35.444667828968832, 32.410265658222748 ], [ 35.444679061658178, 32.410430346643452 ], [ 35.444679625773816, 32.410643242537098 ], [ 35.444736933504608, 32.410770082403474 ], [ 35.444876277474442, 32.410890707103086 ], [ 35.445002230445922, 32.410972328453646 ], [ 35.445167913920471, 32.411003714068976 ], [ 35.445329969072603, 32.410982269635348 ], [ 35.445533034135082, 32.410954687911861 ], [ 35.44573242880265, 32.410921054274468 ], [ 35.445896202297938, 32.410858886286732 ], [ 35.446090192876241, 32.410792010500508 ], [ 35.446246912021643, 32.410762966627907 ], [ 35.446419771067667, 32.410744599816198 ], [ 35.446613934506772, 32.410742676892383 ], [ 35.446793552945756, 32.410767552276269 ], [ 35.446953816389303, 32.410759635414536 ], [ 35.447107015100734, 32.410718620915155 ], [ 35.447301053160764, 32.410669919023292 ], [ 35.447468304840669, 32.410604642532924 ], [ 35.447619639331805, 32.410549963895946 ], [ 35.44776914241632, 32.410493738735603 ], [ 35.447927444649373, 32.410436087413601 ], [ 35.448114513556554, 32.410390356596523 ], [ 35.448370379163947, 32.410356750461112 ], [ 35.448530735422914, 32.410383633233771 ], [ 35.448735812740786, 32.41042564608945 ], [ 35.448890866292132, 32.410457047421559 ], [ 35.449070870944055, 32.410501926332984 ], [ 35.449240319382412, 32.410574159716248 ], [ 35.449388353764846, 32.410650943239709 ], [ 35.449564960906244, 32.410729079983312 ], [ 35.449740679158666, 32.410785519911215 ], [ 35.449893988607002, 32.410847216476597 ], [ 35.450047546041191, 32.410939064548785 ], [ 35.450174191767623, 32.411029415042904 ], [ 35.45030975773701, 32.411101572156085 ], [ 35.450468606685206, 32.411184391909721 ], [ 35.450634577478965, 32.411259589052449 ], [ 35.450800349522687, 32.411322669134151 ], [ 35.45096793278578, 32.411379827736042 ], [ 35.451133900130834, 32.411453474345166 ], [ 35.451268973800701, 32.411527322157511 ], [ 35.451413680645111, 32.41160086914514 ], [ 35.451564609609321, 32.411641433628191 ], [ 35.451757392148778, 32.411680647699853 ], [ 35.451941032106653, 32.411717202373566 ], [ 35.452123097444321, 32.41178532102635 ], [ 35.452210446756801, 32.411899840253334 ], [ 35.452302432436241, 32.412008996172503 ], [ 35.452399616751151, 32.412136176733839 ], [ 35.452491682698273, 32.412274498234723 ], [ 35.452590150591099, 32.41244563628571 ], [ 35.452677601826061, 32.412596929345071 ], [ 35.452792828591726, 32.412700825872555 ], [ 35.452965558975926, 32.412755858178677 ], [ 35.453154816548093, 32.412780564558759 ], [ 35.453339769676475, 32.412749906254881 ], [ 35.453526144806084, 32.412692756049729 ], [ 35.453698625749354, 32.412656908651265 ], [ 35.453863270370334, 32.412610368284412 ], [ 35.454037278508856, 32.412586352829173 ], [ 35.454220562554795, 32.412553019478629 ], [ 35.454389948810409, 32.412539580047387 ], [ 35.454559975314822, 32.412517403443346 ], [ 35.454761185418484, 32.412539688417915 ], [ 35.454949080335361, 32.41255213668785 ], [ 35.455150358518821, 32.412538914617009 ], [ 35.455312939167605, 32.412527178263197 ], [ 35.455533861169101, 32.41252983793494 ], [ 35.455735214196515, 32.412543667190576 ], [ 35.455894575545813, 32.412568992672199 ], [ 35.456082510167292, 32.412595669866398 ], [ 35.456268835163272, 32.412640807630062 ], [ 35.45642996044031, 32.412703044172943 ], [ 35.456582780900675, 32.41276529712875 ], [ 35.456740481861452, 32.412790624860662 ], [ 35.456903054894042, 32.412776068511128 ], [ 35.457097527064889, 32.41276426594699 ], [ 35.45739222513054, 32.412776355452905 ], [ 35.457549985728789, 32.412822957641843 ], [ 35.457719353870026, 32.412862491401299 ], [ 35.457877129634312, 32.412854988336441 ], [ 35.458021062825431, 32.412768046491777 ], [ 35.458126420194787, 32.412666810569078 ], [ 35.458255197478103, 32.412565527379996 ], [ 35.458427882233465, 32.412543903796418 ], [ 35.458585463630094, 32.412526537381211 ], [ 35.458742520579776, 32.412499872562741 ], [ 35.458920084474869, 32.412441323193491 ], [ 35.459086040530892, 32.412389701034947 ], [ 35.459246895611351, 32.412355278524522 ], [ 35.459370660468679, 32.412244141475512 ], [ 35.459452527910706, 32.412118858417166 ], [ 35.459572934125994, 32.411994906250492 ], [ 35.459695108902977, 32.411909274630055 ], [ 35.459855842622858, 32.411832159506282 ], [ 35.460001627172716, 32.411755074500221 ], [ 35.460153782039804, 32.411698829295339 ], [ 35.460349958421887, 32.411644467073991 ], [ 35.460517479511779, 32.411618483281373 ], [ 35.460683533891128, 32.41160250600457 ], [ 35.460862944634272, 32.411610735777018 ], [ 35.461037408340424, 32.411631656185492 ], [ 35.461217110171894, 32.411683985922039 ], [ 35.461381498377328, 32.411724792998555 ], [ 35.461556011166529, 32.411762902138179 ], [ 35.461720517383341, 32.411786659877684 ], [ 35.46188305176446, 32.411759416371687 ], [ 35.462068815051175, 32.411723389488081 ], [ 35.462246472206253, 32.41169893254974 ], [ 35.462399027920561, 32.411667340959696 ], [ 35.462554909510395, 32.411637151351293 ], [ 35.462750942280991, 32.411591239567741 ], [ 35.462916955625218, 32.411561028739854 ], [ 35.463173439770294, 32.411570365166895 ], [ 35.463341268418695, 32.411594254866316 ], [ 35.466020031878308, 32.411966469339973 ], [ 35.466160955392262, 32.412048461079557 ], [ 35.466294087136696, 32.412135541178728 ], [ 35.466456751069586, 32.412210865196585 ], [ 35.466629411259355, 32.412239108295857 ], [ 35.466789951170369, 32.41226906717084 ], [ 35.466992134103194, 32.412224967663171 ], [ 35.467110053305262, 32.412106085835319 ], [ 35.467214633217687, 32.41196961947626 ], [ 35.467287625433421, 32.411823356074457 ], [ 35.467378467604405, 32.411703825985057 ], [ 35.467572490527544, 32.411652979475051 ], [ 35.467822351457905, 32.411669224267577 ], [ 35.468000770822208, 32.411678995824573 ], [ 35.468276313627932, 32.411673346813572 ], [ 35.468464654646489, 32.411667879961279 ], [ 35.468795703879117, 32.411672258139617 ], [ 35.468952192986684, 32.41168024268655 ], [ 35.469148224282414, 32.411691807316274 ], [ 35.469401837082231, 32.411684511140507 ], [ 35.469617946177507, 32.411689128817372 ], [ 35.469804338489226, 32.411698881039392 ], [ 35.469978742026079, 32.411698513602587 ], [ 35.470194826396749, 32.411694676467029 ], [ 35.470412958077219, 32.411709292266075 ], [ 35.47062503664057, 32.411698840646807 ], [ 35.47078678148916, 32.411686522511644 ], [ 35.470969058724492, 32.41165246245842 ], [ 35.471135621125391, 32.411640415480655 ], [ 35.471308006465264, 32.41163159660163 ], [ 35.471466620538109, 32.411627878998118 ], [ 35.471638946853808, 32.411599052288217 ], [ 35.471827213097413, 32.411568359843706 ], [ 35.472033281669574, 32.411547773960237 ], [ 35.472191684938018, 32.411528979815891 ], [ 35.472356243350063, 32.411513413036552 ], [ 35.472561671862167, 32.411501140627209 ], [ 35.472743968053919, 32.41147384106813 ], [ 35.472916474359394, 32.411449943656173 ], [ 35.473114554663631, 32.411424300702308 ], [ 35.473296870584022, 32.411403763401545 ], [ 35.473469230575155, 32.411386628645253 ], [ 35.473675343111509, 32.411381116060504 ], [ 35.473935065474521, 32.411362103183208 ], [ 35.474129158937906, 32.411336467163004 ], [ 35.474285724242876, 32.411314292772595 ], [ 35.474453749798478, 32.411291952730977 ], [ 35.47462014956136, 32.4112814513757 ], [ 35.474818475348478, 32.411282716718517 ], [ 35.475010640383807, 32.411278922654645 ], [ 35.475173255146153, 32.411280264120883 ], [ 35.475351583943386, 32.411259732416433 ], [ 35.475567611777002, 32.411237428568029 ], [ 35.475734036596123, 32.411235379562541 ], [ 35.475916356578203, 32.411216529240406 ], [ 35.476088982262347, 32.411232924030244 ], [ 35.476281137408165, 32.41122588739907 ], [ 35.476437212982709, 32.4112068111477 ], [ 35.476617559462483, 32.41119458627297 ], [ 35.476784064773391, 32.411164074332284 ], [ 35.476944464171368, 32.411146819779795 ], [ 35.477094973081215, 32.411099434276736 ], [ 35.47727529932407, 32.411080586304152 ], [ 35.47743983097007, 32.411056699972605 ], [ 35.477596400046131, 32.411036212238507 ], [ 35.477772658589323, 32.410990460875368 ], [ 35.477960730250921, 32.410951446721199 ], [ 35.478137139227151, 32.41090062219795 ], [ 35.478287652202162, 32.410854926037743 ], [ 35.478463288659675, 32.410823405749035 ], [ 35.478623838303825, 32.410801217307849 ], [ 35.47880006559047, 32.410745460826575 ], [ 35.47895658261745, 32.410708063770144 ], [ 35.479110920196739, 32.410664049069524 ], [ 35.479275471086794, 32.41064692340062 ], [ 35.479437886020811, 32.410582742281981 ], [ 35.479594144470418, 32.410515051951194 ], [ 35.479760606430808, 32.41047100997811 ], [ 35.479938334509427, 32.410417643891265 ], [ 35.480088810207228, 32.410360251137824 ], [ 35.480247176025919, 32.410275788537561 ], [ 35.48043327481296, 32.410189715117333 ], [ 35.480573778502119, 32.410130511954762 ], [ 35.480730135292617, 32.410041121723566 ], [ 35.480874640307896, 32.409986981775909 ], [ 35.481021076831396, 32.409912689022853 ], [ 35.481161549173045, 32.409843481522643 ], [ 35.481337795395206, 32.409740661553521 ], [ 35.481490184717813, 32.409657901298729 ], [ 35.481670301643739, 32.40957183920392 ], [ 35.481813863237207, 32.409481207697134 ], [ 35.481984143715913, 32.409383331382195 ], [ 35.482128528693529, 32.409290584233922 ], [ 35.48224715328687, 32.40919282139361 ], [ 35.482385568684734, 32.40910346866125 ], [ 35.482529968361405, 32.40901579334421 ], [ 35.482672545487127, 32.408929671762948 ], [ 35.482834716580321, 32.408841956852996 ], [ 35.482953355404177, 32.408749265638988 ], [ 35.483111674588216, 32.408651414235926 ], [ 35.483259053410052, 32.408560772636697 ], [ 35.483397436066468, 32.408461415110366 ], [ 35.483522083929294, 32.408378713808077 ], [ 35.483668422388796, 32.408274125138611 ], [ 35.483783234291998, 32.408179750845605 ], [ 35.483941390702917, 32.408083589533511 ], [ 35.484077918803429, 32.407975781495196 ], [ 35.48421026821137, 32.407859528710354 ], [ 35.484358624228804, 32.407763388632581 ], [ 35.484508941690621, 32.407657099368791 ], [ 35.484645520284701, 32.407566057454815 ], [ 35.484795153988181, 32.407453710757657 ], [ 35.484941463768919, 32.4073408076897 ], [ 35.485077833935897, 32.407236380465193 ], [ 35.485196473161643, 32.407145237006802 ], [ 35.485335043371521, 32.407054189905416 ], [ 35.485471407413648, 32.406948071491492 ], [ 35.48558803750241, 32.406852000715638 ], [ 35.485722563035566, 32.406742363681886 ], [ 35.485860934965721, 32.406641312688336 ], [ 35.485975581678233, 32.406548627532246 ], [ 35.48610221762037, 32.406465919227358 ], [ 35.486280823312043, 32.406378022239139 ], [ 35.486412210900028, 32.406274590994691 ], [ 35.486533666203762, 32.406181890093002 ], [ 35.486713284416453, 32.406046084918373 ], [ 35.486837256749659, 32.405961831962003 ], [ 35.487044723221594, 32.405808774348401 ], [ 35.487231847251074, 32.405683659843326 ], [ 35.487403877059158, 32.40556506026212 ], [ 35.487558128519225, 32.405444386921275 ], [ 35.487677083195912, 32.405349436163846 ], [ 35.487823734012068, 32.405241601295579 ], [ 35.487998226626722, 32.405114400585177 ], [ 35.488158638022909, 32.40499892586935 ], [ 35.4883130805039, 32.404886845946741 ], [ 35.488429389964658, 32.404796268272243 ], [ 35.488571070109586, 32.404692811570435 ], [ 35.488735489927912, 32.404584935570398 ], [ 35.488889757833626, 32.404470600964586 ], [ 35.489028786217141, 32.404369263201964 ], [ 35.489156708729858, 32.404274995278122 ], [ 35.489277985823584, 32.404180178653384 ], [ 35.489399435388762, 32.404087474991179 ], [ 35.48955630491627, 32.403955944127979 ], [ 35.489675055783955, 32.403850283689479 ], [ 35.48979894876507, 32.403742638922061 ], [ 35.489910252364169, 32.403645589902226 ], [ 35.490054339069438, 32.403516341740257 ], [ 35.490178298175323, 32.403429972045437 ], [ 35.490299573070494, 32.403335154437301 ], [ 35.490426043374946, 32.403255260109511 ], [ 35.49063105392414, 32.403117278227484 ], [ 35.490772715141098, 32.403009451245111 ], [ 35.490928439083461, 32.402937098430726 ], [ 35.491085443804472, 32.40290222138055 ], [ 35.4912551284527, 32.402833077059995 ], [ 35.491434943839323, 32.402763909439187 ], [ 35.491617284083624, 32.402705444056814 ], [ 35.491832508272125, 32.402646903419964 ], [ 35.492070992542622, 32.402591127287337 ], [ 35.492231920921469, 32.402536936827524 ], [ 35.492389175632979, 32.402476555044373 ], [ 35.492565661993154, 32.402405561744423 ], [ 35.49272635827549, 32.402330800074843 ], [ 35.492867499301532, 32.402269468271093 ], [ 35.493025579042758, 32.402207674825888 ], [ 35.493205570464752, 32.402142449422001 ], [ 35.493383242781206, 32.402079201650913 ], [ 35.493554136536162, 32.402025691144317 ], [ 35.493702286052248, 32.401975050575984 ], [ 35.493861392210057, 32.401922975690155 ], [ 35.494022120298823, 32.401858779647313 ], [ 35.494173541370444, 32.40179263222592 ], [ 35.494320524442891, 32.401741007327175 ], [ 35.494479935406673, 32.401680617977071 ], [ 35.49464979385624, 32.401615413833611 ], [ 35.494817167180329, 32.401552187760004 ], [ 35.49496278836093, 32.401490420593689 ], [ 35.495114213994931, 32.401426103706441 ], [ 35.495289706004364, 32.401357081460155 ], [ 35.495451471941891, 32.401306407410139 ], [ 35.495609891237649, 32.401247991494131 ], [ 35.495759175983309, 32.401189596495868 ], [ 35.495919741674591, 32.401127370982302 ], [ 35.496084858321886, 32.40108598763932 ], [ 35.496247789048866, 32.401036296158729 ], [ 35.496419878865822, 32.400994332638156 ], [ 35.496574884213878, 32.400959171593726 ], [ 35.496725220626878, 32.400918244369031 ], [ 35.496980628184772, 32.400859601743903 ], [ 35.497158391719459, 32.400826218824392 ], [ 35.497346787769217, 32.400793938126043 ], [ 35.497532860864546, 32.40076236703915 ], [ 35.497690712390487, 32.400734524701448 ], [ 35.497883072047969, 32.400695470873927 ], [ 35.498073439057904, 32.400656562294103 ], [ 35.498248526278019, 32.400617548153825 ], [ 35.498406371389031, 32.400587873261493 ], [ 35.498560881589647, 32.400554119912535 ], [ 35.498725143631681, 32.40050597200414 ], [ 35.498878622802273, 32.400461653322274 ], [ 35.499034337709148, 32.400441000094702 ], [ 35.499190005384179, 32.400405834289401 ], [ 35.499339165682862, 32.400361384250687 ], [ 35.499499192820352, 32.400339029582163 ], [ 35.499665024329566, 32.40031412494875 ], [ 35.499818526567189, 32.400277131766657 ], [ 35.500019632685373, 32.400221569112745 ], [ 35.500194694778365, 32.400175366531919 ], [ 35.500398055060529, 32.400149104772623 ], [ 35.500575311697503, 32.40011388655536 ], [ 35.500744085846442, 32.400074883787028 ], [ 35.500900422968805, 32.400041686869848 ], [ 35.501075996310504, 32.399999708804231 ], [ 35.501254207811094, 32.399951947462036 ], [ 35.501437884424369, 32.399899523353952 ], [ 35.501590376299788, 32.399858726151045 ], [ 35.501748205572454, 32.399824961073044 ], [ 35.501924452564936, 32.399786079994009 ], [ 35.502080971929303, 32.399758094410657 ], [ 35.502246949676469, 32.399727691015855 ], [ 35.502421207975729, 32.399690222922679 ], [ 35.502585308164264, 32.399644465638339 ], [ 35.50274307552047, 32.399592100924025 ], [ 35.502919960427178, 32.399545467553573 ], [ 35.503099661016037, 32.399496572894037 ], [ 35.503253344615857, 32.399465070126439 ], [ 35.503435758733438, 32.399433358112461 ], [ 35.503618995199204, 32.39939924861617 ], [ 35.50382158284215, 32.399340999323499 ], [ 35.503979364299859, 32.39929328266463 ], [ 35.504137395459381, 32.39927092685793 ], [ 35.504291089950833, 32.399242945250961 ], [ 35.504459851057675, 32.399200978685442 ], [ 35.504638059171839, 32.399153212572365 ], [ 35.504820784716465, 32.399115580097572 ], [ 35.505003167219613, 32.39907470752194 ], [ 35.505164986630113, 32.399043042124177 ], [ 35.505367498007324, 32.399012406543051 ], [ 35.505529483718298, 32.398980881178773 ], [ 35.505683346625901, 32.398953883759745 ], [ 35.505861607439492, 32.398922319064702 ], [ 35.506015300323611, 32.398894194463409 ], [ 35.506188234796653, 32.398859119602292 ], [ 35.506374586932964, 32.398813726803183 ], [ 35.506558323455572, 32.398780879922704 ], [ 35.506744565045302, 32.398752253706071 ], [ 35.506913304816337, 32.398704507091978 ], [ 35.507088899519132, 32.398670551795796 ], [ 35.507241251703235, 32.398639047368626 ], [ 35.507419522633356, 32.398610862000758 ], [ 35.507578857242599, 32.398581594747398 ], [ 35.507831037944825, 32.39855534446518 ], [ 35.508048506685512, 32.398528472818363 ], [ 35.508299932182211, 32.398475170999745 ], [ 35.508560832557649, 32.39842452287828 ], [ 35.508778046287325, 32.398371302661204 ], [ 35.508973679186383, 32.398320811283135 ], [ 35.509187894104514, 32.398264920544761 ], [ 35.509392678100745, 32.398219619614657 ], [ 35.509628648585846, 32.398163816380993 ], [ 35.509951578465021, 32.398089203392317 ], [ 35.510202956954124, 32.398022653482997 ], [ 35.510504157402238, 32.397956122984709 ], [ 35.510768017683716, 32.397897572822941 ], [ 35.510923206677909, 32.397870847587548 ], [ 35.511077831635276, 32.3978246796081 ], [ 35.511254861927235, 32.397774229954599 ], [ 35.51142561655287, 32.397734221792547 ], [ 35.511636699889031, 32.397686224814187 ], [ 35.511866365423828, 32.397632968928939 ], [ 35.512068184558473, 32.397595702076174 ], [ 35.512267004664615, 32.397555624265678 ], [ 35.512453167717339, 32.3975051506238 ], [ 35.512633194516745, 32.397457227877496 ], [ 35.512831803444804, 32.397404046178607 ], [ 35.513005703397845, 32.397361492017694 ], [ 35.513195074703916, 32.397326790003511 ], [ 35.513415613574068, 32.397276230720088 ], [ 35.513620357157833, 32.397220355677888 ], [ 35.513819131048059, 32.397167172020517 ], [ 35.513996046280759, 32.39713249938147 ], [ 35.514172212423624, 32.397073030285533 ], [ 35.514489022294718, 32.397056470706829 ], [ 35.514678275288993, 32.396987528541651 ], [ 35.514833509976846, 32.396926419270692 ], [ 35.515038180001518, 32.396849548305887 ], [ 35.515218105155611, 32.396772738030442 ], [ 35.515385776526458, 32.396706384184945 ], [ 35.515581181884841, 32.396640102548091 ], [ 35.515745697407141, 32.396573756015385 ], [ 35.515947457872038, 32.396520561628641 ], [ 35.516105671926887, 32.396457048162041 ], [ 35.51629174869241, 32.396382757306846 ], [ 35.516459391409718, 32.396308511816642 ], [ 35.516664022275762, 32.396221070960202 ], [ 35.516887437029588, 32.396138937329866 ], [ 35.517092269098448, 32.396061921733164 ], [ 35.517281545222019, 32.396000865894784 ], [ 35.517439263107242, 32.395938479171491 ], [ 35.517597465849271, 32.395872286799836 ], [ 35.517768123032887, 32.395805922369171 ], [ 35.517914045468963, 32.39574243719246 ], [ 35.518072274309205, 32.395683993551508 ], [ 35.518267693507475, 32.3956229209466 ], [ 35.518456940600849, 32.395553973128351 ], [ 35.518605878207964, 32.395498229030061 ], [ 35.518764263451679, 32.395437247967138 ], [ 35.518937908664931, 32.395371015400073 ], [ 35.519077500426171, 32.395302190550076 ], [ 35.519304110977409, 32.39523300728046 ], [ 35.519505930432416, 32.395198264698543 ], [ 35.519692011100204, 32.395126645881241 ], [ 35.519862784856826, 32.395094657443522 ], [ 35.520042775431428, 32.395038833929164 ], [ 35.520212632246945, 32.394982049262239 ], [ 35.520389458271048, 32.39492369701766 ], [ 35.520553994614119, 32.394865234452674 ], [ 35.520718328328662, 32.394796345727819 ], [ 35.520910672031661, 32.394711605880119 ], [ 35.521134124911462, 32.39464256815149 ], [ 35.521323524467128, 32.394570938588686 ], [ 35.521478621348926, 32.394520388840498 ], [ 35.521643018261763, 32.39446995639377 ], [ 35.521838626070611, 32.394416768074194 ], [ 35.522068369440305, 32.394389841359356 ], [ 35.522254778798086, 32.394365700569423 ], [ 35.522437995760555, 32.394331000207004 ], [ 35.522649129947091, 32.394301442323794 ], [ 35.522840850104188, 32.394276441871177 ], [ 35.5230520394447, 32.394262663752997 ], [ 35.52324467588052, 32.394262176626135 ], [ 35.52344978607919, 32.394267011757563 ], [ 35.523648622476507, 32.394282288898353 ], [ 35.523884749361315, 32.394276336512405 ], [ 35.524139392677093, 32.394246806748122 ], [ 35.524366191919434, 32.394232986832009 ], [ 35.524630171427752, 32.394213858830831 ], [ 35.524797860550429, 32.394202865355616 ], [ 35.524977967723942, 32.394181413622846 ], [ 35.525164356915056, 32.394151914460451 ], [ 35.525375499226875, 32.394125029056063 ], [ 35.52553380464002, 32.39409038763096 ], [ 35.525688080955625, 32.394043498150019 ], [ 35.525882037746513, 32.393993971120906 ], [ 35.526055463164752, 32.393961685744557 ], [ 35.526252988906613, 32.393935256312005 ], [ 35.526467276613047, 32.393905824885401 ], [ 35.526654495561225, 32.393876462300113 ], [ 35.526838206491711, 32.393841331592206 ], [ 35.527055847874138, 32.393774411716961 ], [ 35.527253031879383, 32.393698808188489 ], [ 35.52740607295064, 32.393631912254058 ], [ 35.527582810340647, 32.393550724682321 ], [ 35.52775955695266, 32.393472213901525 ], [ 35.527932951328431, 32.393385116698354 ], [ 35.528153923810294, 32.393274930689422 ], [ 35.528320363367492, 32.393193627634709 ], [ 35.528510799327655, 32.393089155387649 ], [ 35.528697674607422, 32.393010758146659 ], [ 35.528888243767447, 32.392943763859513 ], [ 35.529136249024063, 32.392824207269022 ], [ 35.529103633646685, 32.393037610884768 ], [ 35.529340027853273, 32.393060954389767 ], [ 35.529554360372153, 32.392998547472338 ], [ 35.529704299408642, 32.39294729643219 ], [ 35.529905613270365, 32.392866746671139 ], [ 35.530089861214492, 32.392797089831092 ], [ 35.530299796512949, 32.392712853816938 ], [ 35.53044972148713, 32.392657938579184 ], [ 35.530642425118039, 32.392584736610317 ], [ 35.530796758520907, 32.392555171193372 ], [ 35.531015318993099, 32.392514590039696 ], [ 35.53125549378025, 32.392481279160656 ], [ 35.531444009258855, 32.392444297617452 ], [ 35.531628426371256, 32.392422120723204 ], [ 35.531819263392286, 32.392384287204855 ], [ 35.531990661305237, 32.392343826855686 ], [ 35.53221345943934, 32.392281393422437 ], [ 35.532423457247454, 32.392215329557693 ], [ 35.532620528421376, 32.392156625699272 ], [ 35.532774834428309, 32.392119872136391 ], [ 35.532950443413341, 32.392050233625454 ], [ 35.533125854602197, 32.391926067854499 ], [ 35.533292656680828, 32.391809250998143 ], [ 35.533468185980198, 32.391717913679649 ], [ 35.533609585096293, 32.391648363551234 ], [ 35.533797992500503, 32.391582353783612 ], [ 35.533952244340547, 32.391531086427342 ], [ 35.534089325215646, 32.391461547050554 ], [ 35.534234835530597, 32.391381136321257 ], [ 35.534376014698765, 32.391297073413078 ], [ 35.53452303851256, 32.391222012513971 ], [ 35.534758639129322, 32.391119526021654 ], [ 35.534929874224844, 32.391035383721686 ], [ 35.53506680088438, 32.390969507035287 ], [ 35.535191027726313, 32.390881965230989 ], [ 35.535327834248662, 32.390783259336153 ], [ 35.535494797438147, 32.390666439140915 ], [ 35.535618870248285, 32.390582419769324 ], [ 35.535760020646912, 32.390491169586298 ], [ 35.535939702849369, 32.390356139520286 ], [ 35.536127653658859, 32.390166419000806 ], [ 35.536247493889825, 32.390060570951135 ], [ 35.53647200757414, 32.389879348438718 ], [ 35.536613175597481, 32.389748082207589 ], [ 35.536784086433229, 32.389576581454698 ], [ 35.536912260834789, 32.389434359098033 ], [ 35.537091672713402, 32.389226624701521 ], [ 35.537215595333421, 32.38910258910218 ], [ 35.53737383796043, 32.388963950233141 ], [ 35.537523458136519, 32.388828856401283 ], [ 35.53766443004875, 32.388690262802612 ], [ 35.537839788416306, 32.388555241445445 ], [ 35.53801954345149, 32.388441906509648 ], [ 35.538156617043128, 32.388372503623593 ], [ 35.538323526363598, 32.388288368162357 ], [ 35.538501435509858, 32.388170105996259 ], [ 35.538668429756406, 32.388064130652978 ], [ 35.538895409644645, 32.387968985986177 ], [ 35.539113968331378, 32.38793191327477 ], [ 35.539315289655264, 32.387858675177682 ], [ 35.53948660849931, 32.387800029013015 ], [ 35.539679540644471, 32.387748510936291 ], [ 35.539919412609301, 32.387682496039929 ], [ 35.540133711468975, 32.387616407898712 ], [ 35.540352188466422, 32.387557634958902 ], [ 35.540549163426725, 32.387477079777291 ], [ 35.540716234914001, 32.387392940718925 ], [ 35.540951598664051, 32.387275930787069 ], [ 35.541157126183087, 32.38717351262256 ], [ 35.541435590539969, 32.387081748298655 ], [ 35.54169279642538, 32.387033859540644 ], [ 35.541924412214613, 32.387025912929587 ], [ 35.542181860978438, 32.387043399228638 ], [ 35.542396397236288, 32.387086502612732 ], [ 35.542654009033974, 32.387147665908856 ], [ 35.542907276479738, 32.387201513642935 ], [ 35.54314777183329, 32.387259058536493 ], [ 35.543321987147536, 32.387310018072952 ], [ 35.543502371881736, 32.387367723878903 ], [ 35.543695529759304, 32.387421872596406 ], [ 35.543970341721796, 32.387508348545808 ], [ 35.544202271823053, 32.387584090337846 ], [ 35.544369678568181, 32.387634644076932 ], [ 35.544554368263512, 32.387688673410565 ], [ 35.544704630666672, 32.387728282914509 ], [ 35.544880686485484, 32.387782475972301 ], [ 35.545056768954588, 32.387843713612497 ], [ 35.545237210861274, 32.387916070163023 ], [ 35.545374838107563, 32.387995728064809 ], [ 35.545529582946088, 32.388079002843504 ], [ 35.545739956275725, 32.388162126817001 ], [ 35.545899100791452, 32.388267087519047 ], [ 35.546052800914879, 32.388337260962764 ], [ 35.546215975910428, 32.388365843612853 ], [ 35.546387592723079, 32.388387217351486 ], [ 35.546606396799802, 32.388415789467579 ], [ 35.546825366534051, 32.388444219855216 ], [ 35.54707419915227, 32.388465382890878 ], [ 35.547310287176735, 32.388497570147173 ], [ 35.547512001448212, 32.388529709624741 ], [ 35.547730902145837, 32.388583641162455 ], [ 35.547949666029844, 32.388601361906133 ], [ 35.548117104548005, 32.388615417976901 ], [ 35.548426022113617, 32.388629087804048 ], [ 35.54870488377756, 32.388642838967215 ], [ 35.548910626143027, 32.388642276867216 ], [ 35.549133859955148, 32.388656319990574 ], [ 35.549399852506362, 32.388691943995212 ], [ 35.549580105520562, 32.388713289745297 ], [ 35.54974621588714, 32.388683668911838 ], [ 35.550114955323082, 32.388664482369592 ], [ 35.550295222402958, 32.38868949040566 ], [ 35.550479779078636, 32.388707159712261 ], [ 35.550694225776873, 32.38872474664317 ], [ 35.550891651534492, 32.388720540807398 ], [ 35.551127450034208, 32.388719892472878 ], [ 35.55139781603571, 32.388726475245889 ], [ 35.551642249412787, 32.388725802179621 ], [ 35.551848046301622, 32.388696069254571 ], [ 35.551997909291579, 32.388630138560195 ], [ 35.552186171554617, 32.388531413426215 ], [ 35.552511565574257, 32.388381445237933 ], [ 35.552708697397883, 32.388300870669859 ], [ 35.552858530973033, 32.388227612340053 ], [ 35.553034173067942, 32.388172599196558 ], [ 35.553218687489533, 32.388179415469672 ], [ 35.553416169626097, 32.388233396391286 ], [ 35.55357540761679, 32.388360327188281 ], [ 35.553687292235338, 32.388480062299308 ], [ 35.553803716505904, 32.388614297215028 ], [ 35.553967317111287, 32.38879574292109 ], [ 35.554122337143596, 32.388948046336075 ], [ 35.554442036658855, 32.389259529753936 ], [ 35.554670877243062, 32.389047688090471 ], [ 35.554829841574772, 32.388887890717754 ], [ 35.555026407890757, 32.38870417680905 ], [ 35.555213416244378, 32.388496677436621 ], [ 35.555438117551958, 32.388288931929864 ], [ 35.55565338383375, 32.388089243493248 ], [ 35.555962099462491, 32.387793765292777 ], [ 35.556177363418776, 32.387594075961886 ], [ 35.556430351554866, 32.387402312107326 ], [ 35.556589309913278, 32.387242512515741 ], [ 35.556767352464036, 32.38712253350743 ], [ 35.557038935850237, 32.386930716450472 ], [ 35.557413627342413, 32.386650971578952 ], [ 35.557769572680996, 32.38641904255519 ], [ 35.558130039095815, 32.386197244494895 ], [ 35.558355287372933, 32.38613292638059 ], [ 35.558712067560961, 32.386116002678143 ], [ 35.559040909514209, 32.386130999506996 ], [ 35.559369689302031, 32.386130074180933 ], [ 35.559688817237742, 32.386081410784776 ], [ 35.560045378869766, 32.386008829225609 ], [ 35.56042985561723, 32.385856419571347 ], [ 35.560757821198642, 32.385648372900029 ], [ 35.561048248799935, 32.385480305705165 ], [ 35.561251693673839, 32.385404067776086 ], [ 35.561528638803111, 32.385354814638418 ], [ 35.561830159409489, 32.385305632116982 ], [ 35.562204797763876, 32.385228484473224 ], [ 35.562448896728071, 32.385103378524008 ], [ 35.562611356354395, 32.384950888093293 ], [ 35.56263516544044, 32.384798791513496 ], [ 35.562585419973523, 32.384563915010879 ], [ 35.562470715772427, 32.384446731924378 ], [ 35.562151023242322, 32.3840975079898 ], [ 35.561872939270756, 32.383856515814912 ], [ 35.561676547724488, 32.383656574648235 ], [ 35.561496456659441, 32.383463490999141 ], [ 35.561381592357172, 32.383304883322538 ], [ 35.561201584583436, 32.383132651909122 ], [ 35.561086723944143, 32.382932479019765 ], [ 35.560996516941813, 32.382794513222699 ], [ 35.560840485088683, 32.382511608486411 ], [ 35.560686348707577, 32.38224602864473 ], [ 35.56057154305914, 32.382016970990101 ], [ 35.560471206647449, 32.381836059495392 ], [ 35.560413260023871, 32.381582747509306 ], [ 35.560398317379303, 32.381413712012503 ], [ 35.560397180852348, 32.381123887869279 ], [ 35.560409850879132, 32.380713415960805 ], [ 35.560408761862348, 32.380435708888108 ], [ 35.560365474165842, 32.380278870627599 ], [ 35.560335921025867, 32.380025337472134 ], [ 35.560306865503293, 32.379856341762505 ], [ 35.560320174566819, 32.379651156536312 ], [ 35.560447740757382, 32.379493835852244 ], [ 35.560674597531467, 32.379251695630167 ], [ 35.560901571555526, 32.378997437425191 ], [ 35.561142634240532, 32.378779490662339 ], [ 35.561383908894413, 32.37857351917723 ], [ 35.561838205909773, 32.378198006632559 ], [ 35.562255500539671, 32.377829501480598 ], [ 35.562510954107701, 32.377599394001869 ], [ 35.562695297412198, 32.377441909747184 ], [ 35.562850985411806, 32.377175874212767 ], [ 35.562921117424956, 32.376897964542167 ], [ 35.562976398186429, 32.376475253740537 ], [ 35.563017399709238, 32.376052583502393 ], [ 35.563073489883458, 32.375835018063505 ], [ 35.563157971668289, 32.375617512712289 ], [ 35.563214561335286, 32.375484484692407 ], [ 35.563341759631612, 32.375278833988695 ], [ 35.563488447490215, 32.375005496514092 ], [ 35.563713038197164, 32.374615132275856 ], [ 35.563884866355323, 32.374276064110177 ], [ 35.564012129844386, 32.374045755330513 ], [ 35.564071309865263, 32.373770835005026 ], [ 35.564130540326815, 32.373508736236275 ], [ 35.564144535269207, 32.373227604335703 ], [ 35.56409807092588, 32.372940163584396 ], [ 35.564006766246862, 32.372691315911119 ], [ 35.563892994371713, 32.372512699545616 ], [ 35.563786961580952, 32.372359704496226 ], [ 35.563665896693188, 32.372225914345741 ], [ 35.563567209237128, 32.372040914267082 ], [ 35.563505986827572, 32.371799448105399 ], [ 35.563467667628721, 32.371639778585646 ], [ 35.563436794560026, 32.371473747425853 ], [ 35.563413508546468, 32.371295013807163 ], [ 35.563427858574094, 32.371103210383652 ], [ 35.563509618131732, 32.370828366802023 ], [ 35.563591174365783, 32.370502236755733 ], [ 35.563680721487941, 32.370265695197425 ], [ 35.563747649279087, 32.370061061047068 ], [ 35.563807030019362, 32.369837286195903 ], [ 35.563851544499606, 32.369632715858685 ], [ 35.563843123569413, 32.369434636824757 ], [ 35.563812138402739, 32.369198297753179 ], [ 35.563735880964529, 32.368974909427287 ], [ 35.563674707204996, 32.368829253954509 ], [ 35.563568224494013, 32.368561286846912 ], [ 35.563416292606625, 32.368261324213485 ], [ 35.563271898312742, 32.367935978223315 ], [ 35.563127630823423, 32.367642474716902 ], [ 35.562937865606877, 32.367304435608666 ], [ 35.562824067427883, 32.367074812949795 ], [ 35.562732983680775, 32.366921633459746 ], [ 35.562574141704772, 32.36676244683845 ], [ 35.56242293640409, 32.366603097431629 ], [ 35.562309351917044, 32.366469284578336 ], [ 35.562180600066817, 32.366278028102606 ], [ 35.562033724166106, 32.36599509802263 ], [ 35.561910484033938, 32.36572759957717 ], [ 35.561776816047448, 32.365425610434471 ], [ 35.561633089828597, 32.365140839233142 ], [ 35.561468606165953, 32.364769896779933 ], [ 35.56130405577106, 32.364381623764103 ], [ 35.561190946632742, 32.364114095857097 ], [ 35.561098291097757, 32.363855104791249 ], [ 35.560995242318164, 32.363570358612435 ], [ 35.560923210458562, 32.363363159713934 ], [ 35.560851047199201, 32.363164696843334 ], [ 35.560768757217225, 32.362966121641513 ], [ 35.560631616273582, 32.362707819466394 ], [ 35.560558771630518, 32.362546978226618 ], [ 35.560485851810171, 32.36240924450599 ], [ 35.560394566943707, 32.362202522313204 ], [ 35.56033960750478, 32.36198794811127 ], [ 35.560266358436472, 32.361765957865217 ], [ 35.560202059041238, 32.361497727603449 ], [ 35.560092727516889, 32.361260481086859 ], [ 35.560010604751767, 32.361061341250476 ], [ 35.559901377849954, 32.360892993637904 ], [ 35.559783127620697, 32.360709454308534 ], [ 35.559655942877626, 32.360533407651289 ], [ 35.559537783387448, 32.360372834285805 ], [ 35.559392655008914, 32.360235162282777 ], [ 35.559103118497816, 32.360143970156379 ], [ 35.558913151814721, 32.360129287235367 ], [ 35.558714446380925, 32.360129845623149 ], [ 35.558533877939638, 32.360183894226324 ], [ 35.558308230280403, 32.360299641749222 ], [ 35.558082926304444, 32.360461179936962 ], [ 35.557857681273376, 32.360638075499004 ], [ 35.557740866206501, 32.360822416341534 ], [ 35.557642323745014, 32.361052638821697 ], [ 35.557580446946055, 32.361405481176611 ], [ 35.557572525513777, 32.361673774177994 ], [ 35.557654554217301, 32.361849949405752 ], [ 35.557745666499734, 32.362056674104643 ], [ 35.5579637998935, 32.362354908525923 ], [ 35.558254268170074, 32.362683796386357 ], [ 35.558399756749459, 32.362913334450553 ], [ 35.558617865247065, 32.36320410013203 ], [ 35.55870001662413, 32.363410849250663 ], [ 35.558800831191533, 32.363763093994876 ], [ 35.55890134799521, 32.364038831601306 ], [ 35.558919292661749, 32.364212931669748 ], [ 35.558838665007947, 32.364397030802877 ], [ 35.558676855323313, 32.36466589704483 ], [ 35.558524161180806, 32.364888522781044 ], [ 35.558353385048562, 32.365157413772636 ], [ 35.558146433393624, 32.365387940729541 ], [ 35.557822032901214, 32.365641762996447 ], [ 35.557551632104968, 32.365864858255883 ], [ 35.557335295458834, 32.365988186439388 ], [ 35.55702884960828, 32.36624956492517 ], [ 35.556555426384392, 32.366606092807181 ], [ 35.556302954301671, 32.366744737152636 ], [ 35.556140438010672, 32.366791264340172 ], [ 35.555905301208398, 32.366776562043292 ], [ 35.555471325751498, 32.366731697157377 ], [ 35.555172967421505, 32.366724918895983 ], [ 35.554901787549888, 32.366748639352956 ], [ 35.554703097437113, 32.366756940851893 ], [ 35.55450438844116, 32.366803425568101 ], [ 35.554323804752435, 32.366857609092641 ], [ 35.554098252870446, 32.367003923747632 ], [ 35.553845628451448, 32.367104239231708 ], [ 35.553592749163876, 32.367181588470636 ], [ 35.553348794091711, 32.367205230203801 ], [ 35.553077513807253, 32.367160047683484 ], [ 35.552941437712057, 32.36704545072412 ], [ 35.552850595522592, 32.366907621288661 ], [ 35.552850007455682, 32.366754325398226 ], [ 35.552894546228245, 32.366593296288123 ], [ 35.55297539333376, 32.36646274176919 ], [ 35.553235999552072, 32.366063419404547 ], [ 35.553406509092035, 32.365763961080972 ], [ 35.553541081028705, 32.365487568469661 ], [ 35.553666580528727, 32.365226558767482 ], [ 35.553845805277177, 32.364819851935259 ], [ 35.553926266172446, 32.364589682617499 ], [ 35.554088073120631, 32.364230224681485 ], [ 35.554159313375607, 32.363976973410139 ], [ 35.55423060150973, 32.363693146980076 ], [ 35.554266035179225, 32.363539751100483 ], [ 35.554274456994193, 32.363355714271869 ], [ 35.554237263836399, 32.363095296081497 ], [ 35.554218371925231, 32.362888368547551 ], [ 35.554081965208027, 32.362643442492583 ], [ 35.553990871379185, 32.362482648007045 ], [ 35.553863725097109, 32.362314344834495 ], [ 35.553736461721812, 32.362115466866143 ], [ 35.553627215319203, 32.361939364437653 ], [ 35.553526923699557, 32.361717445086583 ], [ 35.553463056707251, 32.361556574814088 ], [ 35.553417108065389, 32.36134972198461 ], [ 35.553407447894308, 32.361211809015984 ], [ 35.553396401974666, 32.360799570343886 ], [ 35.55348547124585, 32.360477370571616 ], [ 35.553511841515103, 32.360254959601399 ], [ 35.553520245876008, 32.360109247189293 ], [ 35.553519539349878, 32.359925376473093 ], [ 35.553554844268177, 32.359695332218159 ], [ 35.553644265041257, 32.359464997206032 ], [ 35.553724662790806, 32.359219470065227 ], [ 35.553931512248667, 32.358919910110792 ], [ 35.554129260165446, 32.358628124471139 ], [ 35.55433614769796, 32.358382246108967 ], [ 35.554480231344783, 32.358251515026481 ], [ 35.554696690260059, 32.35812058278465 ], [ 35.555102944712637, 32.358004480518296 ], [ 35.555400948918923, 32.357927002677116 ], [ 35.555644671016559, 32.357849675314682 ], [ 35.555879339933455, 32.35774940623395 ], [ 35.556149999980278, 32.357641286921933 ], [ 35.55639571544301, 32.357521823859074 ], [ 35.556557948043249, 32.357406397702746 ], [ 35.556684022225021, 32.357298680863558 ], [ 35.5567333330468, 32.357129746551429 ], [ 35.556732636489571, 32.356950102725136 ], [ 35.556607973593991, 32.35665090037508 ], [ 35.556501429575789, 32.356486487322243 ], [ 35.556306489338773, 32.356299917948988 ], [ 35.55611163661159, 32.356135750909921 ], [ 35.555978737636345, 32.356023825190611 ], [ 35.55579291539064, 32.355919514412165 ], [ 35.555598432967408, 32.355807759840459 ], [ 35.555385936506916, 32.355673511305277 ], [ 35.555208964049832, 32.355539304506109 ], [ 35.555049587511348, 32.355405048536959 ], [ 35.554907719862022, 32.355248199915337 ], [ 35.554836226716795, 32.355046208936464 ], [ 35.554800141281753, 32.354814249023562 ], [ 35.554825956661716, 32.354664401977132 ], [ 35.554975234308635, 32.354461797505799 ], [ 35.555168463457726, 32.354206797210274 ], [ 35.555388112494718, 32.353959049831055 ], [ 35.555607810893129, 32.353681431397099 ], [ 35.555712938184456, 32.353480639744681 ], [ 35.555844277685225, 32.353233278386085 ], [ 35.55598452160627, 32.352970815899241 ], [ 35.556212433466101, 32.352543398124432 ], [ 35.556378719866643, 32.352191110034184 ], [ 35.556562823550266, 32.35185370723638 ], [ 35.556746992035087, 32.351576185952574 ], [ 35.55697524502812, 32.35123851830059 ], [ 35.557265389193105, 32.350938297077285 ], [ 35.557572805633754, 32.350555601033662 ], [ 35.557908911830822, 32.350166906079572 ], [ 35.558119863322339, 32.349949189674604 ], [ 35.558313277666386, 32.349746457390999 ], [ 35.558489242897309, 32.349581252870827 ], [ 35.558735663059359, 32.349393447304571 ], [ 35.558946815225994, 32.349228143297651 ], [ 35.559263454298453, 32.348957713513421 ], [ 35.559395177531194, 32.348770229264147 ], [ 35.559447453294091, 32.348597903788125 ], [ 35.55946428674725, 32.348403134241643 ], [ 35.559446107701085, 32.348253409962744 ], [ 35.559444658557325, 32.34796738942444 ], [ 35.559226170911323, 32.347783285814579 ], [ 35.558899039794774, 32.347618085824045 ], [ 35.558615540395685, 32.34748967796417 ], [ 35.55835400017741, 32.347416440196739 ], [ 35.558157762708689, 32.347361617418599 ], [ 35.557917967072861, 32.347288458660337 ], [ 35.557787076709758, 32.347178078903298 ], [ 35.557582277273909, 32.34705536595829 ], [ 35.55739406040162, 32.346928520207584 ], [ 35.55720565867604, 32.346753909971241 ], [ 35.556904354051888, 32.346484085549427 ], [ 35.556621683296179, 32.346182365213927 ], [ 35.556244886634843, 32.34583314205922 ], [ 35.555962251157005, 32.345539451336606 ], [ 35.555783211259254, 32.345380734400422 ], [ 35.555576029566545, 32.345198142731498 ], [ 35.555302920266072, 32.344920345544317 ], [ 35.555096017242441, 32.344809469844904 ], [ 35.554954871149668, 32.344706301432005 ], [ 35.554785326150494, 32.344555587898768 ], [ 35.554534900714316, 32.344391713240924 ], [ 35.554280753718366, 32.344209390637658 ], [ 35.554054945169625, 32.344058691235453 ], [ 35.553913679544102, 32.343923819702013 ], [ 35.553800279686108, 32.343740965184537 ], [ 35.553799484234354, 32.343533986811799 ], [ 35.553957864932492, 32.343199335707517 ], [ 35.554135138959552, 32.342944099038696 ], [ 35.55430305633984, 32.342672966481473 ], [ 35.554395634559199, 32.342362168315482 ], [ 35.554450764792094, 32.342067536467148 ], [ 35.554534047622987, 32.341756763966096 ], [ 35.554626361363397, 32.341334656111265 ], [ 35.554672275417211, 32.341103736062621 ], [ 35.554822677718711, 32.340595659230281 ], [ 35.554980146468381, 32.340069809270325 ], [ 35.555137920490644, 32.339623566188948 ], [ 35.555249198105962, 32.339257060160385 ], [ 35.555366899929687, 32.338964226352182 ], [ 35.55548373487126, 32.3385330319555 ], [ 35.555575730897729, 32.338245482721291 ], [ 35.555633343214495, 32.337821638826753 ], [ 35.55571601452381, 32.337311635760685 ], [ 35.555798351732506, 32.336715403282788 ], [ 35.555896893607944, 32.335932293324738 ], [ 35.555929222599588, 32.335537263008604 ], [ 35.556003735529146, 32.335150146364235 ], [ 35.556070307959914, 32.334855622524856 ], [ 35.556212358953339, 32.334381241783809 ], [ 35.556346250657164, 32.3339859280428 ], [ 35.556555841313433, 32.333468243305475 ], [ 35.556799395445005, 32.332979206767931 ], [ 35.556950237605598, 32.33259103083423 ], [ 35.557185546008732, 32.332116529158441 ], [ 35.557337661338096, 32.331715104636594 ], [ 35.557378975495361, 32.33145643902273 ], [ 35.557318727980302, 32.331198057489637 ], [ 35.557258982580798, 32.33106901999701 ], [ 35.557148400492345, 32.330925611981421 ], [ 35.556995418658737, 32.33076090566923 ], [ 35.556672835464695, 32.330510442440762 ], [ 35.556469186192324, 32.330374620361191 ], [ 35.556240119635909, 32.330231682961035 ], [ 35.555908607093272, 32.330031402772875 ], [ 35.555619466484742, 32.329887927069542 ], [ 35.555430878870304, 32.329784045496758 ], [ 35.555242078458875, 32.329667905994292 ], [ 35.555024545781869, 32.329545646478799 ], [ 35.554850064882558, 32.329398609650205 ], [ 35.554726601770824, 32.329270029647716 ], [ 35.55464645046866, 32.329141188408798 ], [ 35.554616534877255, 32.328914000898401 ], [ 35.554673456631356, 32.32865585630735 ], [ 35.554730543567125, 32.328440685507935 ], [ 35.5547659859064, 32.328250091254503 ], [ 35.554765134465541, 32.328029022614537 ], [ 35.554786068360677, 32.327820010817391 ], [ 35.554879709496703, 32.327660111849085 ], [ 35.554994922400589, 32.327500011976852 ], [ 35.55505231580851, 32.327364730060467 ], [ 35.555087923277384, 32.327217250421924 ], [ 35.55511613410205, 32.327045133946584 ], [ 35.555158337168962, 32.326800697212917 ], [ 35.555164548856382, 32.326518035886821 ], [ 35.555199776601839, 32.326272209515849 ], [ 35.555191551610186, 32.32603270349744 ], [ 35.555176309122736, 32.325823792135253 ], [ 35.555103106965532, 32.325602924510648 ], [ 35.554964832643805, 32.32541901235696 ], [ 35.554768598881132, 32.325223002735143 ], [ 35.554608729378032, 32.32507592486715 ], [ 35.554426886622331, 32.324867616512712 ], [ 35.554281360649888, 32.324695981938497 ], [ 35.554143042255369, 32.324499810720823 ], [ 35.554033952498948, 32.324352732252798 ], [ 35.553748669451998, 32.32404157107532 ], [ 35.553610471100349, 32.323876114982482 ], [ 35.553486709726869, 32.323710618796511 ], [ 35.553384615649122, 32.323526604742419 ], [ 35.553297147571449, 32.323348608837634 ], [ 35.553223880069545, 32.323152256689397 ], [ 35.553172657826046, 32.322992759216035 ], [ 35.553120304996455, 32.322538221427337 ], [ 35.553075535448407, 32.322200468271113 ], [ 35.553067128091598, 32.321911788530805 ], [ 35.553051680169567, 32.32164778563272 ], [ 35.553108724803636, 32.321508278458246 ], [ 35.553289145040218, 32.321348140712871 ], [ 35.553491489829071, 32.32123697507653 ], [ 35.553987268389626, 32.321012840645274 ], [ 35.554250572842143, 32.320918271951058 ], [ 35.554760311622672, 32.320786948534135 ], [ 35.555397455192121, 32.320604826773739 ], [ 35.555915735089194, 32.320451776424726 ], [ 35.556348753434008, 32.320306288526332 ], [ 35.556875436756464, 32.320138839061613 ], [ 35.557368074682323, 32.319964296753412 ], [ 35.557877607574206, 32.319782519333124 ], [ 35.558327457597663, 32.319572022857372 ], [ 35.55848867920151, 32.319470545703098 ], [ 35.558887417226565, 32.319216793589057 ], [ 35.559277578619024, 32.318934320838132 ], [ 35.559591135336589, 32.318666434243845 ], [ 35.560019183163078, 32.318229285826234 ], [ 35.560281601999364, 32.317954355715074 ], [ 35.560501595264036, 32.317650660369154 ], [ 35.560721276482461, 32.317267639091725 ], [ 35.560897072129009, 32.316906721709373 ], [ 35.561058060573508, 32.316620663556151 ], [ 35.561169602873171, 32.316461695440751 ], [ 35.561218882089868, 32.316334605660842 ], [ 35.561243314393799, 32.316175883720184 ], [ 35.561255136519144, 32.31601719742644 ], [ 35.561179310239638, 32.315763510840902 ], [ 35.561066194039263, 32.315520637947067 ], [ 35.561003020355713, 32.315319893705571 ], [ 35.560939929531024, 32.315097873358539 ], [ 35.56090147890427, 32.314854789340806 ], [ 35.560875430899223, 32.314558692036229 ], [ 35.560911271612213, 32.314177880170647 ], [ 35.561033431934753, 32.313511220944036 ], [ 35.561206194280665, 32.313098178673947 ], [ 35.561428730186044, 32.312600455602208 ], [ 35.561688677550272, 32.312166031039965 ], [ 35.561979252003155, 32.311757303791097 ], [ 35.562309724603729, 32.311369174974722 ], [ 35.562714577904082, 32.310952513327031 ], [ 35.563243417230026, 32.310380649240507 ], [ 35.563540863413756, 32.310034740042411 ], [ 35.563672675548389, 32.309802021410277 ], [ 35.563746418332286, 32.309569467964963 ], [ 35.563761897543522, 32.309287765477599 ], [ 35.563677664154675, 32.308964076928092 ], [ 35.563585608456627, 32.308760175287524 ], [ 35.563342770851044, 32.30839565409304 ], [ 35.563109444849793, 32.308128748860298 ], [ 35.562817359748472, 32.307728155319225 ], [ 35.562550745366579, 32.307433304484576 ], [ 35.562217603809231, 32.30713850076539 ], [ 35.561868039757194, 32.306843742651523 ], [ 35.561585060469788, 32.306647284070046 ], [ 35.561310626953869, 32.306472076541446 ], [ 35.560986064063556, 32.306247695113683 ], [ 35.560761431733894, 32.306079390666746 ], [ 35.560503563792651, 32.305896948699171 ], [ 35.560287034956716, 32.305721575542627 ], [ 35.560062047462203, 32.305461685976191 ], [ 35.559943549507942, 32.305323515311031 ], [ 35.559868316187575, 32.305175923320661 ], [ 35.559883944314663, 32.3049294455923 ], [ 35.559982578229913, 32.304696824045017 ], [ 35.560172458091138, 32.304421675347491 ], [ 35.56024639778844, 32.304238297204407 ], [ 35.560245599905777, 32.304034135642887 ], [ 35.560153694586297, 32.303865455814446 ], [ 35.559970433243556, 32.303710982349926 ], [ 35.55977909898133, 32.303570762221284 ], [ 35.559455126563968, 32.303494178944689 ], [ 35.559138710560539, 32.30331302592942 ], [ 35.560299671284767, 32.303181962048285 ], [ 35.560142465430509, 32.303029528849123 ], [ 35.560009077393246, 32.302943533075911 ], [ 35.559781780858735, 32.302897676214634 ], [ 35.559562551537034, 32.302878426314969 ], [ 35.55931185268669, 32.302872368197427 ], [ 35.559131723935394, 32.30283976302912 ], [ 35.558943502174941, 32.302773787070912 ], [ 35.558684515788961, 32.302641645622444 ], [ 35.558339336621273, 32.30244324059764 ], [ 35.558096008861746, 32.302284423951249 ], [ 35.55792312568714, 32.302152039647893 ], [ 35.557750356971596, 32.302006269295426 ], [ 35.557616766636052, 32.3018671522807 ], [ 35.55745144991463, 32.301674863699567 ], [ 35.557333325872129, 32.30150245074784 ], [ 35.557254173480999, 32.301283431795056 ], [ 35.557245680863659, 32.301103949078104 ], [ 35.557229160304828, 32.300864888138136 ], [ 35.557236004737042, 32.300618998690901 ], [ 35.557195901170608, 32.300373240441942 ], [ 35.55714040959348, 32.300180644432437 ], [ 35.556991139945652, 32.300061437396728 ], [ 35.556771263626167, 32.299915938092184 ], [ 35.556453605253139, 32.299752112327212 ], [ 35.556202670653363, 32.299639810108218 ], [ 35.555928334411519, 32.299567588129904 ], [ 35.55564622665878, 32.299501868572257 ], [ 35.555293564088615, 32.299423099911273 ], [ 35.555066202153981, 32.299357367776906 ], [ 35.55479173916433, 32.299251750383327 ], [ 35.554626982690294, 32.299159213587721 ], [ 35.55444647894025, 32.299026704652086 ], [ 35.554422105191428, 32.298814154200173 ], [ 35.554484224911825, 32.298661246401934 ], [ 35.554663398186257, 32.298447990484632 ], [ 35.555014342915364, 32.298081662719738 ], [ 35.555451380710785, 32.297714953706596 ], [ 35.555693358501053, 32.297528151757803 ], [ 35.555888902195576, 32.297474488208167 ], [ 35.556240915964821, 32.297387135997482 ], [ 35.556812169977214, 32.297325660208415 ], [ 35.557227016805705, 32.297271382239138 ], [ 35.55771994505335, 32.29720363981864 ], [ 35.557923386381944, 32.297176440215161 ], [ 35.558275448455447, 32.297102326802381 ], [ 35.558693073428792, 32.296909813364159 ], [ 35.558950998331319, 32.296816095313929 ], [ 35.559248160014008, 32.296702258666627 ], [ 35.55956873683111, 32.296594977750694 ], [ 35.559818655965735, 32.296448161162104 ], [ 35.560193568870204, 32.296194612410666 ], [ 35.560451334306862, 32.296061017055287 ], [ 35.560630966258536, 32.295927500757436 ], [ 35.56133408373482, 32.295568474354482 ], [ 35.561784424183308, 32.295388539204765 ], [ 35.561949410807436, 32.2952860604831 ], [ 35.562038909642531, 32.295138989205441 ], [ 35.562083002697058, 32.294877213011858 ], [ 35.562089280542523, 32.294532694730982 ], [ 35.562141138927608, 32.294347546097725 ], [ 35.562215456942866, 32.294136830887403 ], [ 35.56242430124685, 32.293587151484672 ], [ 35.562521758557494, 32.293397505460653 ], [ 35.562779178388027, 32.293010286270892 ], [ 35.563072439913945, 32.292668616341693 ], [ 35.563089234242021, 32.292426079663926 ], [ 35.56313281153043, 32.292160781974097 ], [ 35.563283725266409, 32.291940689929099 ], [ 35.563345724015406, 32.29180412243764 ], [ 35.563443087567556, 32.291591650122548 ], [ 35.563566709189224, 32.291265537584607 ], [ 35.563681956347651, 32.291045405595256 ], [ 35.563805994956937, 32.290825389371136 ], [ 35.563930258345003, 32.29062044868828 ], [ 35.564251702308134, 32.290235580266284 ], [ 35.564411520705839, 32.290045614071857 ], [ 35.564580401937889, 32.28984054551065 ], [ 35.564802754098082, 32.289650541318395 ], [ 35.564927103984473, 32.289468425201648 ], [ 35.565024611420384, 32.289293853331117 ], [ 35.565237013646275, 32.288853779098801 ], [ 35.565458130824041, 32.288353092517632 ], [ 35.565591314058928, 32.288140516037913 ], [ 35.565750886284079, 32.287890102663809 ], [ 35.565981647007284, 32.287563680979105 ], [ 35.566142916696229, 32.287323547944879 ], [ 35.566284647295433, 32.28705035916559 ], [ 35.566444050718694, 32.286716673386344 ], [ 35.566621139831966, 32.286367578545239 ], [ 35.566789195656014, 32.285957922298039 ], [ 35.566877166716736, 32.285639517229676 ], [ 35.566956451173326, 32.285389191811646 ], [ 35.566991343675333, 32.285154211031838 ], [ 35.56703863027456, 32.284824368817745 ], [ 35.567053998166699, 32.284476442117011 ], [ 35.56707805102068, 32.284185273232666 ], [ 35.567110400421427, 32.28393663236276 ], [ 35.567159611620824, 32.283673853016722 ], [ 35.567175770356613, 32.283524734172715 ], [ 35.567149937161467, 32.283368550045928 ], [ 35.56704797982546, 32.282964177451561 ], [ 35.566896526284985, 32.282709019285448 ], [ 35.566845544516916, 32.282484993346849 ], [ 35.566803154690838, 32.282336042551073 ], [ 35.566760539224944, 32.282130309585227 ], [ 35.566717895386866, 32.281917390766004 ], [ 35.566675308323816, 32.281718702687414 ], [ 35.566607454264577, 32.281505856135112 ], [ 35.566514834771233, 32.281321542408726 ], [ 35.566346467919715, 32.281066431995754 ], [ 35.566237323170363, 32.280938948223167 ], [ 35.56609456601074, 32.280825791555692 ], [ 35.56596012709646, 32.280677104036215 ], [ 35.565733493477651, 32.280450480534142 ], [ 35.565565468244465, 32.280280612730564 ], [ 35.565338640177792, 32.280004392146509 ], [ 35.565245802597495, 32.279805847120052 ], [ 35.565157827972293, 32.279453002280192 ], [ 35.565098325168321, 32.279211669096163 ], [ 35.565063724281671, 32.278892346876759 ], [ 35.565053383452792, 32.278416696875311 ], [ 35.565043432726291, 32.277997687663927 ], [ 35.565067718273042, 32.277805993830654 ], [ 35.565134216964118, 32.277678007279576 ], [ 35.565234051758743, 32.277549925449236 ], [ 35.565342263122432, 32.277443095552968 ], [ 35.565592634365906, 32.277300352175139 ], [ 35.565792442341326, 32.277079694199493 ], [ 35.56586706330112, 32.27690913210057 ], [ 35.56595846284911, 32.276745566939063 ], [ 35.565991147518687, 32.276539477015902 ], [ 35.565974270562265, 32.276256879173765 ], [ 35.565931744328282, 32.276072421413282 ], [ 35.565709193625729, 32.275617668223369 ], [ 35.565379726770786, 32.275386124679621 ], [ 35.565132816825312, 32.275270728224214 ], [ 35.564904150205976, 32.275155138307575 ], [ 35.564629998563376, 32.27507067580806 ], [ 35.56446562569387, 32.275024647398219 ], [ 35.56423723584475, 32.27497880118392 ], [ 35.564008937935249, 32.274956202863642 ], [ 35.563762366365182, 32.274925906603642 ], [ 35.563579842579415, 32.274903177252831 ], [ 35.563287480207819, 32.274826513139821 ], [ 35.563141124788743, 32.274764932751523 ], [ 35.562893945039498, 32.274579786936684 ], [ 35.562655900865153, 32.274355726191331 ], [ 35.562408540050889, 32.274123941868972 ], [ 35.562206879834562, 32.273915417061879 ], [ 35.56197791631768, 32.27372232737698 ], [ 35.561712633730679, 32.273529340022336 ], [ 35.561566039106204, 32.273405903150874 ], [ 35.56133732096265, 32.27327480779541 ], [ 35.561081314058306, 32.27312054050882 ], [ 35.560898477154652, 32.27305906050816 ], [ 35.560642669142652, 32.272997786084623 ], [ 35.560368618643281, 32.272936562557362 ], [ 35.559915763643019, 32.27286936044294 ], [ 35.559524979191465, 32.272855947082263 ], [ 35.559151333220889, 32.272856997126667 ], [ 35.558760827578524, 32.272872606122014 ], [ 35.558370099597433, 32.272873701781201 ], [ 35.558166221248008, 32.27285976025388 ], [ 35.557982089268108, 32.272763054517249 ], [ 35.557914831146988, 32.272611352034183 ], [ 35.55787396688136, 32.272465916169637 ], [ 35.55792345377975, 32.272226105873244 ], [ 35.55809380603619, 32.271977362206869 ], [ 35.558173840159249, 32.271788754045048 ], [ 35.558253609128712, 32.271574643573786 ], [ 35.558403460312419, 32.271214645477649 ], [ 35.558522662239611, 32.270734967653119 ], [ 35.558641796732239, 32.270280933776974 ], [ 35.558800929062492, 32.269707022049801 ], [ 35.558950608518366, 32.269304189924945 ], [ 35.559191105835005, 32.268715395553002 ], [ 35.559260785839932, 32.268466932955256 ], [ 35.559330265829466, 32.268167183052249 ], [ 35.559379546453236, 32.267875943904748 ], [ 35.559448492749169, 32.267481932897105 ], [ 35.559537670671453, 32.267088005849338 ], [ 35.559629938278697, 32.266678570958142 ], [ 35.559728534155091, 32.266233611211959 ], [ 35.559760262453764, 32.265779399152571 ], [ 35.559825321748157, 32.265324952371806 ], [ 35.559879528553076, 32.264936900287424 ], [ 35.559934177667245, 32.264662412862961 ], [ 35.56001104690796, 32.264387721951451 ], [ 35.560099672310066, 32.264236145083451 ], [ 35.560243867660098, 32.264046509334698 ], [ 35.560377044648405, 32.263923127796005 ], [ 35.560497661766973, 32.263725949557923 ], [ 35.56065255576479, 32.263601097496498 ], [ 35.561142609598605, 32.263354406357301 ], [ 35.561815572510227, 32.263066334719049 ], [ 35.562296163322685, 32.262860667989365 ], [ 35.562805701874595, 32.262679434028222 ], [ 35.563450122729108, 32.262473157082439 ], [ 35.563901853233858, 32.262267566280855 ], [ 35.564286155249818, 32.26207836956506 ], [ 35.564555268818609, 32.261946846732407 ], [ 35.564708673436598, 32.261782964447832 ], [ 35.564717548069765, 32.261594836679613 ], [ 35.564648770734109, 32.261227141051293 ], [ 35.564570468651809, 32.260924850459084 ], [ 35.564521218667736, 32.260630790128978 ], [ 35.564519862913741, 32.260287418880537 ], [ 35.564508502434478, 32.259846009206569 ], [ 35.56450792802606, 32.259490518222073 ], [ 35.564468361075946, 32.259212774687732 ], [ 35.564418982821529, 32.258885884716854 ], [ 35.564331162901468, 32.258608137713267 ], [ 35.564253481938309, 32.258420397359963 ], [ 35.564175828323322, 32.258281549450004 ], [ 35.564078945436805, 32.258102035906717 ], [ 35.563979459900153, 32.257851092982307 ], [ 35.563818271961239, 32.25759539399867 ], [ 35.563694820495904, 32.25736382241778 ], [ 35.563609292654924, 32.257204002300625 ], [ 35.563514258712438, 32.256988130613244 ], [ 35.563409553655084, 32.256716348697211 ], [ 35.56335219262391, 32.25650854205368 ], [ 35.563228585878399, 32.256236813666021 ], [ 35.563123725199397, 32.255925016072986 ], [ 35.562952935072126, 32.255629468203075 ], [ 35.562848484629882, 32.255421654021248 ], [ 35.562753226026047, 32.255189860523664 ], [ 35.5626673968221, 32.254910133905263 ], [ 35.562619197909378, 32.254670175473564 ], [ 35.562551831666525, 32.254278239287757 ], [ 35.56245503539472, 32.253865392214443 ], [ 35.562349772178379, 32.253449610105896 ], [ 35.562263528622147, 32.253105774378355 ], [ 35.562196407113838, 32.252817822088318 ], [ 35.562138674592759, 32.252513921357377 ], [ 35.562127999926133, 32.252201855999587 ], [ 35.562155317412312, 32.251937730276452 ], [ 35.562201689675184, 32.251628039567734 ], [ 35.562313795410603, 32.251379595453315 ], [ 35.562454347609474, 32.25115516468535 ], [ 35.562641664490805, 32.250890585292993 ], [ 35.562772984052472, 32.25072211802398 ], [ 35.562894978572572, 32.250585802497397 ], [ 35.563176980473479, 32.250408875815793 ], [ 35.563449688550762, 32.250272131694487 ], [ 35.563694492920575, 32.250207466737798 ], [ 35.563948676258796, 32.250166727784276 ], [ 35.564674171968093, 32.250108582565616 ], [ 35.564956928348714, 32.250123838695124 ], [ 35.56549415162219, 32.250170210815398 ], [ 35.565918496317259, 32.250225075934452 ], [ 35.566125844378703, 32.250248435642398 ], [ 35.566399118795005, 32.250255684332352 ], [ 35.566742963762195, 32.250205524278066 ], [ 35.56705362719353, 32.250108538515391 ], [ 35.567392126538714, 32.24992354982404 ], [ 35.567645510858441, 32.249682726373294 ], [ 35.567814360876859, 32.249490192812338 ], [ 35.567983178744534, 32.249289768661221 ], [ 35.568133132372431, 32.249057273166919 ], [ 35.568415345650145, 32.248438327831067 ], [ 35.568554512900363, 32.248079474702166 ], [ 35.568665611980684, 32.247708866642036 ], [ 35.568776805254096, 32.24736207046508 ], [ 35.56883076762972, 32.24680028340093 ], [ 35.568829145431287, 32.246394070429027 ], [ 35.568799742505568, 32.246047679590518 ], [ 35.56877084179002, 32.245868536813767 ], [ 35.568798216135612, 32.245665419470527 ], [ 35.568937521274869, 32.245342495158198 ], [ 35.569189659836674, 32.245043057265157 ], [ 35.569484386007389, 32.244862979920406 ], [ 35.569905084082421, 32.244551076876711 ], [ 35.570340517000155, 32.244358754761734 ], [ 35.570621721410262, 32.244322010304352 ], [ 35.570874453597824, 32.24421377006211 ], [ 35.571183122161116, 32.243997859450431 ], [ 35.571337298598309, 32.243830162267294 ], [ 35.571434865460859, 32.243602887283267 ], [ 35.571405768329356, 32.243375980164842 ], [ 35.571306328441615, 32.243137300706067 ], [ 35.571136450706703, 32.242863036728671 ], [ 35.570810694542089, 32.24241450723131 ], [ 35.570655103282434, 32.242187966612775 ], [ 35.570527482825604, 32.241949368157279 ], [ 35.570442522385598, 32.241806317855385 ], [ 35.570202573299724, 32.241627786461486 ], [ 35.569963460781729, 32.241616501822108 ], [ 35.56962570519849, 32.241605501869827 ], [ 35.569414658653436, 32.241606111667132 ], [ 35.569063502287051, 32.241726609675773 ], [ 35.568880877801305, 32.241786878638976 ], [ 35.568769071645136, 32.24197840390886 ], [ 35.568713276432973, 32.242122002126017 ], [ 35.568516367844275, 32.242134405361682 ], [ 35.568347262756717, 32.242051338152962 ], [ 35.568036737550138, 32.241801287209057 ], [ 35.567712478648609, 32.241599181359568 ], [ 35.567274773326176, 32.241218033325005 ], [ 35.566978393243559, 32.240979915700905 ], [ 35.566766494486636, 32.240765508337041 ], [ 35.566582922165182, 32.240586808320771 ], [ 35.566497732178497, 32.240384013862126 ], [ 35.566511160381431, 32.24021672568437 ], [ 35.566552415965582, 32.24000145135237 ], [ 35.566632904462459, 32.239855106129468 ], [ 35.566799226531572, 32.239697947141572 ], [ 35.566974690474908, 32.239630374862315 ], [ 35.567176406682229, 32.239577521603806 ], [ 35.567378407216147, 32.239554538259533 ], [ 35.56766804798977, 32.239516508064014 ], [ 35.567878728442572, 32.239508434494802 ], [ 35.568151003607845, 32.239522586579987 ], [ 35.568397025577418, 32.239521878175353 ], [ 35.568625129976574, 32.239476414359224 ], [ 35.568879431964319, 32.239348870086289 ], [ 35.569028189484754, 32.239236565408902 ], [ 35.569080252527115, 32.239072265292776 ], [ 35.569079477980011, 32.238878387488789 ], [ 35.568938061115773, 32.238669979934116 ], [ 35.56863880396849, 32.238499225167018 ], [ 35.568357299347191, 32.238373225139767 ], [ 35.568128276279047, 32.238187472223075 ], [ 35.567863824018673, 32.237971949726344 ], [ 35.567652879668088, 32.23791281413196 ], [ 35.567415648359606, 32.237913495817608 ], [ 35.567012087211104, 32.238026670905818 ], [ 35.566749017443605, 32.238116897758175 ], [ 35.566363292680727, 32.238296947716726 ], [ 35.565995287092498, 32.23851428462384 ], [ 35.565754044670797, 32.238716604322306 ], [ 35.565483158899937, 32.239053005318226 ], [ 35.565308196866503, 32.23924752609117 ], [ 35.56525615588663, 32.239419151478494 ], [ 35.565230787619718, 32.239628039502101 ], [ 35.565209848801686, 32.239992892491777 ], [ 35.56516889595062, 32.240327508842157 ], [ 35.565071458269486, 32.240590567690148 ], [ 35.564917630655223, 32.240806162745926 ], [ 35.564581198478102, 32.241129644912263 ], [ 35.564188280125109, 32.241381709222182 ], [ 35.563696928758567, 32.241645887922203 ], [ 35.563275070092949, 32.241706828791472 ], [ 35.563063929595323, 32.241683615951921 ], [ 35.562908405220142, 32.241468901188291 ], [ 35.562837032727813, 32.24119434635417 ], [ 35.562807535643323, 32.240859930599221 ], [ 35.562777757206838, 32.240453796905982 ], [ 35.562762164736448, 32.240071576155763 ], [ 35.562797732544631, 32.239672161246958 ], [ 35.562849280334611, 32.23937372715671 ], [ 35.562865300724184, 32.238978312866614 ], [ 35.562899451043521, 32.238724734668189 ], [ 35.562977678756624, 32.238508088417333 ], [ 35.563099878208519, 32.238343732572552 ], [ 35.563231028823516, 32.238179210289793 ], [ 35.563362267061621, 32.238037090918645 ], [ 35.563493222164794, 32.237865242049914 ], [ 35.563624312616277, 32.237685783990365 ], [ 35.563641357409757, 32.237551597540865 ], [ 35.563614235019244, 32.237357653600817 ], [ 35.563552173297488, 32.237216083319993 ], [ 35.563331772943869, 32.236985490510655 ], [ 35.563155608105014, 32.236874115118965 ], [ 35.562926892042164, 32.23676288857628 ], [ 35.562689429685257, 32.236703960789107 ], [ 35.562487394933129, 32.236674662345919 ], [ 35.562223661664646, 32.236638070520357 ], [ 35.561845961737504, 32.236624344748364 ], [ 35.561635403641468, 32.236662138063835 ], [ 35.56145146693229, 32.236767065734334 ], [ 35.561355343323221, 32.23690161620754 ], [ 35.561259452965245, 32.237095908092613 ], [ 35.561260210851493, 32.237289786118275 ], [ 35.561190649082313, 32.237476394922503 ], [ 35.561077350905386, 32.237670735802091 ], [ 35.560928449428431, 32.237790499352521 ], [ 35.560744373006067, 32.23790289414994 ], [ 35.560560257960915, 32.237963014416763 ], [ 35.560253075926951, 32.23800868638574 ], [ 35.559914682336654, 32.238085584599013 ], [ 35.55951465387902, 32.238086709333373 ], [ 35.559212010329013, 32.238106017482671 ], [ 35.558898246199618, 32.238079281385232 ], [ 35.558736006173639, 32.238052260643052 ], [ 35.558465226333766, 32.237951993369364 ], [ 35.558291925810323, 32.237851452571121 ], [ 35.558118246420122, 32.237695820187184 ], [ 35.557998955466076, 32.237585969211906 ], [ 35.557933009472052, 32.237338167427282 ], [ 35.557920953758995, 32.237007646689314 ], [ 35.557984528393533, 32.236686072936088 ], [ 35.558199516152712, 32.236336458676931 ], [ 35.558327872587505, 32.236005544760232 ], [ 35.558467347472714, 32.23572053338544 ], [ 35.558660329678503, 32.235297570357261 ], [ 35.558756926758974, 32.235113564190328 ], [ 35.558853702331241, 32.234975632186391 ], [ 35.559274434188787, 32.234717306507086 ], [ 35.5595443480589, 32.234597204857444 ], [ 35.559954564234992, 32.234449091323 ], [ 35.560170684541525, 32.23439339068414 ], [ 35.560317418335352, 32.234314072775128 ], [ 35.560541142245221, 32.234252854937353 ], [ 35.560917441966055, 32.234165280535308 ], [ 35.561324510906239, 32.234103684870433 ], [ 35.561517731345717, 32.23404255145072 ], [ 35.561700839367433, 32.233981446325927 ], [ 35.561883544697359, 32.233859895395085 ], [ 35.562045516956239, 32.233608632724426 ], [ 35.562156494765638, 32.233331588351497 ], [ 35.562256922934623, 32.232985391171404 ], [ 35.562357045437565, 32.232561417200884 ], [ 35.562396672576, 32.232267384676362 ], [ 35.562435760214186, 32.231878104313807 ], [ 35.562455064681942, 32.231601319282134 ], [ 35.562494317581979, 32.231212038394652 ], [ 35.562524072870787, 32.231021737181656 ], [ 35.56257221314555, 32.230658497816599 ], [ 35.562607101139861, 32.230297691298077 ], [ 35.56264282127939, 32.230106809520834 ], [ 35.562696489208577, 32.22988516033729 ], [ 35.562810850583304, 32.229627127357695 ], [ 35.562943198895788, 32.229348471632065 ], [ 35.56309392214267, 32.22910583438474 ], [ 35.563262959998632, 32.228883857466691 ], [ 35.563516765927375, 32.228635713628563 ], [ 35.563748502425199, 32.228466395941602 ], [ 35.56395408306102, 32.228306169931507 ], [ 35.56426323722787, 32.228222862739877 ], [ 35.564693952369474, 32.22819585072115 ], [ 35.565051833596719, 32.228194830047968 ], [ 35.565567744700182, 32.228249999276606 ], [ 35.565834805921412, 32.228295592447438 ], [ 35.56615070378961, 32.228366830251083 ], [ 35.566515188728204, 32.228484284644459 ], [ 35.56678268049864, 32.228638086876408 ], [ 35.56695933288961, 32.228833433261649 ], [ 35.567069205670933, 32.228992900260877 ], [ 35.567109278913613, 32.229274447213605 ], [ 35.567080724132474, 32.229722736557655 ], [ 35.56703364889897, 32.230099078388314 ], [ 35.566992461039966, 32.230413547578451 ], [ 35.566956933388155, 32.230650645641028 ], [ 35.567001418590763, 32.230874269427233 ], [ 35.567165708329227, 32.231002581844344 ], [ 35.567463238725047, 32.231037798256892 ], [ 35.567851445700605, 32.23103146913936 ], [ 35.568270072429364, 32.231004620555574 ], [ 35.568597320539332, 32.230926323130838 ], [ 35.568991043164765, 32.23076540581539 ], [ 35.569221089823813, 32.230630744784861 ], [ 35.569505549631195, 32.230465068759734 ], [ 35.569783999661745, 32.230289123667959 ], [ 35.569831640480871, 32.230098346362929 ], [ 35.569903463610515, 32.229819858441751 ], [ 35.569946698048774, 32.22952229056704 ], [ 35.569914836964536, 32.229141103523077 ], [ 35.569889562272891, 32.228914466249321 ], [ 35.569888530854236, 32.228656760548688 ], [ 35.569893343943001, 32.228326896409158 ], [ 35.569842471100309, 32.227916879453602 ], [ 35.569798799155109, 32.227607867964593 ], [ 35.569754487133139, 32.227180219275446 ], [ 35.569722875198266, 32.226860887054521 ], [ 35.569642160762832, 32.226366415283408 ], [ 35.569574020687014, 32.226031689366174 ], [ 35.569529342989384, 32.225595023845081 ], [ 35.569516109925992, 32.22531170917658 ], [ 35.569496146363761, 32.224878917442595 ], [ 35.569482398196513, 32.224466679344076 ], [ 35.56949916861759, 32.224100709670687 ], [ 35.569474040651329, 32.223910142489217 ], [ 35.569437019592684, 32.223729895454561 ], [ 35.569295188918808, 32.22341214930605 ], [ 35.569124386978672, 32.223144647524094 ], [ 35.568959675321466, 32.222949269524186 ], [ 35.56883169912188, 32.222779711281447 ], [ 35.568642563054944, 32.222527760838858 ], [ 35.568551051151978, 32.222399099572158 ], [ 35.568367946715014, 32.222121346333182 ], [ 35.568318786514297, 32.22197213220602 ], [ 35.568251721258513, 32.22173871045068 ], [ 35.568250622907442, 32.221462969213931 ], [ 35.568249693501997, 32.221229638858027 ], [ 35.568298778318741, 32.220985596905109 ], [ 35.568385324812297, 32.220783717542673 ], [ 35.568522054499873, 32.220613678237598 ], [ 35.568721105062579, 32.220443459184779 ], [ 35.56895786754049, 32.220336677689069 ], [ 35.569232550805665, 32.2203040414594 ], [ 35.569682271469937, 32.22035572172026 ], [ 35.570019785613724, 32.220450277249853 ], [ 35.570407105503357, 32.220523411535098 ], [ 35.570669702050331, 32.220618041314388 ], [ 35.571107377365401, 32.220765282666314 ], [ 35.571394624836429, 32.220806860422229 ], [ 35.571632190900807, 32.220859290383729 ], [ 35.571919561560513, 32.220890158066268 ], [ 35.572081531055694, 32.2208154319245 ], [ 35.572217997431792, 32.220581701905154 ], [ 35.57229184783094, 32.22031631022238 ], [ 35.572465478416795, 32.220050768901359 ], [ 35.572688906294289, 32.21972125384228 ], [ 35.572900073236383, 32.219434326403686 ], [ 35.573023681799398, 32.219136945437448 ], [ 35.573035293732524, 32.218892869990874 ], [ 35.572921805977785, 32.218617456424184 ], [ 35.572771202687179, 32.218426973678497 ], [ 35.572570545253967, 32.218236636533092 ], [ 35.572358008370983, 32.21814186494538 ], [ 35.572108018184757, 32.218089472435253 ], [ 35.571858156927846, 32.21806906372597 ], [ 35.571458676095858, 32.218102068063963 ], [ 35.57102219995646, 32.218209292701253 ], [ 35.570660517027349, 32.218327148583683 ], [ 35.570174408753765, 32.218540613023229 ], [ 35.569775391800889, 32.218690277265736 ], [ 35.569513649227758, 32.218807700071622 ], [ 35.56905235182483, 32.218968109525257 ], [ 35.568727910030411, 32.219032732539333 ], [ 35.568478338970735, 32.219044019192893 ], [ 35.568165862878061, 32.21899193974555 ], [ 35.567865899154086, 32.218918547400044 ], [ 35.56755329383472, 32.218792070734636 ], [ 35.567290284267308, 32.218591336655933 ], [ 35.567114918106505, 32.218464605752622 ], [ 35.566964748177078, 32.21838021374009 ], [ 35.566827008802285, 32.218295645007615 ], [ 35.566589450249154, 32.218200935430303 ], [ 35.56631443344672, 32.218106191746706 ], [ 35.566126806693312, 32.21802190595821 ], [ 35.565876568852957, 32.217905955157185 ], [ 35.565576568710632, 32.217821989820735 ], [ 35.565264054310767, 32.217716783337416 ], [ 35.565001261954535, 32.217569022844025 ], [ 35.564838247698525, 32.217420977348546 ], [ 35.564687078063983, 32.21708211697122 ], [ 35.564698253497021, 32.216763788155461 ], [ 35.564795420519012, 32.216522146544804 ], [ 35.564994385273536, 32.216330657343626 ], [ 35.565243235357769, 32.21609661402745 ], [ 35.565516945183901, 32.215862499208839 ], [ 35.565965257490575, 32.215564337864834 ], [ 35.566363720730266, 32.215276744394508 ], [ 35.566774443640014, 32.214946703101603 ], [ 35.567135360963732, 32.21463807954791 ], [ 35.567421534420774, 32.214414633363148 ], [ 35.567720470570713, 32.214233420376623 ], [ 35.56809461103952, 32.214083834153229 ], [ 35.568530859368614, 32.213923500322039 ], [ 35.568880478574108, 32.213901216683333 ], [ 35.569067972800639, 32.21395379595463 ], [ 35.56933109996482, 32.214186369977071 ], [ 35.569494331034463, 32.214429799596438 ], [ 35.569782996436771, 32.214789674055282 ], [ 35.569996074808238, 32.215022391285849 ], [ 35.570209107331785, 32.215201988331344 ], [ 35.570496715478193, 32.215296687143706 ], [ 35.570683872873119, 32.215264301236459 ], [ 35.571082537458437, 32.215072223725848 ], [ 35.571468168725097, 32.214689260982077 ], [ 35.57172848993936, 32.214221838374471 ], [ 35.571926496564608, 32.213797007799755 ], [ 35.572049925313536, 32.213414805217262 ], [ 35.572161696294913, 32.213265969696693 ], [ 35.572248355845211, 32.213096071880869 ], [ 35.572237018246462, 32.212708765959377 ], [ 35.572204058704791, 32.212343644494503 ], [ 35.572244805564189, 32.21204946396233 ], [ 35.572379983966385, 32.211746131776188 ], [ 35.572483815997458, 32.211478538850983 ], [ 35.572472168299107, 32.211220158892843 ], [ 35.572470840299836, 32.210890452573167 ], [ 35.572469620148674, 32.210587517264209 ], [ 35.572489734879575, 32.2103558161417 ], [ 35.572698292383151, 32.210043393079225 ], [ 35.572959254583104, 32.209739693725069 ], [ 35.57309462079759, 32.20952541009251 ], [ 35.573135997231702, 32.209347189525531 ], [ 35.573156267799682, 32.209195660945092 ], [ 35.573050571450985, 32.208999974732706 ], [ 35.572724932979327, 32.208840436609051 ], [ 35.572368252217551, 32.208832598365902 ], [ 35.571959309374499, 32.208851682409332 ], [ 35.571697200178598, 32.208870197754422 ], [ 35.571529676138326, 32.208959734274551 ], [ 35.571373080834405, 32.209129552901501 ], [ 35.571226746536304, 32.209254675679865 ], [ 35.571111900769274, 32.209379847863019 ], [ 35.570955053045417, 32.209487106285678 ], [ 35.570766681489857, 32.209585719951406 ], [ 35.570486435723538, 32.209628238660045 ], [ 35.570216666609547, 32.209638319013656 ], [ 35.569881839969476, 32.209584194732358 ], [ 35.569644094604143, 32.209520771428565 ], [ 35.569395466919993, 32.209429762330245 ], [ 35.569103475018466, 32.20931140197289 ], [ 35.5688222022278, 32.209137917414466 ], [ 35.5686167583181, 32.209028465052327 ], [ 35.568259458211465, 32.208781929243557 ], [ 35.567967234225165, 32.208562681160608 ], [ 35.567750526399706, 32.208370691258487 ], [ 35.567598728151829, 32.208206131301822 ], [ 35.56743619464924, 32.20805076060379 ], [ 35.567283996372574, 32.207785174745517 ], [ 35.567099082822374, 32.207418937678867 ], [ 35.567033374855768, 32.207189878746533 ], [ 35.566903107539446, 32.20697932213065 ], [ 35.566697432442666, 32.206851549994134 ], [ 35.566513939973149, 32.206842917017731 ], [ 35.566255058820417, 32.206880292678626 ], [ 35.565953141456099, 32.20697288353329 ], [ 35.565651606396912, 32.207120424326 ], [ 35.565436356201772, 32.207295334823414 ], [ 35.565350592977985, 32.207442258585552 ], [ 35.565189766105057, 32.20771789905087 ], [ 35.565050916319279, 32.208103380104028 ], [ 35.565052581049486, 32.208525235644267 ], [ 35.565043111552271, 32.208855395787907 ], [ 35.564990009559594, 32.209048019222813 ], [ 35.564914907933243, 32.209167436384575 ], [ 35.564634598507517, 32.209278279725275 ], [ 35.564288896377377, 32.209196836628877 ], [ 35.564083529781335, 32.209105693903695 ], [ 35.563818155793477, 32.208968928326335 ], [ 35.563677207860579, 32.208822650052014 ], [ 35.563535503484339, 32.208483760860666 ], [ 35.563339326583481, 32.207989047720254 ], [ 35.563164948288119, 32.207558523656004 ], [ 35.563077562080899, 32.207292889637174 ], [ 35.563001056259424, 32.207054700564981 ], [ 35.562924478990077, 32.206798194385229 ], [ 35.562944583741974, 32.20643122869231 ], [ 35.562954348635991, 32.206174477632537 ], [ 35.563019682099245, 32.205846272570284 ], [ 35.563169920709022, 32.205616598857247 ], [ 35.563341954079263, 32.205450973490414 ], [ 35.563718861342373, 32.205211496818954 ], [ 35.564192893301239, 32.205017535834301 ], [ 35.564688669223528, 32.204832810649847 ], [ 35.565130945642686, 32.204739822452858 ], [ 35.565454255369019, 32.204610537959283 ], [ 35.565658707123454, 32.20447243365485 ], [ 35.565733694807292, 32.204325399520634 ], [ 35.56577636762124, 32.204178598601644 ], [ 35.565721437075567, 32.203949508043522 ], [ 35.565565727954976, 32.203589243781359 ], [ 35.5653270042461, 32.203315307414194 ], [ 35.565088472668087, 32.203089699421895 ], [ 35.564907331625761, 32.202961008847744 ], [ 35.564773847267119, 32.202856417344243 ], [ 35.564649649679268, 32.202711360357206 ], [ 35.564496853865201, 32.20254214953912 ], [ 35.564410803943424, 32.20240515598195 ], [ 35.564324397169543, 32.202219552174164 ], [ 35.564247443593565, 32.201993623413692 ], [ 35.564151440356795, 32.201727450808249 ], [ 35.564017100641557, 32.201404744521412 ], [ 35.563853934474196, 32.201041681124288 ], [ 35.563624516685088, 32.200686978036984 ], [ 35.563481140233421, 32.200509707736742 ], [ 35.563252129747788, 32.200300272832074 ], [ 35.562964050660121, 32.200029289889287 ], [ 35.562782570156301, 32.199811687905196 ], [ 35.562591289950113, 32.199545783984419 ], [ 35.562447924640786, 32.199328073525194 ], [ 35.562342633886814, 32.199142521710648 ], [ 35.562275070424214, 32.198900502185175 ], [ 35.562217054477806, 32.198642110950026 ], [ 35.562224919417105, 32.198238263166438 ], [ 35.562300283961584, 32.198060372285674 ], [ 35.562385417589233, 32.197922892618315 ], [ 35.562603099404299, 32.197695987344794 ], [ 35.562792761854972, 32.19755017984496 ], [ 35.563067920169878, 32.197444286714344 ], [ 35.563543079344726, 32.197378404958449 ], [ 35.563885263518976, 32.197377432685776 ], [ 35.564227638430864, 32.197424929283407 ], [ 35.564703655601612, 32.197577016344994 ], [ 35.565008396969816, 32.197745793879804 ], [ 35.565456393914261, 32.19801913381707 ], [ 35.56585679712061, 32.198324874777448 ], [ 35.566286318480209, 32.198743675508268 ], [ 35.566562948641099, 32.199009470324292 ], [ 35.566906360984582, 32.199274932187642 ], [ 35.567230264922195, 32.199467884503228 ], [ 35.567598985458751, 32.199637458420455 ], [ 35.567998830030589, 32.199757485136104 ], [ 35.568293592358337, 32.199788903815836 ], [ 35.568654874127731, 32.199795895056546 ], [ 35.569072677709684, 32.199681687403732 ], [ 35.569243373285389, 32.199560019251003 ], [ 35.569404166941347, 32.199365673981973 ], [ 35.569526819365763, 32.199123109230015 ], [ 35.569534881891258, 32.198735323430192 ], [ 35.569542649791771, 32.198315271878208 ], [ 35.56946391562748, 32.197728782859045 ], [ 35.56939546742467, 32.197228073434211 ], [ 35.569365450766874, 32.196848569752099 ], [ 35.569364032347103, 32.19649321867459 ], [ 35.56937189768184, 32.196097401869309 ], [ 35.569437188858146, 32.195766093376477 ], [ 35.569587977557234, 32.195474835986339 ], [ 35.569758019450838, 32.195191695110331 ], [ 35.570061054231999, 32.194891965777103 ], [ 35.570221293575116, 32.194685785190579 ], [ 35.57049240043456, 32.194482806057223 ], [ 35.57070691371608, 32.194299293876398 ], [ 35.57112454336945, 32.19394202371835 ], [ 35.571552021842955, 32.193603604475548 ], [ 35.571821133012051, 32.193400346475698 ], [ 35.572113775883523, 32.193156721457591 ], [ 35.572216355068157, 32.192994526541078 ], [ 35.57226347939784, 32.1928460194666 ], [ 35.57227078164712, 32.192684101601948 ], [ 35.572214265552255, 32.192475026215284 ], [ 35.572110357790322, 32.192306668432515 ], [ 35.5719351165612, 32.192158807801363 ], [ 35.57175203056002, 32.192037882031556 ], [ 35.571561401685116, 32.191977847649561 ], [ 35.571298971601792, 32.191904353785127 ], [ 35.57103689686997, 32.191878060588706 ], [ 35.570687527892005, 32.191858923913834 ], [ 35.570425170560064, 32.19184474785844 ], [ 35.570141829586802, 32.191845567580032 ], [ 35.569835953879945, 32.191846451783363 ], [ 35.569575236783479, 32.191828042157368 ], [ 35.569257774031151, 32.191790351205263 ], [ 35.569110278319393, 32.19174272897213 ], [ 35.568928661144007, 32.191656597705297 ], [ 35.568769437581309, 32.191493328129759 ], [ 35.568700646203453, 32.191320216534741 ], [ 35.56868853533345, 32.191108475329635 ], [ 35.568710199996417, 32.190848448253817 ], [ 35.568935323041238, 32.190501179996971 ], [ 35.56913810169641, 32.190202023445273 ], [ 35.569408133311789, 32.189856879242051 ], [ 35.56948657777653, 32.189625573079965 ], [ 35.569542399106453, 32.189413635793109 ], [ 35.569529966765799, 32.18916328831169 ], [ 35.569449997947217, 32.188971046614846 ], [ 35.569381322496334, 32.188826819956319 ], [ 35.569244994963725, 32.188711673402999 ], [ 35.569063179257881, 32.188615820575457 ], [ 35.568734576529494, 32.188607186236226 ], [ 35.568485569629765, 32.188656091885498 ], [ 35.568259440585003, 32.188791445250338 ], [ 35.567795914580394, 32.189062464948002 ], [ 35.567457074692975, 32.189313680567984 ], [ 35.567197205309753, 32.189507039730728 ], [ 35.567050248456091, 32.189594116113952 ], [ 35.566891820556023, 32.189671643848001 ], [ 35.566710743187876, 32.189720210395791 ], [ 35.566472884899206, 32.18974019518167 ], [ 35.56618958822326, 32.189750587250195 ], [ 35.565917572228962, 32.189722480109943 ], [ 35.56546400889367, 32.189666005830055 ], [ 35.564817342249192, 32.189465655483289 ], [ 35.564231607022322, 32.189253433577775 ], [ 35.563687011928856, 32.189052786971807 ], [ 35.563278361719107, 32.188871055951211 ], [ 35.562858408039695, 32.18867963337248 ], [ 35.562381247591382, 32.188392135006069 ], [ 35.561972226120368, 32.188114023552906 ], [ 35.561721787274699, 32.187796996481303 ], [ 35.561505730045781, 32.187585830414534 ], [ 35.561311681288444, 32.187239758274281 ], [ 35.561129291762519, 32.186951422912159 ], [ 35.561082241127295, 32.186527862072012 ], [ 35.56105824354168, 32.186152424807929 ], [ 35.561068459192803, 32.185882849667273 ], [ 35.561148295350279, 32.185494015611887 ], [ 35.561187976169322, 32.185217594007618 ], [ 35.561247870770714, 32.184941256255087 ], [ 35.561240359330299, 32.184757117948521 ], [ 35.561252971711951, 32.184549955762215 ], [ 35.561225337100822, 32.184388982218259 ], [ 35.561163849158788, 32.18425670735428 ], [ 35.560888407427882, 32.184110240887897 ], [ 35.560338763866291, 32.184177872070634 ], [ 35.560082105998525, 32.184259894786464 ], [ 35.559858574637985, 32.184381981095228 ], [ 35.559543696371783, 32.184447539831353 ], [ 35.5592829239623, 32.184494346864142 ], [ 35.559022245955134, 32.184522835774459 ], [ 35.558718051196429, 32.184523688270957 ], [ 35.558522343070862, 32.184514936787039 ], [ 35.558359060889835, 32.184450860492674 ], [ 35.558042788443906, 32.184156131758321 ], [ 35.557911325608444, 32.183879484957892 ], [ 35.557812324339963, 32.18355653129052 ], [ 35.557832994336778, 32.183288758783128 ], [ 35.558049261244904, 32.183001840410355 ], [ 35.558341503124623, 32.182696391763045 ], [ 35.558611931015136, 32.182363104823544 ], [ 35.558795698098379, 32.182113333521905 ], [ 35.559022799881191, 32.181844841330374 ], [ 35.559325911040261, 32.181566976806209 ], [ 35.55954270688455, 32.181418561548348 ], [ 35.559792141041328, 32.181270195124348 ], [ 35.559921919281784, 32.181112865005616 ], [ 35.559931934321746, 32.180918814057868 ], [ 35.559854989016337, 32.180644833948641 ], [ 35.55974526498067, 32.180377286479917 ], [ 35.559580935798003, 32.179999142822851 ], [ 35.55944950996448, 32.179731655997415 ], [ 35.55940507753246, 32.179510140952701 ], [ 35.559360811541261, 32.179288766319246 ], [ 35.559392768137847, 32.179113112020971 ], [ 35.559522651780817, 32.17898353978282 ], [ 35.559739490602581, 32.178890498752132 ], [ 35.559967609221005, 32.178843782596545 ], [ 35.560491342563729, 32.178810183570491 ], [ 35.560867897622423, 32.17880405050694 ], [ 35.561029097475696, 32.17880359614356 ], [ 35.561280019805942, 32.178741877658744 ], [ 35.561428994196845, 32.178665369882296 ], [ 35.561500095901252, 32.178502567600482 ], [ 35.561565114354693, 32.178309347492352 ], [ 35.561588218129998, 32.178116386608409 ], [ 35.56156957206413, 32.177923402699825 ], [ 35.561497281494205, 32.177781436067612 ], [ 35.56136521055231, 32.177603989737165 ], [ 35.561238837762225, 32.177443153696295 ], [ 35.561004987530936, 32.177250917459865 ], [ 35.560849054806603, 32.177114258690089 ], [ 35.560675209919424, 32.176972436774882 ], [ 35.560490352504118, 32.17676780304172 ], [ 35.560365910012543, 32.176634013968318 ], [ 35.560297832565482, 32.176509647583686 ], [ 35.560195123199435, 32.176213054634893 ], [ 35.560183038737947, 32.176002439163369 ], [ 35.560137008611669, 32.175753452720791 ], [ 35.560081023926848, 32.175330197643703 ], [ 35.559996338258557, 32.175152193842784 ], [ 35.559886886933917, 32.17503851119389 ], [ 35.559719039142038, 32.175031796709426 ], [ 35.559568283463172, 32.175075054466369 ], [ 35.559367911115203, 32.175310783425751 ], [ 35.559041934854378, 32.175625347030824 ], [ 35.558807764596096, 32.17581861723459 ], [ 35.558573730777859, 32.176047394091711 ], [ 35.558314404097906, 32.176204944532003 ], [ 35.558088403803524, 32.176326752895164 ], [ 35.557895537604196, 32.176362940356938 ], [ 35.557736274253841, 32.176391847636907 ], [ 35.557534931841531, 32.176378178683187 ], [ 35.557291399335462, 32.17633602386924 ], [ 35.556879716570705, 32.176166115795525 ], [ 35.556518315990481, 32.17597464921473 ], [ 35.556224067026029, 32.175797226019412 ], [ 35.555938239512869, 32.175655427107685 ], [ 35.555686153117726, 32.175542137098844 ], [ 35.555484484173682, 32.175442796939727 ], [ 35.555215912346988, 32.175393662463094 ], [ 35.554972493069002, 32.175380106096519 ], [ 35.554796525617014, 32.175416242003998 ], [ 35.554427801111231, 32.175517021887877 ], [ 35.554122883922481, 32.175581130518637 ], [ 35.553896525408518, 32.1756102184358 ], [ 35.553636345897907, 32.175589519765353 ], [ 35.553384289358206, 32.175483270208282 ], [ 35.553216063809678, 32.175334095499849 ], [ 35.553131473064404, 32.175177503997411 ], [ 35.553080377043464, 32.174985171729546 ], [ 35.55309645998971, 32.174771237067503 ], [ 35.55320492462144, 32.17462834449362 ], [ 35.55335532964898, 32.174492522182348 ], [ 35.553631476246153, 32.174313518203164 ], [ 35.553966813789607, 32.174234109210765 ], [ 35.55427696780486, 32.174197603412928 ], [ 35.554797099127271, 32.174224767079735 ], [ 35.555208442921412, 32.174266320598413 ], [ 35.555829572416854, 32.17436435577563 ], [ 35.55623224851599, 32.174391839766656 ], [ 35.556769251621908, 32.174411762354524 ], [ 35.557054361336306, 32.174410967890914 ], [ 35.557456928029701, 32.174367010614894 ], [ 35.557699628766528, 32.174237970682469 ], [ 35.557942081140695, 32.174044820246579 ], [ 35.558075304966998, 32.173794909162083 ], [ 35.558107750281025, 32.17348835504189 ], [ 35.558115234641484, 32.173238795393601 ], [ 35.558021555685229, 32.172875528238848 ], [ 35.557980483545919, 32.172707264267686 ], [ 35.557954559360248, 32.172514863576403 ], [ 35.557920269491035, 32.172301069033139 ], [ 35.557944734246142, 32.172115713550753 ], [ 35.558019476443121, 32.171908659413539 ], [ 35.558186353709793, 32.171708674551041 ], [ 35.558386941492664, 32.171529871463328 ], [ 35.558637833921942, 32.17133669603264 ], [ 35.558813432746241, 32.171165007370746 ], [ 35.558938533323669, 32.171000786932751 ], [ 35.558996485730859, 32.170779548065347 ], [ 35.55901247151801, 32.170587030066123 ], [ 35.558936158536802, 32.170387725605849 ], [ 35.558715186945285, 32.170135705950393 ], [ 35.558480064522385, 32.170036605032372 ], [ 35.558219707106602, 32.169966036614781 ], [ 35.557867189080625, 32.169924187542335 ], [ 35.557598796996274, 32.169917751065412 ], [ 35.557380682151205, 32.169932731883627 ], [ 35.557079019543025, 32.16997626671813 ], [ 35.556852648023273, 32.170041149236312 ], [ 35.556576466688227, 32.170163094747174 ], [ 35.556283386008893, 32.170327780209455 ], [ 35.556015924395325, 32.170563831513128 ], [ 35.555798903312414, 32.170821018479202 ], [ 35.555531738239964, 32.171178244327926 ], [ 35.555356599258836, 32.17142826913355 ], [ 35.555097524119915, 32.171692757574917 ], [ 35.554913661224823, 32.171871509134405 ], [ 35.554729551667485, 32.171986009442264 ], [ 35.554571277141626, 32.17227163484413 ], [ 35.554437963972823, 32.172500125356599 ], [ 35.554277049494999, 32.172702343244204 ], [ 35.554076614196468, 32.172923832942168 ], [ 35.553892882979035, 32.173138231035644 ], [ 35.553692228536086, 32.173302796010667 ], [ 35.553566650823363, 32.173388670641806 ], [ 35.553365424112172, 32.173403457051414 ], [ 35.553029901540171, 32.173390150946716 ], [ 35.552786487877498, 32.173376590330022 ], [ 35.552551495774622, 32.173355820028036 ], [ 35.552316669437552, 32.173335048833174 ], [ 35.552139970575524, 32.173221544321343 ], [ 35.552005377279535, 32.173114969011905 ], [ 35.551819989574483, 32.172894401811845 ], [ 35.551550778280472, 32.172674205276294 ], [ 35.551399130342112, 32.172482148113325 ], [ 35.551314653265791, 32.172354017353165 ], [ 35.551204918634362, 32.172161845002968 ], [ 35.551145433614572, 32.1719837660171 ], [ 35.551144272534692, 32.171677305603865 ], [ 35.551185485886279, 32.171449070992949 ], [ 35.551386194796038, 32.171298740978656 ], [ 35.551813332607907, 32.171140743918073 ], [ 35.552349475385448, 32.170939611213015 ], [ 35.552667524946727, 32.170760494022552 ], [ 35.553035988121287, 32.170595609205108 ], [ 35.553438075688497, 32.170473324108698 ], [ 35.553991187233578, 32.170336248422963 ], [ 35.55422576312467, 32.170250072005139 ], [ 35.554434940392262, 32.170106899785502 ], [ 35.554534840071753, 32.169935567325091 ], [ 35.55454274309443, 32.169792951795024 ], [ 35.554559445077061, 32.169438816759175 ], [ 35.554490854483703, 32.169046873979461 ], [ 35.554363895297271, 32.16872638944632 ], [ 35.554237098236733, 32.168491432352042 ], [ 35.554093952424459, 32.168356420436524 ], [ 35.553917263148548, 32.168200083789316 ], [ 35.553749047527489, 32.168093603107245 ], [ 35.553564047000719, 32.167972937331406 ], [ 35.553380713163378, 32.167854802935217 ], [ 35.553067813824377, 32.167730402960217 ], [ 35.552789867555852, 32.167605765059676 ], [ 35.552615870421931, 32.167502962245848 ], [ 35.552450597544102, 32.167385481289024 ], [ 35.552302606657939, 32.167238503886814 ], [ 35.552276038612987, 32.167091051604544 ], [ 35.552257944794434, 32.166906800356209 ], [ 35.552274609448006, 32.166714985681395 ], [ 35.552343148651261, 32.16648625269189 ], [ 35.55252404905508, 32.166183377421646 ], [ 35.552601198405789, 32.16591037706867 ], [ 35.552678265280143, 32.165659357742911 ], [ 35.552807174916865, 32.165319849474791 ], [ 35.552884100751854, 32.165032054725309 ], [ 35.552970142358667, 32.164832721855994 ], [ 35.553125649146146, 32.164692235822237 ], [ 35.553455397144099, 32.164676531749869 ], [ 35.553672764719579, 32.164816130329079 ], [ 35.553812449904996, 32.165044289220866 ], [ 35.553891399215033, 32.165287410535562 ], [ 35.553987883084126, 32.165567399909179 ], [ 35.554075274216416, 32.165721869824495 ], [ 35.554266694223998, 32.16587619295764 ], [ 35.554518570003118, 32.165941861487198 ], [ 35.554969832585797, 32.165992323310633 ], [ 35.555334432058508, 32.166035556072224 ], [ 35.555560386812175, 32.166123416170038 ], [ 35.555682345837845, 32.166263135100422 ], [ 35.555822434747938, 32.16659457238746 ], [ 35.555875270411953, 32.166808316203358 ], [ 35.555997372631964, 32.166984950965542 ], [ 35.556153893530457, 32.167065535059443 ], [ 35.556362117919136, 32.167064955985012 ], [ 35.556760861368616, 32.166982826966596 ], [ 35.556942708692048, 32.166886365537508 ], [ 35.557271190150153, 32.166583213156855 ], [ 35.557564934341741, 32.166250567279555 ], [ 35.557754510988303, 32.165925538622893 ], [ 35.55787467983447, 32.165600844499281 ], [ 35.557960397612419, 32.165320349131456 ], [ 35.557941694722324, 32.164981248097121 ], [ 35.55789738359698, 32.164745359524872 ], [ 35.557801088310434, 32.164517083989281 ], [ 35.557610405653982, 32.16425412796827 ], [ 35.557418613472713, 32.164003856004108 ], [ 35.557192094270015, 32.163768616278844 ], [ 35.556991866380251, 32.163606995114151 ], [ 35.556626731898, 32.163379326598864 ], [ 35.556392226278071, 32.163306286941399 ], [ 35.556201318164995, 32.163284696119831 ], [ 35.55595834505052, 32.163292698400262 ], [ 35.555490042432773, 32.163330915274358 ], [ 35.555221091450044, 32.163346456076802 ], [ 35.555013181976541, 32.163383808039036 ], [ 35.554735504505473, 32.163369923270913 ], [ 35.554579244490391, 32.163355561016708 ], [ 35.554396639955449, 32.163252784378564 ], [ 35.554274602395701, 32.16309094256701 ], [ 35.554152396250814, 32.162884857561693 ], [ 35.554073479701103, 32.162693306714644 ], [ 35.554011502417914, 32.162339529663406 ], [ 35.553862535236938, 32.161978665886366 ], [ 35.553696820348925, 32.16174311091909 ], [ 35.553505382065566, 32.161581459876167 ], [ 35.553366068191202, 32.161449113524661 ], [ 35.553192332099442, 32.161368432411592 ], [ 35.552689477889793, 32.161465772499277 ], [ 35.552629441949918, 32.161620790157585 ], [ 35.552613255265598, 32.16193786649044 ], [ 35.552632049703497, 32.162306417037833 ], [ 35.552650651329103, 32.16266778203827 ], [ 35.552617097126571, 32.162947989536029 ], [ 35.552513888255326, 32.16320640780377 ], [ 35.552419121646537, 32.163376315686925 ], [ 35.552168178753334, 32.163553979801819 ], [ 35.551994831819563, 32.163576577899534 ], [ 35.551751715204944, 32.163503412382362 ], [ 35.551399577620217, 32.163423500277226 ], [ 35.551199918919707, 32.16340925285887 ], [ 35.550835664820092, 32.163410250706399 ], [ 35.550670931371791, 32.163432823407106 ], [ 35.550436792404732, 32.163455585725437 ], [ 35.550211183323263, 32.163456202528408 ], [ 35.549933422768142, 32.163420185676003 ], [ 35.549673054652651, 32.163383979850451 ], [ 35.54936914911066, 32.163311116511956 ], [ 35.548964091846479, 32.163209642819645 ], [ 35.54882844499862, 32.163126315750688 ], [ 35.548654994437143, 32.162812996767968 ], [ 35.548554981644067, 32.16242634913219 ], [ 35.54855313371651, 32.161934743473864 ], [ 35.54858857778855, 32.161537159580014 ], [ 35.548649488828737, 32.161348747404524 ], [ 35.548796524869616, 32.161201949019201 ], [ 35.549029858929664, 32.161054774545896 ], [ 35.549201889560251, 32.160991604025199 ], [ 35.549595026947891, 32.160833707028161 ], [ 35.549938730610855, 32.160613101049172 ], [ 35.550085328785364, 32.160351184555836 ], [ 35.550194878018871, 32.160016240443596 ], [ 35.550254947474215, 32.159650010084867 ], [ 35.550303280458067, 32.159377935023038 ], [ 35.550376317517831, 32.159199915653325 ], [ 35.550584568691477, 32.158948256783027 ], [ 35.550844253877507, 32.158807206589799 ], [ 35.551201162146945, 32.15879580209775 ], [ 35.551422777391949, 32.158837042747983 ], [ 35.551704356214849, 32.158966182872923 ], [ 35.552000441677755, 32.159164043219086 ], [ 35.552333426070327, 32.159351374580083 ], [ 35.552678908083507, 32.159601513422963 ], [ 35.552962581124291, 32.159757557435185 ], [ 35.553369000292491, 32.159871555043914 ], [ 35.55387353635308, 32.159870162604534 ], [ 35.554304077367824, 32.159837551409197 ], [ 35.554820229848779, 32.15966873025333 ], [ 35.555508323731971, 32.159415874512071 ], [ 35.555790716736063, 32.15923727098243 ], [ 35.555999475126427, 32.159121573303665 ], [ 35.556220169110901, 32.158922286584421 ], [ 35.556352521788718, 32.15862249953048 ], [ 35.556460709974722, 32.158413943844977 ], [ 35.556486925670463, 32.158167149631616 ], [ 35.556484997541617, 32.157665680945968 ], [ 35.556473901087244, 32.157149020195433 ], [ 35.556482002779539, 32.156886776990959 ], [ 35.556526318454999, 32.156608933668124 ], [ 35.556497553243631, 32.156192504113939 ], [ 35.556432972278579, 32.155938212756027 ], [ 35.556323410962506, 32.155745621118321 ], [ 35.556205125795167, 32.1556533766597 ], [ 35.55604154722738, 32.1555845069729 ], [ 35.555841706905468, 32.155561813108555 ], [ 35.555669403332807, 32.155593149297445 ], [ 35.555497679599796, 32.155732556346379 ], [ 35.555289486152539, 32.155864173716076 ], [ 35.555027360821448, 32.156142620343374 ], [ 35.554747032241643, 32.156382509365287 ], [ 35.554538954218287, 32.156544982961393 ], [ 35.554276382685906, 32.156707747796801 ], [ 35.554086228455098, 32.156793097083565 ], [ 35.553814192330229, 32.156863313766252 ], [ 35.553560198725108, 32.156887122957102 ], [ 35.55323336389705, 32.156834058449206 ], [ 35.552960857166738, 32.1567808434611 ], [ 35.552770085115576, 32.156704153881478 ], [ 35.552533930463731, 32.156627729775302 ], [ 35.552356835410002, 32.156532261823614 ], [ 35.552147317745934, 32.156316833248965 ], [ 35.552074068341632, 32.156132028692262 ], [ 35.552036798959094, 32.15586976941983 ], [ 35.552044942701215, 32.155615275951192 ], [ 35.552116581299309, 32.155375966465009 ], [ 35.552314906325726, 32.155043735314521 ], [ 35.552486418521866, 32.154804150981853 ], [ 35.552648908617435, 32.154587840263829 ], [ 35.552802228857445, 32.154355914326132 ], [ 35.552919206993067, 32.154062513598035 ], [ 35.553017447320236, 32.15367659097393 ], [ 35.5530978979629, 32.153360182550671 ], [ 35.553269268543303, 32.152736918068314 ], [ 35.55335015825235, 32.152536189776733 ], [ 35.553485802541346, 32.152404634788127 ], [ 35.553639705892152, 32.152327136102514 ], [ 35.553920937555283, 32.152326359691635 ], [ 35.554220594098524, 32.152379497657961 ], [ 35.554438863129043, 32.152502325336812 ], [ 35.554557879354547, 32.152787325079586 ], [ 35.554713906350806, 32.153265118720491 ], [ 35.554778982444276, 32.153650590584959 ], [ 35.554853652190978, 32.154205683241628 ], [ 35.55494913483345, 32.154486097890775 ], [ 35.555049422438621, 32.154593751867139 ], [ 35.555240310163065, 32.154701295517157 ], [ 35.555458142673707, 32.15470844108475 ], [ 35.555730141389617, 32.15463047130703 ], [ 35.556228027016985, 32.1543282598291 ], [ 35.556635263738123, 32.15405715652809 ], [ 35.557214619697362, 32.153708498140176 ], [ 35.557522304580942, 32.153522493195382 ], [ 35.557802634349542, 32.153244131416649 ], [ 35.558163854081727, 32.152811113033927 ], [ 35.558362420071049, 32.152548336984772 ], [ 35.558552518436251, 32.152409015506365 ], [ 35.558978210663675, 32.152245784843132 ], [ 35.559295759848801, 32.152214036931056 ], [ 35.559559117631494, 32.152259655262114 ], [ 35.559849936750666, 32.152382129050999 ], [ 35.560067957882211, 32.15248183956421 ], [ 35.560386597459953, 32.152602683983623 ], [ 35.560916996541245, 32.152745757522943 ], [ 35.561327019954092, 32.152770105226764 ], [ 35.561766723339041, 32.152717857377795 ], [ 35.562026424097013, 32.15263215914451 ], [ 35.56205550603557, 32.152402545710387 ], [ 35.561964908091845, 32.152275284357181 ], [ 35.561774405674107, 32.152139850906224 ], [ 35.561604010876749, 32.152021409693859 ], [ 35.561303203353106, 32.151801181296996 ], [ 35.561052482587073, 32.151598001216357 ], [ 35.560791824978658, 32.151394707708114 ], [ 35.56063107266484, 32.151199727569285 ], [ 35.560500067036543, 32.150945061464412 ], [ 35.560338952573701, 32.150656522221141 ], [ 35.560247930454814, 32.150376380787677 ], [ 35.560176881941644, 32.150121545706526 ], [ 35.5600957647274, 32.149832781193496 ], [ 35.560106295799699, 32.149473871051889 ], [ 35.560004120022292, 32.149178543179865 ], [ 35.55980150828514, 32.148950426335908 ], [ 35.559542586681403, 32.148722326276392 ], [ 35.559272680754752, 32.148522859836895 ], [ 35.558969229192343, 32.148342508737137 ], [ 35.558789348740888, 32.148209577154653 ], [ 35.558586871288306, 32.148057686608993 ], [ 35.558384209930693, 32.147858030032872 ], [ 35.558192884858101, 32.147677363377731 ], [ 35.558079989291336, 32.14747745533252 ], [ 35.557933124756133, 32.147230016752602 ], [ 35.557831418788901, 32.147011055263263 ], [ 35.557785433606483, 32.14672514994259 ], [ 35.557817876623751, 32.146420003665149 ], [ 35.557861470825799, 32.146086222848083 ], [ 35.55792823158054, 32.145962041455284 ], [ 35.558028557024869, 32.145780700398731 ], [ 35.558419476725781, 32.145369719747876 ], [ 35.558609396240428, 32.145187986684256 ], [ 35.558809845311615, 32.1449028007913 ], [ 35.558876511678967, 32.144711971862428 ], [ 35.558886759348361, 32.144492697538674 ], [ 35.558830008269517, 32.144292632793878 ], [ 35.558717373846186, 32.144159512663961 ], [ 35.558424886773665, 32.143941085462885 ], [ 35.558256295599158, 32.143855746754447 ], [ 35.55808798076464, 32.143799010432936 ], [ 35.557897106257151, 32.143732755464718 ], [ 35.557538193786677, 32.143724316829768 ], [ 35.557313994715351, 32.14373438268413 ], [ 35.557067346436781, 32.143763673555078 ], [ 35.556787409249786, 32.143878866793628 ], [ 35.556586043674827, 32.144012862766886 ], [ 35.556358039694175, 32.144196671391008 ], [ 35.556100933166995, 32.144435653695567 ], [ 35.555877720291349, 32.144703285645754 ], [ 35.555743882236769, 32.144913321458539 ], [ 35.555599057741794, 32.145152131897746 ], [ 35.555521251455311, 32.145333408593714 ], [ 35.555387249080503, 32.145457775228984 ], [ 35.555129625665096, 32.145563321491608 ], [ 35.554938348459508, 32.145392231099343 ], [ 35.554858571708166, 32.145058792843841 ], [ 35.55475636525717, 32.144706394651529 ], [ 35.554643006875466, 32.144382489698643 ], [ 35.554619755062625, 32.1441919117499 ], [ 35.554664016041897, 32.144029750366826 ], [ 35.554876682085791, 32.143905166676596 ], [ 35.555391442124161, 32.143655891168045 ], [ 35.555772073025167, 32.143454611342491 ], [ 35.555928485585277, 32.143301719549413 ], [ 35.556017458149647, 32.143139433496508 ], [ 35.555983181059304, 32.142967908360113 ], [ 35.555915468393337, 32.142844101424984 ], [ 35.555746662187374, 32.142701553149301 ], [ 35.555522100376614, 32.142616366114993 ], [ 35.555196664592913, 32.142569643119543 ], [ 35.554815508683959, 32.142589720879833 ], [ 35.554546651522912, 32.142657253146382 ], [ 35.554177245964752, 32.142848916856124 ], [ 35.553729978802508, 32.143164789417895 ], [ 35.553361497670494, 32.143556671953689 ], [ 35.552992630126852, 32.143891347685404 ], [ 35.552634876277182, 32.144187806935712 ], [ 35.552310905309334, 32.144484313216864 ], [ 35.552098415138808, 32.144656517471262 ], [ 35.551796400355023, 32.144847989079153 ], [ 35.551606070105422, 32.14492474008027 ], [ 35.551404225487502, 32.144934875057324 ], [ 35.551258234140484, 32.144868487017078 ], [ 35.551078242285989, 32.144745126062119 ], [ 35.550965474055488, 32.144573814540131 ], [ 35.550852417996204, 32.144326274951801 ], [ 35.550671439904733, 32.143897719286855 ], [ 35.550479274473723, 32.143488356784054 ], [ 35.550287542161684, 32.143193265466621 ], [ 35.550126082584882, 32.142932753404082 ], [ 35.550001841266649, 32.142704265491965 ], [ 35.54983236131244, 32.142380509270993 ], [ 35.54968576508255, 32.142152222932665 ], [ 35.549595395140088, 32.141990289525538 ], [ 35.549370553700939, 32.141828863516032 ], [ 35.549194980403371, 32.14177720761861 ], [ 35.549009610302654, 32.14176263576578 ], [ 35.548771666067829, 32.141815840363265 ], [ 35.548560528186322, 32.141951400167748 ], [ 35.548393247451344, 32.1420793725514 ], [ 35.548217973813259, 32.142372364397382 ], [ 35.548025260143895, 32.142740363985808 ], [ 35.547867145080261, 32.142928335660294 ], [ 35.547708747970383, 32.143041206353388 ], [ 35.547418169906535, 32.143192056360569 ], [ 35.547233047163715, 32.143200025803743 ], [ 35.546985930820945, 32.143193227019296 ], [ 35.546747561011749, 32.143133847101652 ], [ 35.546385703205978, 32.143089736214215 ], [ 35.54602365030474, 32.142993208724164 ], [ 35.545794087219257, 32.14294141202204 ], [ 35.545564552196232, 32.142897082710967 ], [ 35.545335072967262, 32.142867688601321 ], [ 35.545167365755219, 32.142838127783143 ], [ 35.544937886794678, 32.142808732951231 ], [ 35.54471707373623, 32.142749301959483 ], [ 35.544575641366286, 32.142659644819311 ], [ 35.544381020295674, 32.142517714296268 ], [ 35.544257031686506, 32.142397997492616 ], [ 35.544203397700628, 32.142225675604031 ], [ 35.544193869646797, 32.142023222843214 ], [ 35.544210617146945, 32.141805622860787 ], [ 35.544245390656336, 32.141670543933166 ], [ 35.544341935065567, 32.141535299111247 ], [ 35.544509248242342, 32.141414799851013 ], [ 35.544755915606373, 32.141346644028239 ], [ 35.545090961878451, 32.141308262325943 ], [ 35.545540855812078, 32.141291973917539 ], [ 35.54587629083354, 32.141313613987961 ], [ 35.546264248720313, 32.141297630988191 ], [ 35.54651127573706, 32.141281886884933 ], [ 35.546661006342738, 32.141199053548213 ], [ 35.546739826943316, 32.141063854827799 ], [ 35.546768970455453, 32.140797045644526 ], [ 35.546707048825994, 32.140623760880679 ], [ 35.546584116936302, 32.140476708180692 ], [ 35.546400008841999, 32.140355746912633 ], [ 35.54621599846876, 32.140260852262706 ], [ 35.5459300734123, 32.140192158618014 ], [ 35.54559317548231, 32.140132337752739 ], [ 35.545276776648315, 32.140107263961497 ], [ 35.545042148716988, 32.140116490715691 ], [ 35.544776949015485, 32.140143271288139 ], [ 35.544450866328987, 32.140230803407228 ], [ 35.544226629811781, 32.140318202203396 ], [ 35.543951745140824, 32.140457729888013 ], [ 35.543758144348075, 32.140545045669469 ], [ 35.543503370546468, 32.140615053014216 ], [ 35.543319715430762, 32.140615544897081 ], [ 35.54310500686401, 32.140503396773433 ], [ 35.543144628137213, 32.140156245293305 ], [ 35.543286319952891, 32.139869690893114 ], [ 35.543499358198503, 32.139530810891699 ], [ 35.543712555569705, 32.139235328394584 ], [ 35.543986472554707, 32.138835554902592 ], [ 35.544067470949493, 32.13866188526697 ], [ 35.544138463531915, 32.138514168691657 ], [ 35.544147665092481, 32.138271367108786 ], [ 35.544085850996382, 32.138080608631341 ], [ 35.543962664553305, 32.137907486811535 ], [ 35.543819146594444, 32.137699616192521 ], [ 35.543726532753503, 32.137509081003621 ], [ 35.543705297084465, 32.13727495611851 ], [ 35.543755273476393, 32.136997242015795 ], [ 35.543977526815702, 32.136600143186939 ], [ 35.544130157159628, 32.136452207547947 ], [ 35.544262280786725, 32.136356461127193 ], [ 35.544506875965808, 32.136269007556386 ], [ 35.544874104341467, 32.1362506892239 ], [ 35.545445314691243, 32.136223084404314 ], [ 35.54575130459812, 32.136213664525172 ], [ 35.545965295229635, 32.13613502669071 ], [ 35.546260503310315, 32.135943305377658 ], [ 35.546647321097232, 32.135716814338707 ], [ 35.547034298682348, 32.135533579101214 ], [ 35.547360592615505, 32.135463370916611 ], [ 35.547656377246504, 32.135471164334191 ], [ 35.547855113690481, 32.135565030716783 ], [ 35.547998509788655, 32.135694695624686 ], [ 35.548152951502658, 32.13607598423485 ], [ 35.548256488019007, 32.13648333718033 ], [ 35.548410899371412, 32.1368558894778 ], [ 35.548677229112855, 32.137132745490632 ], [ 35.548922309052145, 32.137218875309131 ], [ 35.549156961441994, 32.137218236442934 ], [ 35.549554272575413, 32.137052296536332 ], [ 35.549767641102775, 32.136808937692102 ], [ 35.549868340810917, 32.136461617360375 ], [ 35.549928532639193, 32.136175277865213 ], [ 35.549916630634584, 32.135741609048679 ], [ 35.549864188482154, 32.135360044279246 ], [ 35.549740277567473, 32.13495260728142 ], [ 35.549616888921562, 32.134727498015728 ], [ 35.549207136850171, 32.134268846177051 ], [ 35.548910374796613, 32.134044067398762 ], [ 35.548572879123178, 32.13381953956609 ], [ 35.54836831628964, 32.133672569420412 ], [ 35.547986135074048, 32.133409694704099 ], [ 35.547730474985805, 32.133236935906062 ], [ 35.547556481057036, 32.13311594869684 ], [ 35.547382620488001, 32.132986224854179 ], [ 35.547167827497347, 32.132848016478903 ], [ 35.546983766711818, 32.132735791754982 ], [ 35.546830567354561, 32.132684212779729 ], [ 35.546616196747493, 32.132658725275412 ], [ 35.546330748256537, 32.132711490060572 ], [ 35.546137396263568, 32.132816139993636 ], [ 35.546025546292057, 32.132929164841848 ], [ 35.545924447763994, 32.133172355600905 ], [ 35.545894750535339, 32.133423948805792 ], [ 35.545876192819357, 32.133909834768751 ], [ 35.54584662436605, 32.134196089890857 ], [ 35.545755467504812, 32.134352456998592 ], [ 35.545551937598248, 32.134526598980486 ], [ 35.545327978086625, 32.134639925272225 ], [ 35.545103889169148, 32.1347185892146 ], [ 35.544930443957597, 32.13474512308499 ], [ 35.544767462963662, 32.134780223706478 ], [ 35.544532881025113, 32.134798185371935 ], [ 35.544338970774589, 32.134798706239955 ], [ 35.544002222136299, 32.134773542905386 ], [ 35.543634453968622, 32.13464447489131 ], [ 35.543440030625383, 32.134506205631645 ], [ 35.543276311781689, 32.134341786695408 ], [ 35.54312247076615, 32.134116752523632 ], [ 35.542978570795519, 32.13384815232336 ], [ 35.542906271749793, 32.133596832564066 ], [ 35.542874420264667, 32.133267343956419 ], [ 35.542914194502657, 32.133006988443476 ], [ 35.54302591985558, 32.132859163443968 ], [ 35.5433209637171, 32.132624191901613 ], [ 35.543605835987556, 32.132415314113409 ], [ 35.54374796375086, 32.132250075846102 ], [ 35.543778051531341, 32.132102468983739 ], [ 35.543818181359384, 32.131894246581169 ], [ 35.543840460550783, 32.131650282473366 ], [ 35.543737073762699, 32.131410741466119 ], [ 35.543518515642106, 32.131237029172901 ], [ 35.543313035109243, 32.131106820746147 ], [ 35.543017399993126, 32.130911473808162 ], [ 35.542888918618097, 32.13078105870386 ], [ 35.542823709909676, 32.130476035469314 ], [ 35.542925282439221, 32.130225236989915 ], [ 35.543193633968677, 32.130028381073927 ], [ 35.543436967887857, 32.129962350298875 ], [ 35.543821254356693, 32.129906790824933 ], [ 35.54426973921791, 32.12992742770335 ], [ 35.544654389013196, 32.129969933754985 ], [ 35.545167080478492, 32.129979404377558 ], [ 35.54544899100901, 32.129956946067701 ], [ 35.545640869564131, 32.129858219090622 ], [ 35.545704261546703, 32.129672900649979 ], [ 35.545703693407958, 32.129520303392518 ], [ 35.545523389051006, 32.129302811198826 ], [ 35.545125708412137, 32.129184113894972 ], [ 35.54489492855636, 32.1291519042055 ], [ 35.544702605542675, 32.129130722128622 ], [ 35.544510160813893, 32.129076709502023 ], [ 35.544304723986322, 32.128957352101473 ], [ 35.544188747433751, 32.128805205512947 ], [ 35.544188060675125, 32.128619918852536 ], [ 35.544328284401175, 32.12843425392127 ], [ 35.544507451963128, 32.128346553272095 ], [ 35.544815022865023, 32.128324027451598 ], [ 35.545225044275021, 32.128333773901183 ], [ 35.545738051368239, 32.128430460855597 ], [ 35.545994738021193, 32.128527837578744 ], [ 35.546213375717237, 32.128723385551375 ], [ 35.546342187385918, 32.128897476598432 ], [ 35.546458774877806, 32.129256748103685 ], [ 35.546536869309669, 32.129550744160909 ], [ 35.546666984295079, 32.130073427234429 ], [ 35.54675844064365, 32.13053083533611 ], [ 35.546874991366785, 32.130879256861583 ], [ 35.547055464800437, 32.131140285845937 ], [ 35.54733811217649, 32.131313959317175 ], [ 35.547619941889856, 32.1313131955554 ], [ 35.547965733255857, 32.131235887781251 ], [ 35.548208944240479, 32.131137158516694 ], [ 35.548502994160287, 32.130951212107938 ], [ 35.548617546736182, 32.13076561228899 ], [ 35.548680236882291, 32.13039486499774 ], [ 35.548742927064616, 32.130024258559573 ], [ 35.548767773895584, 32.12980621287565 ], [ 35.549061777104733, 32.129609274786908 ], [ 35.549510673225512, 32.12969527132104 ], [ 35.549652324254772, 32.129891023117416 ], [ 35.549742974111417, 32.130130453135159 ], [ 35.549757039556262, 32.130435612254843 ], [ 35.549655730713617, 32.130795474894462 ], [ 35.549579801140482, 32.131035359175804 ], [ 35.549542287952825, 32.13127527957883 ], [ 35.54954286252017, 32.131427876732559 ], [ 35.549620597787644, 32.131667341983537 ], [ 35.549787877448217, 32.131852174078084 ], [ 35.550096238772888, 32.132036479863999 ], [ 35.550455192750775, 32.132068188809107 ], [ 35.550698650206002, 32.132034833414743 ], [ 35.551120904249437, 32.131859379781496 ], [ 35.551363493965333, 32.131640737132628 ], [ 35.551567749630316, 32.1314004999766 ], [ 35.551605464101002, 32.131215108180996 ], [ 35.551604514652539, 32.13096444309457 ], [ 35.551500819787144, 32.130648680419064 ], [ 35.551371460420988, 32.130333128885269 ], [ 35.551229433151811, 32.13008285033218 ], [ 35.550907460684158, 32.129669615912185 ], [ 35.550727144853745, 32.129408591961436 ], [ 35.550457001402776, 32.129125973226692 ], [ 35.550161070144767, 32.128854414820786 ], [ 35.549814387065382, 32.128648232628258 ], [ 35.549441834420406, 32.128431411293221 ], [ 35.549159437908266, 32.128323121091405 ], [ 35.548813250839146, 32.128247834389747 ], [ 35.548492890742217, 32.12825955508751 ], [ 35.547980616879236, 32.128359015388632 ], [ 35.54769883487247, 32.128414309553051 ], [ 35.547391389433272, 32.128425992445919 ], [ 35.547224403708718, 32.128361065371863 ], [ 35.547172749959046, 32.128230446510891 ], [ 35.547274063083229, 32.127914124947488 ], [ 35.547477951678275, 32.12761936545941 ], [ 35.547771338552494, 32.127258983564971 ], [ 35.547975920360351, 32.127105829714317 ], [ 35.548334363809147, 32.127006787426851 ], [ 35.548757090515153, 32.126962099074532 ], [ 35.549193018668305, 32.126993602322933 ], [ 35.549847770589629, 32.127005203369798 ], [ 35.550232082066401, 32.126960614906643 ], [ 35.55056494077936, 32.126839796107937 ], [ 35.550692605222949, 32.12670868825326 ], [ 35.550730443643531, 32.126556126830934 ], [ 35.550716787627714, 32.126360026078025 ], [ 35.550575098367936, 32.126153284956885 ], [ 35.550356498560866, 32.125968593942012 ], [ 35.550189270060507, 32.125794752746195 ], [ 35.550034832528411, 32.125631725999483 ], [ 35.54986752296314, 32.125436044490229 ], [ 35.549712963494258, 32.125240327977096 ], [ 35.549596942521283, 32.125033515698341 ], [ 35.549480920894034, 32.124870383501744 ], [ 35.549415982045062, 32.124641732610428 ], [ 35.549312384215725, 32.124347807601225 ], [ 35.549196611673572, 32.124206514542486 ], [ 35.549067883384254, 32.124054266140064 ], [ 35.548900904485265, 32.123989341185563 ], [ 35.548721628450281, 32.124000678451637 ], [ 35.548465564996818, 32.124066753957223 ], [ 35.548299855523801, 32.12429603206035 ], [ 35.547993483917892, 32.12463475134161 ], [ 35.547802189806177, 32.124885938310079 ], [ 35.547533822081569, 32.125071813593038 ], [ 35.547329162348795, 32.125203126874887 ], [ 35.547124342108781, 32.125247361673232 ], [ 35.546906524588692, 32.125269650299117 ], [ 35.54662471343228, 32.125270412345763 ], [ 35.546342574312163, 32.125227635355685 ], [ 35.546149934131044, 32.125119236791789 ], [ 35.546021209575422, 32.124966985287706 ], [ 35.545917784396181, 32.124716596305994 ], [ 35.545865441663778, 32.12444437027176 ], [ 35.545851840246399, 32.124215579033319 ], [ 35.54599193215109, 32.123997222823689 ], [ 35.546170805336395, 32.123833291586237 ], [ 35.546490337087903, 32.123603600722213 ], [ 35.546950688308854, 32.123351688038689 ], [ 35.547283168890971, 32.123176349046936 ], [ 35.547423788772974, 32.12305619983421 ], [ 35.547681896621775, 32.122607989476201 ], [ 35.547635382208604, 32.122168777145347 ], [ 35.547521744840466, 32.121844442485632 ], [ 35.547341315402029, 32.121634843532604 ], [ 35.54717393059066, 32.121504115209156 ], [ 35.546917817667804, 32.121333750893847 ], [ 35.54670844508437, 32.121176363767489 ], [ 35.546522210291549, 32.121051885298826 ], [ 35.546421053583607, 32.120920554282186 ], [ 35.546319964491559, 32.120762873956259 ], [ 35.546326764806587, 32.120499646975155 ], [ 35.546348545691835, 32.120124501766895 ], [ 35.546378279856363, 32.119795410658085 ], [ 35.546354174718438, 32.11959158768326 ], [ 35.546291682575955, 32.119394349935199 ], [ 35.546136216392107, 32.119217089667586 ], [ 35.545894238892565, 32.119061198148408 ], [ 35.545653961905266, 32.118917137513733 ], [ 35.5452352195976, 32.118687887277844 ], [ 35.544832213965911, 32.118504809853853 ], [ 35.544521998390664, 32.118341067589078 ], [ 35.544297171425058, 32.118210066921378 ], [ 35.544110702198878, 32.118019783250531 ], [ 35.544009766398268, 32.117901553700129 ], [ 35.543930918740891, 32.117533301052795 ], [ 35.54380585545573, 32.117158549724508 ], [ 35.543626829960964, 32.1168760940824 ], [ 35.543393107851209, 32.116442453626178 ], [ 35.543249954390028, 32.116009979418415 ], [ 35.543132662039376, 32.11572073531007 ], [ 35.542969301243438, 32.115464585818621 ], [ 35.542829313456181, 32.115260930872701 ], [ 35.542704772048481, 32.115070479484736 ], [ 35.54261099615583, 32.114827247658916 ], [ 35.542609928495025, 32.114537692530355 ], [ 35.542601541022229, 32.114373279809705 ], [ 35.542709373777349, 32.114208415742453 ], [ 35.54304856785528, 32.113885120438752 ], [ 35.543231691724714, 32.113665665551729 ], [ 35.543579486775762, 32.113386026086999 ], [ 35.543822221584236, 32.113259548306402 ], [ 35.544001349365296, 32.113124222787768 ], [ 35.544074586847529, 32.112917319969441 ], [ 35.543861876274967, 32.112567179885204 ], [ 35.543734497214736, 32.112414781155401 ], [ 35.543627910382156, 32.112199201526607 ], [ 35.543500299402318, 32.111983819001395 ], [ 35.543425034626488, 32.111642327868161 ], [ 35.543307355989114, 32.111247124779538 ], [ 35.543243053147698, 32.111004518908906 ], [ 35.543178817255296, 32.110779948554715 ], [ 35.543072134307451, 32.110537455941319 ], [ 35.542944593531452, 32.110340108337319 ], [ 35.542764375333867, 32.110223639473574 ], [ 35.542436322699075, 32.110107705944642 ], [ 35.542139956618847, 32.110009581897451 ], [ 35.541811971103741, 32.109956489851648 ], [ 35.541600466219016, 32.109930140477523 ], [ 35.541304530548267, 32.109948822936381 ], [ 35.540860990531293, 32.110030881139728 ], [ 35.540290736092977, 32.110230224459244 ], [ 35.539868448890061, 32.110375207016709 ], [ 35.539636114147314, 32.110447683413717 ], [ 35.539330010106383, 32.110538531152969 ], [ 35.539160949109004, 32.110574908741143 ], [ 35.538928384133342, 32.110584541159291 ], [ 35.53871697665717, 32.110585099427446 ], [ 35.5384948754456, 32.110558631939803 ], [ 35.537916767732604, 32.110421646867394 ], [ 35.537440522617217, 32.110251983330151 ], [ 35.537101715774966, 32.110136064236251 ], [ 35.536784167601468, 32.109993034817414 ], [ 35.536402887006687, 32.109805223227603 ], [ 35.536084915703945, 32.109590331965414 ], [ 35.535671823668203, 32.109348635119581 ], [ 35.535343426158363, 32.109133769239065 ], [ 35.535163219894493, 32.109017289455849 ], [ 35.534898650023919, 32.108919065351607 ], [ 35.5344963494477, 32.108776251283977 ], [ 35.534041600175613, 32.108687538811033 ], [ 35.533459909866863, 32.108608172469786 ], [ 35.533100186070413, 32.108519209667769 ], [ 35.532592271513842, 32.108376663594704 ], [ 35.532316913980232, 32.108269585050444 ], [ 35.532126251628185, 32.108144110102984 ], [ 35.532051610575493, 32.107964509295087 ], [ 35.532072062169732, 32.107757749709982 ], [ 35.532134919849433, 32.107604705846228 ], [ 35.532292997668108, 32.107460433335447 ], [ 35.532440576879509, 32.107343241455666 ], [ 35.532892625073636, 32.107003476597775 ], [ 35.533356444694967, 32.106669597530399 ], [ 35.533683348805269, 32.106425969794344 ], [ 35.533915096776752, 32.106191606702644 ], [ 35.53407264893265, 32.105948559361678 ], [ 35.534198552922298, 32.105651486952809 ], [ 35.534260759294845, 32.105318649704223 ], [ 35.534281011359859, 32.105057923836135 ], [ 35.534311886348284, 32.104851136668074 ], [ 35.534333866396317, 32.104564620766482 ], [ 35.53439369151733, 32.104306468940578 ], [ 35.534491560642223, 32.104132056056798 ], [ 35.534732893419523, 32.10375732563574 ], [ 35.534906139136105, 32.103415039544203 ], [ 35.535019049941724, 32.103189015963387 ], [ 35.535116684635682, 32.102950209861369 ], [ 35.535131146664071, 32.102737265495122 ], [ 35.535115336435517, 32.102576112098269 ], [ 35.53505405278969, 32.102382669393755 ], [ 35.534939586989012, 32.102176684052175 ], [ 35.534772286399601, 32.102054533669119 ], [ 35.534582470755019, 32.101977672088069 ], [ 35.534324289168573, 32.101900847415415 ], [ 35.533869076070332, 32.101811712583796 ], [ 35.533072067023909, 32.101639766250223 ], [ 35.532654763662116, 32.101550528662116 ], [ 35.532172770079249, 32.101424258333282 ], [ 35.531990476304351, 32.101366818200106 ], [ 35.531815640095601, 32.101218897841861 ], [ 35.531792013853696, 32.100999570613773 ], [ 35.53193513447399, 32.100702596623073 ], [ 35.532184240352699, 32.100418170539939 ], [ 35.532305252509644, 32.100327537529381 ], [ 35.532547437826274, 32.100191501091523 ], [ 35.532903641941459, 32.100138865810735 ], [ 35.533457248482719, 32.100156873627995 ], [ 35.534223162121776, 32.10015488154459 ], [ 35.534469943530674, 32.100147052568786 ], [ 35.53513708405827, 32.100113045183491 ], [ 35.535895266216777, 32.100078796049544 ], [ 35.536509435691976, 32.100044920061428 ], [ 35.537024948178953, 32.100011300214611 ], [ 35.537229406052788, 32.099926924960826 ], [ 35.537410926744805, 32.099816824162154 ], [ 35.537509020998009, 32.099661712189523 ], [ 35.537478024938451, 32.099513421269123 ], [ 35.537333522506103, 32.09937839195009 ], [ 35.537166083915274, 32.099217637196084 ], [ 35.537097300882571, 32.099056482220341 ], [ 35.537119183599735, 32.09883717732324 ], [ 35.537300516705592, 32.098630275762837 ], [ 35.537602547576419, 32.098294128858953 ], [ 35.537997702978601, 32.097985353289964 ], [ 35.538224644600348, 32.097849205246909 ], [ 35.53845191620151, 32.097758427185163 ], [ 35.538679021310209, 32.097667508251021 ], [ 35.539122377291733, 32.097550795738364 ], [ 35.53943799558219, 32.097402716087565 ], [ 35.539640654101376, 32.097235771643284 ], [ 35.53977535264567, 32.097043362200104 ], [ 35.539827217431331, 32.096831868062822 ], [ 35.539849146179392, 32.096627075692247 ], [ 35.539773176977299, 32.096447905363071 ], [ 35.539584391533801, 32.096288478384217 ], [ 35.539448431535845, 32.096135111204305 ], [ 35.539357611684501, 32.096013750756988 ], [ 35.539176347896429, 32.095828517727099 ], [ 35.539053549553543, 32.095607340222621 ], [ 35.538957175703395, 32.095415119144675 ], [ 35.538938689698625, 32.095111659499857 ], [ 35.539006647250972, 32.094637617875868 ], [ 35.539109090013945, 32.094133895101855 ], [ 35.539308019286437, 32.093763212919022 ], [ 35.5395765189934, 32.093407141335355 ], [ 35.540158045185123, 32.092968797012354 ], [ 35.540366035123199, 32.092723916946611 ], [ 35.540556563623042, 32.092456960844174 ], [ 35.54070334277278, 32.092130799747061 ], [ 35.540694368935092, 32.09189509010411 ], [ 35.540650241549379, 32.091732321468662 ], [ 35.54052782536251, 32.091569760564226 ], [ 35.540274872021044, 32.091422340690073 ], [ 35.539865396121755, 32.091290129877912 ], [ 35.539525627501646, 32.091209727171567 ], [ 35.539185831722868, 32.091121714769997 ], [ 35.538854836079253, 32.091041146167804 ], [ 35.538453862983474, 32.090879318338168 ], [ 35.538096448690276, 32.090724842446519 ], [ 35.537791391235508, 32.090584881849253 ], [ 35.537564381392095, 32.090378208260091 ], [ 35.53745924403384, 32.090186008895792 ], [ 35.537415096646889, 32.090015912070569 ], [ 35.53743166951179, 32.089793661777925 ], [ 35.537587277521574, 32.08952680180272 ], [ 35.537873584592404, 32.08924466175818 ], [ 35.538273172744987, 32.089073396394504 ], [ 35.538473306593609, 32.089035810854924 ], [ 35.53875183481022, 32.089027608116112 ], [ 35.539039536512014, 32.089174939341476 ], [ 35.539153390486987, 32.089396704372717 ], [ 35.539285329980189, 32.089766653231599 ], [ 35.539364292376902, 32.089951452342106 ], [ 35.539530345801396, 32.090099104006406 ], [ 35.539765695833147, 32.090231777027554 ], [ 35.540305485928762, 32.090289526875857 ], [ 35.540949664321552, 32.090287817179146 ], [ 35.541889452019149, 32.090240932066408 ], [ 35.542568085760408, 32.090202064418449 ], [ 35.542959444388444, 32.09013437121795 ], [ 35.543289895322957, 32.090022454786833 ], [ 35.543541700876467, 32.089858895138889 ], [ 35.543645428166997, 32.089666141628975 ], [ 35.543688191958744, 32.089458756325591 ], [ 35.543721882463743, 32.089169952396617 ], [ 35.543711632562577, 32.088770092338869 ], [ 35.543704449186698, 32.088572985907149 ], [ 35.543711824251908, 32.088239726532166 ], [ 35.543763523299589, 32.088076702212135 ], [ 35.543919657555676, 32.087957923918069 ], [ 35.544215368468315, 32.087897810197767 ], [ 35.544528896911189, 32.087956289718647 ], [ 35.544929702588448, 32.088073572966842 ], [ 35.545182214755478, 32.088102624871048 ], [ 35.545469263197326, 32.088072121514713 ], [ 35.545660565357466, 32.088019894323679 ], [ 35.545781911847847, 32.087893598593041 ], [ 35.545772672558194, 32.087723410608241 ], [ 35.54553665968664, 32.087457454632052 ], [ 35.545169705901131, 32.087095753450292 ], [ 35.544969003041537, 32.086933407275779 ], [ 35.544855274113338, 32.086792949124948 ], [ 35.544623053125228, 32.086476960014409 ], [ 35.544504698425932, 32.086338486622715 ], [ 35.54436779060736, 32.086061412629874 ], [ 35.544285625695927, 32.085907483285482 ], [ 35.54416735224823, 32.085745900962671 ], [ 35.543967405236437, 32.085607645834784 ], [ 35.543658802354997, 32.085446573007445 ], [ 35.543431856568333, 32.085346997223553 ], [ 35.543186814116943, 32.085231969896817 ], [ 35.543014149805906, 32.085086031426293 ], [ 35.542986130929862, 32.084893348565124 ], [ 35.542994580060395, 32.084716067762507 ], [ 35.543120583050467, 32.084461397807374 ], [ 35.543364115087563, 32.084167805421728 ], [ 35.543572055331708, 32.084051566087503 ], [ 35.543852570841459, 32.083958381277952 ], [ 35.54415149011006, 32.083918972131762 ], [ 35.544414392713129, 32.083941375244997 ], [ 35.544922279381645, 32.084063443819943 ], [ 35.545176394715952, 32.084170693648772 ], [ 35.545321889501245, 32.084308952535579 ], [ 35.545512567526337, 32.084447230513241 ], [ 35.545675925087743, 32.084493007355803 ], [ 35.545811488158591, 32.084407958350972 ], [ 35.545910289244638, 32.084184076184421 ], [ 35.545882430093066, 32.083991393530049 ], [ 35.545781938334009, 32.083760439581965 ], [ 35.545618009280581, 32.083560514557377 ], [ 35.54539068747593, 32.083314402259262 ], [ 35.545172733164101, 32.083183947193525 ], [ 35.544936517481503, 32.083038182206401 ], [ 35.544691479360814, 32.082923157718646 ], [ 35.544109892192644, 32.082740414913616 ], [ 35.54362929323328, 32.082610661102898 ], [ 35.543402439813718, 32.082534193338333 ], [ 35.543175529594755, 32.082442225784767 ], [ 35.543002899160555, 32.082304036888722 ], [ 35.542902842364903, 32.082188621370179 ], [ 35.542838751325903, 32.082042392447114 ], [ 35.542856330973891, 32.081872696046752 ], [ 35.54293701217243, 32.081625756096123 ], [ 35.543207707507271, 32.081339841095627 ], [ 35.543506248659426, 32.081200251143336 ], [ 35.543823028007893, 32.081114719099524 ], [ 35.544149250483827, 32.081121453629166 ], [ 35.544403385446472, 32.081236454810302 ], [ 35.544648761124584, 32.081443912582756 ], [ 35.544866967539562, 32.081643693112866 ], [ 35.545021531996618, 32.081774319184881 ], [ 35.545193850207305, 32.081827822365376 ], [ 35.545402635775368, 32.081896726699711 ], [ 35.545629066178066, 32.081903866851057 ], [ 35.545846502081922, 32.081895531305449 ], [ 35.54616290826273, 32.081709670183201 ], [ 35.546316269205398, 32.081516498600571 ], [ 35.546378908705698, 32.081315962863435 ], [ 35.546369254151969, 32.08112323109296 ], [ 35.546296278727347, 32.080992386521451 ], [ 35.54612345205333, 32.08084645261642 ], [ 35.545960151517647, 32.080769817980887 ], [ 35.545751591210646, 32.080716413471883 ], [ 35.545552053762016, 32.080686092721777 ], [ 35.545397970825647, 32.080640290703116 ], [ 35.54526164707908, 32.080563582555463 ], [ 35.54508915925377, 32.080463722200705 ], [ 35.544943813586926, 32.08036392956582 ], [ 35.54482560946839, 32.080264063841334 ], [ 35.544589624264738, 32.080133656119642 ], [ 35.544435348541001, 32.080080103669523 ], [ 35.544235892886633, 32.08002667221534 ], [ 35.54394588902916, 32.08001209106898 ], [ 35.543447674326828, 32.080082750414419 ], [ 35.542913466063595, 32.080176612373151 ], [ 35.542587587348187, 32.080262307337868 ], [ 35.542343155253995, 32.080309176319702 ], [ 35.542135108394604, 32.080394555790107 ], [ 35.54188214037179, 32.08059573749054 ], [ 35.541629878471248, 32.080989533779508 ], [ 35.541395851650563, 32.081437247617721 ], [ 35.541242843342154, 32.081684238011569 ], [ 35.541017237229887, 32.081946920646423 ], [ 35.540827704789692, 32.0821632902991 ], [ 35.5405566612665, 32.082356767556426 ], [ 35.540312367288529, 32.082488456989516 ], [ 35.539878022389331, 32.082605149780157 ], [ 35.539560900496483, 32.082644596994776 ], [ 35.539288981452771, 32.082599099220708 ], [ 35.539125405440416, 32.082491598349577 ], [ 35.539007229674581, 32.082353119207198 ], [ 35.538942975838637, 32.08216053101949 ], [ 35.538905552762969, 32.08183697132754 ], [ 35.538913728308813, 32.08158247552641 ], [ 35.538949270699668, 32.081389764703893 ], [ 35.539011869767215, 32.081173733107278 ], [ 35.539147290028438, 32.081003725908737 ], [ 35.539336940172113, 32.08086457429723 ], [ 35.539590280168284, 32.080763580060626 ], [ 35.539970640075019, 32.080685498282676 ], [ 35.540359879930698, 32.080592033185624 ], [ 35.540622348672578, 32.08049876245272 ], [ 35.540884087168848, 32.080251484060419 ], [ 35.541055576620082, 32.080035162216504 ], [ 35.541154639419474, 32.079880749000488 ], [ 35.541226447642124, 32.079695549983647 ], [ 35.541198628174413, 32.079510615781615 ], [ 35.541098354914787, 32.079379840704455 ], [ 35.540834953966375, 32.079172423794937 ], [ 35.540617043787826, 32.079049569488703 ], [ 35.539997620069485, 32.07878419675464 ], [ 35.539589227382791, 32.07861576911364 ], [ 35.539289704769693, 32.07848551950179 ], [ 35.53899035135089, 32.078401485554288 ], [ 35.538818267814577, 32.07840968961802 ], [ 35.538664278775549, 32.078433204355427 ], [ 35.53841998986227, 32.0785186733508 ], [ 35.53806388475698, 32.07866573002886 ], [ 35.53775649067024, 32.07882843891737 ], [ 35.537511866235121, 32.078867549317472 ], [ 35.537339781675385, 32.078875751379378 ], [ 35.537085857447615, 32.078814701969904 ], [ 35.536876804749078, 32.078622633607111 ], [ 35.536776508805225, 32.078437888519325 ], [ 35.536730550157657, 32.078268359483737 ], [ 35.536711648697612, 32.078075651052174 ], [ 35.536774137964265, 32.077782686604174 ], [ 35.537009582553203, 32.077539994027362 ], [ 35.537364504137827, 32.077295437155271 ], [ 35.537858215941199, 32.077035719094688 ], [ 35.538204791459577, 32.076909260215068 ], [ 35.538724829781728, 32.076745425725321 ], [ 35.53899335047771, 32.076589721468274 ], [ 35.539261570198789, 32.076397100328208 ], [ 35.539390947907691, 32.07616046067487 ], [ 35.539442103282227, 32.075938822759319 ], [ 35.539432771285277, 32.075739607751053 ], [ 35.539336342938448, 32.075481442874128 ], [ 35.53920546303975, 32.075260286059248 ], [ 35.538996631698929, 32.075127964218431 ], [ 35.538735838374684, 32.07499577913876 ], [ 35.538353820545282, 32.074930279327234 ], [ 35.537920318782803, 32.075042172416218 ], [ 35.537443993902706, 32.075301845059336 ], [ 35.537098011228977, 32.075590622908464 ], [ 35.536743896826287, 32.076056679655416 ], [ 35.536398357775937, 32.076515385864589 ], [ 35.536191159284733, 32.076789002484389 ], [ 35.536009515697046, 32.07694461439425 ], [ 35.535758125372695, 32.077033760386236 ], [ 35.53561091388729, 32.077100652429479 ], [ 35.53536770278432, 32.077071697873336 ], [ 35.535211220732805, 32.076954028106378 ], [ 35.535123514877547, 32.076725427310784 ], [ 35.535096576405628, 32.076459750751958 ], [ 35.535147316672941, 32.076119896302586 ], [ 35.53529349614589, 32.075720894323226 ], [ 35.535457151045314, 32.075395680743341 ], [ 35.535707524937955, 32.075025855146279 ], [ 35.535862970995808, 32.074811272948182 ], [ 35.535931537075669, 32.074597058795476 ], [ 35.535948113636969, 32.074375512669498 ], [ 35.535945564029923, 32.074081732276909 ], [ 35.535892770428511, 32.073897284751006 ], [ 35.535761901078899, 32.073676124253502 ], [ 35.535492000057985, 32.073447999884124 ], [ 35.535248299430677, 32.07323446065292 ], [ 35.535022241804491, 32.073094850087131 ], [ 35.534839322537898, 32.072940331595163 ], [ 35.534708589823211, 32.072756086742501 ], [ 35.534655666784161, 32.072534721847667 ], [ 35.534698093923005, 32.072276191288502 ], [ 35.534835737613477, 32.071943578174221 ], [ 35.534991340272512, 32.071773381660861 ], [ 35.535250763330083, 32.071529079652962 ], [ 35.535432450895051, 32.071388263660332 ], [ 35.535525981074699, 32.071213860557101 ], [ 35.535464638424351, 32.071044230137176 ], [ 35.535307980347, 32.070874848608796 ], [ 35.535151263886668, 32.070735057113595 ], [ 35.535133357123698, 32.070587435250971 ], [ 35.535210824570271, 32.070409974366001 ], [ 35.535417958484487, 32.070121564247643 ], [ 35.535556181929039, 32.06995141240315 ], [ 35.535676976479685, 32.069766510924872 ], [ 35.5355979400751, 32.069508297426424 ], [ 35.535414899634787, 32.06927247768153 ], [ 35.535136062410956, 32.068948419248173 ], [ 35.534970638379768, 32.06877906010687 ], [ 35.534753170023201, 32.068631958536344 ], [ 35.534579268763117, 32.068543782364607 ], [ 35.534171672355548, 32.068581760816521 ], [ 35.534033342727412, 32.068722462278998 ], [ 35.533860633249127, 32.068966536481511 ], [ 35.53371459723202, 32.069358209771536 ], [ 35.533568314752564, 32.069727620495726 ], [ 35.533500355320669, 32.070111763606988 ], [ 35.533414563547758, 32.070414650679091 ], [ 35.533337152164194, 32.070562520250029 ], [ 35.533146771783173, 32.070725477924533 ], [ 35.532782757607244, 32.070829705201511 ], [ 35.53252251270829, 32.070845174350239 ], [ 35.532262023299587, 32.070838521486593 ], [ 35.531859086520804, 32.070840549658548 ], [ 35.53144257695854, 32.070841625241584 ], [ 35.53113049462398, 32.070938386678378 ], [ 35.530827365728953, 32.071086836481804 ], [ 35.530454865551995, 32.071272381222194 ], [ 35.530290388450318, 32.07136876072542 ], [ 35.530099372608746, 32.071354456766876 ], [ 35.529872621098072, 32.071015457886759 ], [ 35.529784446095661, 32.070602268521142 ], [ 35.529731300707056, 32.070314394762818 ], [ 35.529807916093574, 32.069893455137667 ], [ 35.529963027435926, 32.069582924397686 ], [ 35.530031603509947, 32.069368713195644 ], [ 35.53003982394354, 32.069213555433798 ], [ 35.530091470485345, 32.069031795889586 ], [ 35.530177210915433, 32.068758360286211 ], [ 35.530322742459809, 32.068593690599677 ], [ 35.530464233148457, 32.068502865480191 ], [ 35.530612694983112, 32.068418081183317 ], [ 35.530853539349003, 32.068393225303609 ], [ 35.531208226970421, 32.068506867087592 ], [ 35.531392952013412, 32.06861502851271 ], [ 35.531648334709402, 32.068722866322922 ], [ 35.531839752566114, 32.068758584527266 ], [ 35.532144406401635, 32.068715525440986 ], [ 35.532356417338796, 32.068540113596818 ], [ 35.532539858243098, 32.068334621658835 ], [ 35.532631445960547, 32.068171638950929 ], [ 35.532694183799457, 32.067900092983294 ], [ 35.532700480609222, 32.067670964768197 ], [ 35.532649869855213, 32.067399853288123 ], [ 35.532585538499319, 32.06722515649318 ], [ 35.532450263276985, 32.06706276117032 ], [ 35.532194739924293, 32.066960843317588 ], [ 35.531975137544372, 32.06695535220237 ], [ 35.531621142376586, 32.067034750928215 ], [ 35.531309758072503, 32.067137992651226 ], [ 35.531076038256032, 32.06721102062108 ], [ 35.530906226630982, 32.067247529972164 ], [ 35.530714839940892, 32.067266199682926 ], [ 35.530431444635433, 32.067236775336958 ], [ 35.530054925649196, 32.066984536655113 ], [ 35.52994803044988, 32.066797830001029 ], [ 35.529918736350837, 32.066562734349709 ], [ 35.529995989689382, 32.066369636577342 ], [ 35.530123033093162, 32.066218541475742 ], [ 35.530299717579098, 32.066067459507565 ], [ 35.530483607198001, 32.065988502258826 ], [ 35.530873117494011, 32.065939309862387 ], [ 35.531284058653597, 32.065914155798879 ], [ 35.531567443541689, 32.065895247776204 ], [ 35.531915303712665, 32.065859968409889 ], [ 35.53224095610075, 32.06576866523892 ], [ 35.532523996206571, 32.065653376761993 ], [ 35.532757330455382, 32.065520180569351 ], [ 35.532863058711705, 32.065332925289006 ], [ 35.532926117379297, 32.065151839458835 ], [ 35.532932715709457, 32.065007253528954 ], [ 35.532825328281838, 32.06473008933412 ], [ 35.532683236078931, 32.06460392451045 ], [ 35.532385323512734, 32.064538329430498 ], [ 35.532208230374266, 32.064526669749156 ], [ 35.531889354002239, 32.064521576098194 ], [ 35.53164144712489, 32.064558288201411 ], [ 35.531266136627593, 32.064643658987713 ], [ 35.530990041876606, 32.064710737155096 ], [ 35.530784932346819, 32.064777631935065 ], [ 35.530367030434853, 32.064844932955474 ], [ 35.530111922038323, 32.064857706690155 ], [ 35.529913035027597, 32.064719566839948 ], [ 35.529898436300115, 32.064568835645865 ], [ 35.529933013306241, 32.064333575857987 ], [ 35.530080785366685, 32.06405589453361 ], [ 35.530193274710811, 32.063814375495184 ], [ 35.530305870894104, 32.06360315072294 ], [ 35.530539927003019, 32.06339414964895 ], [ 35.531035520373763, 32.063260281452969 ], [ 35.531602387729443, 32.063300949955853 ], [ 35.532162456780121, 32.063383905101453 ], [ 35.532502825624547, 32.063431354948349 ], [ 35.532694275542923, 32.063479048804389 ], [ 35.532935602506768, 32.063592979495482 ], [ 35.533092010205642, 32.06374334265022 ], [ 35.533326633304561, 32.063971845991354 ], [ 35.533539969859511, 32.064170250432923 ], [ 35.533682105970371, 32.064308532044443 ], [ 35.533880759771257, 32.064380300180922 ], [ 35.534143003569923, 32.064373700135036 ], [ 35.534376591743673, 32.064312784713579 ], [ 35.534574531314448, 32.064185595342565 ], [ 35.534757741850463, 32.063919793239364 ], [ 35.534700524021048, 32.063745078886434 ], [ 35.534614911665642, 32.063588615270717 ], [ 35.534436788898212, 32.063335872384393 ], [ 35.534265947555063, 32.063083110282768 ], [ 35.534109365705547, 32.062884418489581 ], [ 35.533931591762467, 32.062728194101247 ], [ 35.533725610474256, 32.06259613756685 ], [ 35.533406351869672, 32.062482410679301 ], [ 35.533200630469324, 32.062422637049288 ], [ 35.532789418366278, 32.062321124069676 ], [ 35.532491534768987, 32.06226158804148 ], [ 35.532080288292818, 32.062196426423732 ], [ 35.531371689987132, 32.062174161627198 ], [ 35.530982067240039, 32.062187143131389 ], [ 35.530400982654314, 32.062194698023653 ], [ 35.530160004565907, 32.062177281736091 ], [ 35.529975609164481, 32.062111389111635 ], [ 35.529592338649977, 32.061955545385246 ], [ 35.529471621251972, 32.061835380958151 ], [ 35.529475893407287, 32.061686573916468 ], [ 35.529538935392878, 32.061499571667376 ], [ 35.52972238457096, 32.061251811971779 ], [ 35.529856157756406, 32.061040533164515 ], [ 35.529940478578652, 32.060835299263672 ], [ 35.530074116578945, 32.060539477320866 ], [ 35.530172458088451, 32.060322230266728 ], [ 35.530320687308702, 32.060128808779041 ], [ 35.5304474922088, 32.059959677960236 ], [ 35.530664983842044, 32.059701543191267 ], [ 35.530953584370152, 32.05957257603913 ], [ 35.531173345198361, 32.059534528818098 ], [ 35.53139990703508, 32.05964089172609 ], [ 35.531570814879693, 32.060009341055718 ], [ 35.53171731773228, 32.060354321953092 ], [ 35.531809764524233, 32.060480757133938 ], [ 35.531959043493117, 32.060582809653951 ], [ 35.532171408332907, 32.060558165826471 ], [ 35.532256024585095, 32.060437331960358 ], [ 35.532297730460712, 32.060208111896564 ], [ 35.532254390205871, 32.059979111825967 ], [ 35.532197136935423, 32.059792419337192 ], [ 35.532090245183575, 32.059419860008703 ], [ 35.532001364322007, 32.059179564209785 ], [ 35.531849984980077, 32.058998187377853 ], [ 35.53166082487234, 32.058800844690928 ], [ 35.531383946932628, 32.058689257633986 ], [ 35.531163731916379, 32.058598941530605 ], [ 35.530956168098932, 32.058530010075948 ], [ 35.530635565498692, 32.058498850121481 ], [ 35.530082908051334, 32.058537611307017 ], [ 35.529875704871436, 32.058570269983143 ], [ 35.529668463649251, 32.058592219604208 ], [ 35.529473702352568, 32.058587364844406 ], [ 35.529209515867883, 32.058507866914859 ], [ 35.529052214085979, 32.058427953804014 ], [ 35.528932264178501, 32.058289328193723 ], [ 35.528931773200959, 32.058150255756949 ], [ 35.529006598090049, 32.057973650509481 ], [ 35.529312852649724, 32.05755057213365 ], [ 35.529425418852476, 32.057379224285746 ], [ 35.529580369723426, 32.057075598261505 ], [ 35.529679854411782, 32.056808045288157 ], [ 35.52974793529345, 32.056503091974776 ], [ 35.529784636660011, 32.056214282395118 ], [ 35.529745438038717, 32.055797443611368 ], [ 35.529681507054534, 32.055498183461857 ], [ 35.529605319230932, 32.055241789990902 ], [ 35.529560723333176, 32.055076199494493 ], [ 35.529471213177224, 32.054654839710786 ], [ 35.529476725043764, 32.054435576550553 ], [ 35.529563987970356, 32.054221599018369 ], [ 35.529814490612573, 32.053990998324892 ], [ 35.530077495918349, 32.053787277972816 ], [ 35.530234121630073, 32.053631738451394 ], [ 35.530346383556257, 32.05342305051402 ], [ 35.530383574477334, 32.053273172263857 ], [ 35.530388989694572, 32.053027278120936 ], [ 35.530369616755699, 32.052882899727607 ], [ 35.530205544892688, 32.052664213356714 ], [ 35.530047935643729, 32.052541607769982 ], [ 35.529695292392788, 32.052286487742293 ], [ 35.529525144064053, 32.052126573686394 ], [ 35.529430273634873, 32.051966466402604 ], [ 35.529360626272862, 32.051827571132307 ], [ 35.529353659662561, 32.051635252838359 ], [ 35.529346862388053, 32.051490842012157 ], [ 35.529440315096679, 32.05125007654204 ], [ 35.529627979588533, 32.051030346073823 ], [ 35.529859253919938, 32.05069834249111 ], [ 35.530021750154873, 32.050473321628843 ], [ 35.530039966836021, 32.050291506570147 ], [ 35.529825795294137, 32.050126351518806 ], [ 35.529637281883872, 32.050105417650293 ], [ 35.529342139483298, 32.05015436425122 ], [ 35.528997207219064, 32.050299535312298 ], [ 35.528652387144874, 32.050476831634477 ], [ 35.528363755681013, 32.050589871372814 ], [ 35.528213188705237, 32.050633091381329 ], [ 35.528037304744757, 32.050628186119646 ], [ 35.527851969469395, 32.050476199239661 ], [ 35.527611986007038, 32.050403399494904 ], [ 35.527246979647991, 32.050298227645754 ], [ 35.527055118051727, 32.05026602601167 ], [ 35.526805603446057, 32.050258488310178 ], [ 35.526489571178494, 32.050389911210942 ], [ 35.526298316154126, 32.050578224237242 ], [ 35.52604993717118, 32.050848266296768 ], [ 35.525723512861411, 32.050800058955453 ], [ 35.525435095856288, 32.05059675830632 ], [ 35.525261547664691, 32.050360335279471 ], [ 35.525154971005037, 32.050066816676832 ], [ 35.525105910920189, 32.049756666510028 ], [ 35.525085495755384, 32.049405722106691 ], [ 35.525179485907934, 32.048842143362542 ], [ 35.525216301148149, 32.048392983733414 ], [ 35.525215389797836, 32.048131746856399 ], [ 35.5250995050746, 32.047919836058625 ], [ 35.524936179397592, 32.047814147112668 ], [ 35.524609425449654, 32.047668008190037 ], [ 35.52428323545621, 32.047636141541105 ], [ 35.523803775721255, 32.047678213094287 ], [ 35.523382033529025, 32.047809894573149 ], [ 35.52311420764746, 32.048006427143811 ], [ 35.522923148725859, 32.048251942386884 ], [ 35.522885784557985, 32.048545824685625 ], [ 35.523069767301379, 32.049027118959529 ], [ 35.523397349027618, 32.049458875572768 ], [ 35.523407992576757, 32.049760950587498 ], [ 35.52326524377564, 32.050055238981678 ], [ 35.52286375521696, 32.050497001180275 ], [ 35.522615027408762, 32.050669107987808 ], [ 35.522318267859198, 32.050874024888621 ], [ 35.521887162793455, 32.051030101554836 ], [ 35.521532794270001, 32.051177953184776 ], [ 35.521235496098853, 32.051227731760797 ], [ 35.521005364278658, 32.051228306734721 ], [ 35.520765386934286, 32.051204388275799 ], [ 35.520525182284722, 32.051066195428042 ], [ 35.520399933091312, 32.050919543085882 ], [ 35.520360849263824, 32.050715609080662 ], [ 35.520522375585408, 32.050249794897901 ], [ 35.520731937602712, 32.04984924087087 ], [ 35.521276891382655, 32.049317228982275 ], [ 35.521634979253975, 32.048954628438047 ], [ 35.521844871555075, 32.048652001169508 ], [ 35.521901655172307, 32.048423309885756 ], [ 35.521900894315358, 32.048202935234038 ], [ 35.521775562266647, 32.048031766788093 ], [ 35.521537270489965, 32.04787060333841 ], [ 35.52100595740783, 32.047796687692149 ], [ 35.520592939263757, 32.047772496365532 ], [ 35.520194602655927, 32.047735867415433 ], [ 35.51997332709238, 32.047711337197136 ], [ 35.519648302555339, 32.0475364363732 ], [ 35.519529664518338, 32.047386103075809 ], [ 35.519395909601826, 32.047072638344844 ], [ 35.519276535385451, 32.046658671916916 ], [ 35.51930417794707, 32.046131474715239 ], [ 35.519435344928475, 32.045641642105565 ], [ 35.519773407401907, 32.04532700437116 ], [ 35.520156061732862, 32.045087498379125 ], [ 35.520627350005533, 32.044885532939716 ], [ 35.520862478910765, 32.044659074223219 ], [ 35.520964585040026, 32.044332481437216 ], [ 35.5209332805874, 32.043792749374433 ], [ 35.520932114380251, 32.043453873748071 ], [ 35.520989797697588, 32.043102310544555 ], [ 35.521165812247801, 32.042813154811881 ], [ 35.521459949094421, 32.042574006875746 ], [ 35.522122084783206, 32.042120464210427 ], [ 35.522298535732602, 32.04200701540379 ], [ 35.522548454342392, 32.041755294268263 ], [ 35.522510493953995, 32.041589402401513 ], [ 35.522225544737132, 32.041421734500936 ], [ 35.52199665386803, 32.041343400775808 ], [ 35.521773902603258, 32.041270405690121 ], [ 35.52156350369426, 32.041181456946425 ], [ 35.521322028322139, 32.041003251198489 ], [ 35.521191662571077, 32.04085633033533 ], [ 35.521098535702663, 32.040714529840081 ], [ 35.521023047128054, 32.040362312707984 ], [ 35.52102214214888, 32.040099384536639 ], [ 35.520940988626926, 32.039831302300257 ], [ 35.5208228510784, 32.039631792582703 ], [ 35.520667876489014, 32.039495500495157 ], [ 35.52040753357754, 32.039264641175599 ], [ 35.520268413046658, 32.039023897769788 ], [ 35.520218323159362, 32.038792654981911 ], [ 35.520297216010675, 32.038403276209422 ], [ 35.520314894396705, 32.038156083111332 ], [ 35.520215109367236, 32.037856483796453 ], [ 35.520046829665716, 32.037457152578135 ], [ 35.519828950600655, 32.036968610104722 ], [ 35.519691949312936, 32.036717292738217 ], [ 35.519487197333405, 32.036486434050964 ], [ 35.519084539396125, 32.036187586010499 ], [ 35.518892358154517, 32.036004039557078 ], [ 35.518842359391144, 32.035846348813791 ], [ 35.518897421063748, 32.035646266609653 ], [ 35.519162250594327, 32.035403673835731 ], [ 35.519895662989505, 32.034860208344398 ], [ 35.520271287087212, 32.034464736282885 ], [ 35.520517710189949, 32.034259103894485 ], [ 35.520795841511891, 32.034279405211585 ], [ 35.521105484756113, 32.034468009935878 ], [ 35.521539291107494, 32.034829758737885 ], [ 35.521923206700308, 32.035065520076273 ], [ 35.522207715622024, 32.035159496160219 ], [ 35.522547477038913, 32.035158644142001 ], [ 35.522862065042702, 32.034957908803406 ], [ 35.522978815786807, 32.034805155217036 ], [ 35.523079456090194, 32.034585934367676 ], [ 35.523072698443031, 32.034401928079959 ], [ 35.522997919567345, 32.034207524758777 ], [ 35.522787080802431, 32.033987113659556 ], [ 35.522526930520634, 32.033808956828864 ], [ 35.522266962808139, 32.033683356954512 ], [ 35.522087474882937, 32.033631248803722 ], [ 35.521932764473668, 32.033521165965773 ], [ 35.521962986375193, 32.033363275499426 ], [ 35.522258569533342, 32.033073254770187 ], [ 35.522492762115128, 32.032872862711955 ], [ 35.522634467598316, 32.032762036807348 ], [ 35.522629226385071, 32.032394426019195 ], [ 35.522534730461317, 32.031998294321923 ], [ 35.522384885417601, 32.031763779714844 ], [ 35.521967786478669, 32.03159080592205 ], [ 35.521771189309277, 32.031564525951758 ], [ 35.521402017545363, 32.031618993681896 ], [ 35.52108007882579, 32.031700114550617 ], [ 35.520852606009733, 32.031834402307837 ], [ 35.520601484212214, 32.031922108710532 ], [ 35.520413074159805, 32.032016140030485 ], [ 35.520232539528841, 32.032043361965798 ], [ 35.520051609791864, 32.032003654230714 ], [ 35.5198306941856, 32.031783544987334 ], [ 35.519790643853263, 32.031536072571122 ], [ 35.520002013291581, 32.031287974647753 ], [ 35.520464433129384, 32.030932303143295 ], [ 35.52093481167185, 32.030583232668803 ], [ 35.521248208459035, 32.030328255350376 ], [ 35.521538000860978, 32.030039941533595 ], [ 35.521765283601361, 32.029852108673808 ], [ 35.521984879818014, 32.029737847659703 ], [ 35.522306879989038, 32.029676733016352 ], [ 35.52265294968862, 32.029736172805578 ], [ 35.522818436456113, 32.029902872058102 ], [ 35.522984136057715, 32.030083097541279 ], [ 35.523189017383928, 32.030209679982093 ], [ 35.52344855578491, 32.030309352422904 ], [ 35.52374716273544, 32.030275206045708 ], [ 35.52388055520462, 32.030201317061959 ], [ 35.52397432505213, 32.030053833895828 ], [ 35.524021024143387, 32.029926618881113 ], [ 35.523965178015629, 32.029706100633405 ], [ 35.523783415600185, 32.029425591715011 ], [ 35.523586315026854, 32.02920528804848 ], [ 35.52332641910693, 32.028953860840097 ], [ 35.523160631537216, 32.028700082975583 ], [ 35.523010461983908, 32.028466274317665 ], [ 35.522899427749913, 32.028165577663941 ], [ 35.522819820515018, 32.027864801990532 ], [ 35.522724662527963, 32.027610846138373 ], [ 35.522550843604229, 32.027377096244983 ], [ 35.522290917882309, 32.02721049241422 ], [ 35.522039209483253, 32.027124183993593 ], [ 35.521779400553214, 32.026990973578528 ], [ 35.521488166931803, 32.026857982107742 ], [ 35.521330392466233, 32.026671112147014 ], [ 35.521218153794955, 32.026498782479571 ], [ 35.521185991314361, 32.02628482627869 ], [ 35.521232554165984, 32.026117454274505 ], [ 35.521420348186552, 32.025896325824185 ], [ 35.521859410532358, 32.02558748831261 ], [ 35.522392977310368, 32.025345342813623 ], [ 35.522604834181095, 32.0252443452815 ], [ 35.52258798850896, 32.024916639636785 ], [ 35.522453724268082, 32.02473633461846 ], [ 35.522162034736766, 32.024469484826852 ], [ 35.521783568952586, 32.024122675874182 ], [ 35.521578430610255, 32.023868994168154 ], [ 35.521220533145311, 32.023441956368671 ], [ 35.520819474901337, 32.02301601155073 ], [ 35.520614509991745, 32.022763173226494 ], [ 35.520443591769485, 32.022502922591713 ], [ 35.520408726323126, 32.02227150039932 ], [ 35.520442076151326, 32.022061466888886 ], [ 35.520568995911077, 32.021887413064398 ], [ 35.520840466382772, 32.021712998537019 ], [ 35.521214130846367, 32.021581727341683 ], [ 35.521673179059526, 32.021558880257913 ], [ 35.522022345924761, 32.021710044229849 ], [ 35.522269518032843, 32.021875976251287 ], [ 35.522755188554783, 32.022185879214845 ], [ 35.52321524219284, 32.022452586456318 ], [ 35.52342809668815, 32.022546176613709 ], [ 35.523776817947244, 32.022566998512708 ], [ 35.524235467927625, 32.022428318177219 ], [ 35.52461731386893, 32.022224731419165 ], [ 35.524888575962649, 32.021992396302274 ], [ 35.525082947255619, 32.021622730493441 ], [ 35.525124645464651, 32.021390975093389 ], [ 35.525081409442038, 32.021181274928232 ], [ 35.525004153544302, 32.020986033184997 ], [ 35.524774013995263, 32.020820063456902 ], [ 35.524153486335152, 32.020872355659314 ], [ 35.523626718072123, 32.020967667116942 ], [ 35.523320758771526, 32.021019163107901 ], [ 35.522955399049557, 32.02106348044024 ], [ 35.522504413608743, 32.020977814060679 ], [ 35.522274278546824, 32.02081183976739 ], [ 35.522095084439201, 32.020645878365748 ], [ 35.522034960810487, 32.020428892278787 ], [ 35.522025561408654, 32.020197265782727 ], [ 35.522211703266166, 32.019836924667523 ], [ 35.522483364671068, 32.01972041863808 ], [ 35.523154925186383, 32.019697033089223 ], [ 35.524421988650552, 32.019751754919284 ], [ 35.525995033003859, 32.019762289466755 ], [ 35.526768788346985, 32.01978202477234 ], [ 35.527212254368145, 32.019893481008168 ], [ 35.527500827822443, 32.02002646631108 ], [ 35.527841194752774, 32.020025598786155 ], [ 35.528072149411869, 32.019904957426817 ], [ 35.528561285040773, 32.01941152244909 ], [ 35.528756420337963, 32.019076652852668 ], [ 35.528821193542228, 32.018872313910002 ], [ 35.528831225135399, 32.018621474963624 ], [ 35.528819066490819, 32.018268676568461 ], [ 35.528730993294474, 32.018008929583594 ], [ 35.52857700204202, 32.017675093363309 ], [ 35.52837954857192, 32.017350526869912 ], [ 35.528084023156111, 32.017072709463221 ], [ 35.527898140888524, 32.016933968175422 ], [ 35.527493631568575, 32.016656286367457 ], [ 35.526674324084524, 32.016277782503423 ], [ 35.525776675681975, 32.015864245207197 ], [ 35.525011953380407, 32.01553195040735 ], [ 35.524498018946375, 32.015171118848272 ], [ 35.524257768247026, 32.015041668257261 ], [ 35.523766571011144, 32.014940748763827 ], [ 35.523384616171796, 32.014913810393402 ], [ 35.52318805525622, 32.014840046843851 ], [ 35.523023982522062, 32.014691943676375 ], [ 35.522894490937254, 32.014500776992463 ], [ 35.522902270308528, 32.014263611863633 ], [ 35.523023563184815, 32.01409281040727 ], [ 35.523232086029836, 32.013944052830475 ], [ 35.523640764585892, 32.013809586506042 ], [ 35.524049838667082, 32.013741766635938 ], [ 35.524850806603816, 32.013754681773563 ], [ 35.525591019060649, 32.013797195160095 ], [ 35.525930484488612, 32.013781539956597 ], [ 35.526095793076607, 32.0137144720644 ], [ 35.52625188548727, 32.013565701588803 ], [ 35.526346912348764, 32.013357905203556 ], [ 35.526510586492634, 32.012823876839647 ], [ 35.526664576146899, 32.012074849512558 ], [ 35.526811027578766, 32.011629635525267 ], [ 35.526949657551135, 32.011406932622926 ], [ 35.527166767271289, 32.01125814672978 ], [ 35.5274190814728, 32.011198182836559 ], [ 35.527899666926466, 32.01129573361527 ], [ 35.528291353824137, 32.011272470893715 ], [ 35.52846489006641, 32.011101530805291 ], [ 35.528524937829964, 32.010871558863016 ], [ 35.528506660980625, 32.010612196657192 ], [ 35.528322909820119, 32.010323525809227 ], [ 35.528052209777016, 32.010138924664311 ], [ 35.527877772414513, 32.010005931106747 ], [ 35.527729324706101, 32.009880339111163 ], [ 35.527693728990691, 32.009680201630161 ], [ 35.527727919348905, 32.009480027187962 ], [ 35.527866665070107, 32.009338907831044 ], [ 35.528282829689687, 32.008848618408805 ], [ 35.528525667472081, 32.008588448285074 ], [ 35.528585774717385, 32.008328885697857 ], [ 35.52860174604519, 32.008027304807783 ], [ 35.528548707480368, 32.007804948848467 ], [ 35.528382403973204, 32.00753863750252 ], [ 35.528181521610335, 32.00736118533991 ], [ 35.527997977517529, 32.007176361482152 ], [ 35.527779916026439, 32.007050947025043 ], [ 35.527570748930501, 32.006962427062533 ], [ 35.527361573486068, 32.006918574169809 ], [ 35.527031027702478, 32.006971268873805 ], [ 35.526613827671348, 32.007165089453416 ], [ 35.526292553140955, 32.007410518930406 ], [ 35.526084075572484, 32.007566608641774 ], [ 35.525719488531244, 32.007864141021919 ], [ 35.525528098532305, 32.007894216033485 ], [ 35.525327685785797, 32.00785019670947 ], [ 35.525196788972664, 32.007776410910026 ], [ 35.525048064495785, 32.007569231476033 ], [ 35.525046929421123, 32.007243176436702 ], [ 35.525219766800618, 32.006872014139034 ], [ 35.525497500248981, 32.006611902371752 ], [ 35.525775620017647, 32.006462964346966 ], [ 35.52619268920737, 32.006232088395265 ], [ 35.526435656149758, 32.00600912119414 ], [ 35.526530778925014, 32.005831055514648 ], [ 35.526553447122858, 32.005693050350274 ], [ 35.526535225764725, 32.005447637240302 ], [ 35.526308981231452, 32.005155548400651 ], [ 35.526071491095365, 32.005004817036649 ], [ 35.525798625332264, 32.004904619433162 ], [ 35.525573334603784, 32.004885040327935 ], [ 35.525229892040628, 32.004936353913159 ], [ 35.524887010895668, 32.005149144193354 ], [ 35.524568160215082, 32.005472766445813 ], [ 35.52435526474742, 32.005594342375801 ], [ 35.524130182922249, 32.005635350052692 ], [ 35.523893255148622, 32.005646092231963 ], [ 35.523679448981902, 32.005505301116557 ], [ 35.52358389285466, 32.005273468283391 ], [ 35.523594829306568, 32.005041367475087 ], [ 35.523771542372387, 32.004738255191782 ], [ 35.524090112662243, 32.004333755170414 ], [ 35.524551239486755, 32.004029924771316 ], [ 35.524858776037505, 32.003877814536594 ], [ 35.525012398572379, 32.003736237894273 ], [ 35.525153481984546, 32.003412923122475 ], [ 35.525484053407084, 32.003038825065865 ], [ 35.525921533413339, 32.002785353208147 ], [ 35.526300272482352, 32.002663353952613 ], [ 35.526987198323241, 32.002530425047048 ], [ 35.527295433035697, 32.002580085540707 ], [ 35.52749789804286, 32.00288223768942 ], [ 35.527712412015134, 32.003224799011065 ], [ 35.527937699100647, 32.003244374346444 ], [ 35.528198112628793, 32.003142820789122 ], [ 35.528339610046004, 32.002940681193841 ], [ 35.528385837589255, 32.002637895564874 ], [ 35.528290095339507, 32.00235562208119 ], [ 35.528146896801161, 32.002073469616995 ], [ 35.527849517524963, 32.001771419571817 ], [ 35.5275048850554, 32.00147977534683 ], [ 35.527219627552682, 32.001238282808252 ], [ 35.526934372038617, 32.000996930514837 ], [ 35.526791497322066, 32.00080551956075 ], [ 35.526790649745308, 32.000563303004419 ], [ 35.526836680532661, 32.000061417051711 ], [ 35.527012560884181, 31.999526228753314 ], [ 35.527236283563383, 31.999101952998686 ], [ 35.527603171279189, 31.999000129675519 ], [ 35.527864281598859, 31.999100353522863 ], [ 35.52805221285378, 31.999126646556622 ], [ 35.528247208688718, 31.999139957856062 ], [ 35.52837780118729, 31.999271090482523 ], [ 35.528622744310411, 31.999616390911335 ], [ 35.528802341110904, 31.999858150564219 ], [ 35.528957388480947, 32.000030787535152 ], [ 35.529095773641409, 32.000120331968816 ], [ 35.529283103152416, 32.000209750929301 ], [ 35.529518729219063, 32.000209147354802 ], [ 35.529859550564581, 32.000076807545028 ], [ 35.53040280421326, 31.999722582334744 ], [ 35.530824196535875, 31.99941699939173 ], [ 35.531351041814268, 31.999007435970945 ], [ 35.531634975930892, 31.998875237974769 ], [ 35.531870500373508, 31.998847012582875 ], [ 35.532163174923632, 31.99889458787629 ], [ 35.532342434997751, 31.999039540442727 ], [ 35.53242459961195, 31.999267596984634 ], [ 35.532345143768417, 31.999800570786533 ], [ 35.532297301011447, 32.000063626410743 ], [ 35.532290134528012, 32.000326576891709 ], [ 35.532332018258458, 32.000665631127262 ], [ 35.532390032661198, 32.000983789436674 ], [ 35.532448096643691, 32.001315756430913 ], [ 35.532522094765355, 32.001571592553987 ], [ 35.532665653662207, 32.001719314133467 ], [ 35.532844698020845, 32.001801985700936 ], [ 35.533080328075911, 32.001801375485329 ], [ 35.533307311960257, 32.001648467114244 ], [ 35.533485269073914, 32.001426641232037 ], [ 35.533654652685243, 32.001073230486426 ], [ 35.533848334349749, 32.000671425407369 ], [ 35.534033969582218, 32.000331921689089 ], [ 35.534292952904245, 32.000019844711211 ], [ 35.534535589502831, 31.999714714161833 ], [ 35.534688985450721, 31.999423765251542 ], [ 35.534706154249875, 31.999231523769311 ], [ 35.534656582104724, 31.999010147417774 ], [ 35.53462346286635, 31.998858054337113 ], [ 35.53455793486156, 31.998705904673827 ], [ 35.534565417425824, 31.998532992618323 ], [ 35.534646173468268, 31.998366653384252 ], [ 35.534840870914849, 31.99829696125137 ], [ 35.535092737521104, 31.998261782892225 ], [ 35.535474774719653, 31.998329971808843 ], [ 35.53555654887419, 31.998447415540486 ], [ 35.535614125168323, 31.998641012029324 ], [ 35.535606918081271, 31.998890013056293 ], [ 35.535551057917097, 31.999173945030606 ], [ 35.535568082647764, 31.999402169498612 ], [ 35.535625883478318, 31.999658046135902 ], [ 35.535699814552359, 31.999893167329546 ], [ 35.535838919287812, 32.000135022661112 ], [ 35.535987293587986, 32.000379389923026 ], [ 35.53610973114035, 32.000538294446287 ], [ 35.536337828783978, 32.000696781547184 ], [ 35.536639088292077, 32.000875930856154 ], [ 35.536915742535953, 32.000972149892007 ], [ 35.53710288129534, 32.001006181430398 ], [ 35.537265348385631, 32.000985042003691 ], [ 35.53739499031996, 32.000894662438952 ], [ 35.537443019090091, 32.000686980824817 ], [ 35.537442369156771, 32.000507185594486 ], [ 35.537424973533099, 32.000223445172189 ], [ 35.537358815120044, 31.999898406139948 ], [ 35.537186898555312, 31.999546026777523 ], [ 35.536998853309889, 31.999214261819933 ], [ 35.536696925235383, 31.998848413630952 ], [ 35.53649291287352, 31.998627442389257 ], [ 35.536264695274447, 31.998434292750183 ], [ 35.535971422337134, 31.998220599422709 ], [ 35.535800435086152, 31.998124243204618 ], [ 35.535734840146702, 31.997999852943707 ], [ 35.535726356426672, 31.997801760192576 ], [ 35.53579069073141, 31.997621654240373 ], [ 35.536026036177816, 31.997544949687168 ], [ 35.536310332566508, 31.997516447676716 ], [ 35.536627501804581, 31.997570993949498 ], [ 35.537010226975354, 31.997784451321923 ], [ 35.537303676028536, 31.998046613717914 ], [ 35.537735733434864, 31.99841225960887 ], [ 35.53800505578976, 31.998722955638076 ], [ 35.538333474148075, 31.999096903573392 ], [ 35.538643816782375, 31.999364513680558 ], [ 35.538828148431634, 31.999445894742212 ], [ 35.539116287092583, 31.999472329919559 ], [ 35.53942812128134, 31.999376113042327 ], [ 35.539531605685625, 31.999232678529307 ], [ 35.539554862792158, 31.99903506589018 ], [ 35.539530069167583, 31.998810244266146 ], [ 35.539393119663494, 31.998572050847194 ], [ 35.539256707991598, 31.998436154133323 ], [ 35.539031777752832, 31.998239055423166 ], [ 35.538750738578265, 31.997980809741865 ], [ 35.538533863490343, 31.997770161851328 ], [ 35.538413179447929, 31.997593359826919 ], [ 35.538372300890082, 31.997354912299571 ], [ 35.538411623127161, 31.997164021040891 ], [ 35.538523233646835, 31.997027470343614 ], [ 35.538802661529743, 31.996842709976356 ], [ 35.539042545049853, 31.996787546611692 ], [ 35.539274491708149, 31.996732403741778 ], [ 35.539530735470002, 31.996765826629559 ], [ 35.539883499935605, 31.99696935009931 ], [ 35.540132875325689, 31.99729573505827 ], [ 35.540454924016643, 31.997826382714088 ], [ 35.540704362651788, 31.998214201651429 ], [ 35.540929031191084, 31.998383962173712 ], [ 35.541065411850674, 31.998465467171581 ], [ 35.541321685785341, 31.998505649852657 ], [ 35.541553610607323, 31.998443739354734 ], [ 35.54164843985685, 31.998150401365333 ], [ 35.541479673867208, 31.997939630661374 ], [ 35.541278980735875, 31.997769807447433 ], [ 35.541054088606387, 31.997538612781991 ], [ 35.540909474241808, 31.997375403683389 ], [ 35.540820747872381, 31.997212187148289 ], [ 35.540843827333134, 31.996966807307015 ], [ 35.540906711975353, 31.996619023586959 ], [ 35.541017381821113, 31.996226163797868 ], [ 35.541032747947774, 31.996042098794636 ], [ 35.540912160738074, 31.995892493859817 ], [ 35.540727561331643, 31.995736294970186 ], [ 35.540591110489473, 31.995634358259021 ], [ 35.540366648129016, 31.99551912741428 ], [ 35.54000591058638, 31.995349725754668 ], [ 35.539725373404153, 31.995227737633723 ], [ 35.539348847858449, 31.995126574702169 ], [ 35.538972322618413, 31.995025269740658 ], [ 35.538684099263421, 31.994971639369709 ], [ 35.538291710278685, 31.994918141581497 ], [ 35.537782224683902, 31.994809573912743 ], [ 35.537516471629374, 31.994705296293464 ], [ 35.537373869517495, 31.994592663315121 ], [ 35.537344876402635, 31.994439291861891 ], [ 35.537287211640511, 31.994221460291641 ], [ 35.537276396786787, 31.993882325909251 ], [ 35.537256411054976, 31.993567592449441 ], [ 35.537236259621679, 31.99325271849812 ], [ 35.537178712399424, 31.993067154196183 ], [ 35.537045566533571, 31.992962527698946 ], [ 35.536874675412889, 31.992890408542081 ], [ 35.536590177104486, 31.992858885982105 ], [ 35.536334068046749, 31.992859556196017 ], [ 35.536068641717726, 31.992844045956858 ], [ 35.535821977387137, 31.992804391084491 ], [ 35.535707817926522, 31.992691540981323 ], [ 35.535716575060178, 31.99250594375815 ], [ 35.535971675276102, 31.992271090194226 ], [ 35.536302576525664, 31.99201180188588 ], [ 35.536396927599462, 31.991858248370171 ], [ 35.536424812680792, 31.99170472780488 ], [ 35.536357708037009, 31.991527360681982 ], [ 35.536129275652577, 31.991269534803216 ], [ 35.53596554410413, 31.991118346894488 ], [ 35.535822804043285, 31.990965272155261 ], [ 35.535699165060379, 31.990836383371878 ], [ 35.535679136113806, 31.990553917286473 ], [ 35.535924836439989, 31.990327260907403 ], [ 35.536236979330582, 31.990140729700641 ], [ 35.536842588203406, 31.989816185898356 ], [ 35.537088662092309, 31.989694361040296 ], [ 35.537192549962974, 31.989573049577587 ], [ 35.537058972325504, 31.989347385086798 ], [ 35.536831213247169, 31.989275273959926 ], [ 35.536499013921301, 31.989171168097752 ], [ 35.536081504272751, 31.989067284368957 ], [ 35.535758411288953, 31.988874381371712 ], [ 35.53553970162892, 31.988697409500908 ], [ 35.535368529194209, 31.988544408363794 ], [ 35.535244430347554, 31.988286308575567 ], [ 35.535215269396971, 31.988084605804143 ], [ 35.535224026664928, 31.987898867570859 ], [ 35.535289309625995, 31.9876161788548 ], [ 35.535328890409218, 31.987312421071696 ], [ 35.53528904953896, 31.987129204952964 ], [ 35.53510262277895, 31.986962997920493 ], [ 35.534808074390149, 31.986705341693636 ], [ 35.534601796260411, 31.986489163598648 ], [ 35.534503206721716, 31.986289473021198 ], [ 35.534482577758887, 31.986022789674205 ], [ 35.534530529279614, 31.985747614412052 ], [ 35.534695130554731, 31.98522202557 ], [ 35.53488917210295, 31.984746522727701 ], [ 35.535170624549188, 31.984120584833654 ], [ 35.535355146641997, 31.983711755074363 ], [ 35.535618372792804, 31.983444331265229 ], [ 35.535745191234597, 31.983310702125699 ], [ 35.536117864527363, 31.983044964177637 ], [ 35.536400759673789, 31.982777487323222 ], [ 35.536624829304195, 31.982518477355498 ], [ 35.536819216015544, 31.982143014564418 ], [ 35.536974329710503, 31.981742432006428 ], [ 35.537139061111489, 31.981258688823942 ], [ 35.537275266382657, 31.981024848556061 ], [ 35.537392039495835, 31.980857849100776 ], [ 35.537548353669827, 31.980790789810886 ], [ 35.53775396300928, 31.980823644922356 ], [ 35.538067690471827, 31.980947805129912 ], [ 35.538381464763035, 31.981130299978823 ], [ 35.538718425047222, 31.981415031528233 ], [ 35.53890695544392, 31.981752289088583 ], [ 35.53909586165733, 31.982192689342963 ], [ 35.539251301905225, 31.982567514882305 ], [ 35.539395355105249, 31.98281104487198 ], [ 35.539594216856131, 31.98294184519364 ], [ 35.53981442373243, 31.982941263403241 ], [ 35.540034590736916, 31.98288431851006 ], [ 35.540331050716134, 31.982667805421702 ], [ 35.540605550438066, 31.982413868534728 ], [ 35.54078041201376, 31.982038169646124 ], [ 35.540910886636681, 31.981550003434716 ], [ 35.541041434325543, 31.981127499571951 ], [ 35.541238998466554, 31.980948727904224 ], [ 35.541557601819072, 31.98073215315182 ], [ 35.541755020615781, 31.98046897770601 ], [ 35.541698844255698, 31.980206476157395 ], [ 35.541533282384506, 31.980094331261803 ], [ 35.541202611646753, 31.98003898725073 ], [ 35.540695777873296, 31.979955927851673 ], [ 35.54050813377706, 31.979862580764841 ], [ 35.540496407961086, 31.979684364294709 ], [ 35.540628044119579, 31.979515208891204 ], [ 35.54100155619988, 31.979260867821822 ], [ 35.541210192459964, 31.979082066798352 ], [ 35.541374380840139, 31.978818980066073 ], [ 35.541516444687005, 31.978518470578646 ], [ 35.541613389718961, 31.97817623137724 ], [ 35.541680691519986, 31.977910301639735 ], [ 35.541680083888863, 31.97774417370378 ], [ 35.541621077836133, 31.977611455027368 ], [ 35.541357494561858, 31.97754564687644 ], [ 35.541025911486891, 31.977554840254108 ], [ 35.540821075253575, 31.977505643118921 ], [ 35.540674502425105, 31.977431209822722 ], [ 35.540566792080426, 31.977315246719005 ], [ 35.540624282393381, 31.977032716432934 ], [ 35.540740109947883, 31.976700150387071 ], [ 35.540943018811937, 31.976176424091626 ], [ 35.541106989856026, 31.975719168036328 ], [ 35.541251709508416, 31.975286903414339 ], [ 35.541387645822347, 31.975120412963289 ], [ 35.541611328802141, 31.974945375752714 ], [ 35.541893455145733, 31.97479512334548 ], [ 35.542419205930472, 31.974544459442502 ], [ 35.542789059030007, 31.974335917615171 ], [ 35.54305306116796, 31.974112861905176 ], [ 35.543237482897538, 31.973871559255297 ], [ 35.543314712680328, 31.97365534226094 ], [ 35.543352228829569, 31.973248301936394 ], [ 35.543341041585585, 31.972858018691635 ], [ 35.543387455107123, 31.972218316632826 ], [ 35.543464500340306, 31.971952359719417 ], [ 35.543619810928348, 31.971752560954634 ], [ 35.543814119305395, 31.971594225378013 ], [ 35.54410651722479, 31.971543702928351 ], [ 35.544370176621008, 31.971634304975101 ], [ 35.54479017490678, 31.971849190275378 ], [ 35.545230336433825, 31.972196754681775 ], [ 35.545797430128133, 31.972627111482986 ], [ 35.546217724781044, 31.972875245306639 ], [ 35.546422657147303, 31.972907806485505 ], [ 35.546665881456455, 31.972790902407301 ], [ 35.546889240539585, 31.972532862400342 ], [ 35.547023650944027, 31.971959429855147 ], [ 35.547148924361487, 31.971552151469769 ], [ 35.54728382572366, 31.971111592814676 ], [ 35.547341137198224, 31.970787492147128 ], [ 35.547411274900803, 31.970267636546662 ], [ 35.547478183353974, 31.96990194219044 ], [ 35.547535400658084, 31.969552901039787 ], [ 35.547514908369124, 31.96937639956499 ], [ 35.547322633347179, 31.969144985677033 ], [ 35.547012363553641, 31.968876126838733 ], [ 35.546636326909891, 31.968701570648918 ], [ 35.546348628428348, 31.968545516083928 ], [ 35.546082752741164, 31.968345579936742 ], [ 35.545883651294226, 31.968233248895682 ], [ 35.545618055831667, 31.968108555532901 ], [ 35.545389764976086, 31.968059005939946 ], [ 35.544911008233512, 31.967997587267998 ], [ 35.544594166941899, 31.967960814489981 ], [ 35.544306890065073, 31.967917620929835 ], [ 35.544019336956616, 31.967799323826842 ], [ 35.543886383244086, 31.967649190373749 ], [ 35.543848761250366, 31.967442298036492 ], [ 35.543899293877537, 31.967159925408218 ], [ 35.544088808901186, 31.966645247354244 ], [ 35.544180501392994, 31.966363750792571 ], [ 35.544179647176513, 31.966131819485177 ], [ 35.543832675482854, 31.96590067317462 ], [ 35.543552497906525, 31.965763473632286 ], [ 35.543124836985761, 31.965614126303027 ], [ 35.542808123847806, 31.96556480791261 ], [ 35.542403261214062, 31.965547004909489 ], [ 35.542057214610828, 31.965566807383915 ], [ 35.541843734387811, 31.965542293489992 ], [ 35.541673877104692, 31.965423537177731 ], [ 35.541643790694323, 31.965241705595226 ], [ 35.541672134986442, 31.964946992817936 ], [ 35.541745142518067, 31.964752346549297 ], [ 35.542045787534825, 31.964431687364179 ], [ 35.542493700899257, 31.964110635347552 ], [ 35.543051907437771, 31.96375800612649 ], [ 35.543735484676574, 31.963474084069929 ], [ 35.544037872446182, 31.963405358055919 ], [ 35.544493716397618, 31.963266048405998 ], [ 35.544868573468683, 31.963083273022693 ], [ 35.54509590564237, 31.962831847852041 ], [ 35.545220029686988, 31.962561817776734 ], [ 35.545219473817426, 31.962411330075337 ], [ 35.545071488195646, 31.962217274927347 ], [ 35.544938537880931, 31.962111105547176 ], [ 35.544614285452035, 31.961986426299635 ], [ 35.544113113008187, 31.961843619953438 ], [ 35.543744613580536, 31.961731738535086 ], [ 35.543523404265855, 31.961625662623867 ], [ 35.543323832752868, 31.961425543246087 ], [ 35.543153640059529, 31.961168841240877 ], [ 35.542879944996123, 31.960812088812098 ], [ 35.542699861165381, 31.960651934200264 ], [ 35.542471401803617, 31.960596038826424 ], [ 35.541830986142415, 31.960610283291437 ], [ 35.541396629181961, 31.960611436969945 ], [ 35.54111683740296, 31.960574557010411 ], [ 35.540780660644188, 31.960349714246888 ], [ 35.540706097566819, 31.96020787695586 ], [ 35.540714490466826, 31.959971130011677 ], [ 35.540787586353034, 31.959710539170857 ], [ 35.540851792911887, 31.959505207607201 ], [ 35.540841825429666, 31.959355308355093 ], [ 35.540785773691859, 31.959213281123301 ], [ 35.540580864888746, 31.958906081681672 ], [ 35.540329909734012, 31.958662130334726 ], [ 35.540227101103177, 31.958433568361695 ], [ 35.540161279152677, 31.958149672704629 ], [ 35.540187781711886, 31.957802265340092 ], [ 35.540270534877401, 31.957652120745948 ], [ 35.540482734053526, 31.957375380282535 ], [ 35.540898204460362, 31.957003410968209 ], [ 35.541175367220411, 31.956821046171232 ], [ 35.541397479783491, 31.956725766906061 ], [ 35.541564104269206, 31.95673321537253 ], [ 35.541777451288397, 31.956772102788772 ], [ 35.542027943174617, 31.956889799349906 ], [ 35.542250756846848, 31.957031382453035 ], [ 35.542500932044533, 31.957062279818697 ], [ 35.542815915453481, 31.957053549835546 ], [ 35.543028722055674, 31.956989855835459 ], [ 35.543157911243199, 31.956839444600003 ], [ 35.543184837193834, 31.956610538773674 ], [ 35.543230302542298, 31.956389474288461 ], [ 35.543138173232016, 31.955964742675921 ], [ 35.542979047872478, 31.955523280714623 ], [ 35.542820097135909, 31.955129022118747 ], [ 35.542782006118244, 31.954837162952515 ], [ 35.542818245430496, 31.95462401396961 ], [ 35.542984336766992, 31.954442082095795 ], [ 35.543224902477924, 31.954378313741753 ], [ 35.543465699753071, 31.954377670953317 ], [ 35.543808410099068, 31.954360973669448 ], [ 35.54397507962306, 31.954336855552725 ], [ 35.54410449644147, 31.954249710250842 ], [ 35.543973801746809, 31.953989521546347 ], [ 35.54373248331828, 31.953848131741445 ], [ 35.543519365528269, 31.953825028616265 ], [ 35.543167257280714, 31.953802296033924 ], [ 35.542565069538561, 31.953772337912888 ], [ 35.542129472423923, 31.953741933943395 ], [ 35.541693983179549, 31.953695746529007 ], [ 35.54147155357883, 31.953656883034999 ], [ 35.541313678760204, 31.953554721225512 ], [ 35.541248267763187, 31.953428641461286 ], [ 35.541209721770677, 31.953010529612502 ], [ 35.541375294381616, 31.952686425277793 ], [ 35.541630736412493, 31.952262319395018 ], [ 35.541666948600344, 31.952041279886217 ], [ 35.541647804147168, 31.951867591489759 ], [ 35.541517494938518, 31.951710120840993 ], [ 35.541350512636711, 31.951647437381414 ], [ 35.541026350244422, 31.951671969662197 ], [ 35.540730203621308, 31.951720099416065 ], [ 35.540563911504293, 31.95184679311097 ], [ 35.540443893124582, 31.951973364134346 ], [ 35.54036126063864, 31.95215521287637 ], [ 35.540306743553913, 31.952478881281085 ], [ 35.540289066481186, 31.95270776220509 ], [ 35.540197206308406, 31.952897385157993 ], [ 35.540077243462989, 31.953039737340248 ], [ 35.539874129512256, 31.953221904192763 ], [ 35.539559559963649, 31.953341097393473 ], [ 35.539402225356675, 31.953341512589493 ], [ 35.539198056352795, 31.953278924426431 ], [ 35.539095650293966, 31.953113346002084 ], [ 35.538974455564535, 31.95291639457233 ], [ 35.539001247825354, 31.95264803563801 ], [ 35.53909293214619, 31.952363723991244 ], [ 35.539443286372588, 31.951904990748318 ], [ 35.539664793808399, 31.951691353562357 ], [ 35.539886328898305, 31.951485606748733 ], [ 35.540227579644785, 31.951161321371721 ], [ 35.5406121766678, 31.950850588362972 ], [ 35.540885753533992, 31.950641461113928 ], [ 35.54110014164737, 31.950426008472185 ], [ 35.541328845173325, 31.950103145751942 ], [ 35.541453878418331, 31.949812121170957 ], [ 35.541497133751214, 31.94948340937723 ], [ 35.541548263926828, 31.949274730092807 ], [ 35.541629071658051, 31.94904709032593 ], [ 35.541777036147259, 31.948926643845653 ], [ 35.541961853070411, 31.948806099233881 ], [ 35.542162055038176, 31.948780344387391 ], [ 35.542362464774747, 31.948811374518694 ], [ 35.542577860423847, 31.94891817282252 ], [ 35.542905128286257, 31.949157407731626 ], [ 35.543165424291665, 31.949340034625969 ], [ 35.543529481132978, 31.949515902152843 ], [ 35.54374450838381, 31.94952166855882 ], [ 35.54387757409863, 31.949394918611702 ], [ 35.543943572230852, 31.949186198634226 ], [ 35.543942735762101, 31.948958775697879 ], [ 35.543890263398744, 31.948800958354028 ], [ 35.543674492060774, 31.948637236531905 ], [ 35.54323635601056, 31.948448885366922 ], [ 35.54282020057375, 31.948260333192721 ], [ 35.542389317022085, 31.948110991217682 ], [ 35.542255441490667, 31.948016516506083 ], [ 35.542002452983468, 31.947751859900603 ], [ 35.541935088312187, 31.947587740440316 ], [ 35.541941758933355, 31.947423424171074 ], [ 35.542030069702847, 31.947214645801104 ], [ 35.54228850816444, 31.946891702176128 ], [ 35.542554702212243, 31.946701472562125 ], [ 35.542991371718195, 31.946447520342812 ], [ 35.543368782258042, 31.946212747372382 ], [ 35.543501889826047, 31.946098538458717 ], [ 35.543501309682718, 31.945940582296377 ], [ 35.543419210040014, 31.945814407143565 ], [ 35.543263401746785, 31.945776918779558 ], [ 35.543003787961482, 31.945777611263441 ], [ 35.54242546585818, 31.945842419584249 ], [ 35.541876819125278, 31.94588812385317 ], [ 35.541528205689957, 31.945863686386804 ], [ 35.541305474010905, 31.945782128189265 ], [ 35.54124564098975, 31.945643351738873 ], [ 35.541193038693997, 31.94549342435727 ], [ 35.541207312675269, 31.94532922881077 ], [ 35.541280865571125, 31.945152053402278 ], [ 35.54153207195553, 31.944885916293028 ], [ 35.541776279741711, 31.944739991714243 ], [ 35.542065308945048, 31.944694978462469 ], [ 35.54259175510343, 31.944680895892603 ], [ 35.543103679745613, 31.944717576713046 ], [ 35.543504296508829, 31.944729048406995 ], [ 35.543756189736257, 31.944696812176613 ], [ 35.543919342547085, 31.944664812725577 ], [ 35.544096760972067, 31.944512721385959 ], [ 35.544140678584164, 31.944367186959887 ], [ 35.544065876353869, 31.944203088445178 ], [ 35.543902308873619, 31.944077131436842 ], [ 35.543590555949606, 31.94400849687867 ], [ 35.543212042259483, 31.943940039680879 ], [ 35.54283357508541, 31.943884122032017 ], [ 35.542455343253934, 31.943847225194951 ], [ 35.542039788323578, 31.94381676732111 ], [ 35.541542814744545, 31.94375481997551 ], [ 35.541267850337562, 31.943622955279377 ], [ 35.541156244972562, 31.943515738521416 ], [ 35.541074081862824, 31.943370680286979 ], [ 35.541014135209096, 31.943200199682046 ], [ 35.54104337355448, 31.943061186951894 ], [ 35.54116890507931, 31.942909096279262 ], [ 35.541487116417258, 31.942756635112296 ], [ 35.541902689583942, 31.942793435629333 ], [ 35.542451757438862, 31.942867783746074 ], [ 35.54267411294321, 31.9428483100085 ], [ 35.542844325170172, 31.942759366331508 ], [ 35.542963631664207, 31.942577981629551 ], [ 35.543067538888963, 31.942478364484945 ], [ 35.543161346310242, 31.942283379517331 ], [ 35.543304919609632, 31.942185629075237 ], [ 35.543538165279685, 31.942117229711737 ], [ 35.543731679756206, 31.942074440423003 ], [ 35.54389056985999, 31.942052879592705 ], [ 35.54405443284999, 31.942035532502647 ], [ 35.544272945370572, 31.942005216339115 ], [ 35.544555748364239, 31.941932455238426 ], [ 35.544710041341709, 31.941874269631647 ], [ 35.544878580183806, 31.941780677752202 ], [ 35.544952622631662, 31.941649293930602 ], [ 35.544912111350527, 31.941463122245047 ], [ 35.544767682896797, 31.94132809685593 ], [ 35.544543605961117, 31.941193143734008 ], [ 35.544264921434475, 31.941037341068984 ], [ 35.544040939218483, 31.940927750229047 ], [ 35.543772372981252, 31.940826873520109 ], [ 35.543573484583312, 31.940755541759966 ], [ 35.543260044458371, 31.940629279448082 ], [ 35.543090838354807, 31.940540817860867 ], [ 35.542822072879851, 31.940384985542813 ], [ 35.542652805706545, 31.940279614568581 ], [ 35.54236906098221, 31.940094089585074 ], [ 35.542070047887549, 31.93984505504223 ], [ 35.541879750814829, 31.939681966647477 ], [ 35.541740276023077, 31.93958919698866 ], [ 35.541461230239825, 31.939331794368655 ], [ 35.541331511787185, 31.939150085395127 ], [ 35.541271179937326, 31.938963965019461 ], [ 35.541186123792919, 31.938794819137051 ], [ 35.541081208212049, 31.938617271355987 ], [ 35.541026019853199, 31.938482005013643 ], [ 35.541010083551427, 31.938189944870533 ], [ 35.540994548430866, 31.93800793283938 ], [ 35.540998949976384, 31.937855458658444 ], [ 35.541077643346192, 31.937639378934676 ], [ 35.541196240334713, 31.93749082922006 ], [ 35.541389390993658, 31.93735067699734 ], [ 35.54160279729836, 31.937282333818782 ], [ 35.541865852589012, 31.937235135492806 ], [ 35.542029753803547, 31.937230472660513 ], [ 35.542273087836456, 31.937212775700676 ], [ 35.54271022167547, 31.937232889202239 ], [ 35.543127635066504, 31.937282503576796 ], [ 35.543336166228833, 31.93728194726739 ], [ 35.543675396483756, 31.937279773381249 ], [ 35.543832255063691, 31.937292176909622 ], [ 35.54407930624118, 31.937431579030264 ], [ 35.544199148255046, 31.937532994072992 ], [ 35.544311625812753, 31.937653733110931 ], [ 35.54452872361896, 31.937780532779033 ], [ 35.544693112385019, 31.937818278519419 ], [ 35.544849854097613, 31.937798694975076 ], [ 35.54504365919702, 31.937658112744103 ], [ 35.545125243014148, 31.937511490457311 ], [ 35.54528796313555, 31.93709720691005 ], [ 35.545376370551701, 31.936784999178752 ], [ 35.54543548161493, 31.936593910060864 ], [ 35.545487014950005, 31.936409182123445 ], [ 35.545531160051659, 31.936192628781658 ], [ 35.545552643642331, 31.93596965451685 ], [ 35.545522007317714, 31.935772465500435 ], [ 35.545439344512417, 31.935626283990885 ], [ 35.545334326983188, 31.935511866748442 ], [ 35.545020264278477, 31.935391810238485 ], [ 35.544833431099157, 31.935360465912506 ], [ 35.544198152773106, 31.935241267899926 ], [ 35.543891832013706, 31.935203900926112 ], [ 35.543727401122339, 31.935153331587582 ], [ 35.543562828974792, 31.935109244184886 ], [ 35.543293641521608, 31.935014427005186 ], [ 35.543129118276731, 31.934938493674821 ], [ 35.542866924290983, 31.934722757772491 ], [ 35.542746688356978, 31.934557511078189 ], [ 35.542678647746243, 31.934296730464638 ], [ 35.542670324072169, 31.934099340345956 ], [ 35.542759610260951, 31.933754723052107 ], [ 35.54289801350594, 31.933512133197876 ], [ 35.543031852696963, 31.933376927360545 ], [ 35.543205137208979, 31.933184407465102 ], [ 35.543445620352479, 31.932978180796621 ], [ 35.543599286170696, 31.932843062341384 ], [ 35.543760894506967, 31.932711163366957 ], [ 35.543934172095128, 31.932562464923485 ], [ 35.544048420637772, 31.932447601147206 ], [ 35.544154725429877, 31.932329376719611 ], [ 35.544217475057785, 31.932184214364764 ], [ 35.544224687126487, 31.931988755446572 ], [ 35.544196445054283, 31.931857363679541 ], [ 35.544081520179056, 31.931743112719737 ], [ 35.543808467676222, 31.931673106716648 ], [ 35.543527806360125, 31.931690765325399 ], [ 35.543353968990729, 31.931731669969547 ], [ 35.543093492864038, 31.931846923121832 ], [ 35.542947561679945, 31.931928193444797 ], [ 35.54279369923588, 31.932009484729754 ], [ 35.542616104882988, 31.932107607093638 ], [ 35.542395190881486, 31.932243044245077 ], [ 35.542213980354937, 31.932391761702515 ], [ 35.542095726973585, 31.932496489098238 ], [ 35.541977449122527, 31.932594593764474 ], [ 35.541843547733123, 31.932712889694489 ], [ 35.541613768126147, 31.932955157424558 ], [ 35.541456293546887, 31.933134106032785 ], [ 35.541361893364943, 31.933255678420686 ], [ 35.541192717864995, 31.933488625560845 ], [ 35.540975801007235, 31.933634195025149 ], [ 35.540809951039911, 31.933691843099627 ], [ 35.540564985440874, 31.933712782434004 ], [ 35.540343390184333, 31.933662782686298 ], [ 35.540200917277829, 31.933605950714274 ], [ 35.539914426042976, 31.933476085930753 ], [ 35.539605492300012, 31.933308516334783 ], [ 35.539284344772263, 31.933053192388329 ], [ 35.539153586768947, 31.932945742307254 ], [ 35.539042357280181, 31.932801181789163 ], [ 35.538990286631027, 31.9326125019956 ], [ 35.539021247418084, 31.932447276040605 ], [ 35.539147313248115, 31.932308853845836 ], [ 35.539344463686724, 31.932180248581982 ], [ 35.53948250426312, 31.932109148592474 ], [ 35.53962469990293, 31.932044801080764 ], [ 35.539774599729817, 31.931963524085521 ], [ 35.539924499291963, 31.931882246914117 ], [ 35.540109885931479, 31.931790730390983 ], [ 35.540248065971326, 31.931712865607935 ], [ 35.540441419823253, 31.931631472925936 ], [ 35.540634938560828, 31.931550079513539 ], [ 35.540802237996239, 31.931483127883943 ], [ 35.540964069256667, 31.931411963277082 ], [ 35.54116931825822, 31.931330537970219 ], [ 35.541410078552524, 31.931245636323975 ], [ 35.541567918772046, 31.931167717943886 ], [ 35.541721743869118, 31.93107628284292 ], [ 35.541867815326626, 31.930988249952083 ], [ 35.542037427998032, 31.930876622651251 ], [ 35.542230495101307, 31.930717728497804 ], [ 35.542395820737582, 31.930518467212796 ], [ 35.542584637350771, 31.930282084310175 ], [ 35.542722405897649, 31.930093041347757 ], [ 35.542753223475856, 31.929890755968305 ], [ 35.542681122857005, 31.929648304034515 ], [ 35.542581824698168, 31.929513719257429 ], [ 35.542383525653911, 31.92932557090414 ], [ 35.542237018646929, 31.929248461101412 ], [ 35.541982093481387, 31.929208275443404 ], [ 35.541689641370056, 31.929252874776029 ], [ 35.541539624217918, 31.929300336373515 ], [ 35.54128691178672, 31.929368501887158 ], [ 35.541124986252498, 31.929412753687622 ], [ 35.540959156253379, 31.929473783707937 ], [ 35.540801245024319, 31.929531551651742 ], [ 35.540619705919468, 31.929589241032669 ], [ 35.540410384694262, 31.929640380959341 ], [ 35.540212769632753, 31.929684725999586 ], [ 35.540019260437944, 31.929722296289118 ], [ 35.539821663408681, 31.929726200008165 ], [ 35.539465865968339, 31.929754052490761 ], [ 35.539121020833825, 31.929840633857204 ], [ 35.538871787078214, 31.929912167205277 ], [ 35.538181219569019, 31.930117736984993 ], [ 35.537994359883875, 31.930166982106005 ], [ 35.537807430881728, 31.930242858793104 ], [ 35.537506441477568, 31.930349893270378 ], [ 35.5372936188705, 31.930439082477321 ], [ 35.5370238246133, 31.930537297744788 ], [ 35.536852297592944, 31.930577623818539 ], [ 35.536680824149236, 31.930586949706935 ], [ 35.536436395634937, 31.930525448329227 ], [ 35.536233169544424, 31.930388734752672 ], [ 35.536076581455816, 31.930172004095358 ], [ 35.536002794252923, 31.929915180070285 ], [ 35.535981419526784, 31.929760236774296 ], [ 35.535970348723282, 31.929529880649529 ], [ 35.535959224006504, 31.929330524477177 ], [ 35.535984684181116, 31.929150659055143 ], [ 35.536025477546303, 31.928915658454951 ], [ 35.536050893150971, 31.928769470206625 ], [ 35.536066032461051, 31.928614290650756 ], [ 35.536111979680371, 31.928388294679344 ], [ 35.536204286382166, 31.928051282766191 ], [ 35.536234988075947, 31.927904939747606 ], [ 35.536281189135451, 31.927749819910634 ], [ 35.536322283870149, 31.927599081553936 ], [ 35.536399434315712, 31.927412740057779 ], [ 35.536507833571406, 31.927186580672007 ], [ 35.536590477557112, 31.92705785619339 ], [ 35.53669914654806, 31.926906940976998 ], [ 35.536849141906821, 31.926716040462612 ], [ 35.536999168602456, 31.926534016910896 ], [ 35.537061031579938, 31.9263699785329 ], [ 35.537041537635893, 31.926186989648041 ], [ 35.536943850150408, 31.925945728505745 ], [ 35.536839707102956, 31.925792833707291 ], [ 35.536763219150281, 31.925657480011495 ], [ 35.536721071886298, 31.925469195802098 ], [ 35.536775533826585, 31.925268681631401 ], [ 35.536913333389293, 31.925132908082801 ], [ 35.537051158062717, 31.925050115863471 ], [ 35.537223762248509, 31.924990623169244 ], [ 35.537382446374664, 31.924919612242135 ], [ 35.537679144520595, 31.924818648357991 ], [ 35.537837934265674, 31.924777086434311 ], [ 35.538024293110304, 31.92472939285393 ], [ 35.538183146166311, 31.924705443878977 ], [ 35.538341956363091, 31.924669658515565 ], [ 35.538742408273954, 31.924568419373539 ], [ 35.538928745304688, 31.924514947282912 ], [ 35.539080466791169, 31.924438034421403 ], [ 35.539266504129699, 31.924301990322462 ], [ 35.539321274725175, 31.924142760388762 ], [ 35.539258476446918, 31.924001594834568 ], [ 35.53913389332822, 31.923907655454869 ], [ 35.538856998874422, 31.92377297178513 ], [ 35.538683949974036, 31.923708609396932 ], [ 35.538400224212026, 31.923603392550874 ], [ 35.538178890659758, 31.923527320101279 ], [ 35.537790279568398, 31.923429141015511 ], [ 35.537523434392639, 31.923331346043422 ], [ 35.537347276313561, 31.923228944706494 ], [ 35.537135485426397, 31.923049559554237 ], [ 35.53689864021365, 31.922840226123864 ], [ 35.536767586837499, 31.922737705910514 ], [ 35.536606254265443, 31.922622582982868 ], [ 35.536475201521746, 31.922520062460123 ], [ 35.536339269635164, 31.922438972628832 ], [ 35.536082794876073, 31.922375388249669 ], [ 35.535570110907621, 31.922368130318258 ], [ 35.535268644734742, 31.922381738480791 ], [ 35.535047759800726, 31.922429517887021 ], [ 35.534841927142956, 31.922528548429739 ], [ 35.534611315615152, 31.922674847373155 ], [ 35.534475982022194, 31.922760871392477 ], [ 35.534340663772483, 31.922851263389024 ], [ 35.534160137696681, 31.922958822515103 ], [ 35.533954333553595, 31.923066446960416 ], [ 35.533859222018776, 31.923173784057493 ], [ 35.53387500192482, 31.923336492365237 ], [ 35.533995913604272, 31.923421851047596 ], [ 35.534161398633778, 31.923497371239389 ], [ 35.534418193924928, 31.923603935712848 ], [ 35.534599348309762, 31.923671946477238 ], [ 35.534866026220165, 31.92376974802999 ], [ 35.535052153326916, 31.923842113369194 ], [ 35.535228398603522, 31.923923099580314 ], [ 35.535389459546593, 31.924008352359088 ], [ 35.535596477162208, 31.924239184407995 ], [ 35.535582229290398, 31.924504833867314 ], [ 35.535547575582036, 31.924654850725606 ], [ 35.53549290027923, 31.924796465251767 ], [ 35.535412900218013, 31.924925182170959 ], [ 35.535227599006397, 31.925084186790269 ], [ 35.535087079233413, 31.925153034124094 ], [ 35.534896195630871, 31.925183544352006 ], [ 35.534720224262031, 31.925179774783814 ], [ 35.534393360508069, 31.925116370053981 ], [ 35.53407651409438, 31.925035747661834 ], [ 35.533824959486694, 31.924963550593397 ], [ 35.533603505318979, 31.924899870437532 ], [ 35.533084197726701, 31.924752979477702 ], [ 35.532903072366601, 31.924693420997276 ], [ 35.532656534671517, 31.924591195140632 ], [ 35.53244002179953, 31.924476209517756 ], [ 35.532288738672158, 31.924352318857139 ], [ 35.532147503608364, 31.92421980667628 ], [ 35.532071648711849, 31.924074303049274 ], [ 35.532035941787257, 31.923928836745095 ], [ 35.532035409718091, 31.92377877064617 ], [ 35.532120051137966, 31.923560144264979 ], [ 35.532195098219049, 31.923431442157892 ], [ 35.532375186435928, 31.923199605710103 ], [ 35.532580583823098, 31.923023362458007 ], [ 35.532705796023755, 31.922924543941129 ], [ 35.53289608166768, 31.922726921144534 ], [ 35.532990980434896, 31.922559558310795 ], [ 35.533050414556676, 31.922315210230479 ], [ 35.533024525664636, 31.922096869097068 ], [ 35.532948655635806, 31.921946997820601 ], [ 35.532862845701189, 31.921835902021112 ], [ 35.532625833004694, 31.921622333711252 ], [ 35.5323974089914, 31.921500896916275 ], [ 35.532237301682542, 31.921449596763242 ], [ 35.531818293341999, 31.921394313929529 ], [ 35.531543154817697, 31.921517190368924 ], [ 35.531411435042244, 31.921644347113528 ], [ 35.531290502705801, 31.921738644289697 ], [ 35.53108741281585, 31.921959970267338 ], [ 35.530983117418749, 31.922087196948649 ], [ 35.530906461408826, 31.922228302449508 ], [ 35.530807716504022, 31.922383555502876 ], [ 35.530649084032675, 31.92270340245711 ], [ 35.530589098019938, 31.922886878391207 ], [ 35.530397504218321, 31.923230341350546 ], [ 35.530276933008594, 31.923427922514627 ], [ 35.53012325234144, 31.923606847632836 ], [ 35.529925425492074, 31.923776444824959 ], [ 35.529749339840272, 31.923833259280087 ], [ 35.52940217426314, 31.923867120476913 ], [ 35.529187196521548, 31.923858229403479 ], [ 35.529027384243683, 31.923844547033379 ], [ 35.528746189093901, 31.923798342757181 ], [ 35.528459211877788, 31.923705089184629 ], [ 35.528238486226883, 31.923611666094676 ], [ 35.527962332762058, 31.92344792957266 ], [ 35.527810549315028, 31.923320512090719 ], [ 35.527591895886999, 31.923110551288417 ], [ 35.527416367541967, 31.922901466815222 ], [ 35.527199165019525, 31.922680651673605 ], [ 35.5270851968993, 31.922547219054007 ], [ 35.526976241941199, 31.922335287571514 ], [ 35.526910733780134, 31.922169322777268 ], [ 35.526904364206118, 31.921906403694319 ], [ 35.526930316001113, 31.921578866453697 ], [ 35.526945766027168, 31.921366619016638 ], [ 35.526961377299372, 31.921200589154193 ], [ 35.527014728544728, 31.920960486483743 ], [ 35.526997841576154, 31.920808348162716 ], [ 35.526899501128732, 31.920607521368147 ], [ 35.526823352627815, 31.920469342468301 ], [ 35.526763068382117, 31.920284905267241 ], [ 35.526697272664371, 31.920035945901571 ], [ 35.526620256885174, 31.919648783661422 ], [ 35.526597762447857, 31.919404364370497 ], [ 35.526608002297223, 31.919261316216101 ], [ 35.526612456907444, 31.918975260538023 ], [ 35.526644118221071, 31.918721544815504 ], [ 35.526751539210878, 31.918495114054039 ], [ 35.526826769207865, 31.918370500886727 ], [ 35.52693447945682, 31.91822720528998 ], [ 35.527074815350076, 31.918106935751815 ], [ 35.527204150440667, 31.917958935017403 ], [ 35.527430548527541, 31.917741501287672 ], [ 35.527543893249991, 31.917603686276095 ], [ 35.527737490839172, 31.917266563108292 ], [ 35.527801886701383, 31.917067999905548 ], [ 35.527839169348979, 31.916911073727583 ], [ 35.527865403063146, 31.916712607625971 ], [ 35.527875725513596, 31.916546591004138 ], [ 35.527864240835754, 31.916380488988334 ], [ 35.527847502304887, 31.916223700310713 ], [ 35.527760259076445, 31.916030173023206 ], [ 35.527667645414454, 31.915859768347431 ], [ 35.527536975628067, 31.915624924236226 ], [ 35.527368315980738, 31.915391726546769 ], [ 35.527237824785459, 31.915207608763222 ], [ 35.527167163855552, 31.915078575055205 ], [ 35.527063472061151, 31.914857470931597 ], [ 35.526927164430482, 31.914521045317116 ], [ 35.526883239046555, 31.914336707368395 ], [ 35.526855567098025, 31.914170646278336 ], [ 35.52683868621466, 31.91397243061601 ], [ 35.526827059271213, 31.913764901639954 ], [ 35.526804694120663, 31.913557258994725 ], [ 35.526760351316021, 31.913253008737168 ], [ 35.526721926491192, 31.913082465789152 ], [ 35.526678017944235, 31.912902636759107 ], [ 35.526579599638872, 31.912724214112327 ], [ 35.526508712535062, 31.912576862418014 ], [ 35.526421604205602, 31.912420251815838 ], [ 35.526307291478794, 31.912231301067457 ], [ 35.526166021246027, 31.912033400317956 ], [ 35.525991903150832, 31.911747796404981 ], [ 35.525893669331261, 31.91152667737099 ], [ 35.525784457480249, 31.91123625891791 ], [ 35.525675310956792, 31.910964440144593 ], [ 35.525495462025567, 31.910549777557449 ], [ 35.52536943450783, 31.910125678764704 ], [ 35.525238237000686, 31.909734706430804 ], [ 35.525172453635264, 31.90948588669395 ], [ 35.525123391882985, 31.909342988117018 ], [ 35.52507958455751, 31.909190917185818 ], [ 35.524992433512637, 31.909020355635196 ], [ 35.524867114196951, 31.908799304023532 ], [ 35.524758292593241, 31.908619637876289 ], [ 35.524600581570958, 31.908394017650199 ], [ 35.524497244332764, 31.908223637426136 ], [ 35.524393779714714, 31.90801633932168 ], [ 35.524404021872691, 31.907873291074573 ], [ 35.52459820131385, 31.907706670427896 ], [ 35.524744023397112, 31.907600198558221 ], [ 35.524857335793442, 31.907503108490864 ], [ 35.525040707660793, 31.907364273458686 ], [ 35.525170175352351, 31.907257842363457 ], [ 35.525283422824735, 31.907142293020893 ], [ 35.525385735531522, 31.907017471214296 ], [ 35.525498789654613, 31.906846404083261 ], [ 35.525590284986698, 31.90669864130037 ], [ 35.525667538956391, 31.906540769017489 ], [ 35.525761450085866, 31.90628027291903 ], [ 35.525831532211619, 31.906007718856554 ], [ 35.525892562785437, 31.905697424069775 ], [ 35.525873934414847, 31.905470607921618 ], [ 35.525819983223663, 31.90525134927903 ], [ 35.525676988245088, 31.904933961353766 ], [ 35.52552544246403, 31.904722558339614 ], [ 35.525364977150275, 31.904511036754172 ], [ 35.525231054731854, 31.904284511605152 ], [ 35.525168264771921, 31.9040879612837 ], [ 35.525220639194792, 31.903853356655102 ], [ 35.525406252107096, 31.903648570019108 ], [ 35.525627640392706, 31.903519360771362 ], [ 35.525893112164255, 31.903337198780712 ], [ 35.526220933417761, 31.903177423785738 ], [ 35.526389151977547, 31.903101470506215 ], [ 35.526807226994336, 31.90286636084063 ], [ 35.527090302184313, 31.902807165175524 ], [ 35.527297166005255, 31.902777048870217 ], [ 35.527493642232969, 31.902752313176808 ], [ 35.527632139999909, 31.902538343068557 ], [ 35.527649810052623, 31.902395416475748 ], [ 35.527662506048642, 31.902247147990572 ], [ 35.527648827525994, 31.902114305661865 ], [ 35.52763029808284, 31.901916798465194 ], [ 35.527625294181632, 31.901761106815275 ], [ 35.527597673072485, 31.901514304594425 ], [ 35.527583497724031, 31.901286490874064 ], [ 35.52757394118396, 31.901104178991098 ], [ 35.527555478586493, 31.900925694290184 ], [ 35.527519315905934, 31.900739645500337 ], [ 35.527505061143238, 31.900489004691241 ], [ 35.527505497973074, 31.900235790158757 ], [ 35.527522606599241, 31.900026778649494 ], [ 35.527571038991645, 31.899848123824533 ], [ 35.527655089479452, 31.899699814728596 ], [ 35.527730300236307, 31.899574355319967 ], [ 35.527849787735235, 31.899357474162272 ], [ 35.527925109895143, 31.899216796178909 ], [ 35.528031510031269, 31.899083507191708 ], [ 35.528280372461587, 31.898927168797698 ], [ 35.528422715042247, 31.898869878740594 ], [ 35.528609706719841, 31.89882769280592 ], [ 35.528876818562026, 31.898788965704121 ], [ 35.529192820497173, 31.898750113110143 ], [ 35.529468957999612, 31.898741798042558 ], [ 35.529758447945262, 31.898725980016984 ], [ 35.529932179954493, 31.898717926059629 ], [ 35.530110125968768, 31.898687033808677 ], [ 35.530403941118031, 31.898633157801601 ], [ 35.530608595292094, 31.898541464567039 ], [ 35.530741695017689, 31.898393027521308 ], [ 35.530781062906627, 31.898222003816482 ], [ 35.530754001386072, 31.898089055211798 ], [ 35.53061534432495, 31.897926097643595 ], [ 35.530498927593179, 31.897793519202356 ], [ 35.530364650522394, 31.89760772285095 ], [ 35.530328351318239, 31.897477897829638 ], [ 35.530327762490515, 31.897310781242126 ], [ 35.530382075005868, 31.897115342044266 ], [ 35.530587463455575, 31.89695178334831 ], [ 35.530915726457827, 31.896925858650377 ], [ 35.531205096161607, 31.896971192174853 ], [ 35.531474648367187, 31.896970498789308 ], [ 35.531650957765713, 31.896944963142893 ], [ 35.531812404143146, 31.896873388291265 ], [ 35.532061918862155, 31.896718168080394 ], [ 35.532228156716755, 31.896600644006202 ], [ 35.532428361640008, 31.896420468444688 ], [ 35.532481599751911, 31.896202908397377 ], [ 35.532456325271959, 31.895968923728105 ], [ 35.532234643164742, 31.895681195817392 ], [ 35.53206608545289, 31.895516344159798 ], [ 35.531982384155192, 31.895387064495853 ], [ 35.531923126824985, 31.895257580877431 ], [ 35.531833950798614, 31.895027987964284 ], [ 35.531725451159311, 31.894798444744019 ], [ 35.531666091389475, 31.894639793076685 ], [ 35.5315919409705, 31.894502033995561 ], [ 35.531508255711636, 31.89437684031429 ], [ 35.531262328143242, 31.894143423001243 ], [ 35.531144378643802, 31.894043398998175 ], [ 35.530903378375719, 31.893801654667737 ], [ 35.53073136291858, 31.893685000962073 ], [ 35.530579076043246, 31.893589291849516 ], [ 35.530426866255645, 31.893468500533245 ], [ 35.530293833208766, 31.893305809857907 ], [ 35.530254204357611, 31.893167961438028 ], [ 35.53026343363819, 31.893021674115282 ], [ 35.530282586855002, 31.892879447709849 ], [ 35.530394607500575, 31.892703728598875 ], [ 35.530541484189797, 31.89262387906841 ], [ 35.530703012884302, 31.892577528126704 ], [ 35.530941482525904, 31.8925712793488 ], [ 35.531137599839127, 31.892591629915387 ], [ 35.531436862829082, 31.892682873938472 ], [ 35.531574376156676, 31.892757765518731 ], [ 35.531761000879406, 31.892849157747033 ], [ 35.531898574070297, 31.892940817002266 ], [ 35.53206564927094, 31.893061568241187 ], [ 35.53228672987089, 31.893228116319872 ], [ 35.532517780858186, 31.893411547359868 ], [ 35.532645563982967, 31.893536485609953 ], [ 35.532758828800993, 31.893665829416534 ], [ 35.532896596817217, 31.893811737064667 ], [ 35.532999878071088, 31.893920110997044 ], [ 35.533176745573684, 31.894053376335162 ], [ 35.533368105048773, 31.894128126649957 ], [ 35.533564107345207, 31.894115078299514 ], [ 35.533730666170783, 31.894089565032413 ], [ 35.533945965687046, 31.89397627974213 ], [ 35.534097154415804, 31.893762692230741 ], [ 35.534140700972792, 31.893607861099515 ], [ 35.534164563658209, 31.893444767384253 ], [ 35.534164087025481, 31.893311045899399 ], [ 35.534148896091715, 31.893173135313159 ], [ 35.53411406771756, 31.892993566571654 ], [ 35.534064464513392, 31.892839117955475 ], [ 35.534000176874969, 31.892688793758488 ], [ 35.533926100409765, 31.892525953992326 ], [ 35.533773321085377, 31.892292299953436 ], [ 35.533665041389511, 31.892171398655208 ], [ 35.53355197239604, 31.89205050966347 ], [ 35.533360050633163, 31.891862892832521 ], [ 35.53314880430478, 31.891721262060599 ], [ 35.532962286126882, 31.891613103388032 ], [ 35.53280516422069, 31.891550804869663 ], [ 35.532643267968993, 31.891492745758889 ], [ 35.532291421387797, 31.891382899288264 ], [ 35.531943125231429, 31.891296010880112 ], [ 35.531634196272663, 31.891225788360632 ], [ 35.531403669941149, 31.891188758881274 ], [ 35.531183068104824, 31.891155930743228 ], [ 35.530962271425636, 31.891114648172813 ], [ 35.530682844462525, 31.89107351573135 ], [ 35.530427876252823, 31.891036688125748 ], [ 35.530280545386518, 31.890986902271763 ], [ 35.530132982489512, 31.890824248599273 ], [ 35.530053812373531, 31.890619569523771 ], [ 35.530067599152929, 31.890360402230431 ], [ 35.530136786983171, 31.890028383828401 ], [ 35.530213455436744, 31.889757218969631 ], [ 35.530297161630649, 31.889514922396398 ], [ 35.530360817139972, 31.889347499963012 ], [ 35.530427826616446, 31.889194582539627 ], [ 35.530511775582696, 31.889021471604874 ], [ 35.530582283076008, 31.888877140581663 ], [ 35.530686542492973, 31.888750054717629 ], [ 35.53080789378533, 31.888646033989744 ], [ 35.530923113804036, 31.888536251617353 ], [ 35.531104234488339, 31.88842784978468 ], [ 35.531323275836286, 31.88830131379369 ], [ 35.531542392800816, 31.888196336340627 ], [ 35.531689821111918, 31.888134661329275 ], [ 35.531815969937448, 31.887986804517606 ], [ 35.531797343839095, 31.887810293238097 ], [ 35.531589630891219, 31.887637086969701 ], [ 35.531446635723199, 31.88750429572444 ], [ 35.531293195223405, 31.887359835708672 ], [ 35.531183831627125, 31.887163266691676 ], [ 35.531223805369038, 31.886931509128928 ], [ 35.531338743128167, 31.886789317959678 ], [ 35.531535601547638, 31.886742452363396 ], [ 35.531691574713406, 31.886715982667351 ], [ 35.531864713252872, 31.886686650377712 ], [ 35.532102207651654, 31.886642497403841 ], [ 35.532305857410549, 31.886601531297266 ], [ 35.532499154394046, 31.886528605187166 ], [ 35.532709070213656, 31.88639194488368 ], [ 35.532963172939013, 31.886234879100634 ], [ 35.533139355830883, 31.886133109854562 ], [ 35.533330660760967, 31.88601129212238 ], [ 35.533503622060152, 31.885932639824848 ], [ 35.533669739642868, 31.885880073231032 ], [ 35.533846127240743, 31.885836216178969 ], [ 35.534100639143169, 31.885794974469256 ], [ 35.534477452363198, 31.885779482959286 ], [ 35.53464393085968, 31.885782009674326 ], [ 35.53480694077804, 31.885784404277452 ], [ 35.535054784789594, 31.885772205295112 ], [ 35.535275141230571, 31.885693427304307 ], [ 35.535434185949434, 31.885556894905601 ], [ 35.535501635909874, 31.885391714510213 ], [ 35.535483900467057, 31.885188992284093 ], [ 35.535259104088418, 31.884995545502221 ], [ 35.535126347328656, 31.884909090847213 ], [ 35.534945987270746, 31.884811064368826 ], [ 35.534612754975257, 31.884681589323804 ], [ 35.534463216323019, 31.884612509399634 ], [ 35.534340699812681, 31.884526027325588 ], [ 35.534214570377863, 31.884398831722173 ], [ 35.534003382597305, 31.884222820121568 ], [ 35.533843358437693, 31.884084157454179 ], [ 35.53363308570956, 31.883793583592542 ], [ 35.533534289526216, 31.883689566535395 ], [ 35.533408286066404, 31.883597174378515 ], [ 35.533258740046129, 31.883525274847706 ], [ 35.533071706378074, 31.883453331155732 ], [ 35.532823467266724, 31.883352518002845 ], [ 35.532527565804394, 31.883223081890641 ], [ 35.53239495829682, 31.883130705761374 ], [ 35.532319646204279, 31.882989004358556 ], [ 35.532347769527185, 31.882723176818274 ], [ 35.532432211206931, 31.882598536018175 ], [ 35.532632034178839, 31.882458942740065 ], [ 35.532774304289212, 31.882389107032186 ], [ 35.532909937551629, 31.882310551936502 ], [ 35.533133642483449, 31.882199923478243 ], [ 35.533404556792959, 31.882037036004085 ], [ 35.533529888693209, 31.881941175056912 ], [ 35.533651731847755, 31.881839545738206 ], [ 35.533861573811798, 31.881639192648819 ], [ 35.534074789919288, 31.881459121407033 ], [ 35.534301918125415, 31.881336927448451 ], [ 35.534630760561264, 31.881211509820073 ], [ 35.534833204042123, 31.881160115525006 ], [ 35.535067287425854, 31.881090038582823 ], [ 35.535311402073951, 31.88100823962419 ], [ 35.535521622149105, 31.880915114824742 ], [ 35.535711229531728, 31.88078427969052 ], [ 35.535833264675404, 31.880691243249075 ], [ 35.535958458384627, 31.880604116645685 ], [ 35.53610077362778, 31.880502290675206 ], [ 35.536229434709313, 31.880415154757763 ], [ 35.53639890510992, 31.880333689429751 ], [ 35.536615965477822, 31.880260694997123 ], [ 35.53679577745865, 31.880208088535145 ], [ 35.536995921803978, 31.88016120591287 ], [ 35.537494652035726, 31.880072959126295 ], [ 35.537708368371561, 31.880034776204532 ], [ 35.53797636108191, 31.879981655041753 ], [ 35.538235470677897, 31.879938138477225 ], [ 35.538502150706577, 31.879841760482261 ], [ 35.538629667904381, 31.879758852426757 ], [ 35.538768472356068, 31.879646323592453 ], [ 35.538949819446096, 31.879470837088906 ], [ 35.53905767095987, 31.879338521164112 ], [ 35.53916165272129, 31.87918648802453 ], [ 35.539215052489922, 31.878974983352531 ], [ 35.539198885671823, 31.878796916479011 ], [ 35.539105447457239, 31.87862215305563 ], [ 35.538996262825073, 31.878431085510613 ], [ 35.538879589434657, 31.878269628537975 ], [ 35.538817163560083, 31.878131137914693 ], [ 35.538789533049979, 31.87797931026234 ], [ 35.538823816123433, 31.877824219751581 ], [ 35.538986632556373, 31.877685559255944 ], [ 35.539125480867995, 31.877586134469091 ], [ 35.539183129881877, 31.877453950569333 ], [ 35.539201949365804, 31.877315387065803 ], [ 35.539298107326289, 31.877146747068753 ], [ 35.539440965580276, 31.877060556855952 ], [ 35.539618701918243, 31.876984138186696 ], [ 35.539761416185847, 31.876858352448142 ], [ 35.539753117046125, 31.876709855813779 ], [ 35.539624801747181, 31.876525321039136 ], [ 35.539430576698074, 31.876334477989179 ], [ 35.539220913344209, 31.876166643527831 ], [ 35.539042402516472, 31.876028458614151 ], [ 35.538906472096052, 31.875883679590501 ], [ 35.538809300826827, 31.875771630379575 ], [ 35.538731579862016, 31.875649807195192 ], [ 35.53866123981107, 31.875468359857727 ], [ 35.538618843609015, 31.875251329840022 ], [ 35.538587251772618, 31.875099653392471 ], [ 35.538567395783012, 31.874951187006641 ], [ 35.538570228405362, 31.874683733392587 ], [ 35.538604343336509, 31.874482284089321 ], [ 35.538696702100829, 31.87431379537551 ], [ 35.538827830805999, 31.874181418359115 ], [ 35.539013026556177, 31.874068626256687 ], [ 35.539163713097381, 31.874002283967563 ], [ 35.539515686961266, 31.87393527022618 ], [ 35.539763399272346, 31.873941239846513 ], [ 35.539983973655822, 31.873977012512821 ], [ 35.540270777895543, 31.874062069085625 ], [ 35.540460534065907, 31.874114408736261 ], [ 35.540654277011583, 31.8741732193945 ], [ 35.540944715236591, 31.874258264828722 ], [ 35.541107451441661, 31.874327161432603 ], [ 35.541324526760768, 31.874399295671761 ], [ 35.541803554035383, 31.874578107676768 ], [ 35.541966303249978, 31.874650244055644 ], [ 35.542260779701799, 31.874755143976198 ], [ 35.542493213212389, 31.874827094485727 ], [ 35.542698650657016, 31.874922225548168 ], [ 35.542958298752005, 31.87503045742287 ], [ 35.543229538980405, 31.875102444147636 ], [ 35.543430603986387, 31.875085421764005 ], [ 35.54358908556928, 31.875028776212115 ], [ 35.543788513557331, 31.874880570950015 ], [ 35.543962146215868, 31.874767943445036 ], [ 35.544132077224432, 31.874681675657921 ], [ 35.544294399673987, 31.87459204615736 ], [ 35.544444949698281, 31.874489343357293 ], [ 35.544622543850629, 31.874376704355218 ], [ 35.544800161400616, 31.874270546876478 ], [ 35.545023996952267, 31.874114806126823 ], [ 35.545182075497401, 31.873949377581717 ], [ 35.545359101476791, 31.873727816070097 ], [ 35.545470924558856, 31.873602106746713 ], [ 35.545648344896243, 31.87344310756534 ], [ 35.545795093686564, 31.873340413364392 ], [ 35.545949681645638, 31.873303784470259 ], [ 35.546181992590171, 31.87334275577388 ], [ 35.546348571706837, 31.87337852161923 ], [ 35.546627368401836, 31.873440476230385 ], [ 35.546782236519412, 31.873479654852609 ], [ 35.546979865950114, 31.873561695458694 ], [ 35.547297822285948, 31.873719220585556 ], [ 35.547499501317667, 31.873824358602327 ], [ 35.547654505216244, 31.873899890421828 ], [ 35.547824908336978, 31.873942266742578 ], [ 35.548012093626056, 31.873923724609838 ], [ 35.548213259027911, 31.873890208000429 ], [ 35.548437198344054, 31.873764192869771 ], [ 35.548560735231767, 31.873681285617867 ], [ 35.548769139789293, 31.873552071033906 ], [ 35.548973684021973, 31.873406239256987 ], [ 35.549139589075295, 31.873260652828687 ], [ 35.54925114264595, 31.873108449952728 ], [ 35.549200256527854, 31.872923714771755 ], [ 35.548897870617864, 31.872779397687324 ], [ 35.54866530222899, 31.872671104589511 ], [ 35.548514036143118, 31.872579077460657 ], [ 35.548252326563329, 31.872360248538577 ], [ 35.547953747434143, 31.872172941500274 ], [ 35.547771415351242, 31.872074374663626 ], [ 35.547511892227867, 31.871999125035586 ], [ 35.547217553856385, 31.871930732401371 ], [ 35.547047215202809, 31.871904700561771 ], [ 35.546869067452221, 31.871865584945141 ], [ 35.546667662174819, 31.871833154430547 ], [ 35.546237814971533, 31.871735251401564 ], [ 35.546071415938748, 31.871702725823354 ], [ 35.545831226873467, 31.871630802623766 ], [ 35.545680086808289, 31.871571744572208 ], [ 35.545435728404023, 31.871443608922455 ], [ 35.545276488444195, 31.871292276388175 ], [ 35.545190831541866, 31.871124119133803 ], [ 35.545112321485497, 31.870833915028438 ], [ 35.545115337118908, 31.870576465261706 ], [ 35.545132158763984, 31.870436215213349 ], [ 35.545152233192397, 31.870237619899417 ], [ 35.545213387186408, 31.86993971416792 ], [ 35.545295645978726, 31.869723338438678 ], [ 35.545404291954547, 31.869543246550482 ], [ 35.545495271447891, 31.869408433920551 ], [ 35.545619412222884, 31.869266204945312 ], [ 35.545755989362497, 31.869138315236171 ], [ 35.54597987333706, 31.868999481754063 ], [ 35.546108337269295, 31.868910504494647 ], [ 35.546324042911579, 31.868792969725529 ], [ 35.546581231182643, 31.868685891184786 ], [ 35.546792952111417, 31.868607398289555 ], [ 35.546938196167609, 31.868546697828052 ], [ 35.54712049440095, 31.868415160741684 ], [ 35.547169808029075, 31.868266086421674 ], [ 35.547169125849827, 31.868081778557571 ], [ 35.547014669280443, 31.867883653237719 ], [ 35.546574466221244, 31.867659383224247 ], [ 35.546353640866798, 31.867507513084998 ], [ 35.54624094467021, 31.867394383878146 ], [ 35.546203066256133, 31.867242021529055 ], [ 35.546243920974291, 31.867082402054589 ], [ 35.546380711718591, 31.866968742942547 ], [ 35.546567305202082, 31.866883131602172 ], [ 35.546828899100234, 31.866808027175018 ], [ 35.547077904388971, 31.866722247006056 ], [ 35.547239669596095, 31.866665024413336 ], [ 35.547389090835686, 31.866618544039412 ], [ 35.54754265278293, 31.866575575056604 ], [ 35.547870436142937, 31.866450689688282 ], [ 35.548069575694143, 31.866365042259233 ], [ 35.54829748520163, 31.866201393711837 ], [ 35.548363353762475, 31.866020428549664 ], [ 35.548300370114177, 31.865822198178375 ], [ 35.548054009733782, 31.865507367575919 ], [ 35.547933045356778, 31.865390739435039 ], [ 35.547787215505316, 31.865291932934504 ], [ 35.547529394371402, 31.865225274071413 ], [ 35.547289859050501, 31.8652364884009 ], [ 35.546974561875139, 31.865343584032729 ], [ 35.546800394200922, 31.865439730741492 ], [ 35.546589034507491, 31.865614041226788 ], [ 35.546477277792128, 31.865710019535385 ], [ 35.546278412781319, 31.865870064019319 ], [ 35.546083714375001, 31.866040806126417 ], [ 35.545955306338605, 31.866143874195128 ], [ 35.545731494623134, 31.866300462083665 ], [ 35.545474311432251, 31.866407397998437 ], [ 35.54532069690999, 31.866436273667603 ], [ 35.545067110664554, 31.866443998751581 ], [ 35.544883927504408, 31.866334579864077 ], [ 35.544858357443665, 31.866161047678538 ], [ 35.544886608960724, 31.865941153028853 ], [ 35.544919466144989, 31.865806355447603 ], [ 35.544985111167591, 31.865607778891853 ], [ 35.545135651613016, 31.865416865790735 ], [ 35.545259931298617, 31.865313668694569 ], [ 35.545404975643997, 31.865199847573479 ], [ 35.545541842518936, 31.865107325579224 ], [ 35.545869309670564, 31.864897336777474 ], [ 35.54611791876016, 31.864705313675234 ], [ 35.546242248921146, 31.864616347354659 ], [ 35.546391497243441, 31.864523791161233 ], [ 35.546594538957208, 31.86437782620558 ], [ 35.546751806537728, 31.864221556848793 ], [ 35.546859027115502, 31.864015680972884 ], [ 35.546858463409329, 31.863863218244749 ], [ 35.54680802431136, 31.863707367072596 ], [ 35.546687142492793, 31.863612014833635 ], [ 35.546388277780892, 31.863651850878547 ], [ 35.546238926324278, 31.86371608450979 ], [ 35.546056366432097, 31.863819298255912 ], [ 35.545817146823566, 31.864004814202389 ], [ 35.545655711382096, 31.864150525373958 ], [ 35.545539689098817, 31.864253700716255 ], [ 35.545316024357554, 31.864449178573604 ], [ 35.545121492233712, 31.864619918794556 ], [ 35.54493059562926, 31.864701875902181 ], [ 35.544664813650364, 31.864759373930141 ], [ 35.544415407858438, 31.86473524092991 ], [ 35.544120288937457, 31.864672197593706 ], [ 35.543916514861202, 31.864619618860921 ], [ 35.543741695874395, 31.864538498786278 ], [ 35.543624969609581, 31.864450178034286 ], [ 35.543545515763903, 31.864305112089887 ], [ 35.543502104268775, 31.864083013306356 ], [ 35.543505660880605, 31.863927016812333 ], [ 35.543521804851231, 31.863781695884047 ], [ 35.543570629131793, 31.86349805539378 ], [ 35.543611690613858, 31.863349004334093 ], [ 35.543743185925393, 31.862962279141531 ], [ 35.543804816836612, 31.862749481935719 ], [ 35.543841403122173, 31.862550842515116 ], [ 35.543857416216376, 31.862370012618918 ], [ 35.543856702054981, 31.862175136395074 ], [ 35.543822779365925, 31.86201923988456 ], [ 35.543726738992312, 31.861852940890678 ], [ 35.543593146145959, 31.861711542094319 ], [ 35.543463872186287, 31.861577177124509 ], [ 35.543280908321556, 31.861524541832456 ], [ 35.543073545218107, 31.861617249188836 ], [ 35.542965946264552, 31.861766336361896 ], [ 35.542837864436137, 31.861958032690229 ], [ 35.542718128397617, 31.862174647704567 ], [ 35.542643969958419, 31.862348445740903 ], [ 35.542561465962599, 31.862497606722371 ], [ 35.542346636323131, 31.862852565717223 ], [ 35.542143694444043, 31.863026846525408 ], [ 35.542006914748931, 31.863098087297104 ], [ 35.541844870819425, 31.863123317489162 ], [ 35.541641178883822, 31.863092012225469 ], [ 35.541478667705256, 31.86294350151865 ], [ 35.541390862727461, 31.862816210933236 ], [ 35.541303029369331, 31.862635656485146 ], [ 35.541231564928346, 31.862416026622078 ], [ 35.541139194689627, 31.862168129212044 ], [ 35.541088573055532, 31.861959153198288 ], [ 35.541063088714679, 31.861806897238857 ], [ 35.541062560202157, 31.861661479785464 ], [ 35.541106280783701, 31.861425481125274 ], [ 35.541198376509392, 31.861280241128316 ], [ 35.541336902196136, 31.861144882651967 ], [ 35.541564252095959, 31.861009147655768 ], [ 35.541741614480621, 31.86092962694066 ], [ 35.541965238307917, 31.860813769386862 ], [ 35.542150146881731, 31.860721123465058 ], [ 35.54228500457436, 31.860621846592835 ], [ 35.54237331266043, 31.860479997635213 ], [ 35.542380543419753, 31.860334982274409 ], [ 35.542352829896302, 31.860160468722707 ], [ 35.542301269467259, 31.859785081184249 ], [ 35.542265928644369, 31.859646801675449 ], [ 35.542164923094568, 31.859475723675779 ], [ 35.54204106848627, 31.859377274793228 ], [ 35.541801158361778, 31.859236297155228 ], [ 35.54158481825953, 31.859220384467903 ], [ 35.541411004594458, 31.859230708860277 ], [ 35.541249176805415, 31.859313569813587 ], [ 35.541145442104089, 31.859435731496276 ], [ 35.5410977384742, 31.859574935760378 ], [ 35.541025356267468, 31.859828905892421 ], [ 35.540975644430524, 31.859960788110683 ], [ 35.540902904551842, 31.860161917940939 ], [ 35.540837921881142, 31.860316949707812 ], [ 35.540753504596275, 31.860485137449075 ], [ 35.540611217997792, 31.86063050983962 ], [ 35.540398839291107, 31.860660662173075 ], [ 35.540167117602145, 31.860638164968691 ], [ 35.539935145932418, 31.860546622212038 ], [ 35.539767201967727, 31.860446032886482 ], [ 35.539639396228885, 31.860304755520385 ], [ 35.539584670971109, 31.860146798987937 ], [ 35.539540738225305, 31.859731794526439 ], [ 35.539536297600847, 31.859553978064778 ], [ 35.539527846690525, 31.859362926643971 ], [ 35.539519598180298, 31.859227815876707 ], [ 35.539499423741532, 31.858990717826959 ], [ 35.539483213336759, 31.858799686830611 ], [ 35.539413135116952, 31.858641770631891 ], [ 35.539277632415192, 31.858516999573638 ], [ 35.539011116286922, 31.858504455531559 ], [ 35.538833696631556, 31.858567486160343 ], [ 35.538656431287457, 31.858673352723052 ], [ 35.538541041916801, 31.858769192798771 ], [ 35.538417727569573, 31.858865053583308 ], [ 35.538275214269106, 31.858947860037723 ], [ 35.538059290526441, 31.859047204487378 ], [ 35.537893295751978, 31.859073990008266 ], [ 35.537676849520508, 31.858982402372021 ], [ 35.537622033118637, 31.858797954136243 ], [ 35.537691538651288, 31.858522152378804 ], [ 35.537775912805614, 31.858386798707262 ], [ 35.53786047565, 31.858258067245536 ], [ 35.538022044364652, 31.858102924517265 ], [ 35.538156926595867, 31.858010274677266 ], [ 35.53831493432812, 31.85792094581646 ], [ 35.538461467793169, 31.857854615203195 ], [ 35.538634900130504, 31.85778497280738 ], [ 35.538870148319504, 31.857688817483247 ], [ 35.539020526074545, 31.857635721642058 ], [ 35.539255713891855, 31.85752307931272 ], [ 35.539394117647575, 31.857354750301017 ], [ 35.539381800250048, 31.857190059128985 ], [ 35.539203822327387, 31.857052154294053 ], [ 35.538786375175221, 31.85693798824925 ], [ 35.538558377520246, 31.856892509960918 ], [ 35.538153585680341, 31.856807899651702 ], [ 35.537933395285236, 31.85677550436953 ], [ 35.537759644375207, 31.856756232520443 ], [ 35.537589690718576, 31.856736950485889 ], [ 35.537257223572844, 31.85665538875034 ], [ 35.536994510408036, 31.856596893881438 ], [ 35.536754792026954, 31.85650522455823 ], [ 35.536621184825762, 31.856400736670334 ], [ 35.536516184021131, 31.85621655985473 ], [ 35.536473223563071, 31.85606843482082 ], [ 35.536495356359445, 31.855794870919279 ], [ 35.536537454390476, 31.855656387466215 ], [ 35.536641073288436, 31.855501397756136 ], [ 35.536821942474411, 31.855342683330655 ], [ 35.537003035819922, 31.855200595429942 ], [ 35.537226486798112, 31.855084746589487 ], [ 35.537496398923892, 31.854988503074722 ], [ 35.537820792664498, 31.854984412169909 ], [ 35.538121611529412, 31.854897949999494 ], [ 35.538294978251109, 31.854765744228324 ], [ 35.538585702869369, 31.854581515980922 ], [ 35.538824608885669, 31.854448996357437 ], [ 35.538971113108019, 31.854376183366117 ], [ 35.539125306453741, 31.854329700125454 ], [ 35.539383884230709, 31.85429604644235 ], [ 35.539658063934063, 31.854285460336182 ], [ 35.540021004349128, 31.854304230535007 ], [ 35.540252994754553, 31.854359700304073 ], [ 35.54043451266778, 31.854382189178594 ], [ 35.540604390977478, 31.854381740246811 ], [ 35.540805069617392, 31.85436148224095 ], [ 35.540971019255672, 31.854324829365055 ], [ 35.541167732623983, 31.854258362831789 ], [ 35.541317923648521, 31.854155805392068 ], [ 35.54139073277738, 31.85402062081301 ], [ 35.541374744486866, 31.853846075792987 ], [ 35.541254491473957, 31.853691534333198 ], [ 35.541122685486215, 31.853583241793945 ], [ 35.540991080213303, 31.853484671368545 ], [ 35.540813025895908, 31.853369878115689 ], [ 35.540662058321523, 31.853258253930687 ], [ 35.540538142107806, 31.853140076218718 ], [ 35.540386852335153, 31.852939397470404 ], [ 35.540324443172523, 31.852801329659979 ], [ 35.540239074250707, 31.852659799691178 ], [ 35.540157503111111, 31.852518400545691 ], [ 35.54007715061595, 31.852394330051919 ], [ 35.539963181868693, 31.852196088647045 ], [ 35.539895822270189, 31.852058315485465 ], [ 35.539804642503867, 31.851907359562077 ], [ 35.539758671107442, 31.851749238883126 ], [ 35.539737411613515, 31.851531307206063 ], [ 35.539769652725525, 31.851362412049969 ], [ 35.53981870756553, 31.851232222789676 ], [ 35.539904728521243, 31.851098413259198 ], [ 35.540011486357052, 31.850992590042853 ], [ 35.540175909144629, 31.850855050687844 ], [ 35.540307480098463, 31.850763252716224 ], [ 35.540591041019745, 31.850565652307953 ], [ 35.540763882078643, 31.850473744777759 ], [ 35.540981866636038, 31.850357199226927 ], [ 35.541195914573663, 31.850293223153713 ], [ 35.541504746148362, 31.850236181967798 ], [ 35.541698451854302, 31.850207627368196 ], [ 35.541908564306368, 31.850196501780243 ], [ 35.542113814070717, 31.850210048004087 ], [ 35.542380484500143, 31.85027134010512 ], [ 35.542497034740663, 31.850361917304316 ], [ 35.542570484953387, 31.850539409535497 ], [ 35.542556711873651, 31.850746161087443 ], [ 35.542431612041995, 31.850982095079864 ], [ 35.542228740803154, 31.851168635216798 ], [ 35.542035639068992, 31.851363462783727 ], [ 35.541953923639774, 31.851545453518423 ], [ 35.541959373068941, 31.851681839896596 ], [ 35.542076180909035, 31.851842730838882 ], [ 35.542255720801307, 31.851912568136829 ], [ 35.542589960285177, 31.851895193424888 ], [ 35.542793255936203, 31.851869852582531 ], [ 35.543054766107325, 31.851827729059956 ], [ 35.543209645930268, 31.851790116374797 ], [ 35.543349922813576, 31.851731969563861 ], [ 35.543475565756701, 31.851644834160911 ], [ 35.543567275147382, 31.851532988970909 ], [ 35.543649198886577, 31.851408769738015 ], [ 35.543735592031538, 31.851197737994806 ], [ 35.543695646574776, 31.850883615344074 ], [ 35.543646566025231, 31.850689572322626 ], [ 35.543602469102282, 31.850549061775041 ], [ 35.543523987654524, 31.850305496783246 ], [ 35.543436369991646, 31.850181729568888 ], [ 35.543348557074182, 31.850049649121988 ], [ 35.543251365093241, 31.84992590728557 ], [ 35.543129710779397, 31.849793916827018 ], [ 35.543008087188461, 31.849670239855765 ], [ 35.542876949892673, 31.849563215460435 ], [ 35.542648343105526, 31.849391631551935 ], [ 35.542371482124075, 31.849160852330556 ], [ 35.542123782805199, 31.849004395559025 ], [ 35.541973002146342, 31.848851908428287 ], [ 35.54190962450717, 31.848719762096621 ], [ 35.541889633417313, 31.848579327843552 ], [ 35.541961666740768, 31.848413849243581 ], [ 35.542135809718062, 31.848318272725159 ], [ 35.542348837371371, 31.848292906771903 ], [ 35.542532961497187, 31.848308903935827 ], [ 35.542693044717247, 31.848341592154661 ], [ 35.542959710130269, 31.848402883093883 ], [ 35.543134261199107, 31.848464418801775 ], [ 35.54329934347502, 31.848554866049898 ], [ 35.543566176453361, 31.848661669199483 ], [ 35.543784323561212, 31.848681801125387 ], [ 35.543953770340352, 31.84865654875367 ], [ 35.544203707806993, 31.84856738983661 ], [ 35.544484537897823, 31.848529439083375 ], [ 35.54473161739871, 31.848516378177266 ], [ 35.545041637931512, 31.848515548334635 ], [ 35.545303335579881, 31.848527247331923 ], [ 35.545535872850685, 31.848510137446482 ], [ 35.545719663197325, 31.848435243935725 ], [ 35.545922569236467, 31.848306471215981 ], [ 35.546217040815698, 31.848028792093167 ], [ 35.546376270562355, 31.847829962819695 ], [ 35.546477257063486, 31.847639462765631 ], [ 35.546558883742883, 31.847436755531781 ], [ 35.546611563024449, 31.847263012674404 ], [ 35.546601121604311, 31.847072953137587 ], [ 35.546542495181967, 31.84693248262688 ], [ 35.546401404496599, 31.846767574566019 ], [ 35.546221795668522, 31.846677170353466 ], [ 35.545989126032836, 31.846657081581874 ], [ 35.545621126608729, 31.846691183104856 ], [ 35.545437217783963, 31.846732962936596 ], [ 35.545267866146261, 31.846783017188145 ], [ 35.545054964510648, 31.846841501540737 ], [ 35.544861300557059, 31.846879220273632 ], [ 35.544609468197066, 31.846900466910469 ], [ 35.544401156169748, 31.846905251168 ], [ 35.544110257758263, 31.846852200722672 ], [ 35.543901597408727, 31.846761870806681 ], [ 35.543775129218112, 31.846621720950498 ], [ 35.54370676784157, 31.846481275074886 ], [ 35.543686803449589, 31.846303640736231 ], [ 35.543710405245186, 31.846167176839103 ], [ 35.543786035701658, 31.845948564473286 ], [ 35.543848429974744, 31.845811997041299 ], [ 35.54402700530526, 31.845621432704572 ], [ 35.544201004531665, 31.845488653471268 ], [ 35.544428233246236, 31.845376445510666 ], [ 35.544786048692018, 31.845222601134431 ], [ 35.545134318693158, 31.845076954105927 ], [ 35.545521486751909, 31.84496022930086 ], [ 35.545918362536909, 31.844835163562838 ], [ 35.546179457726176, 31.84473103433832 ], [ 35.546571104787724, 31.844531580090695 ], [ 35.546740734391555, 31.844468700541327 ], [ 35.546917570733342, 31.844390583072816 ], [ 35.547209668517013, 31.844278618203571 ], [ 35.547430735684785, 31.844198267170487 ], [ 35.547634609710173, 31.844155726047809 ], [ 35.54791242077598, 31.844108898574337 ], [ 35.548101532941729, 31.844047514613884 ], [ 35.548275780530943, 31.843984056903807 ], [ 35.548472047933117, 31.843849238896063 ], [ 35.548623787798213, 31.843637040529703 ], [ 35.548667543383061, 31.843506721198668 ], [ 35.548698889428202, 31.843324157790917 ], [ 35.548656236663916, 31.843129112732715 ], [ 35.548573245210555, 31.843006463679291 ], [ 35.548347507060377, 31.842894627938268 ], [ 35.548152198269889, 31.842842314549358 ], [ 35.547889077815213, 31.84279877949081 ], [ 35.547678647236275, 31.842763838145522 ], [ 35.547443995874254, 31.842740939126813 ], [ 35.546981944583678, 31.842736547837848 ], [ 35.546788802474069, 31.842734249608991 ], [ 35.546626704422749, 31.842734826690194 ], [ 35.546471594417099, 31.842750321247969 ], [ 35.546219907559617, 31.84276311603816 ], [ 35.545951042454021, 31.842772997339996 ], [ 35.545675112583879, 31.842747105853327 ], [ 35.545471199337356, 31.842643801953471 ], [ 35.545363601095914, 31.842427088773888 ], [ 35.54533527039947, 31.842174512816939 ], [ 35.545379305130076, 31.841939497581087 ], [ 35.545440757613171, 31.841772636145116 ], [ 35.545612585804243, 31.841590683116067 ], [ 35.545760433845068, 31.841441485357251 ], [ 35.545945799961885, 31.841305291349787 ], [ 35.546083456047313, 31.841212625550483 ], [ 35.546210756279677, 31.841131823880335 ], [ 35.546369045193579, 31.841039102333777 ], [ 35.546537501877921, 31.840928457654869 ], [ 35.546671690414428, 31.840835800543971 ], [ 35.546884791916803, 31.84065669385258 ], [ 35.547004784546651, 31.840474878466935 ], [ 35.547035190421056, 31.840305281640642 ], [ 35.547013656351318, 31.840061565026502 ], [ 35.546943727226406, 31.839809524100872 ], [ 35.546912113072679, 31.839652071626666 ], [ 35.546918529355182, 31.839512271441382 ], [ 35.546952511281383, 31.839372397033721 ], [ 35.546996881178437, 31.839229535526883 ], [ 35.547072062577463, 31.839071654534028 ], [ 35.547140212559988, 31.838842491872295 ], [ 35.547173929791846, 31.838631176629423 ], [ 35.547187267298355, 31.83848839864795 ], [ 35.547158976772138, 31.838292327847263 ], [ 35.547127450302014, 31.838158548069657 ], [ 35.547089113178373, 31.838013091077446 ], [ 35.546988134720948, 31.837755920040141 ], [ 35.546908411476231, 31.837622410878357 ], [ 35.546828677533959, 31.837485942576574 ], [ 35.546752475649008, 31.837367219407142 ], [ 35.546658821980799, 31.837215851961005 ], [ 35.546572189530131, 31.837088420300447 ], [ 35.546426730681908, 31.836853914030701 ], [ 35.546343290757576, 31.83665207300437 ], [ 35.546322088361734, 31.836497551428714 ], [ 35.546513581128096, 31.836280034844965 ], [ 35.54668032992079, 31.836200958425025 ], [ 35.546838414040465, 31.836189260216532 ], [ 35.54706693734704, 31.836211049670609 ], [ 35.547304527106547, 31.836274241895762 ], [ 35.547484827835078, 31.836333783596594 ], [ 35.547643312900504, 31.836385774743615 ], [ 35.547810367620443, 31.836434078894765 ], [ 35.548179909308956, 31.836515513403207 ], [ 35.548408336996935, 31.836511232304012 ], [ 35.548645384868678, 31.836428017731212 ], [ 35.54877251805955, 31.836349045760301 ], [ 35.548881877768075, 31.836239966992466 ], [ 35.548969143235944, 31.836048515468764 ], [ 35.548910765199558, 31.835707388905103 ], [ 35.548703236572329, 31.835471785066332 ], [ 35.548571075588072, 31.835352087089944 ], [ 35.548460758339381, 31.83524740730396 ], [ 35.548350634097829, 31.83515019514266 ], [ 35.548148023285442, 31.835038296302741 ], [ 35.547923335240661, 31.834892638276752 ], [ 35.547769321261129, 31.834799348674093 ], [ 35.547637108480188, 31.834709663738334 ], [ 35.547504924108765, 31.834627587742307 ], [ 35.547390220546497, 31.834496709519591 ], [ 35.547310396274668, 31.834290631996591 ], [ 35.54724349790682, 31.833964463999092 ], [ 35.54717256505343, 31.833841640408327 ], [ 35.547031084142318, 31.83369998388071 ], [ 35.546915347776334, 31.833601799179647 ], [ 35.546761319788104, 31.833503858321205 ], [ 35.54658151366462, 31.833397813803593 ], [ 35.546475331475236, 31.833294248406258 ], [ 35.546397956660762, 31.833124941271784 ], [ 35.546371351581378, 31.832892651628235 ], [ 35.546399479633045, 31.83268755147235 ], [ 35.546485039558775, 31.832435937401886 ], [ 35.546694870346087, 31.832091269997488 ], [ 35.546790324403609, 31.831926993511932 ], [ 35.54689532458881, 31.831710836241854 ], [ 35.546929904673952, 31.831554896289074 ], [ 35.546922932727639, 31.831410059195672 ], [ 35.546839263298665, 31.831279096843417 ], [ 35.54664665778369, 31.831192109710152 ], [ 35.546483272793097, 31.831151544153073 ], [ 35.546201328743216, 31.831141451744404 ], [ 35.545989960918845, 31.831158364964946 ], [ 35.545640922221416, 31.831170292529684 ], [ 35.545406886280055, 31.831127096837282 ], [ 35.545233352341633, 31.830974533109025 ], [ 35.545168851526746, 31.830849013795468 ], [ 35.545123435942607, 31.830706956824532 ], [ 35.545113361001583, 31.830570300712825 ], [ 35.54515123480261, 31.830411675087174 ], [ 35.545290098815308, 31.830202755731676 ], [ 35.545415772649783, 31.830042626574532 ], [ 35.54560643755471, 31.829917127904125 ], [ 35.545752515321389, 31.82983007620183 ], [ 35.54591912190773, 31.829760160305163 ], [ 35.546211505614899, 31.829648337806841 ], [ 35.546361848820482, 31.829599319760014 ], [ 35.54666250927098, 31.829494378593797 ], [ 35.546828936507097, 31.829420939229667 ], [ 35.547023878435901, 31.829337136410647 ], [ 35.54717005442032, 31.82923260992629 ], [ 35.547287460568228, 31.829114210671786 ], [ 35.547356165530168, 31.828992560729013 ], [ 35.547392087019027, 31.828798148429868 ], [ 35.547383267709407, 31.828600193048221 ], [ 35.547341795718935, 31.828409371188211 ], [ 35.547247484307022, 31.828211787075929 ], [ 35.54715344092326, 31.828041961521844 ], [ 35.547083813358412, 31.827913779634486 ], [ 35.547001768764616, 31.827730394240305 ], [ 35.546923733489592, 31.827515293141186 ], [ 35.546922887928957, 31.827286315917192 ], [ 35.546967024257128, 31.82712640463691 ], [ 35.547068087348407, 31.826962958201857 ], [ 35.547279005786997, 31.826827115995023 ], [ 35.547490293476201, 31.826746650258642 ], [ 35.547648654188905, 31.826680277087181 ], [ 35.547806911904345, 31.826586144633591 ], [ 35.547924581761215, 31.826495503412076 ], [ 35.548068049634225, 31.826285159415441 ], [ 35.548116194139745, 31.826094095680499 ], [ 35.548143937736469, 31.825920419022868 ], [ 35.548171730864041, 31.825715601002724 ], [ 35.548183249230767, 31.825528158930091 ], [ 35.548202866991907, 31.825344076820908 ], [ 35.548226739644846, 31.825194788101506 ], [ 35.548339547857928, 31.824906321272213 ], [ 35.548499033436279, 31.824476817610297 ], [ 35.548588450380485, 31.824245200723347 ], [ 35.548651194445611, 31.824075233824367 ], [ 35.548677744825142, 31.823936224219821 ], [ 35.548699739265345, 31.823770313022376 ], [ 35.548681063193477, 31.823585207110934 ], [ 35.548576646854805, 31.82346585651181 ], [ 35.548386376451731, 31.823381542826954 ], [ 35.54820550502717, 31.82333947662551 ], [ 35.548002002427708, 31.823336221673397 ], [ 35.547803191764714, 31.823352117568831 ], [ 35.547527674693143, 31.823422329653098 ], [ 35.547071392196749, 31.823523887437343 ], [ 35.546827375749913, 31.823543849025842 ], [ 35.546619444835642, 31.823548212950058 ], [ 35.546434010532408, 31.823521797571367 ], [ 35.546261881295507, 31.823433486447193 ], [ 35.546134744714955, 31.823283335448689 ], [ 35.54607505439472, 31.823028870342789 ], [ 35.546042018019975, 31.822662450650768 ], [ 35.546037064990458, 31.822527471618255 ], [ 35.54604054069577, 31.82226128220562 ], [ 35.546024418915742, 31.822096037371491 ], [ 35.546005753694189, 31.821957149638159 ], [ 35.545932887285097, 31.82179924353149 ], [ 35.545792263366494, 31.821660683004911 ], [ 35.545624509077349, 31.821549249900716 ], [ 35.545344142606375, 31.821511391833237 ], [ 35.545163451691778, 31.821562039967343 ], [ 35.544992271378533, 31.821685935904863 ], [ 35.544744798861871, 31.822022247029253 ], [ 35.544695633546596, 31.822161316352943 ], [ 35.544587678233952, 31.822335206830303 ], [ 35.544479774431629, 31.822478237657133 ], [ 35.544317319556825, 31.822551945194032 ], [ 35.544122966320337, 31.822567964341765 ], [ 35.543964472830105, 31.822506668511085 ], [ 35.543805823863863, 31.822402817897416 ], [ 35.543651712200848, 31.822275986560012 ], [ 35.543538184715196, 31.822145101387292 ], [ 35.543397408839567, 31.82196412452188 ], [ 35.543179686129918, 31.82177179768647 ], [ 35.543048213579759, 31.821652514501313 ], [ 35.542903269397719, 31.821595126771509 ], [ 35.542614136306938, 31.821642114195726 ], [ 35.542393253227701, 31.821804748242396 ], [ 35.542240141983669, 31.821951842750661 ], [ 35.542100548614002, 31.822094955705534 ], [ 35.541876796493497, 31.822286060408807 ], [ 35.54167388193769, 31.822398481375021 ], [ 35.541511049974694, 31.822414412990163 ], [ 35.541352835556701, 31.822383972580926 ], [ 35.541153482677252, 31.822295726580546 ], [ 35.54099015787974, 31.822130306872261 ], [ 35.540854077902139, 31.82196861950656 ], [ 35.540785578011985, 31.821783644031072 ], [ 35.540762171067506, 31.821563744409659 ], [ 35.540810908707769, 31.821305185481208 ], [ 35.540841992871719, 31.821139110576517 ], [ 35.54091367511338, 31.820973069225783 ], [ 35.540962655932063, 31.820827238092743 ], [ 35.541011756129812, 31.820668865574714 ], [ 35.54108307364055, 31.820402496698915 ], [ 35.541159081136897, 31.820155279213136 ], [ 35.541320862022992, 31.819896420862225 ], [ 35.541428669481206, 31.819726338055137 ], [ 35.541622078014534, 31.819451895375046 ], [ 35.541734617904723, 31.81931280010998 ], [ 35.541865116808886, 31.819165766126222 ], [ 35.542049769427834, 31.818980119728277 ], [ 35.542207356831199, 31.81879454490285 ], [ 35.542306460845843, 31.818682398727997 ], [ 35.542455068816089, 31.818523761373594 ], [ 35.54263648639774, 31.818311490588783 ], [ 35.542789211299244, 31.81806026357258 ], [ 35.542870044348646, 31.817870946468521 ], [ 35.542878308596684, 31.817693517917739 ], [ 35.542850723796832, 31.817550848734463 ], [ 35.542755158707948, 31.817365805255246 ], [ 35.542628275522461, 31.817281314269962 ], [ 35.542429059246665, 31.817227874739487 ], [ 35.542017930428301, 31.817259825477752 ], [ 35.541787517126963, 31.817295100538022 ], [ 35.541539133700383, 31.817380727912415 ], [ 35.541358571234355, 31.81741967472178 ], [ 35.541182257837512, 31.817447196263352 ], [ 35.540992381033796, 31.817420643716599 ], [ 35.540843044756564, 31.817378624453262 ], [ 35.540571282989298, 31.817252100190352 ], [ 35.540340366130899, 31.817148435983949 ], [ 35.540109561939296, 31.817075771419098 ], [ 35.539919672431942, 31.817045412709493 ], [ 35.539703887488379, 31.817018785621084 ], [ 35.539464297975101, 31.816980807068465 ], [ 35.53930095993401, 31.816853994580974 ], [ 35.539282414981642, 31.816699605201357 ], [ 35.539322412188064, 31.816533648000963 ], [ 35.539380673186514, 31.81639850217034 ], [ 35.539470617894914, 31.816263131990276 ], [ 35.539660252011224, 31.81599490215887 ], [ 35.539791268608433, 31.815854491673093 ], [ 35.539951395405375, 31.815732463616783 ], [ 35.540159127557786, 31.815632291859863 ], [ 35.540348744388254, 31.815588109156199 ], [ 35.54053844065978, 31.815565908039979 ], [ 35.540728260427159, 31.815577806719748 ], [ 35.540962134419949, 31.815633270962977 ], [ 35.541385844902678, 31.815750514835326 ], [ 35.54156846100971, 31.815778072426333 ], [ 35.541823790478141, 31.815743154447638 ], [ 35.541962234042728, 31.81564936350615 ], [ 35.541998091763652, 31.815481020955765 ], [ 35.541942613237261, 31.815291079487512 ], [ 35.54175171769019, 31.814983131948015 ], [ 35.541586707682647, 31.814759380171449 ], [ 35.541465722478385, 31.814616394374305 ], [ 35.541308075963151, 31.814420523052473 ], [ 35.541161219627561, 31.814196581730016 ], [ 35.541076671252888, 31.814044199019147 ], [ 35.541032566005228, 31.813895372967732 ], [ 35.541042959891293, 31.813758239268772 ], [ 35.541115321830283, 31.813599241380512 ], [ 35.541293816768331, 31.813492804121147 ], [ 35.541629616903869, 31.81348881481 ], [ 35.541815938425586, 31.813538203430809 ], [ 35.54211564352952, 31.813637032491656 ], [ 35.54229456235538, 31.813692640125108 ], [ 35.542539323704922, 31.813748072598806 ], [ 35.542827866680391, 31.813772246909213 ], [ 35.543068582700634, 31.813759065565101 ], [ 35.543294840172642, 31.813718021928818 ], [ 35.543453994525379, 31.813648269952026 ], [ 35.543625061036678, 31.813541849223373 ], [ 35.543745011468317, 31.813401323236317 ], [ 35.543795483131923, 31.813214200038153 ], [ 35.54381297438146, 31.813033505753644 ], [ 35.543808694697631, 31.812855969556534 ], [ 35.543789904926534, 31.812681572083644 ], [ 35.54372359059338, 31.812507301309857 ], [ 35.543631869544313, 31.81237973969256 ], [ 35.543510827710172, 31.812221255747151 ], [ 35.5434080970171, 31.812106264355695 ], [ 35.543246900148269, 31.811932245991873 ], [ 35.543093169192623, 31.811814290061207 ], [ 35.542851758800872, 31.81168092601358 ], [ 35.542563092132262, 31.811575728318086 ], [ 35.54217938444058, 31.81142724076474 ], [ 35.542007554392498, 31.811368514089931 ], [ 35.54187000545943, 31.811298141605977 ], [ 35.541745574873005, 31.811204906646037 ], [ 35.541686639210198, 31.811061756492922 ], [ 35.541766236032579, 31.810896538931448 ], [ 35.541940947175227, 31.810749528445552 ], [ 35.542126753182096, 31.81065871171554 ], [ 35.542283442374625, 31.810592913232583 ], [ 35.542505726796385, 31.810505099150173 ], [ 35.542687981086864, 31.810436132220129 ], [ 35.542848208312641, 31.810345241505939 ], [ 35.54294649966252, 31.81023915605407 ], [ 35.543015236179684, 31.810083125794375 ], [ 35.543036580745316, 31.809918062379946 ], [ 35.543050487908722, 31.809749777795492 ], [ 35.543051161763309, 31.809572651028159 ], [ 35.543028442666362, 31.809360922413649 ], [ 35.542998622063337, 31.809192754143513 ], [ 35.542954258084585, 31.80901842446465 ], [ 35.542924506080439, 31.808868997133946 ], [ 35.542916552422554, 31.808678929483509 ], [ 35.542919148687631, 31.808395409839289 ], [ 35.542947582816787, 31.808183545119991 ], [ 35.542965222365545, 31.808043291844793 ], [ 35.543004677373517, 31.807821956756811 ], [ 35.543007455326403, 31.807588319058212 ], [ 35.542992258264064, 31.807448153111199 ], [ 35.542954221991877, 31.807244074342709 ], [ 35.542854802395702, 31.807085109369911 ], [ 35.542692823713921, 31.806920251415701 ], [ 35.542465117096484, 31.806694835207526 ], [ 35.542282860012868, 31.806534398808807 ], [ 35.542121000640591, 31.806356435068551 ], [ 35.542004730893915, 31.80619145493171 ], [ 35.541908639256178, 31.806039384993021 ], [ 35.541863194607807, 31.805839130079303 ], [ 35.541878328684611, 31.805599400391831 ], [ 35.54197966671147, 31.805424683900632 ], [ 35.542131409286675, 31.805271533898008 ], [ 35.5423085712019, 31.805166225974329 ], [ 35.542500716158926, 31.805052141528922 ], [ 35.542662611566065, 31.804968714862031 ], [ 35.542834571837332, 31.804885261231167 ], [ 35.542991500646934, 31.804797479109894 ], [ 35.543234140756333, 31.804639717743388 ], [ 35.543370741630817, 31.804543252779322 ], [ 35.543492146617709, 31.804442600817843 ], [ 35.543655112401154, 31.804291391850381 ], [ 35.543751223648748, 31.804177702324075 ], [ 35.543862466845319, 31.804050867650695 ], [ 35.543968627182096, 31.80393292383037 ], [ 35.54409503955209, 31.803758138746495 ], [ 35.544246617049161, 31.803561586059942 ], [ 35.544383040359712, 31.803417351647106 ], [ 35.54456999062289, 31.803238177060269 ], [ 35.544782285479528, 31.803041320555572 ], [ 35.544933967211982, 31.802918885955567 ], [ 35.545211919175649, 31.802673943334444 ], [ 35.545363450784471, 31.802555876864233 ], [ 35.545570574822683, 31.802389610579105 ], [ 35.545727172268649, 31.802258425372845 ], [ 35.545939409915327, 31.802092144774768 ], [ 35.546065562207723, 31.80198288203685 ], [ 35.546254701105958, 31.801817226547001 ], [ 35.546426368811368, 31.801612021714959 ], [ 35.546532427054615, 31.801468007470032 ], [ 35.546749460223161, 31.801171229003188 ], [ 35.546855304137203, 31.801014110332883 ], [ 35.547042121202239, 31.800756726815916 ], [ 35.547107637144443, 31.80062592592067 ], [ 35.547173088401117, 31.800477652193244 ], [ 35.547258705245078, 31.800294519090784 ], [ 35.547384797852096, 31.800080840096719 ], [ 35.547465492263818, 31.799949998113892 ], [ 35.547667315871749, 31.799736114733381 ], [ 35.547793398844313, 31.799609518390906 ], [ 35.547914463132166, 31.799509004012652 ], [ 35.548081004843731, 31.799347493173649 ], [ 35.548224412493589, 31.799221272364242 ], [ 35.548413100232501, 31.799025459884703 ], [ 35.548468806473402, 31.798830711143037 ], [ 35.548399640316269, 31.798420705876879 ], [ 35.548287478935052, 31.798117909123686 ], [ 35.548239955256221, 31.797982621914574 ], [ 35.548170263529862, 31.797697606036923 ], [ 35.548178247272254, 31.797536663990023 ], [ 35.548216069112122, 31.797324349716604 ], [ 35.548283835131052, 31.797133936682972 ], [ 35.548432861340117, 31.796877498555922 ], [ 35.548526719761675, 31.796738306523981 ], [ 35.548633186897568, 31.796573434504626 ], [ 35.548726838975547, 31.796423251810644 ], [ 35.548850464060379, 31.79625833319966 ], [ 35.548986930493115, 31.796086052332104 ], [ 35.549084965824143, 31.795961362421046 ], [ 35.549306950701471, 31.795670766114082 ], [ 35.549545452126601, 31.795385338351991 ], [ 35.549664578428292, 31.795253686163949 ], [ 35.549813855263245, 31.795110820087451 ], [ 35.549920344103377, 31.794997238570399 ], [ 35.550265300812171, 31.794634723918556 ], [ 35.550380408669461, 31.794532109669991 ], [ 35.550529423210413, 31.79436373853974 ], [ 35.550623179800191, 31.794243004572305 ], [ 35.550763627449598, 31.794078179239211 ], [ 35.550861548498411, 31.793968283924801 ], [ 35.550976586516725, 31.79384735087022 ], [ 35.551125625711563, 31.793686165436618 ], [ 35.551223559601382, 31.793579933496467 ], [ 35.551338459057568, 31.793466327870625 ], [ 35.55149776922751, 31.793272563526003 ], [ 35.551625304219627, 31.793096781358674 ], [ 35.551739861648379, 31.792892006759015 ], [ 35.551799093074742, 31.792760375018233 ], [ 35.551862409302821, 31.792574058556067 ], [ 35.551882613237403, 31.792329804307993 ], [ 35.551877599994398, 31.792180452112238 ], [ 35.551867750678973, 31.791929093393406 ], [ 35.551832575829678, 31.791743609310036 ], [ 35.55176187244836, 31.791277949716918 ], [ 35.551730440455032, 31.791034399945776 ], [ 35.551708271463674, 31.790885517242369 ], [ 35.551636832378946, 31.790487496916658 ], [ 35.551597369577976, 31.790346270547875 ], [ 35.551523185149584, 31.790140460560185 ], [ 35.551305359717681, 31.789684078987236 ], [ 35.551103415190362, 31.789282890979791 ], [ 35.550918316661296, 31.788930412080866 ], [ 35.550798262743903, 31.788722190029691 ], [ 35.550488242265359, 31.788093723176214 ], [ 35.550415132098486, 31.787953715113847 ], [ 35.550269271228501, 31.787681447997155 ], [ 35.550084920451994, 31.787395194062178 ], [ 35.549964784063192, 31.787208108081543 ], [ 35.549814886896229, 31.787003206973598 ], [ 35.549720514713592, 31.786867906228281 ], [ 35.549630555635659, 31.786721461448401 ], [ 35.549553313661633, 31.786578786737081 ], [ 35.549463204291811, 31.786436146843773 ], [ 35.549364627868236, 31.786279015950853 ], [ 35.549266052302961, 31.786122025885305 ], [ 35.549128317507694, 31.785903986223719 ], [ 35.548986965556587, 31.78568905624126 ], [ 35.548892764030171, 31.785554599849984 ], [ 35.548802907217471, 31.785390540245281 ], [ 35.548700048531771, 31.785190160589949 ], [ 35.548623018620027, 31.78505946216271 ], [ 35.548545974833708, 31.784924959115269 ], [ 35.548464740309427, 31.784772430682214 ], [ 35.548408977671997, 31.784637870042353 ], [ 35.548349036790519, 31.784488665874452 ], [ 35.548301879847848, 31.78436140932908 ], [ 35.548250260102868, 31.784098044393893 ], [ 35.548228658710599, 31.783922245278788 ], [ 35.548197021114447, 31.783530737867093 ], [ 35.54818767122385, 31.783233017267257 ], [ 35.548187008159701, 31.782920054766507 ], [ 35.548164795893783, 31.782534440118543 ], [ 35.548155583049478, 31.782229109880689 ], [ 35.548159189678572, 31.782044647052967 ], [ 35.548171113118975, 31.781789565127756 ], [ 35.548220408813059, 31.781469844846047 ], [ 35.548244970831831, 31.781331403467849 ], [ 35.548269518700117, 31.781189157510639 ], [ 35.548335157144074, 31.780917302930597 ], [ 35.548371489542184, 31.78075008378617 ], [ 35.54841506698012, 31.780579322269411 ], [ 35.548468181010136, 31.780444749221473 ], [ 35.548568158453755, 31.780180551847426 ], [ 35.548633647046884, 31.780046790750109 ], [ 35.548685612020527, 31.779913911646844 ], [ 35.548758428852025, 31.779754625688103 ], [ 35.548822735461279, 31.779569153160917 ], [ 35.548878280907694, 31.779423300429347 ], [ 35.54895072114239, 31.779251615157186 ], [ 35.549023836092672, 31.779084014448451 ], [ 35.54910898893521, 31.778915394731516 ], [ 35.54916420154715, 31.778768979118787 ], [ 35.549232309029328, 31.77858575065758 ], [ 35.54931731147073, 31.778376830502062 ], [ 35.549402462097127, 31.77820792875832 ], [ 35.549500286724303, 31.778031665212218 ], [ 35.549576706064656, 31.777910415104433 ], [ 35.549695864680402, 31.777704643067107 ], [ 35.549776682271656, 31.777568585198562 ], [ 35.54987436728576, 31.777399508220995 ], [ 35.549984919779632, 31.777186431846815 ], [ 35.550108240757119, 31.776991498303431 ], [ 35.550296845228821, 31.776697749257981 ], [ 35.550424288711326, 31.776502804202913 ], [ 35.550509295691185, 31.776384912062696 ], [ 35.550619884780353, 31.776226649615573 ], [ 35.550768618776821, 31.776035169118131 ], [ 35.550874794310431, 31.775887909550441 ], [ 35.550989698232002, 31.775736962438948 ], [ 35.55116394278587, 31.775530616331512 ], [ 35.551372152874386, 31.775276408428098 ], [ 35.551682437369159, 31.774926102011783 ], [ 35.551852471775675, 31.774785713054214 ], [ 35.552073639208807, 31.774600938057173 ], [ 35.552311699441589, 31.774390470620247 ], [ 35.55248604747819, 31.774257255521778 ], [ 35.552773350769947, 31.774026784092705 ], [ 35.552935358641456, 31.773902197737954 ], [ 35.553112544915855, 31.773778556001897 ], [ 35.553289676769218, 31.773640541184278 ], [ 35.553427934128067, 31.773516864727991 ], [ 35.553654848410787, 31.773326716585871 ], [ 35.553798677496857, 31.773193583368734 ], [ 35.55394248815503, 31.773055659043852 ], [ 35.554064267235972, 31.772936818109553 ], [ 35.554224683556555, 31.7727847567132 ], [ 35.554401651630513, 31.772604185483473 ], [ 35.554556458173536, 31.772451998169981 ], [ 35.554678110898394, 31.772300042759696 ], [ 35.554777491215546, 31.772190703814111 ], [ 35.554898964185675, 31.771991261464425 ], [ 35.554914890542427, 31.771796830037477 ], [ 35.554830646885605, 31.771545816390478 ], [ 35.554663232659415, 31.771328216111222 ], [ 35.554445272675792, 31.771003450296583 ], [ 35.554315696750486, 31.770890583816445 ], [ 35.55415269659926, 31.770749556196961 ], [ 35.554009718457259, 31.7706253828092 ], [ 35.553889800696012, 31.770492691284648 ], [ 35.553783094424553, 31.770320296767711 ], [ 35.553716309751948, 31.770193166238805 ], [ 35.553652775936747, 31.770009309805236 ], [ 35.553602166519966, 31.769797165107708 ], [ 35.553588078416134, 31.769559485705848 ], [ 35.553587270476726, 31.769344386215362 ], [ 35.553599313554486, 31.769081552875306 ], [ 35.553625140297449, 31.768931481557249 ], [ 35.553707104789417, 31.768665215500235 ], [ 35.553779294639483, 31.768475350343579 ], [ 35.55387133542046, 31.768257177880326 ], [ 35.553940406806284, 31.768115442532814 ], [ 35.554009478248204, 31.767973777601348 ], [ 35.554124715379992, 31.767783794076429 ], [ 35.554207002404702, 31.767647729217405 ], [ 35.554246198209057, 31.767500439265895 ], [ 35.554262356180793, 31.767367374207389 ], [ 35.554274965088659, 31.767211632102157 ], [ 35.554284461964784, 31.766974028815714 ], [ 35.554264004268852, 31.766841064316075 ], [ 35.554206962812287, 31.766628937418179 ], [ 35.554113114659856, 31.766365971939383 ], [ 35.554032594601367, 31.766094444634689 ], [ 35.553965429388434, 31.765865365517467 ], [ 35.553904989736331, 31.765670298096754 ], [ 35.553847992208823, 31.765469443814542 ], [ 35.553800981411783, 31.765336552044477 ], [ 35.553747304398009, 31.765141395524495 ], [ 35.553699769476424, 31.765000614085807 ], [ 35.553619443424211, 31.76478009599106 ], [ 35.553552514080188, 31.764613298971305 ], [ 35.553475720884194, 31.764454983649745 ], [ 35.553408728304724, 31.764271206843684 ], [ 35.553265134713548, 31.763980053627531 ], [ 35.553151415626097, 31.763694525376678 ], [ 35.553067396941508, 31.763500226588032 ], [ 35.552785035830659, 31.762883946163431 ], [ 35.552621399670414, 31.762568680567913 ], [ 35.551615865819862, 31.760679471840632 ], [ 35.552788448880037, 31.760801400299577 ], [ 35.553687778075094, 31.761105773323209 ], [ 35.554585957678121, 31.761103307518258 ], [ 35.555123774170077, 31.760794992393912 ], [ 35.555662001498305, 31.760640056447667 ], [ 35.556202133164099, 31.760945401603085 ], [ 35.556742849768945, 31.761404195830199 ], [ 35.557645111221838, 31.762475586251796 ], [ 35.558365449978417, 31.762933804742175 ], [ 35.558657985889468, 31.762964203526248 ], [ 35.558561673020755, 31.762576047921289 ], [ 35.558123320428415, 31.761716365038414 ], [ 35.557444079549633, 31.760959438935028 ], [ 35.556845168586818, 31.760202639138932 ], [ 35.556246302516875, 31.759411524222269 ], [ 35.555607169993394, 31.758654618043373 ], [ 35.554873887199726, 31.75789029732762 ] ] ] } }
]
}
