{
"type": "FeatureCollection",
"name": "Areas_A_B_1995_2",
"crs": { "type": "name", "properties": { "name": "urn:ogc:def:crs:OGC:1.3:CRS84" } },
"features": [
{ "type": "Feature", "properties": { "Area": 998385.85058600002 }, "geometry": { "type": "MultiPolygon", "coordinates": [ [ [ [ 35.224282717965394, 32.549023519873991 ], [ 35.225379805264026, 32.547552392688068 ], [ 35.226428963743601, 32.546142694453948 ], [ 35.226247121532111, 32.545354838250041 ], [ 35.225503936803051, 32.544143263211303 ], [ 35.225304849679254, 32.542821132125539 ], [ 35.226082423023975, 32.541134761517121 ], [ 35.227048897719492, 32.539343525386563 ], [ 35.226642007352531, 32.537851230617783 ], [ 35.225128010011233, 32.536221043628188 ], [ 35.223532581710302, 32.535442424560088 ], [ 35.223234388995742, 32.537194649277907 ], [ 35.222865635374497, 32.538831348700874 ], [ 35.22205637023098, 32.539424917586885 ], [ 35.220883901749353, 32.538665367058641 ], [ 35.220056989259348, 32.537316255212232 ], [ 35.219015739365354, 32.536186960120162 ], [ 35.217484320952714, 32.536006782125945 ], [ 35.217536225923951, 32.538364244337153 ], [ 35.217515945792101, 32.539595111337427 ], [ 35.219007319130618, 32.540684915983142 ], [ 35.219801922058977, 32.541712795906101 ], [ 35.21969479891051, 32.542690624668261 ], [ 35.219062288982585, 32.543215958840293 ], [ 35.218334162517166, 32.5429105799114 ], [ 35.217714744971232, 32.540915001156009 ], [ 35.216456373290427, 32.540721255610826 ], [ 35.215202365969134, 32.540813233507073 ], [ 35.216836232333002, 32.543938147672193 ], [ 35.216640210209057, 32.54465166214797 ], [ 35.216755532862543, 32.544985855177558 ], [ 35.216900957964647, 32.545269322692626 ], [ 35.217067566930773, 32.545958567089741 ], [ 35.217086410426369, 32.546287697184916 ], [ 35.217082627831978, 32.546596540586229 ], [ 35.219142364250573, 32.547685156646367 ], [ 35.220285121568423, 32.548235637145432 ], [ 35.221781658711294, 32.548445655314701 ], [ 35.222833011172163, 32.548492282929807 ], [ 35.223819358849688, 32.548714185793457 ], [ 35.224282717965394, 32.549023519873991 ] ] ] ] } },
{ "type": "Feature", "properties": { "Area": 3204776.375 }, "geometry": { "type": "MultiPolygon", "coordinates": [ [ [ [ 35.189212618011204, 32.522955073947827 ], [ 35.190502023915919, 32.522661595664722 ], [ 35.192865452294036, 32.522041328351555 ], [ 35.194636427961434, 32.521909036024461 ], [ 35.195698865484474, 32.520922841343129 ], [ 35.196596144801234, 32.51993550021804 ], [ 35.197342351429597, 32.519652061298636 ], [ 35.19755557004472, 32.519339283650346 ], [ 35.197470341051357, 32.518272413266367 ], [ 35.197326729579345, 32.517399976118 ], [ 35.199438322042489, 32.517679051654817 ], [ 35.198880676842741, 32.518626414275175 ], [ 35.198623631849948, 32.520445653718298 ], [ 35.198697174056484, 32.522482451089154 ], [ 35.19864472742627, 32.523437160440409 ], [ 35.199225224167193, 32.524766117135435 ], [ 35.199928310061338, 32.526070841183071 ], [ 35.200519828231904, 32.527191829290679 ], [ 35.200174370457503, 32.527759347091369 ], [ 35.199131009343382, 32.529058368270292 ], [ 35.198461809927821, 32.53073161825899 ], [ 35.19869990343102, 32.531924735580205 ], [ 35.199302098440192, 32.532885671179642 ], [ 35.200310147827665, 32.533648236298994 ], [ 35.201328866270828, 32.534200576957623 ], [ 35.202330987215376, 32.533766074771897 ], [ 35.20308494646428, 32.533115146206512 ], [ 35.203868342707089, 32.530979734299514 ], [ 35.204532287477001, 32.528984085728943 ], [ 35.205133013996516, 32.52819563000633 ], [ 35.207303085964242, 32.528245757682619 ], [ 35.208086475216732, 32.529421936453389 ], [ 35.208379246615934, 32.530649976272748 ], [ 35.20881758567964, 32.532464136923089 ], [ 35.210262642683034, 32.533220970398631 ], [ 35.210805844858925, 32.533067085671547 ], [ 35.211319928838343, 32.532785266772471 ], [ 35.211722730821627, 32.532390735601098 ], [ 35.212054162736692, 32.531823187353595 ], [ 35.212426001245923, 32.531199277259148 ], [ 35.212194244374878, 32.530351098564424 ], [ 35.21198241501039, 32.529087556945441 ], [ 35.211854421228367, 32.527915310357002 ], [ 35.210890700006367, 32.526543600576794 ], [ 35.209879135631596, 32.525575974964887 ], [ 35.209019271412423, 32.52472105241646 ], [ 35.208295126003222, 32.523784400041642 ], [ 35.207789021691532, 32.522869153883143 ], [ 35.206581953237603, 32.521636621639622 ], [ 35.205295926608883, 32.520545537861715 ], [ 35.205548365059613, 32.520117211599448 ], [ 35.206621822870261, 32.519888381941449 ], [ 35.207213665142923, 32.519366490812168 ], [ 35.206898504795682, 32.518447854509837 ], [ 35.205153376254493, 32.516807845396102 ], [ 35.203333318894238, 32.51476541135289 ], [ 35.201175111964922, 32.512900471420721 ], [ 35.199960725863782, 32.512854220402197 ], [ 35.198208371412363, 32.513306141589659 ], [ 35.198844500712994, 32.514681882462526 ], [ 35.19959139508827, 32.516147797686457 ], [ 35.199555955935033, 32.516500036862439 ], [ 35.197021528678107, 32.515983106326523 ], [ 35.195642988324401, 32.515781254475542 ], [ 35.195111107703354, 32.514945419837694 ], [ 35.194461967887356, 32.514433635026535 ], [ 35.193039619021171, 32.515057966749772 ], [ 35.192130964541491, 32.515387578577965 ], [ 35.191384741488832, 32.514762487834901 ], [ 35.189736724514596, 32.513246826257422 ], [ 35.187662305075513, 32.512299744217458 ], [ 35.185045446056556, 32.512439701473347 ], [ 35.183525324603508, 32.512901598216992 ], [ 35.182102437162513, 32.513478465190246 ], [ 35.181031873539929, 32.514786915303674 ], [ 35.179620449188036, 32.515237513124617 ], [ 35.177971650469011, 32.515333550516353 ], [ 35.176792751958509, 32.514997964253951 ], [ 35.175174919152816, 32.514473464742338 ], [ 35.178402299913103, 32.517794815136867 ], [ 35.178579684219962, 32.517979143871727 ], [ 35.178795971945192, 32.518200676864971 ], [ 35.17976597652121, 32.519419340523243 ], [ 35.181637097179163, 32.521663886416846 ], [ 35.181883328557653, 32.521914162194157 ], [ 35.182153602863089, 32.521783458725999 ], [ 35.182496060763881, 32.521615007114598 ], [ 35.182974201594753, 32.52152322523056 ], [ 35.184454535059409, 32.521168410552754 ], [ 35.184979076992192, 32.521042249741335 ], [ 35.185328785950041, 32.521148820714878 ], [ 35.185657210882923, 32.521246933778215 ], [ 35.187782106232682, 32.521825470095038 ], [ 35.188125490646392, 32.521995153892135 ], [ 35.188390896201902, 32.522074089767365 ], [ 35.188694681503158, 32.52236437399992 ], [ 35.189212618011204, 32.522955073947827 ] ] ] ] } },
{ "type": "Feature", "properties": { "Area": 19354362.603999998 }, "geometry": { "type": "MultiPolygon", "coordinates": [ [ [ [ 35.22608901832907, 32.519430592632851 ], [ 35.226590839469523, 32.52254205474712 ], [ 35.226193694474716, 32.525941663667957 ], [ 35.225671136053805, 32.526598328409463 ], [ 35.225541953712835, 32.527486558386443 ], [ 35.225780565854372, 32.527989798414396 ], [ 35.226389152343138, 32.528168349575886 ], [ 35.227367802288427, 32.527735905939117 ], [ 35.234854476071447, 32.524489763504647 ], [ 35.238646691881314, 32.522483555825801 ], [ 35.24157750634096, 32.520564282748012 ], [ 35.247421640190034, 32.516740189330363 ], [ 35.257948144802647, 32.509963548151759 ], [ 35.26314986970371, 32.506837836319988 ], [ 35.270235558019621, 32.502334096202766 ], [ 35.278480893611011, 32.497062799636339 ], [ 35.281048527133748, 32.495447150388856 ], [ 35.280258819642661, 32.497229125646065 ], [ 35.280067068327831, 32.498353032208804 ], [ 35.279980397835651, 32.499288073845591 ], [ 35.279788472477883, 32.500411979726941 ], [ 35.279587252697461, 32.501161669565363 ], [ 35.278826246937726, 32.501549869127572 ], [ 35.277790024250734, 32.501888629314436 ], [ 35.277616489296371, 32.501946216170346 ], [ 35.277443514418003, 32.502079886565234 ], [ 35.277128474868832, 32.502536573642473 ], [ 35.276857436218698, 32.503129622351473 ], [ 35.2765038993033, 32.503691156917263 ], [ 35.276227533859149, 32.504076807656169 ], [ 35.275953908953063, 32.50456671956988 ], [ 35.275719631418362, 32.504985596759838 ], [ 35.275526087986925, 32.50540388688345 ], [ 35.275661510040209, 32.505922309050604 ], [ 35.275711691826913, 32.506302137313995 ], [ 35.275680565284347, 32.506681448034996 ], [ 35.275202054204286, 32.507141040401834 ], [ 35.275015371554488, 32.507836609787248 ], [ 35.275188622215822, 32.50824849338499 ], [ 35.275485944682259, 32.508694121803678 ], [ 35.275578055815586, 32.509107177791229 ], [ 35.275345648763327, 32.509595937511079 ], [ 35.275443438916902, 32.510252459158487 ], [ 35.275501157319397, 32.510910130481406 ], [ 35.275431700693439, 32.511395980108936 ], [ 35.275372546282746, 32.512296622456837 ], [ 35.294372140470529, 32.50748497917256 ], [ 35.295355787062284, 32.507607133573799 ], [ 35.29625469497612, 32.507624515296477 ], [ 35.296699797536156, 32.507442715094335 ], [ 35.297053593541008, 32.506917757083151 ], [ 35.297250673534364, 32.506636946272337 ], [ 35.297490721832219, 32.506424860783945 ], [ 35.297931313175894, 32.506069475214559 ], [ 35.298813559066211, 32.505431401133158 ], [ 35.299936863527982, 32.50461504497877 ], [ 35.29880814999941, 32.503596370466845 ], [ 35.298526439200501, 32.490935616285235 ], [ 35.296171236816271, 32.491100232239837 ], [ 35.29576047501687, 32.489486981790471 ], [ 35.295461553261809, 32.488480068415342 ], [ 35.295326656861995, 32.487909815804819 ], [ 35.295144500462733, 32.487124306775982 ], [ 35.295538901306664, 32.486711475978439 ], [ 35.295768962971749, 32.486370902493093 ], [ 35.297042277911963, 32.48549810221327 ], [ 35.297433312385273, 32.483121165629072 ], [ 35.285554450379024, 32.473893867872306 ], [ 35.28497992650064, 32.473049981381749 ], [ 35.285310387505483, 32.471968242991771 ], [ 35.290707435556627, 32.468150290159791 ], [ 35.290864254465738, 32.467721291383967 ], [ 35.290498588097449, 32.467700689178884 ], [ 35.289605030188966, 32.467647192512842 ], [ 35.289106849608245, 32.467216946675457 ], [ 35.288472365169724, 32.466761428413399 ], [ 35.287718426784089, 32.46652747653075 ], [ 35.287340265038942, 32.46755571260929 ], [ 35.286320224738432, 32.467679806414445 ], [ 35.285696589238164, 32.46707829756734 ], [ 35.283424887744424, 32.468158453239688 ], [ 35.282795039250416, 32.468808101442235 ], [ 35.28216654404455, 32.46872226210732 ], [ 35.281599573784796, 32.468279630122538 ], [ 35.281434609258923, 32.467588207472652 ], [ 35.281350543513476, 32.467236015730954 ], [ 35.280908348046076, 32.467710263588373 ], [ 35.2799183491192, 32.4679966009057 ], [ 35.279118471335764, 32.467465613685 ], [ 35.276123548340365, 32.466897566810964 ], [ 35.275084135310159, 32.466699771248749 ], [ 35.273596706241712, 32.467011135101934 ], [ 35.273298155750936, 32.467379322507057 ], [ 35.272411253361646, 32.468202644719817 ], [ 35.271289941872325, 32.469192344080078 ], [ 35.270875042981181, 32.469804057783783 ], [ 35.270079890187446, 32.470465001235894 ], [ 35.269567355241172, 32.470997295396884 ], [ 35.2685376121525, 32.471825736054406 ], [ 35.267562063126093, 32.472931990208544 ], [ 35.267111766644902, 32.473853119043 ], [ 35.2658582373097, 32.47883360355884 ], [ 35.267802042552361, 32.479289709489066 ], [ 35.266538383754174, 32.480710581308649 ], [ 35.264837039908592, 32.482684530658481 ], [ 35.263888501454474, 32.483654916949838 ], [ 35.263321693456653, 32.484233424466396 ], [ 35.262711021743982, 32.484857600302462 ], [ 35.260031548853867, 32.488202013649641 ], [ 35.259681980119666, 32.488260217157162 ], [ 35.257626512098341, 32.489277814517607 ], [ 35.254136331877113, 32.491852017102602 ], [ 35.250555063185629, 32.492896580762455 ], [ 35.249382529057883, 32.492942655825587 ], [ 35.249149285248564, 32.49295119277398 ], [ 35.248595207214841, 32.493695886791905 ], [ 35.246827360603007, 32.494897498566559 ], [ 35.244950751195823, 32.496132935587106 ], [ 35.243299279928152, 32.497546368353056 ], [ 35.241537373896698, 32.498993626969302 ], [ 35.240131873465359, 32.500003980565459 ], [ 35.238526795355213, 32.501818046453664 ], [ 35.236875132072278, 32.503265772512023 ], [ 35.235227058411645, 32.504180887026521 ], [ 35.234982867105543, 32.504848232299338 ], [ 35.234168461810874, 32.507852339501589 ], [ 35.234142345858807, 32.510851183891063 ], [ 35.233319922033829, 32.511918806108113 ], [ 35.233084060909981, 32.512222632526338 ], [ 35.231611414645577, 32.513790853451951 ], [ 35.229905994076809, 32.516245059604607 ], [ 35.228627136725201, 32.517228204240816 ], [ 35.228726928707431, 32.518520484708503 ], [ 35.227823418719218, 32.519081986434635 ], [ 35.226855549727929, 32.519682944044995 ], [ 35.22608901832907, 32.519430592632851 ] ] ] ] } },
{ "type": "Feature", "properties": { "Area": 161990.37353499999 }, "geometry": { "type": "MultiPolygon", "coordinates": [ [ [ [ 35.222914556711515, 32.522703834535349 ], [ 35.222706804022906, 32.521692794659103 ], [ 35.222858819958041, 32.520955040468408 ], [ 35.222383392720673, 32.520257955331694 ], [ 35.221808300504783, 32.520114885746004 ], [ 35.221276994538457, 32.519337211455799 ], [ 35.219972631723806, 32.518832971418348 ], [ 35.219635274825229, 32.518202925069353 ], [ 35.219001294009324, 32.517828779986552 ], [ 35.218270519316846, 32.517352633550466 ], [ 35.217724066264573, 32.517287880346359 ], [ 35.217358530836123, 32.518304061773733 ], [ 35.217378658360865, 32.519501113441329 ], [ 35.21827560666943, 32.520159284479732 ], [ 35.219165672698558, 32.520346293241012 ], [ 35.219356217338813, 32.52113867048471 ], [ 35.219503174562966, 32.521814954201304 ], [ 35.220135674582103, 32.522107940554029 ], [ 35.220587205708014, 32.522208201287249 ], [ 35.220963130802922, 32.522641548694409 ], [ 35.221418535969185, 32.522983019989695 ], [ 35.222914556711515, 32.522703834535349 ] ] ] ] } },
{ "type": "Feature", "properties": { "Area": 353702866.80199999 }, "geometry": { "type": "MultiPolygon", "coordinates": [ [ [ [ 35.298526439200501, 32.490935616285235 ], [ 35.300849215665039, 32.490771544700401 ], [ 35.302487721792041, 32.489537713923696 ], [ 35.302663790767888, 32.489247892900799 ], [ 35.302802736970662, 32.489065182172133 ], [ 35.305635823949821, 32.485341006033295 ], [ 35.307577059658762, 32.482956018765748 ], [ 35.310418190335774, 32.47890878942011 ], [ 35.314941137836477, 32.473879384680437 ], [ 35.31917832625701, 32.469204572145905 ], [ 35.319781124346463, 32.468138275008158 ], [ 35.317616226842752, 32.468595056447327 ], [ 35.316016466158644, 32.468022751530498 ], [ 35.315814718483573, 32.467906830939548 ], [ 35.31738565754069, 32.467096117494435 ], [ 35.317774294783938, 32.466876532084555 ], [ 35.319545979511645, 32.465813686434799 ], [ 35.320033172501475, 32.464821886968778 ], [ 35.320347305667276, 32.463539996572116 ], [ 35.320281530257773, 32.461622726669738 ], [ 35.319980044992178, 32.461612295570731 ], [ 35.319710497299553, 32.461624378077943 ], [ 35.319287463069983, 32.461564460714669 ], [ 35.318779270307253, 32.461449951150101 ], [ 35.318099225706277, 32.461194133901678 ], [ 35.317782867101172, 32.461116643835631 ], [ 35.317739871664045, 32.460889556030992 ], [ 35.317721756234327, 32.460623558146423 ], [ 35.317680032156638, 32.460349691237155 ], [ 35.317512350580408, 32.45995363860002 ], [ 35.317291483045274, 32.45968500463124 ], [ 35.317348383292796, 32.459336655295573 ], [ 35.317535224334463, 32.4591076702186 ], [ 35.317731300314485, 32.458822317590659 ], [ 35.317844241110187, 32.458504351374465 ], [ 35.317959637152995, 32.458024632607042 ], [ 35.317883623040842, 32.457705709397523 ], [ 35.317456135547651, 32.457391047297982 ], [ 35.317016202003529, 32.457088230242803 ], [ 35.316599210982744, 32.456924597859114 ], [ 35.316165710925794, 32.456713637202391 ], [ 35.315711391738255, 32.456598503710211 ], [ 35.315211952774746, 32.456413523153387 ], [ 35.314711838071631, 32.456217832993097 ], [ 35.314207335762511, 32.455965222089965 ], [ 35.313789161738384, 32.455776783436065 ], [ 35.313461332612405, 32.455539232854512 ], [ 35.313142630576806, 32.455427917665659 ], [ 35.312907222020897, 32.455346963779981 ], [ 35.312583272776401, 32.455154494742537 ], [ 35.312273808710266, 32.454983992464577 ], [ 35.311886289114227, 32.45485357095469 ], [ 35.310534179179825, 32.454648443839417 ], [ 35.306552261004171, 32.453526811056001 ], [ 35.305208847605861, 32.45229813983498 ], [ 35.305061525944581, 32.450871247027777 ], [ 35.306032751734065, 32.449494179181116 ], [ 35.307391848571172, 32.448467903922783 ], [ 35.30810420606025, 32.44788456670252 ], [ 35.310128422893918, 32.446724704888489 ], [ 35.309133779232965, 32.445877331858867 ], [ 35.308528039382317, 32.444799684838749 ], [ 35.308473757510775, 32.442676682477419 ], [ 35.308930427744762, 32.440434338626154 ], [ 35.309592170653161, 32.438679327861479 ], [ 35.31027060210117, 32.437578065333575 ], [ 35.311080562959425, 32.436582642879216 ], [ 35.311764533070424, 32.435697222904963 ], [ 35.312385424883225, 32.434869903147202 ], [ 35.313004742540969, 32.433986222409963 ], [ 35.313692130323744, 32.433211252716085 ], [ 35.314623539213073, 32.432416340200589 ], [ 35.313915835748737, 32.431904088725823 ], [ 35.314518734006718, 32.429568601097678 ], [ 35.315048689614976, 32.42752060596289 ], [ 35.315153048549114, 32.42591371217938 ], [ 35.314122042169529, 32.422598434945229 ], [ 35.313566884251095, 32.420818527158026 ], [ 35.312492875091259, 32.418676108556809 ], [ 35.311159419730707, 32.417773805440227 ], [ 35.309365468837541, 32.415953778804649 ], [ 35.308163501844966, 32.414494503453561 ], [ 35.30791673457091, 32.41338780847353 ], [ 35.307957678672551, 32.412151250126207 ], [ 35.30829794803136, 32.411218785808536 ], [ 35.308133661156326, 32.41048004950882 ], [ 35.3073995756682, 32.410247323726352 ], [ 35.306385446620766, 32.410451042350942 ], [ 35.305758934589328, 32.410162424095638 ], [ 35.30581487820298, 32.409985974160705 ], [ 35.305820903250435, 32.407947449397959 ], [ 35.305452177117026, 32.406308813423344 ], [ 35.304483234126565, 32.405431506535848 ], [ 35.302878978024523, 32.404815634337908 ], [ 35.301072812915024, 32.404384192091669 ], [ 35.299130238295824, 32.403885758755322 ], [ 35.297376595465934, 32.403295290247236 ], [ 35.296335960047308, 32.403183334692223 ], [ 35.296169472594421, 32.401964400570492 ], [ 35.295511215223286, 32.400238586983285 ], [ 35.295214837894349, 32.399317323032086 ], [ 35.295316575857477, 32.397924042565009 ], [ 35.295749934841325, 32.396178274743789 ], [ 35.2957727805559, 32.395611844852759 ], [ 35.298318537862578, 32.395506835802948 ], [ 35.305282568799718, 32.395379718048261 ], [ 35.307434129124879, 32.395191427671335 ], [ 35.307284110746863, 32.39323700127364 ], [ 35.307971181333549, 32.392119955827852 ], [ 35.310718909010852, 32.39100794849108 ], [ 35.31225532227986, 32.391710010677585 ], [ 35.31374445970696, 32.392298248747004 ], [ 35.316073855691357, 32.392572932057348 ], [ 35.31979080282661, 32.393415541148393 ], [ 35.321276899188369, 32.3933882466238 ], [ 35.324455185236516, 32.393088244912654 ], [ 35.325669157773468, 32.392737090139974 ], [ 35.329093221127202, 32.391740130868243 ], [ 35.329841847101925, 32.391507750386012 ], [ 35.330624173908227, 32.392226117239311 ], [ 35.33633094186461, 32.39745212722395 ], [ 35.335278701468972, 32.397685988886828 ], [ 35.333010965420513, 32.398397325515823 ], [ 35.332556950826834, 32.398540941045148 ], [ 35.332233643935375, 32.401518176534253 ], [ 35.331207640275117, 32.404166416122415 ], [ 35.329384397927321, 32.406616490771533 ], [ 35.335475040128934, 32.411159633100176 ], [ 35.334853780755921, 32.412165165197635 ], [ 35.334178983786373, 32.413027596490451 ], [ 35.333336033879782, 32.414093653466992 ], [ 35.332324946383785, 32.415264703818835 ], [ 35.334821338563216, 32.417555969101585 ], [ 35.338651751714146, 32.42107440189433 ], [ 35.340107883854856, 32.421261081932471 ], [ 35.340471997938572, 32.42357423690089 ], [ 35.340428915992675, 32.4248649101335 ], [ 35.341064978850483, 32.4259485734432 ], [ 35.341634527569269, 32.427419493621429 ], [ 35.342926854640702, 32.430360029550705 ], [ 35.341779239766396, 32.430058637392271 ], [ 35.340796545597968, 32.43027105214243 ], [ 35.339966520048684, 32.430480477072706 ], [ 35.339673973605208, 32.430936737372093 ], [ 35.339695656232543, 32.431772520755032 ], [ 35.340009894253171, 32.432154298092826 ], [ 35.340483772653798, 32.432853767983381 ], [ 35.341556755865668, 32.433221193260351 ], [ 35.34150094186753, 32.433995628874186 ], [ 35.341669716663354, 32.434637375832978 ], [ 35.342517968024111, 32.435135790685813 ], [ 35.343061256725065, 32.435353303716624 ], [ 35.344108468515117, 32.435035971844862 ], [ 35.344524147180692, 32.434814018704117 ], [ 35.34510297040304, 32.434374899346722 ], [ 35.34568904274979, 32.434219819301283 ], [ 35.346533130020283, 32.434276356078747 ], [ 35.347892141818555, 32.434679474040678 ], [ 35.349088529790457, 32.435302001236046 ], [ 35.350876835685277, 32.435983007165447 ], [ 35.352935987041555, 32.437373793384154 ], [ 35.355263316014081, 32.439332324310747 ], [ 35.356485749975391, 32.440952868751786 ], [ 35.357554675361939, 32.443149013590599 ], [ 35.358140984305678, 32.445070142838937 ], [ 35.358415053647605, 32.447064917672215 ], [ 35.358201595475158, 32.448569964224852 ], [ 35.357656329153961, 32.450295777954857 ], [ 35.357142671094387, 32.453236650015036 ], [ 35.35667253254465, 32.454604487784991 ], [ 35.356361640483691, 32.455611434206375 ], [ 35.355978959868608, 32.457120060678996 ], [ 35.3562524763243, 32.457899738738639 ], [ 35.357198084629772, 32.458598572684039 ], [ 35.358050532841936, 32.45893907044222 ], [ 35.358816120506731, 32.459210911074123 ], [ 35.359757859442134, 32.459766015126192 ], [ 35.36043613064134, 32.459895365524723 ], [ 35.361884249328277, 32.46044080763847 ], [ 35.364088067032071, 32.46089961139019 ], [ 35.365318112248247, 32.461593514094339 ], [ 35.365922908235923, 32.461234860804467 ], [ 35.366492871504661, 32.460730843509168 ], [ 35.367148204850771, 32.46029434396609 ], [ 35.367960088308848, 32.459769717864845 ], [ 35.368619918756409, 32.459071699480113 ], [ 35.368947943003185, 32.458781586495803 ], [ 35.369863412393656, 32.458480557499804 ], [ 35.371035679797203, 32.458386019466467 ], [ 35.372202234973926, 32.458080132238521 ], [ 35.372865924662129, 32.457783361802854 ], [ 35.373698744181524, 32.457553427692048 ], [ 35.374366182657091, 32.457399232345523 ], [ 35.375522099214486, 32.456665000978035 ], [ 35.375926493202051, 32.456089026243248 ], [ 35.376328917064001, 32.455440913433286 ], [ 35.376481383059954, 32.454870352831676 ], [ 35.376796282784028, 32.454079769882895 ], [ 35.37678140833227, 32.453511692135628 ], [ 35.376843424278995, 32.452656078433947 ], [ 35.376826585580972, 32.452016427380485 ], [ 35.376716014844853, 32.451021843081072 ], [ 35.376841178049098, 32.449382752869404 ], [ 35.377075410664908, 32.448738248774255 ], [ 35.377308675686557, 32.448023860364891 ], [ 35.377627310111556, 32.447377548444344 ], [ 35.377785974986026, 32.447018323299247 ], [ 35.378182783449894, 32.446156047250597 ], [ 35.378735782174076, 32.444865225235304 ], [ 35.379298756836761, 32.443930012162028 ], [ 35.37978664536363, 32.443352780880467 ], [ 35.380277155739513, 32.442845429209086 ], [ 35.380766996001185, 32.442338076536188 ], [ 35.381341067977843, 32.441828912857318 ], [ 35.381743390117599, 32.441180781628972 ], [ 35.382067701542539, 32.44074635992299 ], [ 35.382551786793222, 32.440027098257119 ], [ 35.382870522028469, 32.439380772243069 ], [ 35.383360993669037, 32.438873408377312 ], [ 35.383685127421266, 32.438441236996191 ], [ 35.384007453574974, 32.437936927723307 ], [ 35.384497245340135, 32.437428996725203 ], [ 35.38537540504749, 32.436882745835632 ], [ 35.385587582084582, 32.436056216660376 ], [ 35.385066788551455, 32.434675039702348 ], [ 35.384908101720612, 32.434330913081396 ], [ 35.384374921486085, 32.433896583672272 ], [ 35.38430475549788, 32.43294872363267 ], [ 35.384907565496697, 32.432894320144833 ], [ 35.38630636014107, 32.432764372848496 ], [ 35.386690066718046, 32.432727748355944 ], [ 35.38781029687982, 32.432460670913471 ], [ 35.389508897220843, 32.432056345910944 ], [ 35.391274733696072, 32.431635554145522 ], [ 35.39259752016946, 32.431319101072347 ], [ 35.393738463947791, 32.430407191609468 ], [ 35.394516658111549, 32.429783814846346 ], [ 35.395209613628857, 32.42829150443923 ], [ 35.395588405166436, 32.426329631687615 ], [ 35.396091603283203, 32.423423551713597 ], [ 35.395719982931418, 32.420429752297025 ], [ 35.395934676085893, 32.419755933489981 ], [ 35.395579715574442, 32.419296017734858 ], [ 35.39554440012558, 32.41901258441397 ], [ 35.394662742569174, 32.416356017096724 ], [ 35.393929904261725, 32.414146711262042 ], [ 35.392765426793744, 32.41186703354478 ], [ 35.392385675261949, 32.411123657888716 ], [ 35.390428766728213, 32.409700107767549 ], [ 35.389637469878835, 32.409124153944518 ], [ 35.389400430661397, 32.40895091542599 ], [ 35.387195625940912, 32.4082620402205 ], [ 35.38403853849772, 32.409782645999421 ], [ 35.383888485594312, 32.408825314814933 ], [ 35.384103794464828, 32.408347644410476 ], [ 35.384298434535211, 32.40791790855247 ], [ 35.384494759186609, 32.407751931685361 ], [ 35.385062837235836, 32.407272064179224 ], [ 35.386032134429456, 32.40676681836748 ], [ 35.38637109523647, 32.40642028298759 ], [ 35.386505005399542, 32.406027264875156 ], [ 35.386564106693193, 32.405600539135904 ], [ 35.386626814942659, 32.405150700787544 ], [ 35.386403106999907, 32.404329304492478 ], [ 35.386187767059255, 32.403869159213379 ], [ 35.38605688967349, 32.40328771915226 ], [ 35.386277776897821, 32.402870904759467 ], [ 35.386552530587714, 32.402482755404151 ], [ 35.386945396041625, 32.401861670137194 ], [ 35.387279223349289, 32.401368605101432 ], [ 35.387515946057867, 32.400491872747679 ], [ 35.387427763100121, 32.399918262088136 ], [ 35.3873422941952, 32.399372263485326 ], [ 35.387380951130169, 32.398776488350059 ], [ 35.388002992047745, 32.397997823768563 ], [ 35.388473119832398, 32.397409872856734 ], [ 35.388956805900285, 32.39695885372025 ], [ 35.389371113465749, 32.396448193533949 ], [ 35.389568585864474, 32.396128909178316 ], [ 35.388856165885244, 32.395488583275359 ], [ 35.388199427788372, 32.394867334292918 ], [ 35.387696945723, 32.394148919323946 ], [ 35.387117180536592, 32.39339567143071 ], [ 35.385688148301526, 32.392383264226069 ], [ 35.386650216997275, 32.391253560131915 ], [ 35.387574096494049, 32.39046713335776 ], [ 35.387333984604268, 32.389320002658664 ], [ 35.388193781011239, 32.388471668673276 ], [ 35.388259942865631, 32.388260787628205 ], [ 35.388654591976334, 32.387000012650049 ], [ 35.389806687891308, 32.386434728296855 ], [ 35.389979844215986, 32.385116787687409 ], [ 35.389341764979882, 32.383106816722986 ], [ 35.387531462898124, 32.381024155307486 ], [ 35.385057207398376, 32.37950432529091 ], [ 35.384458235202807, 32.379305669140706 ], [ 35.382479374074904, 32.379142782397786 ], [ 35.380424300698571, 32.378205589989363 ], [ 35.378774770428898, 32.377201862895433 ], [ 35.37900025427696, 32.376859447940802 ], [ 35.379219691915672, 32.376309637517032 ], [ 35.378975529577367, 32.375917149173858 ], [ 35.378610715076725, 32.375378855621157 ], [ 35.378653569604872, 32.374782511398479 ], [ 35.378932703775511, 32.37428165168167 ], [ 35.379456488365989, 32.374172151471249 ], [ 35.379986065249518, 32.374311187066404 ], [ 35.380578025985287, 32.374597795549974 ], [ 35.380931190171196, 32.374690295018638 ], [ 35.381332227178468, 32.374384827253671 ], [ 35.381350317237249, 32.372847310587943 ], [ 35.381578874686298, 32.372644094875149 ], [ 35.382155221195937, 32.372336123580837 ], [ 35.382738025516787, 32.372274995833337 ], [ 35.383270282066974, 32.372513206899264 ], [ 35.38392194135168, 32.372848184373801 ], [ 35.384451516132046, 32.372986637651898 ], [ 35.385034490177205, 32.372926062645085 ], [ 35.385010966081467, 32.372033922980656 ], [ 35.384770738439215, 32.371790229497485 ], [ 35.384756540024057, 32.371245251842183 ], [ 35.384688944779256, 32.370899300133736 ], [ 35.384971814973014, 32.370546647436441 ], [ 35.385781291857839, 32.370184220180747 ], [ 35.386068105701625, 32.369980348875508 ], [ 35.386230307956488, 32.369481331932221 ], [ 35.386510644570563, 32.369029486333773 ], [ 35.386857152076111, 32.36887399631857 ], [ 35.387607339452153, 32.368512770257048 ], [ 35.388004540678907, 32.368059060662311 ], [ 35.388402999403276, 32.367654380892503 ], [ 35.388861154687866, 32.367298645476424 ], [ 35.38944139685497, 32.367138861054102 ], [ 35.389801023718469, 32.367479309011358 ], [ 35.390836717322657, 32.366864588596805 ], [ 35.391231200931934, 32.36631167971202 ], [ 35.391218227729006, 32.365815733523519 ], [ 35.391612704487741, 32.365262823378693 ], [ 35.391708515298248, 32.364467445525484 ], [ 35.391924546324809, 32.363766573138641 ], [ 35.392373483304866, 32.363063662591649 ], [ 35.392883542197559, 32.362458724991242 ], [ 35.39328195584266, 32.362054593212875 ], [ 35.393738631202361, 32.361648681912271 ], [ 35.394471779128445, 32.360643248470915 ], [ 35.395332233943961, 32.360031572673314 ], [ 35.395554065184555, 32.359580922209162 ], [ 35.39595118777261, 32.359127187236524 ], [ 35.396287175210205, 32.358574914427635 ], [ 35.396389604322707, 32.358027505206095 ], [ 35.396494731918018, 32.357579284949701 ], [ 35.396946137307125, 32.356975547035937 ], [ 35.399014033850726, 32.355597194571679 ], [ 35.399834405873911, 32.355680465788581 ], [ 35.400419630222601, 32.355719009499531 ], [ 35.401060744962194, 32.355657142946946 ], [ 35.401577218425857, 32.355300142769892 ], [ 35.401921108146674, 32.355045422067299 ], [ 35.402560946955035, 32.354933953280089 ], [ 35.403318911732768, 32.354870200832266 ], [ 35.403837799131324, 32.354711574038845 ], [ 35.404188315165527, 32.354605626519515 ], [ 35.40500663788044, 32.354589674137316 ], [ 35.406461417676468, 32.354363603655393 ], [ 35.40704154597185, 32.35420373837308 ], [ 35.409485095957976, 32.353809779265831 ], [ 35.410525929913845, 32.353393274608031 ], [ 35.411783719383777, 32.352327703595094 ], [ 35.413048802048813, 32.351559687637462 ], [ 35.412034826371922, 32.350785286234789 ], [ 35.411387213459527, 32.350599235998942 ], [ 35.410865542336964, 32.35075846201876 ], [ 35.41050667980857, 32.350467668642551 ], [ 35.410490889440538, 32.349872534746147 ], [ 35.409722449380951, 32.34954013771361 ], [ 35.408847850817942, 32.349606372060556 ], [ 35.408721756218803, 32.349261654213642 ], [ 35.408291916959769, 32.348476130021304 ], [ 35.408038629116774, 32.347737098037591 ], [ 35.407271654578871, 32.347454280198569 ], [ 35.406401299193661, 32.346956892216319 ], [ 35.405080453522046, 32.347198529751765 ], [ 35.403276983641689, 32.34769509820466 ], [ 35.402646374006494, 32.347219850035145 ], [ 35.401856987702075, 32.346619728392319 ], [ 35.401057988579318, 32.346635066472551 ], [ 35.400404606860299, 32.347136558948584 ], [ 35.400011481243467, 32.347407696493178 ], [ 35.399479612232192, 32.347456425997947 ], [ 35.398796195533485, 32.347347579278605 ], [ 35.399743108166142, 32.345640666897545 ], [ 35.400137213639638, 32.343746363917553 ], [ 35.400541248374395, 32.342230782313933 ], [ 35.40113312357542, 32.341087445356621 ], [ 35.401464913453353, 32.340175024054304 ], [ 35.401707081898259, 32.339266123548519 ], [ 35.402211958493417, 32.338199566612779 ], [ 35.402728762654313, 32.337584995519784 ], [ 35.403378257289553, 32.33693696070381 ], [ 35.39781067901167, 32.330455766019291 ], [ 35.396725070640642, 32.329064769203875 ], [ 35.394683233517242, 32.326445995542379 ], [ 35.393047407671112, 32.323990025438519 ], [ 35.391142110527497, 32.319715691204216 ], [ 35.391013759280703, 32.314575836028894 ], [ 35.391207996871664, 32.314062671165139 ], [ 35.391384073692407, 32.313594621010473 ], [ 35.391915941223118, 32.312189336281541 ], [ 35.39210187069763, 32.311031421604127 ], [ 35.392396433215993, 32.309213366656621 ], [ 35.392994261774277, 32.305470719343198 ], [ 35.395765475523859, 32.29785453004061 ], [ 35.397726400456648, 32.292108988336004 ], [ 35.397884178476481, 32.287824794478055 ], [ 35.398157472271357, 32.283815459267139 ], [ 35.398637934517367, 32.279432696212076 ], [ 35.39836582869556, 32.278373537521205 ], [ 35.397866964942004, 32.276435501936959 ], [ 35.396795212770868, 32.274780703919404 ], [ 35.396513673694535, 32.274343774888195 ], [ 35.395722485617235, 32.27311688007606 ], [ 35.393652904114489, 32.27264882408312 ], [ 35.391177127199981, 32.273203152013785 ], [ 35.387816984783669, 32.273081828778459 ], [ 35.384895533030551, 32.273136762072504 ], [ 35.379764287619565, 32.273601074904811 ], [ 35.374794269906225, 32.274017055460192 ], [ 35.371449750576595, 32.27419060503464 ], [ 35.370630865932654, 32.274233392290967 ], [ 35.369021844142615, 32.27435103892735 ], [ 35.367226758460824, 32.274481868013645 ], [ 35.364297106506321, 32.274811938636979 ], [ 35.361328127453049, 32.275142553802667 ], [ 35.35846543426532, 32.275471278769103 ], [ 35.35702073598231, 32.275689457393604 ], [ 35.356060531837763, 32.275836024326672 ], [ 35.353132083934803, 32.276447637369344 ], [ 35.35130451432655, 32.276941804036319 ], [ 35.347755886444297, 32.276511905670603 ], [ 35.34543170388595, 32.276246246181245 ], [ 35.342783919131492, 32.275628081710671 ], [ 35.342383835589921, 32.273513870445178 ], [ 35.341174181849382, 32.272546347558283 ], [ 35.338195523544329, 32.271487704200879 ], [ 35.335690974740402, 32.270242508315128 ], [ 35.333825083586625, 32.269422696037438 ], [ 35.332264171966699, 32.268698360769399 ], [ 35.32974462579714, 32.267527457428542 ], [ 35.327344543880876, 32.266232393823408 ], [ 35.324411313276961, 32.266525472183687 ], [ 35.321356914827177, 32.267007966542245 ], [ 35.317616454553466, 32.267387863822378 ], [ 35.314736131229168, 32.266919801051877 ], [ 35.312979816517263, 32.265154979157401 ], [ 35.312197496957602, 32.265643169173309 ], [ 35.31167493945572, 32.265911890911923 ], [ 35.310875046311772, 32.265705723972239 ], [ 35.310340315660511, 32.265492002955654 ], [ 35.309975262788406, 32.265016060733814 ], [ 35.309644608409975, 32.264167544522444 ], [ 35.309135573302548, 32.263214344424917 ], [ 35.308586130398474, 32.26244434779359 ], [ 35.308440940322576, 32.261928766850211 ], [ 35.308288654512687, 32.261151114135728 ], [ 35.308001599984642, 32.260265922723455 ], [ 35.307548364421002, 32.259791736162938 ], [ 35.306513399292541, 32.258994508784383 ], [ 35.305391978442664, 32.25827342897373 ], [ 35.304021269312805, 32.257630877395229 ], [ 35.301356948836187, 32.257688747443758 ], [ 35.301247557755232, 32.256642211810927 ], [ 35.301052437704918, 32.255904035015874 ], [ 35.300769275096776, 32.255167615841906 ], [ 35.300138978557683, 32.254660284307924 ], [ 35.299496783246099, 32.253707144590905 ], [ 35.299038955826269, 32.253048066919355 ], [ 35.298924632113305, 32.252010549894997 ], [ 35.29890595707689, 32.25126941904005 ], [ 35.298363905780157, 32.250760885041267 ], [ 35.298076814648979, 32.249875669497087 ], [ 35.29814271743534, 32.248983428466204 ], [ 35.298123883630552, 32.248242297250194 ], [ 35.297660725714223, 32.247360028915189 ], [ 35.296750199630686, 32.246262787981365 ], [ 35.295939950927327, 32.245610155017324 ], [ 35.294868902860138, 32.245111005378043 ], [ 35.293450083598714, 32.244839226555079 ], [ 35.292485881142106, 32.245079999766837 ], [ 35.291879171273216, 32.245535253592109 ], [ 35.291346332640998, 32.245396409978831 ], [ 35.290461019548417, 32.245265695195869 ], [ 35.289394853423779, 32.244987430457854 ], [ 35.288593962561883, 32.244704471357565 ], [ 35.28805184191279, 32.244195892535906 ], [ 35.287252852909226, 32.243986756408248 ], [ 35.286098512694963, 32.243712466823169 ], [ 35.284774106731419, 32.243662027752563 ], [ 35.283452815366665, 32.243760365637399 ], [ 35.282580406099164, 32.244145853376807 ], [ 35.281711101722777, 32.244682380380311 ], [ 35.28093425726783, 32.24536369288888 ], [ 35.280528573423673, 32.246780286984546 ], [ 35.280301173200421, 32.248267787189832 ], [ 35.280432084767249, 32.249972060805561 ], [ 35.280900748313684, 32.251077577678686 ], [ 35.280377154883801, 32.251307845844963 ], [ 35.279778549661842, 32.252062875972115 ], [ 35.279092944086123, 32.252891223717882 ], [ 35.278760666385217, 32.253713160490072 ], [ 35.277966935756965, 32.253727715370374 ], [ 35.276913721943458, 32.253967294122063 ], [ 35.275958624850027, 32.254579917133675 ], [ 35.274922658975669, 32.255486781444382 ], [ 35.273900890480277, 32.256991053744478 ], [ 35.272686572214326, 32.256282697159925 ], [ 35.271199791330652, 32.256189933120623 ], [ 35.269292261745314, 32.256224180199567 ], [ 35.266896240054898, 32.256508319414024 ], [ 35.265209806887547, 32.256896904702948 ], [ 35.263383782754403, 32.257351474844626 ], [ 35.261416296364608, 32.257806082497432 ], [ 35.259882330776229, 32.258674721597728 ], [ 35.258873913063212, 32.258852696918261 ], [ 35.257986837405682, 32.258687939225744 ], [ 35.257276735923348, 32.258592425111665 ], [ 35.256884779140044, 32.25838067201132 ], [ 35.256339180712949, 32.257130251545306 ], [ 35.255768414349262, 32.256211803854448 ], [ 35.253518996845479, 32.255074773677123 ], [ 35.252905611399534, 32.25500455964788 ], [ 35.251756048511247, 32.255379231597715 ], [ 35.251338544943927, 32.255416021935119 ], [ 35.250715000508862, 32.254933239869864 ], [ 35.249969065071703, 32.254727794135228 ], [ 35.247233489487229, 32.254776657923429 ], [ 35.24672302867544, 32.254950421286935 ], [ 35.244471213332481, 32.256331995531291 ], [ 35.24307590260446, 32.257204332045447 ], [ 35.241548517356001, 32.257941426042017 ], [ 35.24059188528004, 32.258314812176813 ], [ 35.239627158833095, 32.258359046293961 ], [ 35.238433715808178, 32.258272014224076 ], [ 35.238017373437685, 32.25836061214639 ], [ 35.236619785554026, 32.25915171818977 ], [ 35.235472960000671, 32.259636708216576 ], [ 35.234771458404218, 32.259922064365718 ], [ 35.233835189899388, 32.259830417926644 ], [ 35.233424883599639, 32.26016416867219 ], [ 35.232526489013388, 32.26029062003537 ], [ 35.231630611604139, 32.260525277151622 ], [ 35.230394282944104, 32.261313461177821 ], [ 35.229667622658503, 32.261872143795003 ], [ 35.228677728087014, 32.262218956600861 ], [ 35.227660008244129, 32.262728085735198 ], [ 35.226586645966854, 32.263597361601903 ], [ 35.225285219647851, 32.264357326312613 ], [ 35.224713004813438, 32.264669658123331 ], [ 35.224161911376889, 32.26451475351351 ], [ 35.222998229505031, 32.264316540406355 ], [ 35.222479649261423, 32.264188113205243 ], [ 35.221464546807539, 32.264807658950573 ], [ 35.221083173791669, 32.26503315284161 ], [ 35.219931516004536, 32.265328629946872 ], [ 35.218106249631823, 32.265728438781039 ], [ 35.215957135414527, 32.265161664744618 ], [ 35.2152632029252, 32.26442734592068 ], [ 35.214440291046301, 32.26392354896965 ], [ 35.212253562009174, 32.262929500233184 ], [ 35.210348484488541, 32.262387413838979 ], [ 35.209013937712477, 32.263100996816988 ], [ 35.208027132302817, 32.264209644929764 ], [ 35.207844250908302, 32.265015045019297 ], [ 35.207899893023061, 32.26731174306488 ], [ 35.207452999525948, 32.268410788516732 ], [ 35.206867779351946, 32.26933849845755 ], [ 35.206489689450606, 32.270495026686064 ], [ 35.206129016701439, 32.272339153552437 ], [ 35.206301694628891, 32.273884560468339 ], [ 35.206501105745453, 32.276523926312969 ], [ 35.206549582356466, 32.278531490932487 ], [ 35.206775505303277, 32.279504271028514 ], [ 35.207226035165185, 32.281333726772338 ], [ 35.20699154835102, 32.282830105296007 ], [ 35.206285658921885, 32.284393560020334 ], [ 35.205696175077229, 32.285150489763225 ], [ 35.204508884059855, 32.286377465560015 ], [ 35.203590940638406, 32.287540744562413 ], [ 35.202848798260511, 32.288929461051389 ], [ 35.203311069072441, 32.291115126559674 ], [ 35.203481907045855, 32.292960934113189 ], [ 35.203665531305134, 32.294053201444228 ], [ 35.205678110387737, 32.298044644792967 ], [ 35.206647008730307, 32.301468527117748 ], [ 35.206726149718953, 32.301748636916983 ], [ 35.207173439884009, 32.302570362573881 ], [ 35.210277658858494, 32.300694581806624 ], [ 35.214459183244223, 32.299872582938178 ], [ 35.219500166362018, 32.300257585917251 ], [ 35.223961187254041, 32.299744093673432 ], [ 35.226073655091298, 32.299532960692702 ], [ 35.227553734505868, 32.30002754243921 ], [ 35.228155499729773, 32.300889745026176 ], [ 35.226973120227328, 32.302797761696795 ], [ 35.226214949917846, 32.303487182604933 ], [ 35.225893446738937, 32.303555997429967 ], [ 35.22608068320919, 32.303967959849949 ], [ 35.225629873405794, 32.308734996152367 ], [ 35.224563150267528, 32.308404335825472 ], [ 35.224374053276776, 32.308597118272857 ], [ 35.222415026119862, 32.310586369340449 ], [ 35.221082411695775, 32.314316477893236 ], [ 35.22131311348452, 32.315583990085678 ], [ 35.232197021277045, 32.319630420056278 ], [ 35.232523452351778, 32.320842092893166 ], [ 35.232976127345658, 32.321918471589726 ], [ 35.233626933648779, 32.322448108636877 ], [ 35.234559635253547, 32.322853119151389 ], [ 35.235488653681053, 32.32313864000016 ], [ 35.23741233152515, 32.32346560427743 ], [ 35.238902809672574, 32.3235001489114 ], [ 35.240470046914339, 32.323771930498395 ], [ 35.241615194812624, 32.324173446251834 ], [ 35.2421823747964, 32.324163132881075 ], [ 35.242965659131478, 32.324271107528752 ], [ 35.243814053828615, 32.324133890118482 ], [ 35.24444567765665, 32.323881761160145 ], [ 35.24551000735687, 32.323862820066147 ], [ 35.246439070376518, 32.324148260222984 ], [ 35.247443561148579, 32.324612893248172 ], [ 35.248723180674702, 32.324709389839015 ], [ 35.249436977499087, 32.324877090496805 ], [ 35.250297921782511, 32.325283137286682 ], [ 35.251023755165605, 32.325933267764199 ], [ 35.252075929237307, 32.328324800374446 ], [ 35.252388346553204, 32.329464284325347 ], [ 35.251975749755125, 32.33001282481559 ], [ 35.251209508608845, 32.330569949617342 ], [ 35.250439545490686, 32.33100533318153 ], [ 35.251233403184301, 32.331532008307846 ], [ 35.2525131252142, 32.331630720674021 ], [ 35.253366682828165, 32.331735222170501 ], [ 35.2542076655008, 32.33129866558351 ], [ 35.254545509607567, 32.330629536940613 ], [ 35.255168981704806, 32.330016652875642 ], [ 35.256587018777608, 32.329991275914004 ], [ 35.25730223450514, 32.330219800277433 ], [ 35.257812017607016, 32.330751625252269 ], [ 35.258259789767919, 32.33164756105446 ], [ 35.258717245638124, 32.332904195736916 ], [ 35.259021614854674, 32.333742139254205 ], [ 35.259267531481697, 32.335063113422862 ], [ 35.259577868036814, 32.336142273895781 ], [ 35.259609338489945, 32.337406416808605 ], [ 35.259562292664079, 32.338372449051676 ], [ 35.259379795504458, 32.339579197684145 ], [ 35.259181662259131, 32.340185154473815 ], [ 35.259577155491733, 32.341805897051678 ], [ 35.259748506009956, 32.343006290704942 ], [ 35.259986971101043, 32.344025738681957 ], [ 35.259937029969258, 32.344870033702101 ], [ 35.25903459006414, 32.34567073986836 ], [ 35.257630603602927, 32.34629749971964 ], [ 35.256648250122517, 32.346736954787225 ], [ 35.253832028865325, 32.347630268437186 ], [ 35.253519702776956, 32.347730711215846 ], [ 35.252022081227295, 32.349403486105182 ], [ 35.251788840397246, 32.349664520614368 ], [ 35.251387052388516, 32.350113859870213 ], [ 35.24820188333176, 32.351083833869254 ], [ 35.24652193126429, 32.351859919035611 ], [ 35.245086450104772, 32.352620122343893 ], [ 35.244172790074117, 32.352911794656372 ], [ 35.241518417698011, 32.352958818826366 ], [ 35.238140691399309, 32.352236669398259 ], [ 35.237241670685364, 32.353127393853917 ], [ 35.238040025551932, 32.354724987688869 ], [ 35.238499325904712, 32.355580408038321 ], [ 35.238441476990133, 32.357134830129915 ], [ 35.239866115667262, 32.358466785677031 ], [ 35.239454891949876, 32.359238467570719 ], [ 35.238910233798791, 32.360555748252075 ], [ 35.237715302949667, 32.362781720735647 ], [ 35.236703716668117, 32.36441867396541 ], [ 35.235642236865459, 32.363490694687933 ], [ 35.233444010940957, 32.362787849071793 ], [ 35.230812240921992, 32.362219193065677 ], [ 35.227172428644309, 32.362035042417595 ], [ 35.226145741631086, 32.361683538032494 ], [ 35.225736643487764, 32.361460986411856 ], [ 35.224356781603483, 32.360707680754686 ], [ 35.223481892561686, 32.361347500747478 ], [ 35.222283135473234, 32.361289625741271 ], [ 35.221169265563205, 32.36063318618347 ], [ 35.219633736245427, 32.360842476141002 ], [ 35.218561020161836, 32.360992518414562 ], [ 35.217497737471909, 32.360965580568674 ], [ 35.217481553523292, 32.361554542941391 ], [ 35.218130364021967, 32.361876852442592 ], [ 35.219354133656701, 32.362578957218247 ], [ 35.22072588125134, 32.363517742362987 ], [ 35.220755316427748, 32.364723275719982 ], [ 35.221065297243904, 32.365801962455222 ], [ 35.221441149365596, 32.366638855708395 ], [ 35.221808815568892, 32.367173660222662 ], [ 35.221823540577439, 32.367775017456729 ], [ 35.221634793518078, 32.368743304960013 ], [ 35.22180703390805, 32.370005177268126 ], [ 35.222268697577945, 32.371442287338724 ], [ 35.222574200582912, 32.372341182160199 ], [ 35.222590437969721, 32.37300340714323 ], [ 35.222477943975022, 32.374209522268018 ], [ 35.222720592766713, 32.375411077185284 ], [ 35.222895031803397, 32.376733814861183 ], [ 35.223132508124991, 32.37775332734541 ], [ 35.223511276518757, 32.378709131399397 ], [ 35.224176666479828, 32.379782117734415 ], [ 35.224412657868577, 32.380743013454527 ], [ 35.224576908835132, 32.381641924425104 ], [ 35.224821113437805, 32.382904342077509 ], [ 35.225276193022182, 32.384100219852996 ], [ 35.225821635735244, 32.386079479644089 ], [ 35.226526858169741, 32.388776730202331 ], [ 35.227085610319264, 32.391296469338577 ], [ 35.227267692686418, 32.392921283641023 ], [ 35.228249106618051, 32.395311311561258 ], [ 35.229081854752657, 32.397404908890309 ], [ 35.229691150451799, 32.39908261168992 ], [ 35.230598754624019, 32.401354842344361 ], [ 35.230995517289074, 32.403034272551601 ], [ 35.231026613981946, 32.404298409425039 ], [ 35.230883137288934, 32.404943755756157 ], [ 35.231381763135239, 32.405043406282047 ], [ 35.232214607733574, 32.40529909727772 ], [ 35.233961923040667, 32.406510428227676 ], [ 35.235093784304929, 32.407840804543945 ], [ 35.235960766768017, 32.406815411846345 ], [ 35.236717009555342, 32.405963065048425 ], [ 35.237127552719954, 32.405416835807834 ], [ 35.237900878212393, 32.404559968529277 ], [ 35.238883489585767, 32.40466227778078 ], [ 35.2422287882559, 32.404178880935369 ], [ 35.243169939716005, 32.404035441849565 ], [ 35.247343717504052, 32.403393281472283 ], [ 35.247979776983485, 32.403296124823378 ], [ 35.249870675857274, 32.403007459821232 ], [ 35.250536427973749, 32.410685630708066 ], [ 35.250239694784895, 32.418081782077337 ], [ 35.249300435914215, 32.424330115781011 ], [ 35.247530533656246, 32.42917030567714 ], [ 35.246495449604033, 32.431860682742112 ], [ 35.244672297567064, 32.434564830786385 ], [ 35.24160011457662, 32.437689765911095 ], [ 35.237742045640125, 32.440545438323035 ], [ 35.236729079977714, 32.438881416096926 ], [ 35.236262916136177, 32.43808912479205 ], [ 35.234822459316874, 32.436762221965495 ], [ 35.234166812894529, 32.436155953611426 ], [ 35.232710383991034, 32.434560760112113 ], [ 35.23118653214992, 32.432892296705447 ], [ 35.229600712173593, 32.431621723086536 ], [ 35.226583422186295, 32.428589035248251 ], [ 35.223470353079826, 32.425744528219582 ], [ 35.222068953080949, 32.423392858615337 ], [ 35.220796138387833, 32.42069623669893 ], [ 35.219644877778144, 32.418299981527355 ], [ 35.218898093307281, 32.418657951604523 ], [ 35.216605753720764, 32.420053088503778 ], [ 35.213710728137549, 32.422047892673184 ], [ 35.209284158253183, 32.425363196922007 ], [ 35.206105392121039, 32.427700499783093 ], [ 35.204355048813895, 32.428964086222727 ], [ 35.202709158122978, 32.430070970797438 ], [ 35.201392340917657, 32.431234764807854 ], [ 35.199718776129366, 32.432684273408476 ], [ 35.198014572772117, 32.434346232153601 ], [ 35.197288742866689, 32.435901143961559 ], [ 35.196985432671916, 32.437073961450587 ], [ 35.196209915760896, 32.43828281803912 ], [ 35.193744053006789, 32.440066401470609 ], [ 35.190912645864913, 32.440095436809607 ], [ 35.190797682317708, 32.445532954688709 ], [ 35.189998199224846, 32.450187000182943 ], [ 35.187761875873022, 32.451965980365337 ], [ 35.187703514506929, 32.453953192849553 ], [ 35.18764443306867, 32.45532778193656 ], [ 35.189539204951203, 32.459478861188472 ], [ 35.190060607572576, 32.462177953345623 ], [ 35.190797148932049, 32.4656660908269 ], [ 35.191091777099103, 32.467090312563606 ], [ 35.191035872114448, 32.469753828955476 ], [ 35.191720253665657, 32.470170392042967 ], [ 35.192866868985618, 32.470572341277816 ], [ 35.194082644372983, 32.470913981719335 ], [ 35.195019510164833, 32.471438756310576 ], [ 35.196387849563742, 32.47219913222888 ], [ 35.19704184308403, 32.47279206757738 ], [ 35.19741791726527, 32.473629018263935 ], [ 35.197365831200315, 32.474414094354664 ], [ 35.197457517295213, 32.47525835513818 ], [ 35.19804487373019, 32.476032756786104 ], [ 35.198770875329778, 32.476682608841202 ], [ 35.200338485670862, 32.476835401686401 ], [ 35.202827294838457, 32.476913796246912 ], [ 35.204353360953334, 32.477081191860329 ], [ 35.206775908021847, 32.479052037777265 ], [ 35.208520848027199, 32.480962556519458 ], [ 35.209381127146678, 32.481905408148769 ], [ 35.211655679112553, 32.484447078781571 ], [ 35.212887659119204, 32.488210639424977 ], [ 35.214779556321169, 32.493225296179979 ], [ 35.21760315706598, 32.498987705406485 ], [ 35.217180952281588, 32.502027169761035 ], [ 35.211044634722768, 32.502978412955159 ], [ 35.212640387689653, 32.505671695809603 ], [ 35.216096562619668, 32.511010268243851 ], [ 35.217845581566905, 32.512510357521286 ], [ 35.219936004067392, 32.514719370398922 ], [ 35.222259399597924, 32.516388964224426 ], [ 35.224342227850151, 32.517953162698063 ], [ 35.22522719517422, 32.519146128026293 ], [ 35.22608901832907, 32.519430592632851 ], [ 35.226855549727929, 32.519682944044995 ], [ 35.227823418719218, 32.519081986434635 ], [ 35.228726928707431, 32.518520484708503 ], [ 35.228627136725201, 32.517228204240816 ], [ 35.229905994076809, 32.516245059604607 ], [ 35.231611414645577, 32.513790853451951 ], [ 35.233084060909981, 32.512222632526338 ], [ 35.233319922033829, 32.511918806108113 ], [ 35.234142345858807, 32.510851183891063 ], [ 35.234168461810874, 32.507852339501589 ], [ 35.234982867105543, 32.504848232299338 ], [ 35.235227058411645, 32.504180887026521 ], [ 35.236875132072278, 32.503265772512023 ], [ 35.238526795355213, 32.501818046453664 ], [ 35.240131873465359, 32.500003980565459 ], [ 35.241537373896698, 32.498993626969302 ], [ 35.243299279928152, 32.497546368353056 ], [ 35.244950751195823, 32.496132935587106 ], [ 35.246827360603007, 32.494897498566559 ], [ 35.248595207214841, 32.493695886791905 ], [ 35.249149285248564, 32.49295119277398 ], [ 35.249382529057883, 32.492942655825587 ], [ 35.250555063185629, 32.492896580762455 ], [ 35.254136331877113, 32.491852017102602 ], [ 35.257626512098341, 32.489277814517607 ], [ 35.259681980119666, 32.488260217157162 ], [ 35.260031548853867, 32.488202013649641 ], [ 35.262711021743982, 32.484857600302462 ], [ 35.263321693456653, 32.484233424466396 ], [ 35.263888501454474, 32.483654916949838 ], [ 35.264837039908592, 32.482684530658481 ], [ 35.266538383754174, 32.480710581308649 ], [ 35.267802042552361, 32.479289709489066 ], [ 35.2658582373097, 32.47883360355884 ], [ 35.267111766644902, 32.473853119043 ], [ 35.267562063126093, 32.472931990208544 ], [ 35.2685376121525, 32.471825736054406 ], [ 35.269567355241172, 32.470997295396884 ], [ 35.270079890187446, 32.470465001235894 ], [ 35.270875042981181, 32.469804057783783 ], [ 35.271289941872325, 32.469192344080078 ], [ 35.272411253361646, 32.468202644719817 ], [ 35.273298155750936, 32.467379322507057 ], [ 35.273596706241712, 32.467011135101934 ], [ 35.275084135310159, 32.466699771248749 ], [ 35.276123548340365, 32.466897566810964 ], [ 35.279118471335764, 32.467465613685 ], [ 35.2799183491192, 32.4679966009057 ], [ 35.280908348046076, 32.467710263588373 ], [ 35.281350543513476, 32.467236015730954 ], [ 35.281434609258923, 32.467588207472652 ], [ 35.281599573784796, 32.468279630122538 ], [ 35.28216654404455, 32.46872226210732 ], [ 35.282795039250416, 32.468808101442235 ], [ 35.283424887744424, 32.468158453239688 ], [ 35.285696589238164, 32.46707829756734 ], [ 35.286320224738432, 32.467679806414445 ], [ 35.287340265038942, 32.46755571260929 ], [ 35.287718426784089, 32.46652747653075 ], [ 35.288472365169724, 32.466761428413399 ], [ 35.289106849608245, 32.467216946675457 ], [ 35.289605030188966, 32.467647192512842 ], [ 35.290498588097449, 32.467700689178884 ], [ 35.290864254465738, 32.467721291383967 ], [ 35.290707435556627, 32.468150290159791 ], [ 35.285310387505483, 32.471968242991771 ], [ 35.28497992650064, 32.473049981381749 ], [ 35.285554450379024, 32.473893867872306 ], [ 35.297433312385273, 32.483121165629072 ], [ 35.297042277911963, 32.48549810221327 ], [ 35.295768962971749, 32.486370902493093 ], [ 35.295538901306664, 32.486711475978439 ], [ 35.295144500462733, 32.487124306775982 ], [ 35.295326656861995, 32.487909815804819 ], [ 35.295461553261809, 32.488480068415342 ], [ 35.29576047501687, 32.489486981790471 ], [ 35.296171236816271, 32.491100232239837 ], [ 35.298526439200501, 32.490935616285235 ] ] ] ] } },
{ "type": "Feature", "properties": { "Area": 287891.88964800001 }, "geometry": { "type": "MultiPolygon", "coordinates": [ [ [ [ 35.365584431462366, 32.512739215606906 ], [ 35.366912550907273, 32.512274804398679 ], [ 35.367548183864201, 32.511221206245381 ], [ 35.367892070566498, 32.509850686123471 ], [ 35.367037531913304, 32.509375564727293 ], [ 35.365368581412504, 32.509093664379556 ], [ 35.364242280874706, 32.509416907079185 ], [ 35.363412188881306, 32.510253191184482 ], [ 35.362656804111964, 32.51074502568526 ], [ 35.361397250253766, 32.511241994435942 ], [ 35.361143152798597, 32.511519594788204 ], [ 35.360377565987591, 32.512183321488372 ], [ 35.360237657490615, 32.513496082700549 ], [ 35.360528428083207, 32.514516373170281 ], [ 35.361628294701056, 32.515012084614831 ], [ 35.363234799197798, 32.514810557858105 ], [ 35.364916778566553, 32.51432092284238 ], [ 35.365185563721454, 32.513328671502848 ], [ 35.365584431462366, 32.512739215606906 ] ] ] ] } },
{ "type": "Feature", "properties": { "Area": 250866.455078 }, "geometry": { "type": "MultiPolygon", "coordinates": [ [ [ [ 35.317319026259213, 32.510234244678706 ], [ 35.317569141560476, 32.509327775293045 ], [ 35.316579745746424, 32.508899773084593 ], [ 35.31558805825906, 32.50835848446853 ], [ 35.315227351776436, 32.507233323084407 ], [ 35.314731922879695, 32.506203524579441 ], [ 35.312594048244307, 32.505570783885119 ], [ 35.311115266723, 32.506033059588617 ], [ 35.310421472680638, 32.506938764148472 ], [ 35.309569963409672, 32.508212054251835 ], [ 35.309558767159118, 32.508735634233645 ], [ 35.309707906625796, 32.509438300136686 ], [ 35.313377232673616, 32.510153182839744 ], [ 35.314580018544596, 32.510214693238936 ], [ 35.317319026259213, 32.510234244678706 ] ] ] ] } },
{ "type": "Feature", "properties": { "Area": 945230.22216799995 }, "geometry": { "type": "MultiPolygon", "coordinates": [ [ [ [ 35.165989164104005, 32.506522187726546 ], [ 35.167166037990228, 32.506563119711174 ], [ 35.168513758029391, 32.506400071518193 ], [ 35.170639462241141, 32.506255254807854 ], [ 35.171703258610954, 32.505404521290188 ], [ 35.172564511167224, 32.505514077824159 ], [ 35.173523276591908, 32.504918042993417 ], [ 35.173897056915429, 32.504419924267296 ], [ 35.17433039061094, 32.503323290344355 ], [ 35.174504983419268, 32.50228577005754 ], [ 35.174673866607428, 32.500902769670496 ], [ 35.17444268873362, 32.500113130510783 ], [ 35.173771190164011, 32.499024683636904 ], [ 35.172613455794526, 32.498253410272511 ], [ 35.171747241958201, 32.497801755702916 ], [ 35.17045888569389, 32.497411412906601 ], [ 35.169071379044844, 32.497631393296572 ], [ 35.168234221479118, 32.498166562595053 ], [ 35.16704438605786, 32.497970650475885 ], [ 35.1661776818272, 32.498357574056371 ], [ 35.165754075690849, 32.498303903952099 ], [ 35.165514825002887, 32.498698340720473 ], [ 35.16505916907925, 32.500081239903388 ], [ 35.163852404624471, 32.500519326882177 ], [ 35.163571647645711, 32.500014262823015 ], [ 35.163133174407193, 32.499007554640826 ], [ 35.162325627217484, 32.497977614858506 ], [ 35.161329266885105, 32.497918101169148 ], [ 35.160114422857852, 32.499598293985137 ], [ 35.160745842299647, 32.500718924078001 ], [ 35.161896816484322, 32.501928210412579 ], [ 35.16320851622671, 32.502962827070867 ], [ 35.163294670506232, 32.503998726217972 ], [ 35.165677721836339, 32.506158015892034 ], [ 35.165989164104005, 32.506522187726546 ] ] ] ] } },
{ "type": "Feature", "properties": { "Area": 621065.23193300003 }, "geometry": { "type": "MultiPolygon", "coordinates": [ [ [ [ 35.325887606575037, 32.497579405380016 ], [ 35.324176120784934, 32.497182590648279 ], [ 35.323258407258976, 32.495432398590445 ], [ 35.32253703703649, 32.493910267634391 ], [ 35.321727012085759, 32.492847537813908 ], [ 35.320987641550708, 32.492671822350168 ], [ 35.319952316433877, 32.493509139506799 ], [ 35.318969501785922, 32.494210575952643 ], [ 35.317735242178756, 32.494602822459356 ], [ 35.316989899973848, 32.495644435389444 ], [ 35.316792939208895, 32.496888446208843 ], [ 35.317264117675556, 32.498092408001476 ], [ 35.317654443827763, 32.498583504332629 ], [ 35.318270961883137, 32.498736806945978 ], [ 35.318816478343848, 32.497962508554295 ], [ 35.319854005707093, 32.498020173906113 ], [ 35.319810421459515, 32.498651993788776 ], [ 35.319825114304876, 32.499481578805941 ], [ 35.319982620622064, 32.499915958946332 ], [ 35.319397652937205, 32.500785544212064 ], [ 35.319626554817468, 32.50218584532805 ], [ 35.320096018538472, 32.503297932541827 ], [ 35.321444890897787, 32.504019201718826 ], [ 35.322570720928965, 32.503651255313819 ], [ 35.323726333238511, 32.503431493578034 ], [ 35.324514195920578, 32.502492374052515 ], [ 35.325098248795548, 32.50158895102701 ], [ 35.325341227994222, 32.500644148097038 ], [ 35.325367402039326, 32.499827487142731 ], [ 35.325818850881994, 32.499120315712325 ], [ 35.326005528012004, 32.498106807971354 ], [ 35.325887606575037, 32.497579405380016 ] ] ] ] } },
{ "type": "Feature", "properties": { "Area": 31679336.699700005 }, "geometry": { "type": "MultiPolygon", "coordinates": [ [ [ [ 35.329384397927321, 32.406616490771533 ], [ 35.328613828676822, 32.407654265735339 ], [ 35.326838090585362, 32.410823401262618 ], [ 35.326795271803469, 32.41355630849398 ], [ 35.326646183693313, 32.415951161686571 ], [ 35.325728170852926, 32.417490094949287 ], [ 35.325088661243662, 32.419499354927815 ], [ 35.325826623059172, 32.420675991609087 ], [ 35.32801923701583, 32.420948892809328 ], [ 35.330347243495254, 32.421217111814173 ], [ 35.330629348044667, 32.421362800044164 ], [ 35.330541706915689, 32.422009328725082 ], [ 35.329841161913514, 32.423194699977863 ], [ 35.32945892396863, 32.42368146039405 ], [ 35.328525950452978, 32.424871563294055 ], [ 35.328426125859345, 32.426825636515673 ], [ 35.32938405340667, 32.429138799501935 ], [ 35.329933427983157, 32.429960534115558 ], [ 35.332215102054256, 32.432547381057603 ], [ 35.334012675018464, 32.43298063723018 ], [ 35.336143346715943, 32.432594057439616 ], [ 35.336796848649641, 32.435717924127346 ], [ 35.339804659364958, 32.436453031636788 ], [ 35.341594735904316, 32.438004915865072 ], [ 35.341760815340074, 32.439931652895979 ], [ 35.343655818712023, 32.440606444881702 ], [ 35.345300956725708, 32.440535293635946 ], [ 35.346718888163366, 32.441052203143492 ], [ 35.347785087079529, 32.441674888995685 ], [ 35.348790500072184, 32.442201261415562 ], [ 35.348638330790166, 32.447123271918464 ], [ 35.35012322342412, 32.449936695513777 ], [ 35.351202607140578, 32.452770299189204 ], [ 35.350822039137235, 32.454603535968602 ], [ 35.349952791508677, 32.45607156730793 ], [ 35.347970769918696, 32.456821162294624 ], [ 35.346455039612181, 32.458001346767034 ], [ 35.346451249488929, 32.458339504652137 ], [ 35.346443592224915, 32.458966788187553 ], [ 35.346440074264969, 32.459266621644623 ], [ 35.346785996145208, 32.459426853898016 ], [ 35.347049798369959, 32.459782743706981 ], [ 35.347644828368722, 32.460145583230229 ], [ 35.34631199972214, 32.460786202490404 ], [ 35.345616762239075, 32.460638760179869 ], [ 35.3451514927253, 32.460999414571425 ], [ 35.344086537710886, 32.46218019240473 ], [ 35.343012378471663, 32.463012109636523 ], [ 35.341525371945281, 32.463736258852101 ], [ 35.339289238707785, 32.464647743147893 ], [ 35.337198243710375, 32.465848155707882 ], [ 35.335226397959204, 32.467189870400617 ], [ 35.335121130649505, 32.469678223151234 ], [ 35.334585268537069, 32.469785296607661 ], [ 35.333281189352753, 32.471987450790756 ], [ 35.333126528230942, 32.475782247515518 ], [ 35.332726925062047, 32.478465896944137 ], [ 35.332620201993471, 32.48326720719222 ], [ 35.33254045849953, 32.486233447325986 ], [ 35.333367373795213, 32.490465703011168 ], [ 35.333832605818863, 32.49086931698934 ], [ 35.333761053913634, 32.491984728225638 ], [ 35.333728799218918, 32.493493482105613 ], [ 35.333698126881572, 32.495063101297696 ], [ 35.333740189657455, 32.496690131132617 ], [ 35.333908908119902, 32.497712302574406 ], [ 35.334431169221084, 32.498667605671713 ], [ 35.335444381701599, 32.499372727649302 ], [ 35.335251098435606, 32.500230706258286 ], [ 35.335803701131191, 32.500536157447961 ], [ 35.336629032454482, 32.501104514383627 ], [ 35.338144066615449, 32.501464171611097 ], [ 35.33901805729105, 32.501644150613096 ], [ 35.339600185683672, 32.50177765985994 ], [ 35.340072378736728, 32.50210910349157 ], [ 35.340890329582209, 32.502387193731664 ], [ 35.341532228785397, 32.502569097511746 ], [ 35.342115035317129, 32.502704848691685 ], [ 35.343391248867633, 32.502777838766328 ], [ 35.344432884380296, 32.502758649161294 ], [ 35.344952875735999, 32.502698892950377 ], [ 35.34570414181659, 32.502637747922726 ], [ 35.346396305125538, 32.50252763319169 ], [ 35.347318495678536, 32.502364276579108 ], [ 35.348355825316212, 32.502150622441384 ], [ 35.349159807252882, 32.501892141580726 ], [ 35.349733757250213, 32.501685771325938 ], [ 35.350254317688481, 32.501675588071663 ], [ 35.350886125720095, 32.501470272654821 ], [ 35.352157189880252, 32.501349306465791 ], [ 35.352848090924255, 32.501190125802218 ], [ 35.353540234288673, 32.501079971805382 ], [ 35.354811456500663, 32.500959542210836 ], [ 35.355740007881032, 32.501039021603418 ], [ 35.356667317249013, 32.501071154469834 ], [ 35.357483894235912, 32.501298979385325 ], [ 35.358186170565965, 32.501577097822953 ], [ 35.358887205450216, 32.50180730909441 ], [ 35.359764979818323, 32.502131417092009 ], [ 35.360521386484649, 32.502263487012314 ], [ 35.361677478871407, 32.502192162766796 ], [ 35.362776209675168, 32.502122027281693 ], [ 35.363647091450972, 32.502204902358052 ], [ 35.364928314283397, 32.502471540945145 ], [ 35.365625620079008, 32.502555187214767 ], [ 35.366437230703973, 32.502589650567714 ], [ 35.367072758309547, 32.502527963383741 ], [ 35.367646674131691, 32.502323202308375 ], [ 35.368105621318726, 32.502168183732017 ], [ 35.368498275921283, 32.501673971664822 ], [ 35.368652737470782, 32.500942800086499 ], [ 35.36869398195941, 32.500308712783301 ], [ 35.368854112797187, 32.499771406775793 ], [ 35.369131794174407, 32.499328629045017 ], [ 35.369413227729687, 32.499030123627691 ], [ 35.369982106572245, 32.498632048633752 ], [ 35.370730643791916, 32.498471003202823 ], [ 35.371249342455364, 32.498364362472842 ], [ 35.371588626997934, 32.498067466204013 ], [ 35.372045536081515, 32.497814935622714 ], [ 35.372499935755272, 32.497466033603558 ], [ 35.373130406977069, 32.497211012765455 ], [ 35.373528787343375, 32.49695968241361 ], [ 35.374567246063123, 32.496793715496899 ], [ 35.375137932671095, 32.496491987817265 ], [ 35.375579421171274, 32.495656154166866 ], [ 35.37591431906575, 32.495163124301769 ], [ 35.376418176781371, 32.494522203216242 ], [ 35.37663342188582, 32.493884493307249 ], [ 35.376557814479703, 32.493205475825214 ], [ 35.376484552921198, 32.492622828207701 ], [ 35.37670700159007, 32.492278172840194 ], [ 35.377042308101828, 32.491834734753212 ], [ 35.37755325552142, 32.491437268273963 ], [ 35.378010114410529, 32.491184715939085 ], [ 35.378405941723429, 32.490837000294107 ], [ 35.378616135702359, 32.490005420024815 ], [ 35.378863193940248, 32.489412748751249 ], [ 35.379387609465766, 32.489199548732593 ], [ 35.381149316328667, 32.488623356276797 ], [ 35.383684722660476, 32.487732121884491 ], [ 35.385357607851518, 32.486494346647646 ], [ 35.386970623935419, 32.485678762116237 ], [ 35.389577820535834, 32.484844790553403 ], [ 35.390610301200084, 32.484683208773731 ], [ 35.39101678783635, 32.484141000163191 ], [ 35.390722298288352, 32.483612792282479 ], [ 35.390636800175258, 32.483021152916116 ], [ 35.390755885311613, 32.482245481462115 ], [ 35.391299580289328, 32.481581897400162 ], [ 35.392264096654692, 32.480970660737611 ], [ 35.393089136790998, 32.480359625805534 ], [ 35.393421376680685, 32.479701421513838 ], [ 35.393396284671759, 32.478750688092745 ], [ 35.392744147145812, 32.477931082871031 ], [ 35.392367233940931, 32.476928461254111 ], [ 35.392326461222261, 32.475384856821186 ], [ 35.392790084285743, 32.47436857955357 ], [ 35.393409170457517, 32.473939888781111 ], [ 35.393958281037584, 32.473514118269236 ], [ 35.394085927681388, 32.473036003868415 ], [ 35.394051441270186, 32.471729096408382 ], [ 35.393742726157569, 32.470666634852165 ], [ 35.392647198058633, 32.468965115528995 ], [ 35.391986714490336, 32.467850197345996 ], [ 35.391888600320321, 32.466781217083565 ], [ 35.392078291010627, 32.466006564463349 ], [ 35.392893647194064, 32.465039919962557 ], [ 35.393434939524298, 32.464317151957637 ], [ 35.393485967794447, 32.463604136181466 ], [ 35.393392537240182, 32.462714934059967 ], [ 35.393449709985681, 32.462238616035805 ], [ 35.393782541432792, 32.461578153806407 ], [ 35.394533862671089, 32.460851683143794 ], [ 35.395139263017768, 32.459890976209934 ], [ 35.395597575598266, 32.458694346008357 ], [ 35.395851189589685, 32.457679500919063 ], [ 35.395810367823081, 32.456135893080635 ], [ 35.395621358803446, 32.454297752862686 ], [ 35.395879657714389, 32.453460994102066 ], [ 35.396341171624925, 32.452383272534192 ], [ 35.396529668438717, 32.451547745759655 ], [ 35.396777890045108, 32.450355375276857 ], [ 35.397028393670155, 32.449223304683727 ], [ 35.397491326868142, 32.448204189404656 ], [ 35.398218830618418, 32.446585569525375 ], [ 35.398335393268859, 32.44569266386106 ], [ 35.398251503437443, 32.445159637003592 ], [ 35.39781590971657, 32.444575300359823 ], [ 35.397309867960942, 32.44398994288283 ], [ 35.397085754713423, 32.443459947728691 ], [ 35.397458862761852, 32.442485492708542 ], [ 35.396048405825049, 32.441328905273238 ], [ 35.395805670607771, 32.441651084402714 ], [ 35.394795158181594, 32.441512845575225 ], [ 35.394479243412619, 32.440853358488923 ], [ 35.394055111151083, 32.440325350078446 ], [ 35.393480716287314, 32.439765441183248 ], [ 35.39314364357719, 32.439709024087435 ], [ 35.39266095800933, 32.439781322429425 ], [ 35.392298449811904, 32.440198357044963 ], [ 35.39180258825094, 32.439766258318436 ], [ 35.391391082141858, 32.439710510841017 ], [ 35.390791935502094, 32.439627423890371 ], [ 35.390337675818749, 32.439383496999255 ], [ 35.390021802108464, 32.438724561952014 ], [ 35.389568942730243, 32.438512191249067 ], [ 35.388152805701317, 32.438570624130357 ], [ 35.387731232957648, 32.438134455673463 ], [ 35.387005683897087, 32.437485689510353 ], [ 35.38640655476889, 32.437402018013707 ], [ 35.385505063635719, 32.437164354878618 ], [ 35.38537540504749, 32.436882745835632 ], [ 35.384497245340135, 32.437428996725203 ], [ 35.384007453574974, 32.437936927723307 ], [ 35.383685127421266, 32.438441236996191 ], [ 35.383360993669037, 32.438873408377312 ], [ 35.382870522028469, 32.439380772243069 ], [ 35.382551786793222, 32.440027098257119 ], [ 35.382067701542539, 32.44074635992299 ], [ 35.381743390117599, 32.441180781628972 ], [ 35.381341067977843, 32.441828912857318 ], [ 35.380766996001185, 32.442338076536188 ], [ 35.380277155739513, 32.442845429209086 ], [ 35.37978664536363, 32.443352780880467 ], [ 35.379298756836761, 32.443930012162028 ], [ 35.378735782174076, 32.444865225235304 ], [ 35.378182783449894, 32.446156047250597 ], [ 35.377785974986026, 32.447018323299247 ], [ 35.377627310111556, 32.447377548444344 ], [ 35.377308675686557, 32.448023860364891 ], [ 35.377075410664908, 32.448738248774255 ], [ 35.376841178049098, 32.449382752869404 ], [ 35.376716014844853, 32.451021843081072 ], [ 35.376826585580972, 32.452016427380485 ], [ 35.376843424278995, 32.452656078433947 ], [ 35.37678140833227, 32.453511692135628 ], [ 35.376796282784028, 32.454079769882895 ], [ 35.376481383059954, 32.454870352831676 ], [ 35.376328917064001, 32.455440913433286 ], [ 35.375926493202051, 32.456089026243248 ], [ 35.375522099214486, 32.456665000978035 ], [ 35.374366182657091, 32.457399232345523 ], [ 35.373698744181524, 32.457553427692048 ], [ 35.372865924662129, 32.457783361802854 ], [ 35.372202234973926, 32.458080132238521 ], [ 35.371035679797203, 32.458386019466467 ], [ 35.369863412393656, 32.458480557499804 ], [ 35.368947943003185, 32.458781586495803 ], [ 35.368619918756409, 32.459071699480113 ], [ 35.367960088308848, 32.459769717864845 ], [ 35.367148204850771, 32.46029434396609 ], [ 35.366492871504661, 32.460730843509168 ], [ 35.365922908235923, 32.461234860804467 ], [ 35.365318112248247, 32.461593514094339 ], [ 35.364088067032071, 32.46089961139019 ], [ 35.361884249328277, 32.46044080763847 ], [ 35.36043613064134, 32.459895365524723 ], [ 35.359757859442134, 32.459766015126192 ], [ 35.358816120506731, 32.459210911074123 ], [ 35.358050532841936, 32.45893907044222 ], [ 35.357198084629772, 32.458598572684039 ], [ 35.3562524763243, 32.457899738738639 ], [ 35.355978959868608, 32.457120060678996 ], [ 35.356361640483691, 32.455611434206375 ], [ 35.35667253254465, 32.454604487784991 ], [ 35.357142671094387, 32.453236650015036 ], [ 35.357656329153961, 32.450295777954857 ], [ 35.358201595475158, 32.448569964224852 ], [ 35.358415053647605, 32.447064917672215 ], [ 35.358140984305678, 32.445070142838937 ], [ 35.357554675361939, 32.443149013590599 ], [ 35.356485749975391, 32.440952868751786 ], [ 35.355263316014081, 32.439332324310747 ], [ 35.352935987041555, 32.437373793384154 ], [ 35.350876835685277, 32.435983007165447 ], [ 35.349088529790457, 32.435302001236046 ], [ 35.347892141818555, 32.434679474040678 ], [ 35.346533130020283, 32.434276356078747 ], [ 35.34568904274979, 32.434219819301283 ], [ 35.34510297040304, 32.434374899346722 ], [ 35.344524147180692, 32.434814018704117 ], [ 35.344108468515117, 32.435035971844862 ], [ 35.343061256725065, 32.435353303716624 ], [ 35.342517968024111, 32.435135790685813 ], [ 35.341669716663354, 32.434637375832978 ], [ 35.34150094186753, 32.433995628874186 ], [ 35.341556755865668, 32.433221193260351 ], [ 35.340483772653798, 32.432853767983381 ], [ 35.340009894253171, 32.432154298092826 ], [ 35.339695656232543, 32.431772520755032 ], [ 35.339673973605208, 32.430936737372093 ], [ 35.339966520048684, 32.430480477072706 ], [ 35.340796545597968, 32.43027105214243 ], [ 35.341779239766396, 32.430058637392271 ], [ 35.342926854640702, 32.430360029550705 ], [ 35.341634527569269, 32.427419493621429 ], [ 35.341064978850483, 32.4259485734432 ], [ 35.340428915992675, 32.4248649101335 ], [ 35.340471997938572, 32.42357423690089 ], [ 35.340107883854856, 32.421261081932471 ], [ 35.338651751714146, 32.42107440189433 ], [ 35.334821338563216, 32.417555969101585 ], [ 35.332324946383785, 32.415264703818835 ], [ 35.333336033879782, 32.414093653466992 ], [ 35.334178983786373, 32.413027596490451 ], [ 35.334853780755921, 32.412165165197635 ], [ 35.335475040128934, 32.411159633100176 ], [ 35.329384397927321, 32.406616490771533 ] ] ] ] } },
{ "type": "Feature", "properties": { "Area": 720223.116698 }, "geometry": { "type": "MultiPolygon", "coordinates": [ [ [ [ 35.401498995703001, 32.495071550558968 ], [ 35.401763138455479, 32.494523331590877 ], [ 35.401912470407687, 32.494236232330422 ], [ 35.402118384483167, 32.493975532516203 ], [ 35.402350909705838, 32.49372042635737 ], [ 35.403003335863147, 32.493293327827828 ], [ 35.403235066995286, 32.49003374613342 ], [ 35.403356849910814, 32.488187246357619 ], [ 35.403394939960378, 32.487970205543974 ], [ 35.402113322547933, 32.487708467092403 ], [ 35.400163210439217, 32.488419379403396 ], [ 35.398698168242618, 32.489597289892522 ], [ 35.397526666630029, 32.49038135018931 ], [ 35.396389634695147, 32.490105805581386 ], [ 35.395227072137708, 32.489151731897692 ], [ 35.394198760619879, 32.488864730783725 ], [ 35.392886229035398, 32.489397037707931 ], [ 35.392717161885081, 32.49059491091878 ], [ 35.391353015396426, 32.492070158075222 ], [ 35.390177585141409, 32.493416050640676 ], [ 35.39045328661615, 32.494333160753591 ], [ 35.391405842202914, 32.494943802800719 ], [ 35.392909215519978, 32.495158540258586 ], [ 35.394007377512253, 32.496296460203865 ], [ 35.395210382158417, 32.496445119195336 ], [ 35.396765813639689, 32.495012935077007 ], [ 35.397809668227673, 32.494679946906587 ], [ 35.398622862648367, 32.494395774618916 ], [ 35.399903370261846, 32.494335742581882 ], [ 35.400795132527186, 32.494636435872941 ], [ 35.401151983992456, 32.49474690479709 ], [ 35.401498995703001, 32.495071550558968 ] ] ] ] } },
{ "type": "Feature", "properties": { "Area": 1928484.5527300001 }, "geometry": { "type": "MultiPolygon", "coordinates": [ [ [ [ 35.302663790767888, 32.489247892900799 ], [ 35.304043012271059, 32.489766435678618 ], [ 35.305589483250451, 32.488346653513247 ], [ 35.306754117368918, 32.487421429058656 ], [ 35.309133388918113, 32.486034174582635 ], [ 35.310148221147578, 32.485571184555297 ], [ 35.311332169758863, 32.485163837902867 ], [ 35.311960586588476, 32.484645365766127 ], [ 35.312780985200128, 32.484118271489493 ], [ 35.31360451955441, 32.483717976269929 ], [ 35.314275039661752, 32.483256941867275 ], [ 35.315611003045085, 32.482143247014577 ], [ 35.316645482556339, 32.481098564706897 ], [ 35.317758888002565, 32.48018060992495 ], [ 35.319017388326003, 32.47900326280763 ], [ 35.320126010737809, 32.477893671344191 ], [ 35.320709112519431, 32.476985757481714 ], [ 35.322687135984268, 32.474320397466627 ], [ 35.323120351283343, 32.47347855254754 ], [ 35.323695160567816, 32.472250513967559 ], [ 35.324479100526858, 32.470312715408589 ], [ 35.324641969470967, 32.469926501849862 ], [ 35.324595204644154, 32.467253445662507 ], [ 35.324563522961697, 32.465423502986482 ], [ 35.325010774704559, 32.460194095325136 ], [ 35.317680032156638, 32.460349691237155 ], [ 35.317721756234327, 32.460623558146423 ], [ 35.317739871664045, 32.460889556030992 ], [ 35.317782867101172, 32.461116643835631 ], [ 35.318099225706277, 32.461194133901678 ], [ 35.318779270307253, 32.461449951150101 ], [ 35.319287463069983, 32.461564460714669 ], [ 35.319710497299553, 32.461624378077943 ], [ 35.319980044992178, 32.461612295570731 ], [ 35.320281530257773, 32.461622726669738 ], [ 35.320347305667276, 32.463539996572116 ], [ 35.320033172501475, 32.464821886968778 ], [ 35.319545979511645, 32.465813686434799 ], [ 35.317774294783938, 32.466876532084555 ], [ 35.31738565754069, 32.467096117494435 ], [ 35.315814718483573, 32.467906830939548 ], [ 35.316016466158644, 32.468022751530498 ], [ 35.317616226842752, 32.468595056447327 ], [ 35.319781124346463, 32.468138275008158 ], [ 35.31917832625701, 32.469204572145905 ], [ 35.314941137836477, 32.473879384680437 ], [ 35.310418190335774, 32.47890878942011 ], [ 35.307577059658762, 32.482956018765748 ], [ 35.305635823949821, 32.485341006033295 ], [ 35.302802736970662, 32.489065182172133 ], [ 35.302663790767888, 32.489247892900799 ] ] ] ] } },
{ "type": "Feature", "properties": { "Area": 2860144.69092 }, "geometry": { "type": "MultiPolygon", "coordinates": [ [ [ [ 35.219644877778144, 32.418299981527355 ], [ 35.21872378175194, 32.417233770325005 ], [ 35.218429713541042, 32.416893956372135 ], [ 35.216913303946249, 32.416949911841805 ], [ 35.214525144386535, 32.418473520091993 ], [ 35.21269453736403, 32.419808807028829 ], [ 35.210497932736089, 32.421346415352261 ], [ 35.208010576362987, 32.423746291263328 ], [ 35.207097427860383, 32.424643554349899 ], [ 35.204264676900181, 32.426398048104531 ], [ 35.20131617989864, 32.428431453303524 ], [ 35.200619075628602, 32.428871600209341 ], [ 35.19897879389152, 32.429905732784135 ], [ 35.196555780127518, 32.433199239480004 ], [ 35.19460886350992, 32.435573517103201 ], [ 35.193044454074837, 32.436867956660947 ], [ 35.19268670249884, 32.437162682490957 ], [ 35.19005612298038, 32.439091021696285 ], [ 35.188185218515912, 32.44214715214985 ], [ 35.186649828284217, 32.446083066881641 ], [ 35.185702730387113, 32.449138720255533 ], [ 35.18469162347899, 32.453572897447557 ], [ 35.184624202715902, 32.456399292452687 ], [ 35.185084892644305, 32.460140474728263 ], [ 35.185509170796557, 32.464134699344847 ], [ 35.186066446423943, 32.466503548072758 ], [ 35.186724553544749, 32.469303553296591 ], [ 35.187301203000764, 32.47239379103496 ], [ 35.18807315263286, 32.4748105618011 ], [ 35.188581342803026, 32.476326116190251 ], [ 35.191663900668757, 32.476132591475384 ], [ 35.19616397417883, 32.477548700524522 ], [ 35.197555113173337, 32.479298725437509 ], [ 35.200522397859388, 32.479008040402093 ], [ 35.204353360953334, 32.477081191860329 ], [ 35.202827294838457, 32.476913796246912 ], [ 35.200338485670862, 32.476835401686401 ], [ 35.198770875329778, 32.476682608841202 ], [ 35.19804487373019, 32.476032756786104 ], [ 35.197457517295213, 32.47525835513818 ], [ 35.197365831200315, 32.474414094354664 ], [ 35.19741791726527, 32.473629018263935 ], [ 35.19704184308403, 32.47279206757738 ], [ 35.196387849563742, 32.47219913222888 ], [ 35.195019510164833, 32.471438756310576 ], [ 35.194082644372983, 32.470913981719335 ], [ 35.192866868985618, 32.470572341277816 ], [ 35.191720253665657, 32.470170392042967 ], [ 35.191035872114448, 32.469753828955476 ], [ 35.191091777099103, 32.467090312563606 ], [ 35.190797148932049, 32.4656660908269 ], [ 35.190060607572576, 32.462177953345623 ], [ 35.189539204951203, 32.459478861188472 ], [ 35.18764443306867, 32.45532778193656 ], [ 35.187703514506929, 32.453953192849553 ], [ 35.187761875873022, 32.451965980365337 ], [ 35.189998199224846, 32.450187000182943 ], [ 35.190797682317708, 32.445532954688709 ], [ 35.190912645864913, 32.440095436809607 ], [ 35.193744053006789, 32.440066401470609 ], [ 35.196209915760896, 32.43828281803912 ], [ 35.196985432671916, 32.437073961450587 ], [ 35.197288742866689, 32.435901143961559 ], [ 35.198014572772117, 32.434346232153601 ], [ 35.199718776129366, 32.432684273408476 ], [ 35.201392340917657, 32.431234764807854 ], [ 35.202709158122978, 32.430070970797438 ], [ 35.204355048813895, 32.428964086222727 ], [ 35.206105392121039, 32.427700499783093 ], [ 35.209284158253183, 32.425363196922007 ], [ 35.213710728137549, 32.422047892673184 ], [ 35.216605753720764, 32.420053088503778 ], [ 35.218898093307281, 32.418657951604523 ], [ 35.219644877778144, 32.418299981527355 ] ] ] ] } },
{ "type": "Feature", "properties": { "Area": 921416.41894400003 }, "geometry": { "type": "MultiPolygon", "coordinates": [ [ [ [ 35.097270532832582, 32.475579291625976 ], [ 35.096968417703536, 32.474822135310987 ], [ 35.097354147425648, 32.47416870162543 ], [ 35.098663173043015, 32.473955080850345 ], [ 35.099612940446612, 32.474370112383617 ], [ 35.100868301527022, 32.474570097753443 ], [ 35.102443976494932, 32.47461365292677 ], [ 35.103606789934787, 32.474492854305289 ], [ 35.105360950171665, 32.473349598811701 ], [ 35.106520849274453, 32.473138596793056 ], [ 35.108438193577513, 32.472438968998027 ], [ 35.10951850995005, 32.471862109686001 ], [ 35.110451347948803, 32.470520341328438 ], [ 35.110306166987193, 32.469799402994752 ], [ 35.109343894297815, 32.469421075657642 ], [ 35.10784577481234, 32.469673550488679 ], [ 35.106362082587154, 32.469948562255233 ], [ 35.105176289292331, 32.47061999445291 ], [ 35.104158341934294, 32.471448790347807 ], [ 35.103633999194258, 32.472001252030708 ], [ 35.102697116046549, 32.472402337166443 ], [ 35.10179402000621, 32.472169405892458 ], [ 35.101035830098134, 32.471821051569776 ], [ 35.10017654109248, 32.472092556299948 ], [ 35.099300900393871, 32.472699940166251 ], [ 35.098298406127597, 32.472333330364442 ], [ 35.097458799121796, 32.471973050519125 ], [ 35.097061365877941, 32.471432230968304 ], [ 35.097229201121664, 32.470761703664259 ], [ 35.098895007980481, 32.469424024272683 ], [ 35.09958832730775, 32.468212887683784 ], [ 35.099318507572796, 32.467415184614985 ], [ 35.098268778035525, 32.466843952150491 ], [ 35.097224501693859, 32.466029808712925 ], [ 35.096110499041643, 32.465583620187225 ], [ 35.095130228674478, 32.465056381107807 ], [ 35.094094331357319, 32.464907253883212 ], [ 35.093146890315076, 32.464999412427694 ], [ 35.091997287133935, 32.465945220761462 ], [ 35.092637205203012, 32.467251062229096 ], [ 35.09317211732823, 32.468272758767604 ], [ 35.092428084780693, 32.469162005710594 ], [ 35.090938585374637, 32.46926606317659 ], [ 35.090318428072095, 32.470223039675687 ], [ 35.090044340867408, 32.470363124537286 ], [ 35.090263421425263, 32.470611865874083 ], [ 35.090491630466566, 32.470871886850468 ], [ 35.091741248532465, 32.472291563331211 ], [ 35.092280012960636, 32.472902974058655 ], [ 35.093011688418365, 32.473571475686811 ], [ 35.093632561858747, 32.474197042855359 ], [ 35.094731608048271, 32.47485514892869 ], [ 35.094935813109039, 32.474916757773379 ], [ 35.096025298192558, 32.475246272330246 ], [ 35.097270532832582, 32.475579291625976 ] ] ] ] } },
{ "type": "Feature", "properties": { "Area": 214600.247069 }, "geometry": { "type": "MultiPolygon", "coordinates": [ [ [ [ 35.150456490233147, 32.470546658084238 ], [ 35.151827461558796, 32.469256055886952 ], [ 35.153214101387121, 32.468991176913299 ], [ 35.154398211404832, 32.468878371408074 ], [ 35.155851364004072, 32.468531205762531 ], [ 35.158153041124955, 32.468383284840712 ], [ 35.159071605723085, 32.467813266761695 ], [ 35.159230468563514, 32.467535474414213 ], [ 35.158227516365145, 32.467049860280611 ], [ 35.157123770387159, 32.467048323450648 ], [ 35.153963988194349, 32.467260133913697 ], [ 35.15346165776014, 32.467379412564455 ], [ 35.152828147529824, 32.466993659651692 ], [ 35.152114819323963, 32.465826172119307 ], [ 35.151249628249921, 32.466316696071189 ], [ 35.150216224846801, 32.467374112445825 ], [ 35.149217311077592, 32.467979536842549 ], [ 35.14925688144168, 32.468774778321517 ], [ 35.148704484369262, 32.469203426363315 ], [ 35.14789215327702, 32.469602648915362 ], [ 35.148239298903391, 32.469966882698785 ], [ 35.149793656721748, 32.469987292142619 ], [ 35.150073288429461, 32.470422503746057 ], [ 35.150456490233147, 32.470546658084238 ] ] ] ] } },
{ "type": "Feature", "properties": { "Area": 836423.54492100002 }, "geometry": { "type": "MultiPolygon", "coordinates": [ [ [ [ 35.417251863462809, 32.459853847905279 ], [ 35.417022071390917, 32.459166094800196 ], [ 35.416852786087851, 32.459049717744705 ], [ 35.416063782959924, 32.458503238563978 ], [ 35.415802452461485, 32.458323892860285 ], [ 35.415608197556985, 32.458045806136688 ], [ 35.415433219850208, 32.457767123204448 ], [ 35.415370768305806, 32.45756771751963 ], [ 35.414479664428832, 32.454692650803473 ], [ 35.413709398807605, 32.454824686041128 ], [ 35.413098537807933, 32.455695317346766 ], [ 35.412956885362313, 32.45689261436015 ], [ 35.412866075307171, 32.457870590901329 ], [ 35.412862558745516, 32.459157832790986 ], [ 35.412135982308072, 32.45893754330492 ], [ 35.411123928378501, 32.458728990372904 ], [ 35.409966241530938, 32.458787244480632 ], [ 35.40883484810881, 32.458788522823177 ], [ 35.408593958896596, 32.458308736253542 ], [ 35.407980337366141, 32.458279859614258 ], [ 35.407750427865778, 32.459134067729181 ], [ 35.406529292907898, 32.459434735751586 ], [ 35.405855050791303, 32.459799330830393 ], [ 35.406186294310572, 32.460036634765856 ], [ 35.406533421825685, 32.460390575118886 ], [ 35.406445244275154, 32.46079368233115 ], [ 35.405753603992778, 32.460962175983234 ], [ 35.404843308704756, 32.461155248400999 ], [ 35.403318888930691, 32.461252348725445 ], [ 35.402434067981432, 32.462078273188659 ], [ 35.402812721445891, 32.462639574592778 ], [ 35.403387324242097, 32.462748003941215 ], [ 35.404116464135186, 32.462393479697305 ], [ 35.404716213677759, 32.46237505574215 ], [ 35.405263014092078, 32.462461540820925 ], [ 35.405689443267839, 32.463422904861815 ], [ 35.406550265139302, 32.463541570021569 ], [ 35.406181693280999, 32.464234247401059 ], [ 35.405786876110554, 32.46501037664413 ], [ 35.405435205641396, 32.465909861439712 ], [ 35.405835304606747, 32.466159454990205 ], [ 35.406332190987726, 32.465764147511834 ], [ 35.408298919987487, 32.463003341693266 ], [ 35.409266403731436, 32.462960065729987 ], [ 35.409924498563726, 32.462433165512095 ], [ 35.410683899722599, 32.462243121634799 ], [ 35.411383078797449, 32.462464027957232 ], [ 35.411345002097868, 32.463328071104371 ], [ 35.410535308323126, 32.464498280858962 ], [ 35.409731687748419, 32.465277908923674 ], [ 35.408803558218935, 32.465978831693242 ], [ 35.407825185711218, 32.466885538314756 ], [ 35.407580854905923, 32.467692990526857 ], [ 35.408294633712089, 32.467960667943032 ], [ 35.409530086546994, 32.467696029232044 ], [ 35.410398614248429, 32.467456213563274 ], [ 35.410774194149241, 32.467877162075808 ], [ 35.411536172378412, 32.467777282918625 ], [ 35.411832606809845, 32.466876181728978 ], [ 35.412289055200183, 32.465744871789724 ], [ 35.412743673509198, 32.465267325009663 ], [ 35.413211158097731, 32.465470005789562 ], [ 35.413354682519881, 32.465871042208022 ], [ 35.413315236545138, 32.466710289853509 ], [ 35.413680946699657, 32.466811691869104 ], [ 35.415516808203435, 32.463536999483196 ], [ 35.417251863462809, 32.459853847905279 ] ] ] ] } },
{ "type": "Feature", "properties": { "Area": 305371.586427 }, "geometry": { "type": "MultiPolygon", "coordinates": [ [ [ [ 35.184057109537832, 32.466360651290785 ], [ 35.184640532484671, 32.465331066442126 ], [ 35.184012358948564, 32.463599619347512 ], [ 35.183460796641143, 32.462705112100871 ], [ 35.182313065911622, 32.462005501174652 ], [ 35.180915623374766, 32.461730216463593 ], [ 35.179638406753988, 32.46183987172882 ], [ 35.177819571871112, 32.46192798443905 ], [ 35.175026013772225, 32.460991241075206 ], [ 35.174189624041595, 32.461343850352215 ], [ 35.173516347039076, 32.461934892616959 ], [ 35.173435943765874, 32.462321495389759 ], [ 35.173227192854895, 32.463321815449625 ], [ 35.172616973053827, 32.463656998661783 ], [ 35.171913510668048, 32.464460497737065 ], [ 35.172188926077169, 32.464852263175793 ], [ 35.173107536843823, 32.465231226953016 ], [ 35.174310004991128, 32.464666803495689 ], [ 35.175312330945047, 32.464185170071175 ], [ 35.176282891461582, 32.463740154856552 ], [ 35.177629396212019, 32.463225327520774 ], [ 35.178580040878856, 32.463190583527727 ], [ 35.18006117846739, 32.463155936035463 ], [ 35.180606152214651, 32.464339578276409 ], [ 35.181348376840262, 32.465034622190345 ], [ 35.18213294987698, 32.465232583302871 ], [ 35.182915290145544, 32.465748967145984 ], [ 35.18386450627645, 32.466258046760203 ], [ 35.184057109537832, 32.466360651290785 ] ] ] ] } },
{ "type": "Feature", "properties": { "Area": 10545053.5273 }, "geometry": { "type": "MultiPolygon", "coordinates": [ [ [ [ 35.166805857895021, 32.462257695315905 ], [ 35.168549976580998, 32.459937341396596 ], [ 35.170186887720703, 32.458748058523128 ], [ 35.176325624015412, 32.458853841145981 ], [ 35.176810875818667, 32.458354044079442 ], [ 35.17686133956812, 32.457994484679126 ], [ 35.176638854553396, 32.456790043745791 ], [ 35.175616957806938, 32.454293672943301 ], [ 35.175057983322176, 32.451063606580298 ], [ 35.174874691817436, 32.448525714404717 ], [ 35.175255595824638, 32.44476552349213 ], [ 35.175999893746507, 32.44138639953583 ], [ 35.176235855807377, 32.440780591582552 ], [ 35.176351642592998, 32.440316217925371 ], [ 35.176442640751866, 32.43995159435439 ], [ 35.176561499830157, 32.439755490776506 ], [ 35.177033438090341, 32.438983473539274 ], [ 35.177239744119319, 32.438605348112837 ], [ 35.177367731861281, 32.438429535004602 ], [ 35.177620713177703, 32.438084670848376 ], [ 35.177592568477607, 32.437744818968596 ], [ 35.177344889454908, 32.437584705912826 ], [ 35.177086576506838, 32.437429098795839 ], [ 35.176625753420844, 32.437200179701328 ], [ 35.176400112578307, 32.437242399135151 ], [ 35.175975414722217, 32.437324024831916 ], [ 35.175704908825011, 32.437380886275648 ], [ 35.175362954627616, 32.437451820483489 ], [ 35.174867625355134, 32.43758471299995 ], [ 35.173614258432288, 32.437919750037842 ], [ 35.172785432778944, 32.438141036314306 ], [ 35.171278555437105, 32.437887596322895 ], [ 35.168434535554177, 32.4380339137848 ], [ 35.166954874665329, 32.438695139340872 ], [ 35.165904109962696, 32.439163730891892 ], [ 35.163332538384978, 32.43855649393646 ], [ 35.158863631404955, 32.438849716010338 ], [ 35.157583489158263, 32.438763580740115 ], [ 35.156406740999003, 32.438276194573568 ], [ 35.155132000178504, 32.437748180480376 ], [ 35.153912258242478, 32.437239337631929 ], [ 35.153167596910201, 32.4369273706413 ], [ 35.152899832737241, 32.436814543067776 ], [ 35.1513704970899, 32.43617535884642 ], [ 35.147812766061165, 32.436542963463175 ], [ 35.143991503243321, 32.437151558743949 ], [ 35.139666190345643, 32.438092862673223 ], [ 35.135479361455381, 32.439465241285653 ], [ 35.130803611162484, 32.441823480492666 ], [ 35.127541380506905, 32.444485063989916 ], [ 35.126789933903176, 32.445147386231973 ], [ 35.125777450959951, 32.445599321792692 ], [ 35.124141094299574, 32.446711381654197 ], [ 35.123961732782398, 32.449969948710248 ], [ 35.123726821316843, 32.450842236573642 ], [ 35.124951092303391, 32.453968687010061 ], [ 35.126154925461655, 32.456228309985931 ], [ 35.128642444025161, 32.458682010896368 ], [ 35.133291200419102, 32.460558094418623 ], [ 35.139936296820004, 32.460336799692868 ], [ 35.144495152533921, 32.458412701207429 ], [ 35.152718661342234, 32.456446034380072 ], [ 35.157567828179076, 32.458121793839304 ], [ 35.160448257551195, 32.457226724092251 ], [ 35.163694597074297, 32.457734482911334 ], [ 35.165035608891444, 32.458345277303721 ], [ 35.166138645304883, 32.459381495667273 ], [ 35.165010304477491, 32.460737708479165 ], [ 35.166674492053566, 32.462433495990254 ], [ 35.166805857895021, 32.462257695315905 ] ] ] ] } },
{ "type": "Feature", "properties": { "Area": 71075.788085799999 }, "geometry": { "type": "MultiPolygon", "coordinates": [ [ [ [ 35.07918166013517, 32.448381820140433 ], [ 35.081031579707471, 32.448520598386075 ], [ 35.08181466717339, 32.447829274052822 ], [ 35.081583535193133, 32.446477558850397 ], [ 35.080361825774389, 32.445438227647784 ], [ 35.079266947497992, 32.445584805308748 ], [ 35.079194520547297, 32.446772218640071 ], [ 35.078822486468951, 32.447964405621633 ], [ 35.07918166013517, 32.448381820140433 ] ] ] ] } },
{ "type": "Feature", "properties": { "Area": 763873.32324299996 }, "geometry": { "type": "MultiPolygon", "coordinates": [ [ [ [ 35.310128422893918, 32.446724704888489 ], [ 35.311063773974894, 32.448003830553567 ], [ 35.311340211871141, 32.448231286720599 ], [ 35.312928517839573, 32.447881629091661 ], [ 35.314266062534706, 32.447528225290512 ], [ 35.314814605729843, 32.446598384628061 ], [ 35.314743877226846, 32.444872731726647 ], [ 35.315103589885602, 32.443628007401166 ], [ 35.315450752198949, 32.440828344986585 ], [ 35.315126758920925, 32.438658803760944 ], [ 35.314759895894049, 32.437154900122017 ], [ 35.314962427366304, 32.434703098928225 ], [ 35.314623539213073, 32.432416340200589 ], [ 35.313692130323744, 32.433211252716085 ], [ 35.313004742540969, 32.433986222409963 ], [ 35.312385424883225, 32.434869903147202 ], [ 35.311764533070424, 32.435697222904963 ], [ 35.311080562959425, 32.436582642879216 ], [ 35.31027060210117, 32.437578065333575 ], [ 35.309592170653161, 32.438679327861479 ], [ 35.308930427744762, 32.440434338626154 ], [ 35.308473757510775, 32.442676682477419 ], [ 35.308528039382317, 32.444799684838749 ], [ 35.309133779232965, 32.445877331858867 ], [ 35.310128422893918, 32.446724704888489 ] ] ] ] } },
{ "type": "Feature", "properties": { "Area": 1890436.5214800001 }, "geometry": { "type": "MultiPolygon", "coordinates": [ [ [ [ 35.086643796706575, 32.42162687012901 ], [ 35.08595336666486, 32.421658911321153 ], [ 35.085232869006866, 32.421943409867261 ], [ 35.08478798209417, 32.422336376041294 ], [ 35.08415670341531, 32.422479491287284 ], [ 35.083520440649927, 32.422496917406576 ], [ 35.083302399771298, 32.422814010714703 ], [ 35.083220302606541, 32.423460372561813 ], [ 35.083317780493758, 32.423860053446631 ], [ 35.083522607034688, 32.424235602792834 ], [ 35.083680374438252, 32.424771730572957 ], [ 35.08368667903018, 32.425276715491506 ], [ 35.083595567746194, 32.425706649202098 ], [ 35.083303226731942, 32.426173586648844 ], [ 35.082861841486832, 32.426658978226158 ], [ 35.082562565291035, 32.426965846967839 ], [ 35.082244068073706, 32.427480661893576 ], [ 35.082038081516629, 32.428085760051559 ], [ 35.081909471929499, 32.42859568599517 ], [ 35.081524132733819, 32.428777914588707 ], [ 35.08081907381515, 32.428775534136555 ], [ 35.080227589879193, 32.428573750120485 ], [ 35.079860958312416, 32.428559298404963 ], [ 35.079102908954944, 32.428914736952244 ], [ 35.078413255454926, 32.429302364077209 ], [ 35.077949992074075, 32.429244977123915 ], [ 35.077477942797799, 32.429292971331591 ], [ 35.077033921855374, 32.429374807632946 ], [ 35.076533338536784, 32.429746271267305 ], [ 35.076257914016892, 32.430316346490123 ], [ 35.076018217814998, 32.430760212883307 ], [ 35.075735593955173, 32.431481885733582 ], [ 35.07559511384477, 32.4320160272176 ], [ 35.075284416855645, 32.432379789434322 ], [ 35.074704995353052, 32.433144551766922 ], [ 35.074002351307286, 32.434211268925807 ], [ 35.073321305817224, 32.435151759943025 ], [ 35.072898584543481, 32.435760561718482 ], [ 35.072846192694819, 32.436142621992893 ], [ 35.072938369248192, 32.436738434310456 ], [ 35.073237890870367, 32.437110153245754 ], [ 35.073865304264721, 32.437541388765489 ], [ 35.074408746509796, 32.437907157922368 ], [ 35.075290040872758, 32.438225929817598 ], [ 35.075387662354061, 32.43862787038443 ], [ 35.075504831991758, 32.439187636381995 ], [ 35.075907130026252, 32.439739803145109 ], [ 35.07638631582239, 32.439854136480491 ], [ 35.076854746050707, 32.43970187850757 ], [ 35.077176524219325, 32.439624428363324 ], [ 35.077226985200099, 32.439186005407834 ], [ 35.077234791140697, 32.438714851053454 ], [ 35.07747479630406, 32.438654225281695 ], [ 35.078107217105305, 32.438495364659289 ], [ 35.078233870090408, 32.438342194766896 ], [ 35.078469365569639, 32.438058380432899 ], [ 35.078531665988159, 32.437583898826375 ], [ 35.078741372143284, 32.437084766271511 ], [ 35.079068629315032, 32.437122289351628 ], [ 35.079381005749752, 32.437468644876887 ], [ 35.079766148229552, 32.437942443270067 ], [ 35.080160427565275, 32.438299022484124 ], [ 35.08082361125502, 32.438603450571904 ], [ 35.081495099053086, 32.438791219876485 ], [ 35.082169786094646, 32.438703392585019 ], [ 35.082572174284159, 32.438599518042167 ], [ 35.083088970940281, 32.438297931907037 ], [ 35.083622867505028, 32.437754579342432 ], [ 35.084099901003846, 32.437487329948027 ], [ 35.084522669030122, 32.437545782926222 ], [ 35.085211813661445, 32.43782541464472 ], [ 35.0858145748279, 32.437970826546987 ], [ 35.086508814944423, 32.43804305434216 ], [ 35.086999380816934, 32.438097617306703 ], [ 35.087538791675577, 32.43802597922312 ], [ 35.087596029086434, 32.437833284063274 ], [ 35.087681960555557, 32.437549877246987 ], [ 35.087249381261209, 32.437239500378361 ], [ 35.086983637300236, 32.437040868750913 ], [ 35.086937560361967, 32.436570226912416 ], [ 35.086725336120736, 32.436357554832199 ], [ 35.086613392946212, 32.435944337614394 ], [ 35.086638323902186, 32.43555379197155 ], [ 35.087126392856675, 32.435216655949525 ], [ 35.087178548931888, 32.434969851364237 ], [ 35.087262968384351, 32.434569779820322 ], [ 35.087732650309711, 32.434442280398272 ], [ 35.088464337753308, 32.434443519544956 ], [ 35.088972530392304, 32.43460179192391 ], [ 35.089311621969799, 32.43460548374334 ], [ 35.0896559498212, 32.434410231549769 ], [ 35.089725293836466, 32.434098064882562 ], [ 35.089578044982062, 32.433480234173039 ], [ 35.089419439885432, 32.432910298175031 ], [ 35.089720165054118, 32.432637230259999 ], [ 35.090071907840496, 32.432615569906467 ], [ 35.090635780995548, 32.432484199909389 ], [ 35.09120240293143, 32.43241200700335 ], [ 35.091556951042392, 32.432137855842669 ], [ 35.091818831436264, 32.431564917141685 ], [ 35.091785606927473, 32.430760641634713 ], [ 35.09186146948371, 32.430274893060123 ], [ 35.091985101790044, 32.429984189916475 ], [ 35.091573565257377, 32.42986941280212 ], [ 35.091207092774873, 32.429189955493626 ], [ 35.090775582389583, 32.4285791966632 ], [ 35.090645510845448, 32.428042539443659 ], [ 35.090164661569226, 32.428228653377268 ], [ 35.089588311600622, 32.428393825554323 ], [ 35.089800368015794, 32.427416186008635 ], [ 35.089785251510321, 32.426758459965612 ], [ 35.089619875917762, 32.425902212497199 ], [ 35.089702090142794, 32.425260355516272 ], [ 35.088954866543673, 32.4244723342131 ], [ 35.088390254341164, 32.422752294352577 ], [ 35.087765742772511, 32.422415252887845 ], [ 35.086643796706575, 32.42162687012901 ] ] ] ] } },
{ "type": "Feature", "properties": { "Area": 66944.162597699993 }, "geometry": { "type": "MultiPolygon", "coordinates": [ [ [ [ 35.40987746029171, 32.418558877945188 ], [ 35.409418265422353, 32.418605840491175 ], [ 35.409235561800152, 32.419055884113895 ], [ 35.407974688021987, 32.419393264840679 ], [ 35.406878045087751, 32.419783910389356 ], [ 35.406189185149557, 32.420090482362987 ], [ 35.40592454499248, 32.420530507665283 ], [ 35.406133744267962, 32.42078097131494 ], [ 35.406870632365305, 32.420853056285367 ], [ 35.407161068525745, 32.421104514822524 ], [ 35.408011595707691, 32.421403537707981 ], [ 35.407628706916299, 32.422075957353542 ], [ 35.408378052861423, 32.422068546926468 ], [ 35.409014443835972, 32.421107154556516 ], [ 35.409527921903866, 32.420157230861001 ], [ 35.409849825172358, 32.419118569930575 ], [ 35.40987746029171, 32.418558877945188 ] ] ] ] } },
{ "type": "Feature", "properties": { "Area": 3660408.0996099999 }, "geometry": { "type": "MultiPolygon", "coordinates": [ [ [ [ 35.143296454365881, 32.413088624904049 ], [ 35.146025655532846, 32.413659712287576 ], [ 35.150420837572312, 32.414376308869734 ], [ 35.154207942454747, 32.414548079686007 ], [ 35.157353106881416, 32.413353910509734 ], [ 35.161609064998807, 32.41288144510991 ], [ 35.164057393151943, 32.411813678321757 ], [ 35.165741143345016, 32.411061244288021 ], [ 35.168232633868179, 32.410222228556037 ], [ 35.169702557280793, 32.409895193570335 ], [ 35.171563734785103, 32.409729995566174 ], [ 35.172648487500162, 32.409327867170568 ], [ 35.173458227327572, 32.409264382434152 ], [ 35.175122968011841, 32.409384262230382 ], [ 35.176294078539719, 32.410563568288104 ], [ 35.177335250354687, 32.411449766415558 ], [ 35.17857952326564, 32.411385214195199 ], [ 35.180586018000092, 32.41135066654418 ], [ 35.182697244573966, 32.411631717800802 ], [ 35.184480440982028, 32.412642536696083 ], [ 35.185599220995179, 32.413847672757342 ], [ 35.185813030752072, 32.415304594884176 ], [ 35.185995553070519, 32.417085014562211 ], [ 35.186570393276192, 32.418272025535735 ], [ 35.18819570969044, 32.419725189306313 ], [ 35.189950346609656, 32.419955912524884 ], [ 35.191199312942409, 32.41920139786307 ], [ 35.192451408387193, 32.418494212888262 ], [ 35.194150760277715, 32.418338810768923 ], [ 35.1960705681986, 32.417847498669701 ], [ 35.197710964312577, 32.417257513846835 ], [ 35.199301690193913, 32.416350202296847 ], [ 35.200303860784722, 32.415564025450443 ], [ 35.201025836531116, 32.413612320915249 ], [ 35.199888990065588, 32.414243510646671 ], [ 35.198746798627532, 32.415095055049058 ], [ 35.197617870634112, 32.415996749548952 ], [ 35.195619801654495, 32.415508553831067 ], [ 35.19434244058364, 32.415467315970524 ], [ 35.19389046931574, 32.415409792498281 ], [ 35.19282430611819, 32.41479256369329 ], [ 35.191836873830951, 32.4143004515537 ], [ 35.191374343064169, 32.413798805903156 ], [ 35.190831950148883, 32.413107218730111 ], [ 35.190683142274906, 32.412972503624466 ], [ 35.189695006543438, 32.412914905569444 ], [ 35.189326679788273, 32.412380574793751 ], [ 35.188325801826217, 32.412095836017642 ], [ 35.188029075927332, 32.411559819713453 ], [ 35.187936223809494, 32.410656929578053 ], [ 35.187910011262936, 32.409573134178508 ], [ 35.187521269696994, 32.408195657797656 ], [ 35.187213026662739, 32.407174946335864 ], [ 35.186142607826703, 32.406952739500547 ], [ 35.185641378676735, 32.406780769510604 ], [ 35.185701590910803, 32.406358082447156 ], [ 35.185756703388002, 32.405694176018493 ], [ 35.185736447796238, 32.404851598794551 ], [ 35.18608565491558, 32.404403592118648 ], [ 35.184794631288518, 32.404538660644128 ], [ 35.182690998362531, 32.405113746132784 ], [ 35.181084415708021, 32.405799917559413 ], [ 35.179611867465759, 32.406400428468629 ], [ 35.178489563363279, 32.406503340531081 ], [ 35.176927265367333, 32.40611131130602 ], [ 35.175783917080452, 32.405533372258205 ], [ 35.174333823312857, 32.403939752055429 ], [ 35.173549006912452, 32.402160856628861 ], [ 35.17331829247069, 32.402234630890703 ], [ 35.172686569145604, 32.402547832343529 ], [ 35.172279717064733, 32.403336762279743 ], [ 35.171935103562795, 32.403764442524455 ], [ 35.171162832580904, 32.404140722598207 ], [ 35.170387611277953, 32.404395260632597 ], [ 35.169892148081075, 32.404462757317823 ], [ 35.169598499809467, 32.404046179967956 ], [ 35.169231632784538, 32.403572094814862 ], [ 35.168801540207021, 32.403396696037383 ], [ 35.168097403747602, 32.403650112884385 ], [ 35.167519593110214, 32.403238520820281 ], [ 35.166942172585927, 32.402297146896942 ], [ 35.166004111912216, 32.402351533312057 ], [ 35.164748234183968, 32.403011114161501 ], [ 35.163767423490164, 32.403564815564337 ], [ 35.162477190231535, 32.404459381602038 ], [ 35.16022852302325, 32.405169870112395 ], [ 35.158777323433938, 32.405999528104047 ], [ 35.157796608940579, 32.406555437153713 ], [ 35.154862604612987, 32.406873876105699 ], [ 35.153231129299428, 32.406799956927522 ], [ 35.151640163257909, 32.406759849270401 ], [ 35.150329170943955, 32.406816216638326 ], [ 35.1485126520477, 32.40731815046324 ], [ 35.147174425217251, 32.407877762788914 ], [ 35.145954153901201, 32.408367529899202 ], [ 35.145257042813938, 32.409152291609132 ], [ 35.144637531931828, 32.409868891276659 ], [ 35.143985111157555, 32.41085374286871 ], [ 35.143691436025946, 32.411864689592306 ], [ 35.143296454365881, 32.413088624904049 ] ] ] ] } },
{ "type": "Feature", "properties": { "Area": 1737674.37402 }, "geometry": { "type": "MultiPolygon", "coordinates": [ [ [ [ 35.058015423052879, 32.417324827628569 ], [ 35.058231564699604, 32.417511064216121 ], [ 35.05847553583417, 32.417745801651627 ], [ 35.058847051497359, 32.41810298566449 ], [ 35.059534214469487, 32.418337105039889 ], [ 35.060134239057298, 32.418424586782663 ], [ 35.060361403492607, 32.418682408607197 ], [ 35.060756363120291, 32.418718365846694 ], [ 35.060997856899235, 32.418320180779233 ], [ 35.061410944281661, 32.417815107412729 ], [ 35.061920027205986, 32.417317467938993 ], [ 35.061958543446373, 32.416591040100201 ], [ 35.061823210445667, 32.415928101590275 ], [ 35.061778716295557, 32.415491266570548 ], [ 35.061492656548914, 32.414452240232485 ], [ 35.061348052109423, 32.413879465407945 ], [ 35.0613096452131, 32.413271304626491 ], [ 35.061573727730362, 32.412757607088771 ], [ 35.06204379521288, 32.412652747045058 ], [ 35.062585644258824, 32.412637013806489 ], [ 35.063475614312864, 32.412532620280686 ], [ 35.064050781971247, 32.412667397440671 ], [ 35.064382072449483, 32.413151329125412 ], [ 35.064752765957671, 32.413613887035154 ], [ 35.065230360818312, 32.413691627704551 ], [ 35.065862902164461, 32.413571152155505 ], [ 35.066420141955412, 32.413268550333164 ], [ 35.066870806406712, 32.413360345131586 ], [ 35.067309311310368, 32.413475232418463 ], [ 35.067852272071107, 32.413826940625434 ], [ 35.068450497437212, 32.414213648903122 ], [ 35.068947161372193, 32.414428912828541 ], [ 35.069406510290918, 32.414383191122873 ], [ 35.069709307039169, 32.414168222499484 ], [ 35.070070268120141, 32.413709279228534 ], [ 35.070442757410078, 32.413202441698708 ], [ 35.070995646710827, 32.41279667736702 ], [ 35.071481908182044, 32.413081805922573 ], [ 35.071884849142506, 32.4133257026782 ], [ 35.072275288528331, 32.413601146262813 ], [ 35.072841835906587, 32.414195766469952 ], [ 35.073337213982427, 32.414388468032485 ], [ 35.073788871482108, 32.414491510992661 ], [ 35.074561439078998, 32.414483291928327 ], [ 35.075087581420611, 32.414422401295305 ], [ 35.075628773765899, 32.414407174908121 ], [ 35.076227816685488, 32.414124298192917 ], [ 35.076596746165215, 32.413527263879736 ], [ 35.076873727961285, 32.413347194590727 ], [ 35.077357457765501, 32.412965003228727 ], [ 35.077425760245433, 32.412584646435398 ], [ 35.077183979488375, 32.412302605791957 ], [ 35.076929075120354, 32.412022805773823 ], [ 35.076974563364907, 32.411803050272937 ], [ 35.077395399422791, 32.411491807844435 ], [ 35.078070969190662, 32.411104170877962 ], [ 35.078345393544907, 32.410844628991619 ], [ 35.07876011410859, 32.410385150668837 ], [ 35.079143281148383, 32.409798830974012 ], [ 35.079223503823123, 32.409439337820324 ], [ 35.079305986661296, 32.409126625129943 ], [ 35.079063394331399, 32.40883331525896 ], [ 35.078570246098572, 32.408363350077771 ], [ 35.077879083340896, 32.408038591538549 ], [ 35.077781166820465, 32.407625378805918 ], [ 35.077623811751934, 32.407077970809048 ], [ 35.077273084790242, 32.406443574162914 ], [ 35.07735635466878, 32.406164679047507 ], [ 35.077529238160814, 32.405938851961409 ], [ 35.077678163024615, 32.405742307436704 ], [ 35.07700531674525, 32.40551900937529 ], [ 35.076661995434385, 32.405412142555278 ], [ 35.076171463368539, 32.405345703883413 ], [ 35.075614926186702, 32.405327664969882 ], [ 35.075369149640139, 32.404953187023509 ], [ 35.075086717074001, 32.404662082920417 ], [ 35.074442571394165, 32.404819226716185 ], [ 35.07408886066171, 32.405127147506299 ], [ 35.073697974973179, 32.405528585365417 ], [ 35.073021962604855, 32.405893655041943 ], [ 35.072493130957966, 32.405895357012881 ], [ 35.072228640849552, 32.405719238537742 ], [ 35.071822375813944, 32.405385727673817 ], [ 35.071235721177963, 32.404953396029796 ], [ 35.070739884190203, 32.404771957403298 ], [ 35.070682380154075, 32.404346946371689 ], [ 35.070642495721756, 32.404025091736656 ], [ 35.07062918521418, 32.403703265282111 ], [ 35.070327708380333, 32.403275176853171 ], [ 35.069800326935898, 32.402645643431008 ], [ 35.069014589751987, 32.402308899577967 ], [ 35.06852663043275, 32.402646531083448 ], [ 35.068063025866302, 32.402910919762292 ], [ 35.06768030335364, 32.403174267299725 ], [ 35.067223901509557, 32.403614502085091 ], [ 35.066802257413926, 32.403912183795498 ], [ 35.066142551771478, 32.404356137627587 ], [ 35.066020626658272, 32.404694160309404 ], [ 35.066108549771819, 32.405197546373422 ], [ 35.066156257998124, 32.405715541675498 ], [ 35.06622559610657, 32.406426873377917 ], [ 35.06631929190921, 32.407067782412554 ], [ 35.066362049007346, 32.40745727265282 ], [ 35.066439545257317, 32.408376015511386 ], [ 35.066472210930101, 32.408848906467121 ], [ 35.066116550251927, 32.409100443106254 ], [ 35.065762164668776, 32.409385795754652 ], [ 35.065359542604547, 32.409822700879552 ], [ 35.065082350237731, 32.410348227614314 ], [ 35.064845538239105, 32.410859708576218 ], [ 35.064298912271511, 32.410749201282023 ], [ 35.063867005136458, 32.41046072402694 ], [ 35.063603333804672, 32.409973484808845 ], [ 35.062880186198782, 32.409522927026295 ], [ 35.06221811315924, 32.40889602916161 ], [ 35.061248568929386, 32.408715708726326 ], [ 35.06071507372598, 32.408924758436747 ], [ 35.060185541125705, 32.409251601492144 ], [ 35.059413992089588, 32.409273259918187 ], [ 35.05835102872512, 32.409139587963537 ], [ 35.057808467836338, 32.40909443409366 ], [ 35.057648065196013, 32.409579501528498 ], [ 35.057588977072989, 32.409758655472963 ], [ 35.056664416102301, 32.412756455758739 ], [ 35.056393250971951, 32.41626901375399 ], [ 35.056636454634628, 32.416765824615986 ], [ 35.057422553675991, 32.417030505533525 ], [ 35.057664942337858, 32.41711194542485 ], [ 35.058015423052879, 32.417324827628569 ] ] ] ] } },
{ "type": "Feature", "properties": { "Area": 111654828.881 }, "geometry": { "type": "MultiPolygon", "coordinates": [ [ [ [ 35.201025836531116, 32.413612320915249 ], [ 35.202182933524114, 32.412906726796756 ], [ 35.204159723058197, 32.411979633695914 ], [ 35.204987567665391, 32.411624568206236 ], [ 35.206284801181347, 32.411169171338337 ], [ 35.207764892320576, 32.410608927791387 ], [ 35.209679476073781, 32.410052030931737 ], [ 35.210236073114054, 32.410125837258725 ], [ 35.21039036530447, 32.409938153090657 ], [ 35.210729839314872, 32.409528403363645 ], [ 35.211316454113032, 32.409033536613201 ], [ 35.212188582946787, 32.408583173743487 ], [ 35.21328541358443, 32.407984563798102 ], [ 35.213785133199003, 32.407443476773324 ], [ 35.214274895895194, 32.407035960435834 ], [ 35.213308987127881, 32.406173732521864 ], [ 35.212549622407437, 32.404324629313386 ], [ 35.214075309736316, 32.402891299462659 ], [ 35.215465807000392, 32.401856424521121 ], [ 35.215456470160284, 32.398833300407084 ], [ 35.215455772891772, 32.398562774676336 ], [ 35.213703426749582, 32.397833623666074 ], [ 35.212981468838194, 32.397517497803591 ], [ 35.212350381455337, 32.397465124797208 ], [ 35.211988170906416, 32.397435840150905 ], [ 35.211894324376537, 32.397259440365609 ], [ 35.210987878210908, 32.397058850974275 ], [ 35.209309352662707, 32.396691463191225 ], [ 35.207741849178007, 32.398285926173095 ], [ 35.206544477031677, 32.399749609400288 ], [ 35.205104748192511, 32.400489626246369 ], [ 35.20414431089177, 32.399597456608568 ], [ 35.203183892474051, 32.398705843121618 ], [ 35.202074343258133, 32.398373869813433 ], [ 35.20150025712816, 32.397168327160202 ], [ 35.201475060659348, 32.395719322278723 ], [ 35.201697815709018, 32.393918638833412 ], [ 35.201938643381325, 32.39283879406571 ], [ 35.20213329372887, 32.391992276579423 ], [ 35.202392711283871, 32.390858325720664 ], [ 35.202729512152288, 32.389411579271595 ], [ 35.202940777425979, 32.387083365422399 ], [ 35.202079850548536, 32.384347654777784 ], [ 35.201935735207549, 32.383746294346857 ], [ 35.201736337597886, 32.382809592435152 ], [ 35.202024160837098, 32.380407548064262 ], [ 35.202028823596329, 32.379889038853705 ], [ 35.202041979364253, 32.378410160171505 ], [ 35.200467990426056, 32.376906443330867 ], [ 35.19906726243395, 32.374800228192093 ], [ 35.198759727992254, 32.372797188827853 ], [ 35.199096911811864, 32.37032244538706 ], [ 35.199616419996552, 32.37000008813952 ], [ 35.199887243737329, 32.369226278063593 ], [ 35.20026150692258, 32.368171235285864 ], [ 35.200611170002617, 32.367610466110897 ], [ 35.200990556522846, 32.366772406385657 ], [ 35.201051005393509, 32.366277568714054 ], [ 35.200819765034403, 32.365726926790941 ], [ 35.200476141693947, 32.365024672975721 ], [ 35.200134676099736, 32.364444719088091 ], [ 35.199940631442836, 32.363922820170608 ], [ 35.199885553432118, 32.363152378993362 ], [ 35.199903354842718, 32.362381376719519 ], [ 35.200241730380803, 32.361358456695335 ], [ 35.200562469017648, 32.361107101820643 ], [ 35.200841215709623, 32.360608325068235 ], [ 35.200974703977515, 32.360112361791479 ], [ 35.200920945101018, 32.359405607313946 ], [ 35.200645744773176, 32.35854667460783 ], [ 35.200703871057314, 32.357927844596738 ], [ 35.200834371743241, 32.357339450917209 ], [ 35.201100323604486, 32.356834473339866 ], [ 35.200672603493238, 32.355324579118218 ], [ 35.199329891707336, 32.354605943151618 ], [ 35.198879735404873, 32.354199005507034 ], [ 35.198065742475784, 32.353516448357546 ], [ 35.195430094922017, 32.350106510884842 ], [ 35.194909734000611, 32.348415109733295 ], [ 35.192395713160295, 32.34854677790026 ], [ 35.188875473268297, 32.346793034284396 ], [ 35.184671941678282, 32.345473059095447 ], [ 35.180399422102525, 32.343765737095644 ], [ 35.176762501002493, 32.341751812181272 ], [ 35.174710407997473, 32.340763917838864 ], [ 35.171812776195146, 32.339697997522173 ], [ 35.169458883010172, 32.338295129017489 ], [ 35.167201474059681, 32.334895970166897 ], [ 35.166698384059323, 32.331450526637632 ], [ 35.169343127994843, 32.326438052957457 ], [ 35.168328175950208, 32.324015969433134 ], [ 35.166242970359718, 32.321251451209747 ], [ 35.167066469946619, 32.320126183659958 ], [ 35.167321340010716, 32.319319180139409 ], [ 35.165725494968903, 32.317558570505952 ], [ 35.165802704231467, 32.315478336584448 ], [ 35.165707028538151, 32.312988873272381 ], [ 35.166658647990374, 32.309222601329409 ], [ 35.169232188438464, 32.305196960887905 ], [ 35.169129188338289, 32.302128109151695 ], [ 35.170522669688289, 32.299222547906382 ], [ 35.173898395740935, 32.295962957095796 ], [ 35.175380607924133, 32.289732654984128 ], [ 35.174982585592211, 32.287931280672765 ], [ 35.173196495652654, 32.284408881603504 ], [ 35.166688376440085, 32.279098502650456 ], [ 35.165862128516743, 32.276999947576321 ], [ 35.165425705441116, 32.276752390512826 ], [ 35.163579941639398, 32.275584578790763 ], [ 35.16127408523446, 32.276323263961302 ], [ 35.159778657726669, 32.276855915983454 ], [ 35.159471127176573, 32.277267239485305 ], [ 35.15831957898817, 32.278285824472242 ], [ 35.156675585902825, 32.278958723164259 ], [ 35.154206612349157, 32.279882643429616 ], [ 35.151255556998265, 32.280872818797278 ], [ 35.148719597435473, 32.281856345440715 ], [ 35.146838173019724, 32.282965805068322 ], [ 35.145105647826803, 32.285610567691791 ], [ 35.143411479102518, 32.286311449469046 ], [ 35.142888967683049, 32.286581726568294 ], [ 35.142372925255316, 32.286847495827232 ], [ 35.139382139129552, 32.288393087515658 ], [ 35.139067692200371, 32.289014018009276 ], [ 35.138376168401734, 32.290367437496769 ], [ 35.136972776818645, 32.292237863929174 ], [ 35.134976157984823, 32.294059479371967 ], [ 35.133304070463204, 32.295711037278792 ], [ 35.132483206336609, 32.297242448993003 ], [ 35.132327754849697, 32.299982040158589 ], [ 35.131940852396937, 32.302107732743259 ], [ 35.129927087852344, 32.303206151817882 ], [ 35.128606342340234, 32.303005286429361 ], [ 35.12622350372196, 32.302222678477676 ], [ 35.12501853706199, 32.301498822828336 ], [ 35.123165202455176, 32.301027034618414 ], [ 35.121454320066967, 32.300999432732446 ], [ 35.120435619514879, 32.300913091518879 ], [ 35.11934410552459, 32.300812039348529 ], [ 35.118111290676254, 32.299966924068656 ], [ 35.117567072792809, 32.298483145158698 ], [ 35.117432998105798, 32.297822508856029 ], [ 35.114463254151332, 32.297425905340901 ], [ 35.112874603075312, 32.297003751341187 ], [ 35.111147563834798, 32.296306999944761 ], [ 35.110523590365901, 32.294919507373066 ], [ 35.110156828600907, 32.293302253055955 ], [ 35.110238981513753, 32.291176961445622 ], [ 35.11016795412155, 32.290404769994133 ], [ 35.110063623078766, 32.289276918880546 ], [ 35.109141720493149, 32.289238465228784 ], [ 35.108315285627, 32.289116664011537 ], [ 35.107354515299967, 32.289752802700391 ], [ 35.106935045753588, 32.290030336765852 ], [ 35.105809081354288, 32.291241776327986 ], [ 35.104662888647098, 32.29181124401228 ], [ 35.102403990169812, 32.292931012463143 ], [ 35.099891345479698, 32.294963569433108 ], [ 35.097279714077139, 32.297140274292332 ], [ 35.095969131589825, 32.299684954451941 ], [ 35.095190442794021, 32.30284553621771 ], [ 35.093673413752086, 32.306687425914973 ], [ 35.093125229658199, 32.309285153932237 ], [ 35.092538529993014, 32.311335586086749 ], [ 35.091298799678654, 32.313738810123027 ], [ 35.090391679910816, 32.315483470745008 ], [ 35.090083461427113, 32.31648527686022 ], [ 35.090849302810639, 32.317342643594607 ], [ 35.092030321195907, 32.317925338079128 ], [ 35.094043133441851, 32.318394340319436 ], [ 35.096756821173791, 32.319174454937752 ], [ 35.098902865458655, 32.319984472448269 ], [ 35.100355095631244, 32.32057576935334 ], [ 35.101286519265415, 32.321128300130972 ], [ 35.102034368028662, 32.322177772082505 ], [ 35.10239191566091, 32.323402768309968 ], [ 35.098438667241631, 32.326041675161768 ], [ 35.095895058819607, 32.327035397384527 ], [ 35.094798155304346, 32.328002716496513 ], [ 35.094871678140755, 32.32854721914218 ], [ 35.095044393075604, 32.329820543982763 ], [ 35.095216198122372, 32.331855856055967 ], [ 35.096127099481613, 32.334244054109561 ], [ 35.09721957515891, 32.335959460063556 ], [ 35.097568079097833, 32.336961837393055 ], [ 35.099193598893791, 32.341633195396902 ], [ 35.100834866050555, 32.347488664963585 ], [ 35.101840559056583, 32.353958479364316 ], [ 35.102556132453699, 32.360205423950291 ], [ 35.101965509938992, 32.360623135665222 ], [ 35.101323821312235, 32.36141841375116 ], [ 35.099772888333675, 32.362788371204388 ], [ 35.098999683636286, 32.363583527969702 ], [ 35.098611812426334, 32.363925870853471 ], [ 35.098092453106752, 32.364270356142491 ], [ 35.097326957208843, 32.365403667707163 ], [ 35.096845772441796, 32.367427138135014 ], [ 35.096886985294461, 32.369216595927945 ], [ 35.096383226423534, 32.370232895408456 ], [ 35.095336018087472, 32.370586496833937 ], [ 35.094038083029481, 32.371502904146844 ], [ 35.093528242956388, 32.3722960019441 ], [ 35.093282884336581, 32.37308482213772 ], [ 35.092641532317842, 32.37387780016698 ], [ 35.091995132325337, 32.374447585872929 ], [ 35.091612387312978, 32.375015349932177 ], [ 35.091232156375817, 32.375693580037229 ], [ 35.090980740799772, 32.37625695108337 ], [ 35.090481909765778, 32.377496414485165 ], [ 35.089832953197714, 32.377955721450881 ], [ 35.089054336343217, 32.378527625823203 ], [ 35.088684292369962, 32.379654480050824 ], [ 35.088431001431957, 32.380105124589321 ], [ 35.088394698771054, 32.380317567091609 ], [ 35.088314408095513, 32.380779078739089 ], [ 35.088195795831382, 32.381342565942994 ], [ 35.087818028346867, 32.382130688563194 ], [ 35.087047064274557, 32.383039054160434 ], [ 35.086278761648167, 32.384059573026192 ], [ 35.085502745206867, 32.384744176467031 ], [ 35.084328993815923, 32.385324695176045 ], [ 35.083284074025144, 32.385788662348354 ], [ 35.082502840195296, 32.386250058073543 ], [ 35.081742701046835, 32.386824188619165 ], [ 35.082050349602341, 32.387231403806197 ], [ 35.083067861661128, 32.388033256924281 ], [ 35.08433118549231, 32.38831231925176 ], [ 35.08594403003368, 32.388366823118808 ], [ 35.087872076036092, 32.388145436159647 ], [ 35.089525453959595, 32.387793579050431 ], [ 35.089400351489026, 32.388104569906481 ], [ 35.088668137067678, 32.390632753870818 ], [ 35.088042101852778, 32.39489295895919 ], [ 35.089315765381606, 32.395879856284793 ], [ 35.094088359846396, 32.3943460720212 ], [ 35.096727904862213, 32.394581682864462 ], [ 35.098001060581865, 32.395512132638629 ], [ 35.104916773154542, 32.398359427603182 ], [ 35.108083100710992, 32.398586197854968 ], [ 35.112742295818414, 32.397838399909219 ], [ 35.112161239825333, 32.400249035643242 ], [ 35.112646905963146, 32.402498133569274 ], [ 35.113808832556018, 32.404320512092973 ], [ 35.115722019205649, 32.405645756393156 ], [ 35.116966025362416, 32.406337028821795 ], [ 35.117662941679377, 32.407725643348279 ], [ 35.118013232583273, 32.408073621640526 ], [ 35.118283075755173, 32.409185214156338 ], [ 35.118584202026263, 32.411121365304531 ], [ 35.119300839311578, 32.409968737842171 ], [ 35.119871234139488, 32.409415672291892 ], [ 35.120581061696519, 32.409847859553004 ], [ 35.122181192294661, 32.408434292250469 ], [ 35.123424806662129, 32.407430208808989 ], [ 35.124176482823536, 32.406933035708448 ], [ 35.125333109598557, 32.406782723386542 ], [ 35.126645943325812, 32.406920493680545 ], [ 35.127888904917214, 32.407591368206397 ], [ 35.129288778073906, 32.408943145956364 ], [ 35.130196069715062, 32.409861214887428 ], [ 35.131948698137471, 32.411973458266687 ], [ 35.133401994399925, 32.4129318316484 ], [ 35.135143377928031, 32.412979015483991 ], [ 35.136312345080746, 32.412621206790391 ], [ 35.138330831001198, 32.411234149147354 ], [ 35.140276219196039, 32.410720592664475 ], [ 35.142139277809569, 32.410578937616641 ], [ 35.142934211302467, 32.411823180135968 ], [ 35.143296454365881, 32.413088624904049 ], [ 35.143691436025946, 32.411864689592306 ], [ 35.143985111157555, 32.41085374286871 ], [ 35.144637531931828, 32.409868891276659 ], [ 35.145257042813938, 32.409152291609132 ], [ 35.145954153901201, 32.408367529899202 ], [ 35.147174425217251, 32.407877762788914 ], [ 35.1485126520477, 32.40731815046324 ], [ 35.150329170943955, 32.406816216638326 ], [ 35.151640163257909, 32.406759849270401 ], [ 35.153231129299428, 32.406799956927522 ], [ 35.154862604612987, 32.406873876105699 ], [ 35.157796608940579, 32.406555437153713 ], [ 35.158777323433938, 32.405999528104047 ], [ 35.16022852302325, 32.405169870112395 ], [ 35.162477190231535, 32.404459381602038 ], [ 35.163767423490164, 32.403564815564337 ], [ 35.164748234183968, 32.403011114161501 ], [ 35.166004111912216, 32.402351533312057 ], [ 35.166942172585927, 32.402297146896942 ], [ 35.167519593110214, 32.403238520820281 ], [ 35.168097403747602, 32.403650112884385 ], [ 35.168801540207021, 32.403396696037383 ], [ 35.169231632784538, 32.403572094814862 ], [ 35.169598499809467, 32.404046179967956 ], [ 35.169892148081075, 32.404462757317823 ], [ 35.170387611277953, 32.404395260632597 ], [ 35.171162832580904, 32.404140722598207 ], [ 35.171935103562795, 32.403764442524455 ], [ 35.172279717064733, 32.403336762279743 ], [ 35.172686569145604, 32.402547832343529 ], [ 35.17331829247069, 32.402234630890703 ], [ 35.173549006912452, 32.402160856628861 ], [ 35.174333823312857, 32.403939752055429 ], [ 35.175783917080452, 32.405533372258205 ], [ 35.176927265367333, 32.40611131130602 ], [ 35.178489563363279, 32.406503340531081 ], [ 35.179611867465759, 32.406400428468629 ], [ 35.181084415708021, 32.405799917559413 ], [ 35.182690998362531, 32.405113746132784 ], [ 35.184794631288518, 32.404538660644128 ], [ 35.18608565491558, 32.404403592118648 ], [ 35.185736447796238, 32.404851598794551 ], [ 35.185756703388002, 32.405694176018493 ], [ 35.185701590910803, 32.406358082447156 ], [ 35.185641378676735, 32.406780769510604 ], [ 35.186142607826703, 32.406952739500547 ], [ 35.187213026662739, 32.407174946335864 ], [ 35.187521269696994, 32.408195657797656 ], [ 35.187910011262936, 32.409573134178508 ], [ 35.187936223809494, 32.410656929578053 ], [ 35.188029075927332, 32.411559819713453 ], [ 35.188325801826217, 32.412095836017642 ], [ 35.189326679788273, 32.412380574793751 ], [ 35.189695006543438, 32.412914905569444 ], [ 35.190683142274906, 32.412972503624466 ], [ 35.190831950148883, 32.413107218730111 ], [ 35.191374343064169, 32.413798805903156 ], [ 35.191836873830951, 32.4143004515537 ], [ 35.19282430611819, 32.41479256369329 ], [ 35.19389046931574, 32.415409792498281 ], [ 35.19434244058364, 32.415467315970524 ], [ 35.195619801654495, 32.415508553831067 ], [ 35.197617870634112, 32.415996749548952 ], [ 35.198746798627532, 32.415095055049058 ], [ 35.199888990065588, 32.414243510646671 ], [ 35.201025836531116, 32.413612320915249 ] ] ] ] } },
{ "type": "Feature", "properties": { "Area": 5059778.3295900002 }, "geometry": { "type": "MultiPolygon", "coordinates": [ [ [ [ 35.081742701046835, 32.386824188619165 ], [ 35.080819181113988, 32.387621902001143 ], [ 35.079261658156376, 32.388765592090053 ], [ 35.078354025737298, 32.389452838132144 ], [ 35.077836279002256, 32.389909959007689 ], [ 35.076010631332764, 32.39083522745662 ], [ 35.075229317152278, 32.391296577533801 ], [ 35.074315807725803, 32.39175834996508 ], [ 35.073270926467664, 32.392223924301668 ], [ 35.072223208706404, 32.392577331489001 ], [ 35.071180802204935, 32.393153355669227 ], [ 35.071734336651268, 32.394264785581022 ], [ 35.072541301758378, 32.394923347825227 ], [ 35.073226398570824, 32.396030399717723 ], [ 35.074164756758044, 32.396686833718043 ], [ 35.074648135003123, 32.397192876893534 ], [ 35.075110953531642, 32.397679171274973 ], [ 35.075794260041995, 32.398328567998476 ], [ 35.076044189786174, 32.397751701649177 ], [ 35.076290751390381, 32.397440848120816 ], [ 35.076790408984053, 32.396774622177141 ], [ 35.077275506391146, 32.396775675963276 ], [ 35.077985904348047, 32.396700868724928 ], [ 35.078634681261818, 32.396631068365174 ], [ 35.07939999944734, 32.396711296563531 ], [ 35.079805387283741, 32.396950098621922 ], [ 35.080489793681707, 32.396693210393117 ], [ 35.081176854101997, 32.396558057552639 ], [ 35.081975723359299, 32.396513184814573 ], [ 35.082596349160262, 32.39662706869138 ], [ 35.083218182407201, 32.396832816661785 ], [ 35.083919574110901, 32.397283801456652 ], [ 35.08447607317887, 32.397797203588262 ], [ 35.084781174772246, 32.398410121187538 ], [ 35.084830433366292, 32.398964181679631 ], [ 35.08484174097309, 32.399457337872612 ], [ 35.084813850052093, 32.399827593182749 ], [ 35.085280364819994, 32.399574417306312 ], [ 35.086076431022512, 32.399405525127932 ], [ 35.086947069950888, 32.399359561100795 ], [ 35.087825446030571, 32.399624702556039 ], [ 35.088597087645866, 32.399981605813423 ], [ 35.089084839018348, 32.40065216718294 ], [ 35.089358485784089, 32.401479774265127 ], [ 35.089269364648636, 32.402344810620015 ], [ 35.088850050491125, 32.403091189642119 ], [ 35.088748343128401, 32.403401636916271 ], [ 35.088688674086434, 32.403957286276523 ], [ 35.088435730699366, 32.404342552361172 ], [ 35.089896979805751, 32.405644100611923 ], [ 35.090592421944763, 32.406416854687954 ], [ 35.091526617676621, 32.40606770284041 ], [ 35.092430891896761, 32.405867869946157 ], [ 35.093520793907956, 32.405849671374575 ], [ 35.094176454435164, 32.405899842833136 ], [ 35.094615748397004, 32.406047887989274 ], [ 35.095663429187915, 32.405782779794563 ], [ 35.096642950589697, 32.405705281527325 ], [ 35.0976283256852, 32.405874071330395 ], [ 35.098620025304619, 32.406319583544345 ], [ 35.099138731523801, 32.406743840763397 ], [ 35.099554976218094, 32.40744473538323 ], [ 35.099791400939765, 32.408243544798474 ], [ 35.099697473367613, 32.408892163609252 ], [ 35.09971250546743, 32.409539182064137 ], [ 35.099511036014974, 32.410252524518363 ], [ 35.099051620729057, 32.41081517161566 ], [ 35.098660979571022, 32.411222886399266 ], [ 35.098288472217504, 32.411460973470241 ], [ 35.099028270050717, 32.411613201002226 ], [ 35.099721908367009, 32.411897266806534 ], [ 35.101145322694087, 32.411957054956879 ], [ 35.102142284918145, 32.412228956552688 ], [ 35.102103675268012, 32.411853008141925 ], [ 35.102881790039554, 32.411912251172033 ], [ 35.103310597072614, 32.412119434834146 ], [ 35.103552295166814, 32.412399171025811 ], [ 35.103243551951579, 32.412810347009533 ], [ 35.103102485755748, 32.412999601184893 ], [ 35.102798260505224, 32.413525752778128 ], [ 35.102826751477188, 32.413892675225981 ], [ 35.103251352135608, 32.414007426287782 ], [ 35.103775708212559, 32.413890055034827 ], [ 35.104342357243006, 32.413829074553554 ], [ 35.104595576395994, 32.414061475958938 ], [ 35.105154731355391, 32.414473904547719 ], [ 35.105537031825278, 32.41454183631037 ], [ 35.106127857605102, 32.414399145700067 ], [ 35.106791135248741, 32.414381062653824 ], [ 35.107221781079474, 32.413976735263766 ], [ 35.107770635035919, 32.413467105048895 ], [ 35.108283470263949, 32.413084253524403 ], [ 35.108772474277174, 32.412771831026511 ], [ 35.10931593377201, 32.412480864279509 ], [ 35.109950204832792, 32.412071044965735 ], [ 35.110344670808303, 32.411773762444184 ], [ 35.110809980844039, 32.411552052892823 ], [ 35.111101162905491, 32.411705002770411 ], [ 35.111531767009602, 32.411958938108221 ], [ 35.112231177907134, 32.411834333776312 ], [ 35.112791492298122, 32.41161324995268 ], [ 35.113374666539343, 32.411285660883941 ], [ 35.113693463539292, 32.411399736743853 ], [ 35.114400429270255, 32.412023578538133 ], [ 35.115746436296703, 32.412609543147958 ], [ 35.117074914067466, 32.412443083409087 ], [ 35.117784789569249, 32.41214035983559 ], [ 35.118353829314934, 32.411639151081381 ], [ 35.118584202026263, 32.411121365304531 ], [ 35.118283075755173, 32.409185214156338 ], [ 35.118013232583273, 32.408073621640526 ], [ 35.117662941679377, 32.407725643348279 ], [ 35.116966025362416, 32.406337028821795 ], [ 35.115722019205649, 32.405645756393156 ], [ 35.113808832556018, 32.404320512092973 ], [ 35.112646905963146, 32.402498133569274 ], [ 35.112161239825333, 32.400249035643242 ], [ 35.112742295818414, 32.397838399909219 ], [ 35.108083100710992, 32.398586197854968 ], [ 35.104916773154542, 32.398359427603182 ], [ 35.098001060581865, 32.395512132638629 ], [ 35.096727904862213, 32.394581682864462 ], [ 35.094088359846396, 32.3943460720212 ], [ 35.089315765381606, 32.395879856284793 ], [ 35.088042101852778, 32.39489295895919 ], [ 35.088668137067678, 32.390632753870818 ], [ 35.089400351489026, 32.388104569906481 ], [ 35.089525453959595, 32.387793579050431 ], [ 35.087872076036092, 32.388145436159647 ], [ 35.08594403003368, 32.388366823118808 ], [ 35.08433118549231, 32.38831231925176 ], [ 35.083067861661128, 32.388033256924281 ], [ 35.082050349602341, 32.387231403806197 ], [ 35.081742701046835, 32.386824188619165 ] ] ] ] } },
{ "type": "Feature", "properties": { "Area": 19052.027343999998 }, "geometry": { "type": "MultiPolygon", "coordinates": [ [ [ [ 35.201025836531116, 32.413612320915249 ], [ 35.202241056658089, 32.413442705802183 ], [ 35.203233693811249, 32.413276458661919 ], [ 35.204987567665391, 32.411624568206236 ], [ 35.204159723058197, 32.411979633695914 ], [ 35.202182933524114, 32.412906726796756 ], [ 35.201025836531116, 32.413612320915249 ] ] ] ] } },
{ "type": "Feature", "properties": { "Area": 172810.04003900001 }, "geometry": { "type": "MultiPolygon", "coordinates": [ [ [ [ 35.090488043100265, 32.408459225515266 ], [ 35.090880632358363, 32.408770683679847 ], [ 35.091046214894462, 32.40918056556729 ], [ 35.091244030851001, 32.409716157608926 ], [ 35.091377232393953, 32.409989056604942 ], [ 35.091565140070799, 32.410614814209239 ], [ 35.091856920150427, 32.410792607197664 ], [ 35.092639841965713, 32.410712146477422 ], [ 35.09333348541405, 32.410427581249664 ], [ 35.093794075835518, 32.410426859173683 ], [ 35.094941615145608, 32.410315142387446 ], [ 35.0958946190962, 32.410091656192549 ], [ 35.096558032540059, 32.410074190670841 ], [ 35.097229581589147, 32.409918648055616 ], [ 35.097523435347725, 32.409471967589788 ], [ 35.097542496941649, 32.408941641771605 ], [ 35.097579587948701, 32.408192656673997 ], [ 35.097262562159258, 32.407730803947331 ], [ 35.096957174378545, 32.407542303497209 ], [ 35.096333170987855, 32.407536697591844 ], [ 35.095811442926738, 32.407701382202212 ], [ 35.095083503520343, 32.407801072610596 ], [ 35.094723248394452, 32.407937712964895 ], [ 35.094303832302245, 32.407962708979298 ], [ 35.093765012009968, 32.407701293012892 ], [ 35.093221580713411, 32.407681088961489 ], [ 35.092760035435091, 32.407659264352873 ], [ 35.092090263929308, 32.407862126707414 ], [ 35.091527680710925, 32.408016048857313 ], [ 35.091083929271164, 32.408108643644205 ], [ 35.090488043100265, 32.408459225515266 ] ] ] ] } },
{ "type": "Feature", "properties": { "Area": 72818.47412080002 }, "geometry": { "type": "MultiPolygon", "coordinates": [ [ [ [ 35.210236073114054, 32.410125837258725 ], [ 35.211790596386628, 32.410330904058178 ], [ 35.213015905487708, 32.410383804132778 ], [ 35.214057812596643, 32.410144201004279 ], [ 35.214136751485754, 32.408993335111049 ], [ 35.214560768432257, 32.407290118900406 ], [ 35.214274895895194, 32.407035960435834 ], [ 35.213785133199003, 32.407443476773324 ], [ 35.21328541358443, 32.407984563798102 ], [ 35.212188582946787, 32.408583173743487 ], [ 35.211316454113032, 32.409033536613201 ], [ 35.210729839314872, 32.409528403363645 ], [ 35.21039036530447, 32.409938153090657 ], [ 35.210236073114054, 32.410125837258725 ] ] ] ] } },
{ "type": "Feature", "properties": { "Area": 312673.79833899997 }, "geometry": { "type": "MultiPolygon", "coordinates": [ [ [ [ 35.077994001750568, 32.401139749347685 ], [ 35.077911518607493, 32.401454715958081 ], [ 35.077845718724284, 32.401834512621328 ], [ 35.078186967940127, 32.402228243784641 ], [ 35.078951139341655, 32.402691154204703 ], [ 35.079463946082832, 32.402975715199197 ], [ 35.080147987564629, 32.40314039742325 ], [ 35.08066864348131, 32.403276172319003 ], [ 35.081198094306174, 32.403296416806079 ], [ 35.081752854256067, 32.403269341769885 ], [ 35.082347007007591, 32.403219195075152 ], [ 35.082625461443257, 32.403394742303327 ], [ 35.083691912878415, 32.403629659921812 ], [ 35.084666112710366, 32.403924785505801 ], [ 35.085359623339379, 32.403973911588416 ], [ 35.085819275968468, 32.404284321828783 ], [ 35.086148606244201, 32.404044540059694 ], [ 35.086630703561035, 32.403572135765188 ], [ 35.086612200985336, 32.403112225390942 ], [ 35.086707942161347, 32.402797265508759 ], [ 35.086961115922072, 32.402364661073705 ], [ 35.08720851509571, 32.401771989860279 ], [ 35.087014591910759, 32.401340095907109 ], [ 35.086330702079906, 32.401187286535517 ], [ 35.085947722993936, 32.401438853981652 ], [ 35.085521483834135, 32.401622184506827 ], [ 35.084967233273971, 32.401649276637436 ], [ 35.084227585323127, 32.401463150930887 ], [ 35.083765907870003, 32.401441293283263 ], [ 35.083289063399064, 32.40170854339776 ], [ 35.082836709512094, 32.401916637888867 ], [ 35.082228613895381, 32.40196733699505 ], [ 35.082133870893244, 32.401777313753726 ], [ 35.082036978350715, 32.401580525214115 ], [ 35.082177068698478, 32.401025520458603 ], [ 35.082456049900131, 32.400556879940275 ], [ 35.082658921670742, 32.399872308491155 ], [ 35.082735274718907, 32.399409107324928 ], [ 35.082699308761491, 32.398859567665752 ], [ 35.082227042141966, 32.398571677402252 ], [ 35.081893344204857, 32.398363386997268 ], [ 35.081377058019257, 32.398331322815189 ], [ 35.080697254983654, 32.398615272850485 ], [ 35.080307034446598, 32.398693792536768 ], [ 35.079755044836247, 32.398779477869923 ], [ 35.079185413915155, 32.398771022926297 ], [ 35.078741840101436, 32.398519218187694 ], [ 35.07837115323575, 32.398403311138928 ], [ 35.078033324781074, 32.398424953086234 ], [ 35.077882620735053, 32.398715616824646 ], [ 35.078038514658942, 32.399229771650404 ], [ 35.078117186877364, 32.399503193950132 ], [ 35.078088717189814, 32.399792289512021 ], [ 35.077759531500284, 32.400043322412614 ], [ 35.077397519916218, 32.40013313329446 ], [ 35.077297097230939, 32.400330853787061 ], [ 35.077671312840032, 32.400540887821762 ], [ 35.077910988937766, 32.400762621275874 ], [ 35.077994001750568, 32.401139749347685 ] ] ] ] } },
{ "type": "Feature", "properties": { "Area": 3142162.9262700002 }, "geometry": { "type": "MultiPolygon", "coordinates": [ [ [ [ 35.211894324376537, 32.397259440365609 ], [ 35.21119937323467, 32.395954755969157 ], [ 35.211026567010599, 32.394697383153648 ], [ 35.211068998374742, 32.393576388849276 ], [ 35.211078369950712, 32.392295334831353 ], [ 35.210920362635612, 32.391186749719594 ], [ 35.210956309816993, 32.389962053466029 ], [ 35.210926497126522, 32.388740178366135 ], [ 35.211037030886594, 32.387904359237616 ], [ 35.211214653055713, 32.387123205148356 ], [ 35.210009023497371, 32.386032705333946 ], [ 35.209203289128112, 32.385214959968302 ], [ 35.208131051605996, 32.384232647277578 ], [ 35.207523281825893, 32.383465608637763 ], [ 35.207292452927426, 32.382800006324736 ], [ 35.207667694563057, 32.382085919942938 ], [ 35.207732098338148, 32.381482305959594 ], [ 35.207860264440932, 32.380938995031045 ], [ 35.208473587737735, 32.379967899020969 ], [ 35.209757841741229, 32.37855660375854 ], [ 35.209111383826645, 32.377298680474127 ], [ 35.208977378216424, 32.377032667468477 ], [ 35.208719320897025, 32.376277456085148 ], [ 35.208619165197454, 32.375496877013617 ], [ 35.208651181905502, 32.37490115337404 ], [ 35.208975154474381, 32.372440474727945 ], [ 35.208555780498941, 32.369119770401767 ], [ 35.207454939970035, 32.365802462860884 ], [ 35.206911217551827, 32.365126720398777 ], [ 35.205449764000321, 32.363224596100643 ], [ 35.203257934083055, 32.361431787942443 ], [ 35.202434069588719, 32.359800722821568 ], [ 35.202289682573387, 32.35817755548986 ], [ 35.201255016679809, 32.357381732044075 ], [ 35.201100323604486, 32.356834473339866 ], [ 35.200834371743241, 32.357339450917209 ], [ 35.200703871057314, 32.357927844596738 ], [ 35.200645744773176, 32.35854667460783 ], [ 35.200920945101018, 32.359405607313946 ], [ 35.200974703977515, 32.360112361791479 ], [ 35.200841215709623, 32.360608325068235 ], [ 35.200562469017648, 32.361107101820643 ], [ 35.200241730380803, 32.361358456695335 ], [ 35.199903354842718, 32.362381376719519 ], [ 35.199885553432118, 32.363152378993362 ], [ 35.199940631442836, 32.363922820170608 ], [ 35.200134676099736, 32.364444719088091 ], [ 35.200476141693947, 32.365024672975721 ], [ 35.200819765034403, 32.365726926790941 ], [ 35.201051005393509, 32.366277568714054 ], [ 35.200990556522846, 32.366772406385657 ], [ 35.200611170002617, 32.367610466110897 ], [ 35.20026150692258, 32.368171235285864 ], [ 35.199887243737329, 32.369226278063593 ], [ 35.199616419996552, 32.37000008813952 ], [ 35.199096911811864, 32.37032244538706 ], [ 35.198759727992254, 32.372797188827853 ], [ 35.19906726243395, 32.374800228192093 ], [ 35.200467990426056, 32.376906443330867 ], [ 35.202041979364253, 32.378410160171505 ], [ 35.202028823596329, 32.379889038853705 ], [ 35.202024160837098, 32.380407548064262 ], [ 35.201736337597886, 32.382809592435152 ], [ 35.201935735207549, 32.383746294346857 ], [ 35.202079850548536, 32.384347654777784 ], [ 35.202940777425979, 32.387083365422399 ], [ 35.202729512152288, 32.389411579271595 ], [ 35.202392711283871, 32.390858325720664 ], [ 35.20213329372887, 32.391992276579423 ], [ 35.201938643381325, 32.39283879406571 ], [ 35.201697815709018, 32.393918638833412 ], [ 35.201475060659348, 32.395719322278723 ], [ 35.20150025712816, 32.397168327160202 ], [ 35.202074343258133, 32.398373869813433 ], [ 35.203183892474051, 32.398705843121618 ], [ 35.20414431089177, 32.399597456608568 ], [ 35.205104748192511, 32.400489626246369 ], [ 35.206544477031677, 32.399749609400288 ], [ 35.207741849178007, 32.398285926173095 ], [ 35.209309352662707, 32.396691463191225 ], [ 35.210987878210908, 32.397058850974275 ], [ 35.211894324376537, 32.397259440365609 ] ] ] ] } },
{ "type": "Feature", "properties": { "Area": 302338.76123200002 }, "geometry": { "type": "MultiPolygon", "coordinates": [ [ [ [ 35.325669157773468, 32.392737090139974 ], [ 35.326315935725077, 32.393196360093768 ], [ 35.327766467977405, 32.394375680986109 ], [ 35.329790300260782, 32.395785489909649 ], [ 35.332259121530207, 32.39791283525112 ], [ 35.333010965420513, 32.398397325515823 ], [ 35.335278701468972, 32.397685988886828 ], [ 35.33633094186461, 32.39745212722395 ], [ 35.330624173908227, 32.392226117239311 ], [ 35.329841847101925, 32.391507750386012 ], [ 35.329093221127202, 32.391740130868243 ], [ 35.325669157773468, 32.392737090139974 ] ] ] ] } },
{ "type": "Feature", "properties": { "Area": 81314.341796499997 }, "geometry": { "type": "MultiPolygon", "coordinates": [ [ [ [ 35.307434129124879, 32.395191427671335 ], [ 35.307720349057931, 32.395262769997828 ], [ 35.308048029512022, 32.394411471983616 ], [ 35.30842815835117, 32.393685247931337 ], [ 35.309209418560251, 32.393035338763653 ], [ 35.31024097447952, 32.392425793674349 ], [ 35.31093441416931, 32.392243731763301 ], [ 35.311532731851585, 32.392232516373035 ], [ 35.312433980091981, 32.392385045195503 ], [ 35.312986834373937, 32.392544067710212 ], [ 35.31338521623416, 32.392536960762911 ], [ 35.313682913096429, 32.392488797410721 ], [ 35.31374445970696, 32.392298248747004 ], [ 35.31225532227986, 32.391710010677585 ], [ 35.310718909010852, 32.39100794849108 ], [ 35.307971181333549, 32.392119955827852 ], [ 35.307284110746863, 32.39323700127364 ], [ 35.307434129124879, 32.395191427671335 ] ] ] ] } },
{ "type": "Feature", "properties": { "Area": 896997.23437600001 }, "geometry": { "type": "MultiPolygon", "coordinates": [ [ [ [ 35.471969039488251, 32.392191889268553 ], [ 35.475436698361939, 32.391884649356314 ], [ 35.475958508522105, 32.391509300338292 ], [ 35.476491887782601, 32.391338508573583 ], [ 35.477501321117096, 32.391208389996095 ], [ 35.47875942371644, 32.391158879807413 ], [ 35.479759625625448, 32.391107666314838 ], [ 35.481230122568903, 32.391222800173558 ], [ 35.482136746385457, 32.391198262174115 ], [ 35.483435729845333, 32.391159323514827 ], [ 35.483907569344311, 32.390854501428514 ], [ 35.484448098595351, 32.390316197373352 ], [ 35.484757267452444, 32.389767133866435 ], [ 35.484918019222626, 32.389231926159923 ], [ 35.485235970961895, 32.388840084424181 ], [ 35.485549856254387, 32.388369347859147 ], [ 35.485832056689858, 32.388070577235581 ], [ 35.486103811451827, 32.387831006630201 ], [ 35.48619833765175, 32.387576614702816 ], [ 35.486339946783545, 32.38719080011434 ], [ 35.486345139583818, 32.386777674429645 ], [ 35.48623516790942, 32.38649612354078 ], [ 35.485997324736481, 32.386103830288405 ], [ 35.485602238388651, 32.385820660972335 ], [ 35.485277898623877, 32.385593128571429 ], [ 35.484937185991157, 32.385547672527167 ], [ 35.484598332910288, 32.385297626905015 ], [ 35.484024226325523, 32.384952291429173 ], [ 35.483452464657979, 32.384666125466019 ], [ 35.482947703671087, 32.384351629175399 ], [ 35.482139542567296, 32.384189406356938 ], [ 35.481416357153734, 32.383849459571159 ], [ 35.480852992781216, 32.383698525817699 ], [ 35.480177887489837, 32.383495419773524 ], [ 35.479713266442509, 32.38343443991149 ], [ 35.479110997367336, 32.383320216909944 ], [ 35.478643544085216, 32.383200625489621 ], [ 35.478040047592181, 32.38306385626548 ], [ 35.477321212056118, 32.383058087707148 ], [ 35.47670139715526, 32.383126495638621 ], [ 35.476079128457151, 32.383152072661467 ], [ 35.475755768034638, 32.383185457521748 ], [ 35.475207556130904, 32.383322462458928 ], [ 35.474718953587143, 32.383570928848137 ], [ 35.474315362870165, 32.383874443583615 ], [ 35.474165376241587, 32.384362273463765 ], [ 35.4741894498829, 32.384808024810155 ], [ 35.474203802001256, 32.385334954453491 ], [ 35.474271015738537, 32.385825137298944 ], [ 35.474562239461349, 32.386204939412316 ], [ 35.474859945450739, 32.386697445677989 ], [ 35.475165654731299, 32.387088487125396 ], [ 35.475280684293487, 32.387462466258732 ], [ 35.475310497907323, 32.38777068795612 ], [ 35.475037375744563, 32.388229476264108 ], [ 35.474772642315102, 32.388606524887315 ], [ 35.474447794146478, 32.38887211019442 ], [ 35.473972821996135, 32.389359508060927 ], [ 35.473364120148197, 32.389887204657967 ], [ 35.472945318841703, 32.390168203518762 ], [ 35.472517450374077, 32.390528686954887 ], [ 35.471994973890112, 32.390906277602419 ], [ 35.471555042065958, 32.391289327098711 ], [ 35.471969039488251, 32.392191889268553 ] ] ] ] } },
{ "type": "Feature", "properties": { "Area": 1057923.5854499999 }, "geometry": { "type": "MultiPolygon", "coordinates": [ [ [ [ 35.054044221635259, 32.387265361733419 ], [ 35.054466143331055, 32.386978994094697 ], [ 35.054871904204504, 32.386622719998833 ], [ 35.055270442262213, 32.386415788880754 ], [ 35.055796220233731, 32.38668862646054 ], [ 35.056364917574328, 32.387017871810947 ], [ 35.056997345666247, 32.387575445336118 ], [ 35.057413419895362, 32.387818840849967 ], [ 35.058285844296819, 32.387944409684373 ], [ 35.058892422168753, 32.387857753974295 ], [ 35.05974648463102, 32.387523961096541 ], [ 35.060504114705076, 32.387157363819625 ], [ 35.061055235404858, 32.387062744025862 ], [ 35.061671432979267, 32.386872384247894 ], [ 35.062263736617524, 32.386774987803051 ], [ 35.062726458544198, 32.386821159920444 ], [ 35.062633749401108, 32.387066219827645 ], [ 35.062481505995578, 32.387472401006711 ], [ 35.063183989265696, 32.387429229425493 ], [ 35.063887967304261, 32.387063678860734 ], [ 35.06416313630028, 32.3868385469803 ], [ 35.064611166793235, 32.386181891927841 ], [ 35.064829647870724, 32.385887373397061 ], [ 35.065547357566288, 32.385868440090022 ], [ 35.066306392663549, 32.385536188678415 ], [ 35.066871761795532, 32.385452267334053 ], [ 35.067303712219143, 32.385749752836958 ], [ 35.067585431731118, 32.38601776691673 ], [ 35.068261030450621, 32.385954811977335 ], [ 35.068955339312211, 32.385704759690483 ], [ 35.069720447326098, 32.385522974323656 ], [ 35.070124373353792, 32.385464227627459 ], [ 35.07096764990235, 32.385533881692794 ], [ 35.071450875609436, 32.385751376648642 ], [ 35.071517991938961, 32.386070442681365 ], [ 35.071646130270658, 32.386562033262678 ], [ 35.071847140485339, 32.386845169877844 ], [ 35.072309375887215, 32.386544694888947 ], [ 35.072471604722715, 32.38620614366112 ], [ 35.072570085550019, 32.385626870105085 ], [ 35.073836348999322, 32.385432620105206 ], [ 35.074199437826941, 32.38536367331907 ], [ 35.074589103196814, 32.384940250979845 ], [ 35.074769567186529, 32.384382476605481 ], [ 35.074341434577249, 32.383841547019209 ], [ 35.073901617117727, 32.383693430343577 ], [ 35.073002791569287, 32.383924698334738 ], [ 35.072341322883375, 32.383989384325147 ], [ 35.071496956398128, 32.38421957140099 ], [ 35.070687994153303, 32.384310018550906 ], [ 35.070065281579325, 32.384326828027227 ], [ 35.069655274896839, 32.384234524323674 ], [ 35.069082699893919, 32.38414655366671 ], [ 35.068435639421118, 32.384233778459873 ], [ 35.067244015301711, 32.384266867034121 ], [ 35.066234528534615, 32.384421317221083 ], [ 35.065347055072181, 32.384595619811719 ], [ 35.064821376814812, 32.384679014690853 ], [ 35.063739805691533, 32.384732481380162 ], [ 35.062887893624215, 32.384778306446982 ], [ 35.062281863357342, 32.384530769716193 ], [ 35.061511400945271, 32.383574040091041 ], [ 35.060938374735947, 32.383464051700976 ], [ 35.059496919950995, 32.383352501955002 ], [ 35.058226999662814, 32.383445156476256 ], [ 35.05813595071249, 32.382860601834246 ], [ 35.057809809614199, 32.382155727980958 ], [ 35.057543539140745, 32.381600839537896 ], [ 35.056905956635532, 32.381582060173677 ], [ 35.056800971854777, 32.381813575309337 ], [ 35.056619331255128, 32.382213515741448 ], [ 35.056305852109567, 32.382509035821592 ], [ 35.056022794588152, 32.382883494351589 ], [ 35.05564529200214, 32.382930391559334 ], [ 35.055201385170044, 32.38266497689041 ], [ 35.055164470663179, 32.382090628846967 ], [ 35.055080132040722, 32.381679103854395 ], [ 35.054720618538312, 32.381493254429152 ], [ 35.054125301341202, 32.381521289651879 ], [ 35.053847559524641, 32.381690600714343 ], [ 35.053501442592385, 32.381837849092896 ], [ 35.053217327145866, 32.381844835464491 ], [ 35.052526875563679, 32.381865422268014 ], [ 35.051677131918304, 32.381622049480185 ], [ 35.051032530280096, 32.381434153094901 ], [ 35.05055686755059, 32.381401448591774 ], [ 35.049889349132513, 32.381314965688325 ], [ 35.049352968260493, 32.3814456250728 ], [ 35.048860269065706, 32.381665384239305 ], [ 35.04876544968721, 32.382347781966303 ], [ 35.048704781871756, 32.382867342510039 ], [ 35.048027092740611, 32.383185499039911 ], [ 35.047548955138211, 32.383427251296148 ], [ 35.047150265234514, 32.383623449584306 ], [ 35.046439326425563, 32.384148959289611 ], [ 35.046302639837762, 32.384450875277139 ], [ 35.046311142733117, 32.38500320974191 ], [ 35.046521331345446, 32.385403626072119 ], [ 35.046671945692246, 32.385687303212435 ], [ 35.047000150041789, 32.386308795779904 ], [ 35.047130216856623, 32.386856772992758 ], [ 35.047170262837987, 32.387512284519346 ], [ 35.047280369116265, 32.387889467163113 ], [ 35.049095248468511, 32.38854097804505 ], [ 35.049450012049164, 32.38860059212621 ], [ 35.049854535844631, 32.388889085953743 ], [ 35.05027895191175, 32.389004015422124 ], [ 35.050630534434717, 32.388982464557131 ], [ 35.050970625575637, 32.388685864168366 ], [ 35.051218952036542, 32.388447765297244 ], [ 35.051473231762962, 32.388026504619013 ], [ 35.051803216755985, 32.3878110474203 ], [ 35.051994048883223, 32.387494537593156 ], [ 35.052381520609259, 32.38735748812492 ], [ 35.052708070252955, 32.387406350702413 ], [ 35.053182913862948, 32.387750714467224 ], [ 35.053527578813856, 32.387891462720766 ], [ 35.054044221635259, 32.387265361733419 ] ] ] ] } },
{ "type": "Feature", "properties": { "Area": 602381.64209099999 }, "geometry": { "type": "MultiPolygon", "coordinates": [ [ [ [ 35.504163729549113, 32.381904877854851 ], [ 35.505232940760976, 32.382620912914426 ], [ 35.505737964543883, 32.382944336700056 ], [ 35.50644055500171, 32.383157948136201 ], [ 35.507004099431875, 32.383550548571016 ], [ 35.50746454041527, 32.383796296467516 ], [ 35.508019781885977, 32.384037305643446 ], [ 35.508834145997405, 32.384303048594305 ], [ 35.509400866051145, 32.384498936463217 ], [ 35.510201151239599, 32.384526304653214 ], [ 35.510761139655834, 32.384595957829596 ], [ 35.511383777301319, 32.384581480588423 ], [ 35.512018963726433, 32.384546116704854 ], [ 35.512595965349064, 32.384442133505459 ], [ 35.513059020918398, 32.384230216797157 ], [ 35.513787938869918, 32.383926907716415 ], [ 35.514242464729641, 32.383552692742192 ], [ 35.51453320604238, 32.383161407736551 ], [ 35.514718355155615, 32.382580451046273 ], [ 35.514738983907996, 32.381960447581974 ], [ 35.514707434280922, 32.381377206062659 ], [ 35.51468419563826, 32.380942169111492 ], [ 35.514580519845104, 32.380534382531977 ], [ 35.514386806682808, 32.379967883857532 ], [ 35.514145632494632, 32.379505766252258 ], [ 35.513713311206637, 32.378788809289659 ], [ 35.513265421154998, 32.378520509495019 ], [ 35.512606883515986, 32.378120842244613 ], [ 35.511862772619338, 32.377896657888058 ], [ 35.511285456367347, 32.377748148424516 ], [ 35.510669405617762, 32.3776341096275 ], [ 35.50991751851452, 32.377514197499522 ], [ 35.509390091985772, 32.377535763788728 ], [ 35.508730372828694, 32.377618515397714 ], [ 35.507951983700686, 32.377765235426814 ], [ 35.50718134492395, 32.378046067393733 ], [ 35.506501123143586, 32.378256228807629 ], [ 35.505890537047122, 32.378487073035615 ], [ 35.505335888917898, 32.379014231181991 ], [ 35.504891379930733, 32.379559723014061 ], [ 35.504551262307174, 32.380041842271908 ], [ 35.504313372954343, 32.380659543541647 ], [ 35.504129397667342, 32.381263026310656 ], [ 35.504163729549113, 32.381904877854851 ] ] ] ] } },
{ "type": "Feature", "properties": { "Area": 10416642.065400001 }, "geometry": { "type": "MultiPolygon", "coordinates": [ [ [ [ 35.079618325914758, 32.383348661391246 ], [ 35.080321947949514, 32.380863896132269 ], [ 35.083693897071946, 32.377543076799725 ], [ 35.086419175082305, 32.374909713742021 ], [ 35.087545015034671, 32.371964839862116 ], [ 35.088938272233818, 32.369127846721284 ], [ 35.089146787619107, 32.366648771369015 ], [ 35.088932780753389, 32.366264765506571 ], [ 35.089283532542396, 32.365774192469594 ], [ 35.089545220357692, 32.364161977417233 ], [ 35.089717213485827, 32.362975760044911 ], [ 35.090136669224101, 32.361699027343235 ], [ 35.090463884773278, 32.360762623062548 ], [ 35.091231936264691, 32.359480564691857 ], [ 35.091814466754791, 32.358794623119245 ], [ 35.092205946981061, 32.358490065178273 ], [ 35.092343527562051, 32.357980694400283 ], [ 35.092421701882209, 32.35704800812308 ], [ 35.092093753384553, 32.355784128226176 ], [ 35.091699476242304, 32.353802162977289 ], [ 35.09168482447685, 32.353168664643661 ], [ 35.091772766800844, 32.352660376882419 ], [ 35.092489990203781, 32.351335993752393 ], [ 35.093210188528872, 32.350140673096675 ], [ 35.093340977566477, 32.349333150493024 ], [ 35.093135957120865, 32.349084422501598 ], [ 35.092481330666651, 32.348797534904911 ], [ 35.091978926678429, 32.348636462326503 ], [ 35.091624688874688, 32.348389853183946 ], [ 35.091417626745546, 32.348053199032407 ], [ 35.091351741019928, 32.347377947824448 ], [ 35.091184712317201, 32.346618629441018 ], [ 35.091163461853107, 32.345689798192893 ], [ 35.090649929664281, 32.345019779754786 ], [ 35.090249188760858, 32.344942768210657 ], [ 35.089054730489437, 32.345005368492934 ], [ 35.087805104234185, 32.344857120198824 ], [ 35.087102334961266, 32.344614120835331 ], [ 35.085733651196037, 32.343622032424392 ], [ 35.085089806631018, 32.342881982179605 ], [ 35.08535793260522, 32.342442627563003 ], [ 35.08629868774171, 32.342174110992815 ], [ 35.086992635677298, 32.342034422331878 ], [ 35.087936705501434, 32.341892142996926 ], [ 35.088376973210529, 32.341547061868084 ], [ 35.08846979819257, 32.341250129989398 ], [ 35.088308789144477, 32.340743305480977 ], [ 35.087555591823154, 32.34050308011404 ], [ 35.086605280363933, 32.340349460774789 ], [ 35.086007278079087, 32.340359609414023 ], [ 35.085499787618367, 32.339944322472427 ], [ 35.085144774353743, 32.339695439734754 ], [ 35.084501738103484, 32.339877436708406 ], [ 35.083958232923081, 32.340095595859758 ], [ 35.083311544564481, 32.340149646042612 ], [ 35.082582156981594, 32.339990008651384 ], [ 35.082059675658975, 32.339874528659031 ], [ 35.080351356892116, 32.339266990403544 ], [ 35.078947430933709, 32.338909406909352 ], [ 35.078099708081218, 32.338882635513308 ], [ 35.077608022667754, 32.339185922812803 ], [ 35.077323823941768, 32.339824195781247 ], [ 35.07708394720909, 32.340572414773874 ], [ 35.076344730717203, 32.340562085422739 ], [ 35.075990177612162, 32.340356011050041 ], [ 35.075385958523952, 32.340067958610433 ], [ 35.074683530488727, 32.339867723938276 ], [ 35.07358293477683, 32.339676090725767 ], [ 35.072293293820941, 32.339949783722759 ], [ 35.071047065127793, 32.339927619418262 ], [ 35.069448996591255, 32.339784456548642 ], [ 35.068099891306879, 32.33963759745518 ], [ 35.06710278959217, 32.339613408695499 ], [ 35.066451106329865, 32.339454889820765 ], [ 35.06575166377187, 32.339380855101737 ], [ 35.065258568579303, 32.339600679835449 ], [ 35.064376278370894, 32.340248970809562 ], [ 35.064512512284004, 32.340805958611725 ], [ 35.064443574991188, 32.341275924408478 ], [ 35.064614767447488, 32.342414022111313 ], [ 35.064496111472948, 32.343590686650472 ], [ 35.064661711352606, 32.344483048292211 ], [ 35.06524882087151, 32.346295105876678 ], [ 35.066047398307262, 32.348446679071742 ], [ 35.065545267972631, 32.348790486431703 ], [ 35.065560816193887, 32.349478094463166 ], [ 35.066293207495328, 32.350203686835471 ], [ 35.067003408479017, 32.350573056165274 ], [ 35.067010100403415, 32.350867825723782 ], [ 35.067264846536723, 32.35111890447299 ], [ 35.067624952850117, 32.351620334910642 ], [ 35.068491175289623, 32.352451452363411 ], [ 35.068803091070563, 32.352996224525249 ], [ 35.068717049179888, 32.35359072870515 ], [ 35.068238640013867, 32.354486898703399 ], [ 35.067756491699178, 32.355213983118176 ], [ 35.066735412735788, 32.356331052282336 ], [ 35.065178268514472, 32.358004921111124 ], [ 35.064352446613768, 32.358949724716474 ], [ 35.063772231748949, 32.359721208614694 ], [ 35.063539965622596, 32.360486879250779 ], [ 35.063605155768684, 32.36116214250363 ], [ 35.063871156318157, 32.361877081427743 ], [ 35.064484961621972, 32.362586206483108 ], [ 35.065165676356145, 32.362647264824105 ], [ 35.06508089820769, 32.363153845689112 ], [ 35.064779309763743, 32.363442637851335 ], [ 35.064656154535832, 32.364828951938925 ], [ 35.064668948358246, 32.366440855330609 ], [ 35.064277326193604, 32.368584909109465 ], [ 35.064514167565221, 32.371002440684045 ], [ 35.06511029166554, 32.373323993229583 ], [ 35.064271621931397, 32.373358007002686 ], [ 35.063157084766722, 32.372596471182298 ], [ 35.062470721960104, 32.372384351619949 ], [ 35.062685888853679, 32.373345526440993 ], [ 35.063042611839442, 32.374140598462596 ], [ 35.061824501015025, 32.374841468603286 ], [ 35.061390454400893, 32.375497567260467 ], [ 35.061105009770678, 32.376149324542098 ], [ 35.062474583327713, 32.376181307817845 ], [ 35.064073847049045, 32.375850575788917 ], [ 35.063950793079158, 32.376831096971451 ], [ 35.063627837323914, 32.377911715025462 ], [ 35.064540693016589, 32.378034467777567 ], [ 35.064901503271265, 32.378245088995037 ], [ 35.06515547045074, 32.379158396002488 ], [ 35.065531603931895, 32.380101707599344 ], [ 35.066379818646574, 32.381147546556953 ], [ 35.066631086301207, 32.381447654581891 ], [ 35.068234105981219, 32.381542953066145 ], [ 35.071153032873376, 32.381867321689313 ], [ 35.073847672478003, 32.381946789922019 ], [ 35.076769285295349, 32.382392204524052 ], [ 35.079113152961114, 32.382545599354486 ], [ 35.079618325914758, 32.383348661391246 ] ] ] ] } },
{ "type": "Feature", "properties": { "Area": 3089502.8955100002 }, "geometry": { "type": "MultiPolygon", "coordinates": [ [ [ [ 35.238499325904712, 32.355580408038321 ], [ 35.237600095657548, 32.35643280990179 ], [ 35.237079389802695, 32.357911829880713 ], [ 35.236609960442301, 32.358916847603105 ], [ 35.236065469496467, 32.35939773534578 ], [ 35.235387546537787, 32.359515695888994 ], [ 35.234520140851927, 32.359425166593724 ], [ 35.233081502905335, 32.358770036400095 ], [ 35.230949162072243, 32.357547493414778 ], [ 35.229244266757561, 32.356107281371443 ], [ 35.227605200070705, 32.354824278055766 ], [ 35.226396409097525, 32.353429586181996 ], [ 35.225182295185377, 32.351823533442342 ], [ 35.224590723494707, 32.350418011992431 ], [ 35.224334855929506, 32.350055094461176 ], [ 35.22371052268052, 32.349802135286829 ], [ 35.222958185853976, 32.349395892762161 ], [ 35.222132055970945, 32.34846607184145 ], [ 35.22155911563145, 32.347793212768487 ], [ 35.221117533277976, 32.34743313167958 ], [ 35.220435327566534, 32.347341353440072 ], [ 35.219262505824815, 32.347414201461696 ], [ 35.217274475125457, 32.347029481204025 ], [ 35.216888149274936, 32.346407305580854 ], [ 35.216812217404815, 32.34583187736736 ], [ 35.216803370335747, 32.345464410941702 ], [ 35.216170079138394, 32.344843947802438 ], [ 35.215539299291088, 32.344330001651315 ], [ 35.21496526622078, 32.343607515445228 ], [ 35.214676942793474, 32.341932518853717 ], [ 35.214282151649464, 32.340940613468277 ], [ 35.213710816105888, 32.340321823466937 ], [ 35.213455523464894, 32.340010734494641 ], [ 35.213315544814876, 32.339332169239725 ], [ 35.213059089595632, 32.338969228229615 ], [ 35.212122335360945, 32.338566314491267 ], [ 35.211805479752655, 32.338256353046894 ], [ 35.210886051187117, 32.338587800926724 ], [ 35.210167642043402, 32.339545393466075 ], [ 35.210058304845546, 32.340124216305355 ], [ 35.210503801625343, 32.340639890110275 ], [ 35.209908191502485, 32.341594656858732 ], [ 35.209371149137198, 32.342393301036829 ], [ 35.208696642676976, 32.342614820777484 ], [ 35.207732038583735, 32.343628203413992 ], [ 35.206954471344531, 32.344692298886706 ], [ 35.206037451564193, 32.34512797708404 ], [ 35.205550640294639, 32.345452052565548 ], [ 35.20555960782837, 32.345817265382408 ], [ 35.205814723779611, 32.346128370048795 ], [ 35.206316987150949, 32.346434961871452 ], [ 35.20718557025922, 32.346577536507404 ], [ 35.207684180035621, 32.34663219372203 ], [ 35.207991744935264, 32.346667128546024 ], [ 35.208125377094653, 32.347084188702077 ], [ 35.207830116713964, 32.347666959470473 ], [ 35.207289363527188, 32.348307222545401 ], [ 35.207237755484407, 32.348727669237945 ], [ 35.208311387712733, 32.349653635052661 ], [ 35.209813946489916, 32.350413875599195 ], [ 35.210687065707695, 32.350714233756335 ], [ 35.211126792972031, 32.351022500103525 ], [ 35.210845021316779, 32.352127733667977 ], [ 35.211062067984948, 32.353435836860747 ], [ 35.211697882402625, 32.354159463338547 ], [ 35.212571209826301, 32.354459808260316 ], [ 35.21325596130486, 32.35465758542037 ], [ 35.213906733956485, 32.355309058862282 ], [ 35.214936539253571, 32.354950527894587 ], [ 35.214867576202082, 32.355745208621514 ], [ 35.215835626893124, 32.356668300071192 ], [ 35.217052114491814, 32.356967455068556 ], [ 35.217540261291965, 32.357700647591606 ], [ 35.216821777943139, 32.35870730824832 ], [ 35.217058998645143, 32.359911695565366 ], [ 35.217497737471909, 32.360965580568674 ], [ 35.218561020161836, 32.360992518414562 ], [ 35.219633736245427, 32.360842476141002 ], [ 35.221169265563205, 32.36063318618347 ], [ 35.222283135473234, 32.361289625741271 ], [ 35.223481892561686, 32.361347500747478 ], [ 35.224356781603483, 32.360707680754686 ], [ 35.225736643487764, 32.361460986411856 ], [ 35.226145741631086, 32.361683538032494 ], [ 35.227172428644309, 32.362035042417595 ], [ 35.230812240921992, 32.362219193065677 ], [ 35.233444010940957, 32.362787849071793 ], [ 35.235642236865459, 32.363490694687933 ], [ 35.236703716668117, 32.36441867396541 ], [ 35.237715302949667, 32.362781720735647 ], [ 35.238910233798791, 32.360555748252075 ], [ 35.239454891949876, 32.359238467570719 ], [ 35.239866115667262, 32.358466785677031 ], [ 35.238441476990133, 32.357134830129915 ], [ 35.238499325904712, 32.355580408038321 ] ] ] ] } },
{ "type": "Feature", "properties": { "Area": 115295.773925 }, "geometry": { "type": "MultiPolygon", "coordinates": [ [ [ [ 35.200672603493238, 32.355324579118218 ], [ 35.201147223479914, 32.354380563382435 ], [ 35.19999063262577, 32.353018872020392 ], [ 35.197562972778478, 32.350964443299283 ], [ 35.196317386777523, 32.349123652826897 ], [ 35.194909734000611, 32.348415109733295 ], [ 35.195430094922017, 32.350106510884842 ], [ 35.198065742475784, 32.353516448357546 ], [ 35.198879735404873, 32.354199005507034 ], [ 35.199329891707336, 32.354605943151618 ], [ 35.200672603493238, 32.355324579118218 ] ] ] ] } },
{ "type": "Feature", "properties": { "Area": 14564045.6416 }, "geometry": { "type": "MultiPolygon", "coordinates": [ [ [ [ 35.224374053276776, 32.308597118272857 ], [ 35.223621009320837, 32.307956418027096 ], [ 35.222987391701764, 32.307936223191305 ], [ 35.222542433092713, 32.30800730196971 ], [ 35.221805857426183, 32.308367548316902 ], [ 35.22117374207447, 32.308409904157806 ], [ 35.220871251871444, 32.308226209256247 ], [ 35.220383108981729, 32.308045355285479 ], [ 35.219859174679037, 32.308119816200779 ], [ 35.219462373429309, 32.308471552747584 ], [ 35.219022925095786, 32.308795112803566 ], [ 35.218468974798029, 32.308996382185796 ], [ 35.217731536191579, 32.309293481221772 ], [ 35.21710174858412, 32.309431065393404 ], [ 35.214786404718971, 32.310705020669445 ], [ 35.213605264600069, 32.310851649182517 ], [ 35.213271787649568, 32.310999900717626 ], [ 35.212279277279229, 32.311016874671999 ], [ 35.211620253014807, 32.31096337178068 ], [ 35.210023972113312, 32.310964016599428 ], [ 35.209537267385144, 32.3126255395171 ], [ 35.209142760381738, 32.313570153689355 ], [ 35.208413205294114, 32.313567360978439 ], [ 35.20780977261748, 32.314161416277472 ], [ 35.207054203498295, 32.315545643163105 ], [ 35.206672608208464, 32.316805866443168 ], [ 35.205820092433406, 32.317896450103419 ], [ 35.204476067457051, 32.317432613082225 ], [ 35.202192395201166, 32.317580821294499 ], [ 35.200300148625168, 32.317564429529462 ], [ 35.199047886695539, 32.317575091085565 ], [ 35.198491671766909, 32.31792957233494 ], [ 35.197231663297877, 32.317212040870032 ], [ 35.19671701434428, 32.31651539762354 ], [ 35.196327467650612, 32.315967551407773 ], [ 35.19582957257898, 32.315466475668117 ], [ 35.194987492886938, 32.31558928109618 ], [ 35.194388509055671, 32.315548091996767 ], [ 35.193477408807432, 32.315613394365343 ], [ 35.192722006799194, 32.315195697018353 ], [ 35.191650244205746, 32.314434165780526 ], [ 35.190083824103127, 32.314080618775513 ], [ 35.187997594259194, 32.312752516177774 ], [ 35.186841316591511, 32.311810016198997 ], [ 35.185591281872377, 32.312659186024248 ], [ 35.184443815249807, 32.31326995553092 ], [ 35.183413230425515, 32.313497483997409 ], [ 35.182573439457506, 32.313768998210428 ], [ 35.181778391132234, 32.314246793528881 ], [ 35.180941693121916, 32.314703722759312 ], [ 35.180323031071197, 32.315084038200681 ], [ 35.180336386034725, 32.316032584291719 ], [ 35.180488599744926, 32.317067387834271 ], [ 35.179834132447567, 32.317865323491375 ], [ 35.179058175552591, 32.318724663990132 ], [ 35.180160664617041, 32.320416815136397 ], [ 35.17970211406233, 32.320697400210939 ], [ 35.178830553152864, 32.321555592965012 ], [ 35.179168373023465, 32.322244382907947 ], [ 35.180154265251332, 32.322637406908967 ], [ 35.179950750145153, 32.32353631306529 ], [ 35.180246392675912, 32.325016952553838 ], [ 35.180878694796547, 32.325413847772211 ], [ 35.181101913425088, 32.32660928878061 ], [ 35.181941416947382, 32.326655656335774 ], [ 35.181802735760549, 32.32712736629076 ], [ 35.182135214555991, 32.328118237256874 ], [ 35.18272334802765, 32.329447312328341 ], [ 35.183672376891543, 32.330348107057205 ], [ 35.184514183868046, 32.330649205729287 ], [ 35.185915066645272, 32.331071556226071 ], [ 35.187481335930038, 32.331936904118486 ], [ 35.188919220558859, 32.33259312068752 ], [ 35.190167643222921, 32.332992861002595 ], [ 35.191248509459896, 32.333051029227427 ], [ 35.192639110745731, 32.332657209212741 ], [ 35.193628972740186, 32.331803441558939 ], [ 35.194228320217164, 32.33103079375396 ], [ 35.194981829260065, 32.330231101734107 ], [ 35.195466778824816, 32.329829852700769 ], [ 35.196457333479579, 32.329889660709107 ], [ 35.196919841186883, 32.329856436484157 ], [ 35.19753006682636, 32.329530145872816 ], [ 35.197859676381192, 32.329078154896699 ], [ 35.19796907792788, 32.328499341618077 ], [ 35.198350077225903, 32.328769889263775 ], [ 35.198726107764962, 32.328920951976599 ], [ 35.199211341518676, 32.328944080531471 ], [ 35.199804282983024, 32.328839273615465 ], [ 35.200432740288143, 32.328638652749646 ], [ 35.200950506098735, 32.328471841870822 ], [ 35.201358243376106, 32.328399147741798 ], [ 35.201729803242365, 32.328329833144096 ], [ 35.202710214852559, 32.328820183545808 ], [ 35.203698268290154, 32.329625579628768 ], [ 35.205443399660041, 32.329403518245542 ], [ 35.206183199945514, 32.329169615292599 ], [ 35.206513766862123, 32.328974604024175 ], [ 35.20688366478322, 32.32887314899083 ], [ 35.208091288754076, 32.329199444796217 ], [ 35.208195851495354, 32.329547183886127 ], [ 35.208041207554196, 32.330088245947294 ], [ 35.208364149418806, 32.330107398668972 ], [ 35.208482656227339, 32.330500225152932 ], [ 35.20898283176642, 32.330428066987459 ], [ 35.209531011783774, 32.331157909806194 ], [ 35.210346037571625, 32.33161495479257 ], [ 35.210861663960017, 32.331718632101264 ], [ 35.212520073621384, 32.332050497497285 ], [ 35.214439022375046, 32.332174351723019 ], [ 35.216966308562206, 32.331866399004525 ], [ 35.218948828573751, 32.332043156829535 ], [ 35.221309093613904, 32.332346643746384 ], [ 35.222532429977818, 32.33274663081626 ], [ 35.2240421985179, 32.333054131128264 ], [ 35.226472992525274, 32.333851788657647 ], [ 35.22728243219219, 32.334099065380613 ], [ 35.228301556248759, 32.333995737433263 ], [ 35.228753385624415, 32.334334938933772 ], [ 35.230497577017438, 32.335940853282032 ], [ 35.232597641722741, 32.335351438368633 ], [ 35.23459793219061, 32.335246145694562 ], [ 35.236178206568226, 32.335714110040577 ], [ 35.237383522004983, 32.337371914646788 ], [ 35.238155570488608, 32.338664047079952 ], [ 35.240105270105666, 32.339731533683491 ], [ 35.241816252965876, 32.339757527100197 ], [ 35.243660323835307, 32.340121616333171 ], [ 35.244233598566552, 32.340916113421329 ], [ 35.243762323635622, 32.34264031509538 ], [ 35.243579116245492, 32.343475627812957 ], [ 35.243668612029971, 32.344709320907626 ], [ 35.245042151670184, 32.345986003763038 ], [ 35.245302106124491, 32.347158207769859 ], [ 35.244755347080989, 32.348250076889315 ], [ 35.243884122617388, 32.349077153535113 ], [ 35.241490921973792, 32.350256366971294 ], [ 35.238140691399309, 32.352236669398259 ], [ 35.241518417698011, 32.352958818826366 ], [ 35.244172790074117, 32.352911794656372 ], [ 35.245086450104772, 32.352620122343893 ], [ 35.24652193126429, 32.351859919035611 ], [ 35.24820188333176, 32.351083833869254 ], [ 35.251387052388516, 32.350113859870213 ], [ 35.251788840397246, 32.349664520614368 ], [ 35.252022081227295, 32.349403486105182 ], [ 35.253519702776956, 32.347730711215846 ], [ 35.253832028865325, 32.347630268437186 ], [ 35.256648250122517, 32.346736954787225 ], [ 35.257630603602927, 32.34629749971964 ], [ 35.25903459006414, 32.34567073986836 ], [ 35.259937029969258, 32.344870033702101 ], [ 35.259986971101043, 32.344025738681957 ], [ 35.259748506009956, 32.343006290704942 ], [ 35.259577155491733, 32.341805897051678 ], [ 35.259181662259131, 32.340185154473815 ], [ 35.259379795504458, 32.339579197684145 ], [ 35.259562292664079, 32.338372449051676 ], [ 35.259609338489945, 32.337406416808605 ], [ 35.259577868036814, 32.336142273895781 ], [ 35.259267531481697, 32.335063113422862 ], [ 35.259021614854674, 32.333742139254205 ], [ 35.258717245638124, 32.332904195736916 ], [ 35.258259789767919, 32.33164756105446 ], [ 35.257812017607016, 32.330751625252269 ], [ 35.25730223450514, 32.330219800277433 ], [ 35.256587018777608, 32.329991275914004 ], [ 35.255168981704806, 32.330016652875642 ], [ 35.254545509607567, 32.330629536940613 ], [ 35.2542076655008, 32.33129866558351 ], [ 35.253366682828165, 32.331735222170501 ], [ 35.2525131252142, 32.331630720674021 ], [ 35.251233403184301, 32.331532008307846 ], [ 35.250439545490686, 32.33100533318153 ], [ 35.251209508608845, 32.330569949617342 ], [ 35.251975749755125, 32.33001282481559 ], [ 35.252388346553204, 32.329464284325347 ], [ 35.252075929237307, 32.328324800374446 ], [ 35.251023755165605, 32.325933267764199 ], [ 35.250297921782511, 32.325283137286682 ], [ 35.249436977499087, 32.324877090496805 ], [ 35.248723180674702, 32.324709389839015 ], [ 35.247443561148579, 32.324612893248172 ], [ 35.246439070376518, 32.324148260222984 ], [ 35.24551000735687, 32.323862820066147 ], [ 35.24444567765665, 32.323881761160145 ], [ 35.243814053828615, 32.324133890118482 ], [ 35.242965659131478, 32.324271107528752 ], [ 35.2421823747964, 32.324163132881075 ], [ 35.241615194812624, 32.324173446251834 ], [ 35.240470046914339, 32.323771930498395 ], [ 35.238902809672574, 32.3235001489114 ], [ 35.23741233152515, 32.32346560427743 ], [ 35.235488653681053, 32.32313864000016 ], [ 35.234559635253547, 32.322853119151389 ], [ 35.233626933648779, 32.322448108636877 ], [ 35.232976127345658, 32.321918471589726 ], [ 35.232523452351778, 32.320842092893166 ], [ 35.232197021277045, 32.319630420056278 ], [ 35.22131311348452, 32.315583990085678 ], [ 35.221082411695775, 32.314316477893236 ], [ 35.222415026119862, 32.310586369340449 ], [ 35.224374053276776, 32.308597118272857 ] ] ] ] } },
{ "type": "Feature", "properties": { "Area": 611924.39648400003 }, "geometry": { "type": "MultiPolygon", "coordinates": [ [ [ [ 35.045628674370803, 32.350335486223628 ], [ 35.045962129748112, 32.349867554888775 ], [ 35.04635470618922, 32.349189474334203 ], [ 35.046212231237249, 32.347315892746174 ], [ 35.046813072914802, 32.346079544694518 ], [ 35.048299551314635, 32.346005870567055 ], [ 35.048860742372334, 32.347162505621732 ], [ 35.049519093280338, 32.347708315968966 ], [ 35.050119228238977, 32.348819341454586 ], [ 35.05035686103988, 32.349343215294823 ], [ 35.051482367686191, 32.349369946676163 ], [ 35.052389510901733, 32.350047361811185 ], [ 35.053098234706468, 32.349474470189492 ], [ 35.053325562868942, 32.348719520016289 ], [ 35.052843950151896, 32.347180880408551 ], [ 35.052805707612102, 32.346225533827237 ], [ 35.053988488167576, 32.345320118384819 ], [ 35.054977480203846, 32.344659064438595 ], [ 35.055905408610542, 32.343471528855574 ], [ 35.057516044475577, 32.342437518399223 ], [ 35.058628264187355, 32.341796868429327 ], [ 35.059372472648313, 32.340763520603026 ], [ 35.058983087589603, 32.339841023059002 ], [ 35.056945522416136, 32.340025209620109 ], [ 35.054763024085076, 32.341339208921724 ], [ 35.052763689871441, 32.343155557552194 ], [ 35.05145584595919, 32.344317248018157 ], [ 35.050078414998261, 32.345092774030554 ], [ 35.048639272829128, 32.345350824578432 ], [ 35.048387111324878, 32.34479367688261 ], [ 35.049401349312355, 32.343753395483752 ], [ 35.049429280580021, 32.342751913554991 ], [ 35.048993290645619, 32.341669829694396 ], [ 35.047788218466067, 32.342025661612801 ], [ 35.04698148714202, 32.342852585234262 ], [ 35.046713874445409, 32.343941125094879 ], [ 35.04557012818691, 32.344133568457622 ], [ 35.044421437626333, 32.344869304874031 ], [ 35.043742341365437, 32.345854176866531 ], [ 35.043641446480976, 32.346124012324118 ], [ 35.043834724823704, 32.346362097312948 ], [ 35.044001868638311, 32.346643545901557 ], [ 35.04410424302398, 32.34694632873687 ], [ 35.044125969749864, 32.347144179613295 ], [ 35.044358776516738, 32.349255716890212 ], [ 35.04430063752104, 32.349563368086621 ], [ 35.044472531827303, 32.349884837467734 ], [ 35.045247461263187, 32.350300626293929 ], [ 35.045628674370803, 32.350335486223628 ] ] ] ] } },
{ "type": "Feature", "properties": { "Area": 4470337.93994 }, "geometry": { "type": "MultiPolygon", "coordinates": [ [ [ [ 35.194909734000611, 32.348415109733295 ], [ 35.194929732257421, 32.347646360926483 ], [ 35.194941566156714, 32.347174628623279 ], [ 35.193877699417463, 32.346480752711678 ], [ 35.193666600258915, 32.346236696089726 ], [ 35.193242413930513, 32.345745763581654 ], [ 35.192128115690352, 32.34507948470096 ], [ 35.190168424028904, 32.343909808320646 ], [ 35.189456768514859, 32.342587519590495 ], [ 35.188506412320216, 32.342524843789576 ], [ 35.188025457048468, 32.342319068121547 ], [ 35.186045363221162, 32.340822436232962 ], [ 35.185575605554689, 32.340312308477678 ], [ 35.185095285592872, 32.340327453109367 ], [ 35.184383154781095, 32.340118809899032 ], [ 35.183598064528042, 32.339631731928371 ], [ 35.183244768386473, 32.33941243251509 ], [ 35.182808834029771, 32.339142393925492 ], [ 35.182185388089081, 32.33875452838565 ], [ 35.18158219224371, 32.338379062623915 ], [ 35.181201359948481, 32.338142280839648 ], [ 35.180689563500913, 32.337979868660717 ], [ 35.180159680469501, 32.337810687718381 ], [ 35.179609719340561, 32.337635300993789 ], [ 35.178976784479111, 32.337436787539922 ], [ 35.178357958858022, 32.33723996462124 ], [ 35.178088653054381, 32.337052793252397 ], [ 35.177703695594133, 32.336784438353774 ], [ 35.177178365311264, 32.336417421896378 ], [ 35.176897139625076, 32.336149086849893 ], [ 35.176565643851916, 32.335832834000875 ], [ 35.17631694059785, 32.33559550286428 ], [ 35.175985448331559, 32.335280939268451 ], [ 35.175718331848891, 32.335026694752003 ], [ 35.175321875136092, 32.33443820446282 ], [ 35.17494118226314, 32.333872260603165 ], [ 35.174663569667089, 32.333256742974093 ], [ 35.174395910738397, 32.332663771093948 ], [ 35.174239529290055, 32.332317119015698 ], [ 35.174085159272593, 32.331914107074248 ], [ 35.173864135862239, 32.331336362376007 ], [ 35.173735967087843, 32.331000424853769 ], [ 35.17349886457378, 32.330382096218813 ], [ 35.172448690949906, 32.32763596767581 ], [ 35.171405232197955, 32.325309150825113 ], [ 35.170725630491575, 32.323697633192168 ], [ 35.17024122195938, 32.322012332591932 ], [ 35.169949867532885, 32.320179982315992 ], [ 35.169950832533182, 32.319384175965808 ], [ 35.169951653286773, 32.318969364770673 ], [ 35.170088681263479, 32.31773116730524 ], [ 35.171115903162274, 32.315578480073867 ], [ 35.172447294896749, 32.313181820995425 ], [ 35.173656649453974, 32.310349451956064 ], [ 35.174507621278906, 32.308855543899973 ], [ 35.175006624897648, 32.308017019159315 ], [ 35.174398514979806, 32.307150617482243 ], [ 35.173841973264544, 32.305911119638012 ], [ 35.173320742900941, 32.303821149643639 ], [ 35.174918410002789, 32.301714781303012 ], [ 35.17720426008789, 32.300311356579854 ], [ 35.178055868011867, 32.298960014197533 ], [ 35.178422585391459, 32.296897298115184 ], [ 35.178763628980349, 32.295227407518702 ], [ 35.179781373079912, 32.293913283922066 ], [ 35.180775284135592, 32.292277328991162 ], [ 35.181089792512118, 32.290998004189575 ], [ 35.180016349656988, 32.289264715800705 ], [ 35.179419316513446, 32.287000033127306 ], [ 35.178602657349387, 32.284310907142213 ], [ 35.17708850043045, 32.282483942711345 ], [ 35.175167878639378, 32.28065686618632 ], [ 35.174716606921287, 32.280545166949231 ], [ 35.173539423015754, 32.280259136557667 ], [ 35.171661557252442, 32.279781853056647 ], [ 35.169055862351271, 32.278606595701184 ], [ 35.16768677394284, 32.278035272130936 ], [ 35.165862128516743, 32.276999947576321 ], [ 35.166688376440085, 32.279098502650456 ], [ 35.173196495652654, 32.284408881603504 ], [ 35.174982585592211, 32.287931280672765 ], [ 35.175380607924133, 32.289732654984128 ], [ 35.173898395740935, 32.295962957095796 ], [ 35.170522669688289, 32.299222547906382 ], [ 35.169129188338289, 32.302128109151695 ], [ 35.169232188438464, 32.305196960887905 ], [ 35.166658647990374, 32.309222601329409 ], [ 35.165707028538151, 32.312988873272381 ], [ 35.165802704231467, 32.315478336584448 ], [ 35.165725494968903, 32.317558570505952 ], [ 35.167321340010716, 32.319319180139409 ], [ 35.167066469946619, 32.320126183659958 ], [ 35.166242970359718, 32.321251451209747 ], [ 35.168328175950208, 32.324015969433134 ], [ 35.169343127994843, 32.326438052957457 ], [ 35.166698384059323, 32.331450526637632 ], [ 35.167201474059681, 32.334895970166897 ], [ 35.169458883010172, 32.338295129017489 ], [ 35.171812776195146, 32.339697997522173 ], [ 35.174710407997473, 32.340763917838864 ], [ 35.176762501002493, 32.341751812181272 ], [ 35.180399422102525, 32.343765737095644 ], [ 35.184671941678282, 32.345473059095447 ], [ 35.188875473268297, 32.346793034284396 ], [ 35.192395713160295, 32.34854677790026 ], [ 35.194909734000611, 32.348415109733295 ] ] ] ] } },
{ "type": "Feature", "properties": { "Area": 583088.77636799996 }, "geometry": { "type": "MultiPolygon", "coordinates": [ [ [ [ 35.406401299193661, 32.346956892216319 ], [ 35.406956022838145, 32.346441437234468 ], [ 35.407597073191482, 32.344080055015979 ], [ 35.406938655418045, 32.341700472055138 ], [ 35.404852974962608, 32.338654168075202 ], [ 35.403378257289553, 32.33693696070381 ], [ 35.402728762654313, 32.337584995519784 ], [ 35.402211958493417, 32.338199566612779 ], [ 35.401707081898259, 32.339266123548519 ], [ 35.401464913453353, 32.340175024054304 ], [ 35.40113312357542, 32.341087445356621 ], [ 35.400541248374395, 32.342230782313933 ], [ 35.400137213639638, 32.343746363917553 ], [ 35.399743108166142, 32.345640666897545 ], [ 35.398796195533485, 32.347347579278605 ], [ 35.399479612232192, 32.347456425997947 ], [ 35.400011481243467, 32.347407696493178 ], [ 35.400404606860299, 32.347136558948584 ], [ 35.401057988579318, 32.346635066472551 ], [ 35.401856987702075, 32.346619728392319 ], [ 35.402646374006494, 32.347219850035145 ], [ 35.403276983641689, 32.34769509820466 ], [ 35.405080453522046, 32.347198529751765 ], [ 35.406401299193661, 32.346956892216319 ] ] ] ] } },
{ "type": "Feature", "properties": { "Area": 2894866.0761699998 }, "geometry": { "type": "MultiPolygon", "coordinates": [ [ [ [ 35.024236128389319, 32.328489809394789 ], [ 35.026265873439705, 32.329573113119963 ], [ 35.027067723824075, 32.330008778446498 ], [ 35.027767231798713, 32.331790172908022 ], [ 35.028333519007269, 32.332020349646172 ], [ 35.028342377147801, 32.33224523848407 ], [ 35.028315173481474, 32.332924338709482 ], [ 35.028023298117652, 32.333416517533578 ], [ 35.027347951066687, 32.333792620115553 ], [ 35.027303017884023, 32.33436799266353 ], [ 35.027514381111921, 32.334914981116228 ], [ 35.027824440294772, 32.335574827312421 ], [ 35.028077427501088, 32.336141598970151 ], [ 35.028251466671961, 32.336769692255295 ], [ 35.02835479118508, 32.33732047342972 ], [ 35.028346261482127, 32.338125845492492 ], [ 35.028451614766325, 32.338744261257681 ], [ 35.02855383638169, 32.338923064846767 ], [ 35.028717587911252, 32.339210728761294 ], [ 35.028880687482186, 32.339492755549912 ], [ 35.028955884784679, 32.339743661935415 ], [ 35.029095887604221, 32.340212771335565 ], [ 35.030027314762641, 32.340208989739445 ], [ 35.032131877173036, 32.340346581266125 ], [ 35.033604887750741, 32.340595440592367 ], [ 35.03527139333535, 32.340952189776587 ], [ 35.037089130196328, 32.341028445054462 ], [ 35.039261034104925, 32.340475033929117 ], [ 35.041111024922962, 32.340332033217081 ], [ 35.041849327892102, 32.339828564941463 ], [ 35.042859022455161, 32.339674871899739 ], [ 35.044083826625986, 32.339134251263538 ], [ 35.045078192354566, 32.337587302102271 ], [ 35.04566768132095, 32.336075906345641 ], [ 35.046197022009018, 32.334403242372836 ], [ 35.046337660356869, 32.332834355436056 ], [ 35.046364315679128, 32.332488901796104 ], [ 35.046135538132688, 32.33235053295234 ], [ 35.045642679191431, 32.332049514783058 ], [ 35.0455211158216, 32.331717964719992 ], [ 35.0453883369061, 32.33077771184854 ], [ 35.044478531211773, 32.330526323410382 ], [ 35.043677254657396, 32.329434174613546 ], [ 35.043154574723339, 32.328182314278358 ], [ 35.043533762674237, 32.327244966547731 ], [ 35.044153356710304, 32.326518146175943 ], [ 35.044049097917828, 32.326073332615444 ], [ 35.042895358348197, 32.325007782658737 ], [ 35.042615107837726, 32.324060573906721 ], [ 35.043735095440098, 32.322617494973521 ], [ 35.042341983862492, 32.322655729380401 ], [ 35.040980525606194, 32.322808400441566 ], [ 35.040160848805257, 32.322961763063489 ], [ 35.039562490939218, 32.323045523088496 ], [ 35.039026537915682, 32.323122035251366 ], [ 35.038809434870892, 32.323152748627194 ], [ 35.036405928701683, 32.323542965517348 ], [ 35.034679526365927, 32.324062550047401 ], [ 35.034090607811635, 32.32423872734315 ], [ 35.033222652068019, 32.32455035151478 ], [ 35.032330993553877, 32.324932387483329 ], [ 35.030724018638416, 32.325713591247613 ], [ 35.030476217021466, 32.325825970116824 ], [ 35.030271264726451, 32.325919245203949 ], [ 35.028668200740455, 32.32637579398645 ], [ 35.027968147368483, 32.326599130232253 ], [ 35.027344724314787, 32.326924581839712 ], [ 35.026443055239412, 32.327394483606504 ], [ 35.024576054509119, 32.32845704184345 ], [ 35.024236128389319, 32.328489809394789 ] ] ] ] } },
{ "type": "Feature", "properties": { "Area": 10239031.4209 }, "geometry": { "type": "MultiPolygon", "coordinates": [ [ [ [ 35.132483206336609, 32.297242448993003 ], [ 35.131688476270391, 32.297589174015023 ], [ 35.130910359518481, 32.297692990262099 ], [ 35.13006623414482, 32.297977679814345 ], [ 35.128979032606757, 32.298507950139985 ], [ 35.128274795538069, 32.298729023891198 ], [ 35.127701187890779, 32.298468291605886 ], [ 35.127044763870479, 32.29766757317865 ], [ 35.125788187849629, 32.297025978994881 ], [ 35.125256831392306, 32.297035228296657 ], [ 35.124626312666379, 32.297376939245261 ], [ 35.123082260573504, 32.296559855218462 ], [ 35.121469972941668, 32.295834011332119 ], [ 35.120176053891015, 32.295102723535933 ], [ 35.11902703057202, 32.294488186595991 ], [ 35.118377699610178, 32.29401657252923 ], [ 35.118047374275598, 32.29354179204784 ], [ 35.117944844902254, 32.29215694541378 ], [ 35.117915522769252, 32.290892759979641 ], [ 35.11775392589788, 32.290052314437908 ], [ 35.117727313778708, 32.288907051044255 ], [ 35.117149658164927, 32.288465914140289 ], [ 35.116473654965709, 32.288357796675875 ], [ 35.115616332496849, 32.288099629305947 ], [ 35.114344236053441, 32.288271755191374 ], [ 35.113099641069766, 32.288141795879881 ], [ 35.111046948510158, 32.288297540776455 ], [ 35.11022117933561, 32.287858442918392 ], [ 35.109172120525187, 32.286973923468018 ], [ 35.107813811305149, 32.286484809821708 ], [ 35.106678765381787, 32.286472100827552 ], [ 35.105515058524034, 32.286733271248622 ], [ 35.105188945347116, 32.286436559188587 ], [ 35.10410352686192, 32.285491663184693 ], [ 35.102385396279409, 32.284796488894941 ], [ 35.101000337438066, 32.284700113092093 ], [ 35.099806967819383, 32.285231737169923 ], [ 35.098593573074972, 32.286426696273885 ], [ 35.097520844913923, 32.287589637112404 ], [ 35.096009726125033, 32.288155899134559 ], [ 35.09463423362034, 32.288481038117425 ], [ 35.093934250597734, 32.28888284150068 ], [ 35.093430498677755, 32.2900975315357 ], [ 35.092764203202599, 32.290608697200959 ], [ 35.092274442981278, 32.291216956170722 ], [ 35.091674343245664, 32.291440736444116 ], [ 35.090922840509862, 32.291624925558907 ], [ 35.090023150864582, 32.291982566215403 ], [ 35.089419244904427, 32.292585074445256 ], [ 35.088129317713133, 32.292473426716441 ], [ 35.08724848401291, 32.292729616104729 ], [ 35.086875135600245, 32.29345913674387 ], [ 35.086452582987334, 32.292341115310556 ], [ 35.085739996395453, 32.292053009395993 ], [ 35.084687779580904, 32.292327618697058 ], [ 35.083731556586635, 32.292386450519437 ], [ 35.08327487763821, 32.292265401911955 ], [ 35.082963526831946, 32.291884669886578 ], [ 35.081949982241987, 32.291644722751229 ], [ 35.08083762651372, 32.291491465900904 ], [ 35.08035630063592, 32.291569334967996 ], [ 35.080024246806275, 32.291297350988636 ], [ 35.079354660468866, 32.291123663082296 ], [ 35.079109580059971, 32.29081681931217 ], [ 35.079000982975899, 32.290536600084863 ], [ 35.078585987547541, 32.290031761227077 ], [ 35.07802362626942, 32.289698109350581 ], [ 35.077519075001604, 32.289663787083484 ], [ 35.077172960519867, 32.289968912468687 ], [ 35.076745433805186, 32.290129671855851 ], [ 35.076892231180963, 32.29060719317448 ], [ 35.076345703314999, 32.291520242836988 ], [ 35.075296127525988, 32.292139702383807 ], [ 35.074242316335585, 32.292578795397532 ], [ 35.073764293349576, 32.293006077330013 ], [ 35.074220774812588, 32.293142941023248 ], [ 35.074032629366016, 32.293745803365688 ], [ 35.073533992442066, 32.293967911151633 ], [ 35.073443900655512, 32.294440681581534 ], [ 35.074035085823887, 32.294927120087124 ], [ 35.074738177360786, 32.295116087849685 ], [ 35.075017257142058, 32.295192460693499 ], [ 35.075656971996217, 32.295507042070405 ], [ 35.077047601974634, 32.297411742932631 ], [ 35.077567084502626, 32.298429007149977 ], [ 35.076817864230264, 32.299764556609126 ], [ 35.07549510410584, 32.300871257553197 ], [ 35.074033940833388, 32.302101230690447 ], [ 35.072560996399034, 32.302847039075935 ], [ 35.071507048019889, 32.303286108152072 ], [ 35.070469611595392, 32.304448288793161 ], [ 35.069826850817599, 32.304817328876752 ], [ 35.069845238204515, 32.305622173678152 ], [ 35.070532619867258, 32.306841977782661 ], [ 35.071470206423918, 32.307498438803734 ], [ 35.072805673268348, 32.308261265569044 ], [ 35.074268079927883, 32.308795949947154 ], [ 35.074947390868381, 32.309682632002556 ], [ 35.075766446657276, 32.310899723939826 ], [ 35.076187302832523, 32.312011576433591 ], [ 35.077185148448912, 32.312950984254215 ], [ 35.078078503919464, 32.313995673189822 ], [ 35.079163632141281, 32.315321783632101 ], [ 35.079582047570007, 32.316322592070541 ], [ 35.07986605533727, 32.317213364015217 ], [ 35.079942767406671, 32.320571380150938 ], [ 35.080126057126009, 32.322807368754788 ], [ 35.080468798445231, 32.324819763242139 ], [ 35.081543781056766, 32.326161058461274 ], [ 35.081832252409995, 32.326731703495568 ], [ 35.082840167918306, 32.327378001892811 ], [ 35.084349363674768, 32.328196104850242 ], [ 35.085781234879001, 32.328774586551745 ], [ 35.087351098116841, 32.329170009698757 ], [ 35.088217853306027, 32.329818388370825 ], [ 35.088736394402659, 32.330774732073401 ], [ 35.088822512561023, 32.331436478494531 ], [ 35.088476530150579, 32.331803065293244 ], [ 35.088016760514677, 32.33303016464518 ], [ 35.088154550835682, 32.33325347756579 ], [ 35.089161333008498, 32.333838855050907 ], [ 35.090310023614357, 32.334423789263369 ], [ 35.0916773380603, 32.335244493547975 ], [ 35.093609273913536, 32.335933797474091 ], [ 35.095827385030219, 32.336740547275362 ], [ 35.097568079097833, 32.336961837393055 ], [ 35.09721957515891, 32.335959460063556 ], [ 35.096127099481613, 32.334244054109561 ], [ 35.095216198122372, 32.331855856055967 ], [ 35.095044393075604, 32.329820543982763 ], [ 35.094871678140755, 32.32854721914218 ], [ 35.094798155304346, 32.328002716496513 ], [ 35.095895058819607, 32.327035397384527 ], [ 35.098438667241631, 32.326041675161768 ], [ 35.10239191566091, 32.323402768309968 ], [ 35.102034368028662, 32.322177772082505 ], [ 35.101286519265415, 32.321128300130972 ], [ 35.100355095631244, 32.32057576935334 ], [ 35.098902865458655, 32.319984472448269 ], [ 35.096756821173791, 32.319174454937752 ], [ 35.094043133441851, 32.318394340319436 ], [ 35.092030321195907, 32.317925338079128 ], [ 35.090849302810639, 32.317342643594607 ], [ 35.090083461427113, 32.31648527686022 ], [ 35.090391679910816, 32.315483470745008 ], [ 35.091298799678654, 32.313738810123027 ], [ 35.092538529993014, 32.311335586086749 ], [ 35.093125229658199, 32.309285153932237 ], [ 35.093673413752086, 32.306687425914973 ], [ 35.095190442794021, 32.30284553621771 ], [ 35.095969131589825, 32.299684954451941 ], [ 35.097279714077139, 32.297140274292332 ], [ 35.099891345479698, 32.294963569433108 ], [ 35.102403990169812, 32.292931012463143 ], [ 35.104662888647098, 32.29181124401228 ], [ 35.105809081354288, 32.291241776327986 ], [ 35.106935045753588, 32.290030336765852 ], [ 35.107354515299967, 32.289752802700391 ], [ 35.108315285627, 32.289116664011537 ], [ 35.109141720493149, 32.289238465228784 ], [ 35.110063623078766, 32.289276918880546 ], [ 35.11016795412155, 32.290404769994133 ], [ 35.110238981513753, 32.291176961445622 ], [ 35.110156828600907, 32.293302253055955 ], [ 35.110523590365901, 32.294919507373066 ], [ 35.111147563834798, 32.296306999944761 ], [ 35.112874603075312, 32.297003751341187 ], [ 35.114463254151332, 32.297425905340901 ], [ 35.117432998105798, 32.297822508856029 ], [ 35.117567072792809, 32.298483145158698 ], [ 35.118111290676254, 32.299966924068656 ], [ 35.11934410552459, 32.300812039348529 ], [ 35.120435619514879, 32.300913091518879 ], [ 35.121454320066967, 32.300999432732446 ], [ 35.123165202455176, 32.301027034618414 ], [ 35.12501853706199, 32.301498822828336 ], [ 35.12622350372196, 32.302222678477676 ], [ 35.128606342340234, 32.303005286429361 ], [ 35.129927087852344, 32.303206151817882 ], [ 35.131940852396937, 32.302107732743259 ], [ 35.132327754849697, 32.299982040158589 ], [ 35.132483206336609, 32.297242448993003 ] ] ] ] } },
{ "type": "Feature", "properties": { "Area": 9606200.7402299996 }, "geometry": { "type": "MultiPolygon", "coordinates": [ [ [ [ 35.0453883369061, 32.33077771184854 ], [ 35.045792612751868, 32.33038764548084 ], [ 35.046877536669498, 32.33042620217438 ], [ 35.04846913728786, 32.330256280866713 ], [ 35.048912698708044, 32.330174542531019 ], [ 35.04930931011279, 32.330278733143516 ], [ 35.04988424904343, 32.330424847451155 ], [ 35.050887377479164, 32.330453688271902 ], [ 35.051419412567363, 32.330555782535058 ], [ 35.052152106393464, 32.330248379162448 ], [ 35.052548266359508, 32.33032719702657 ], [ 35.052789049068124, 32.330932230036758 ], [ 35.053029672763472, 32.331535007942307 ], [ 35.052842107086434, 32.332255064250774 ], [ 35.053102459856341, 32.332672441049112 ], [ 35.053466712464484, 32.332984548336881 ], [ 35.053975400934668, 32.333165507943143 ], [ 35.054431507841734, 32.332727569737287 ], [ 35.054716088522191, 32.332042005855818 ], [ 35.055148393530089, 32.331338017252357 ], [ 35.055291179904657, 32.331196158714754 ], [ 35.056170188183174, 32.330816200359557 ], [ 35.05707174591771, 32.330341577258146 ], [ 35.057908124226586, 32.330248993309155 ], [ 35.058622667692923, 32.330172043936891 ], [ 35.05901375528564, 32.329793755442566 ], [ 35.059008368218251, 32.329322578972445 ], [ 35.058914434346718, 32.329015308254625 ], [ 35.059370798051148, 32.328908749434568 ], [ 35.059867036679684, 32.328458438099283 ], [ 35.060794002675031, 32.328260545312197 ], [ 35.061553503822282, 32.328286769415321 ], [ 35.061818882091707, 32.328163077344215 ], [ 35.061779061466815, 32.327841216194386 ], [ 35.061895372427422, 32.327640705647759 ], [ 35.062083069379391, 32.327315156090314 ], [ 35.062214521609931, 32.326875695457943 ], [ 35.062090023409944, 32.326476525549246 ], [ 35.061697114549773, 32.326128903552309 ], [ 35.061150521673902, 32.32600711001232 ], [ 35.059867385099331, 32.32541893810766 ], [ 35.059357340558272, 32.324859260522835 ], [ 35.058836721822637, 32.324378472817223 ], [ 35.058472042641633, 32.32372145614854 ], [ 35.058939292002925, 32.323224899213031 ], [ 35.059334978080841, 32.32296102563447 ], [ 35.060240892505632, 32.322923738842547 ], [ 35.061159933024385, 32.322875188417036 ], [ 35.062025981224338, 32.322863205615405 ], [ 35.062747660202938, 32.322959829979133 ], [ 35.062905342788909, 32.322506307710434 ], [ 35.062734284248165, 32.321958858757732 ], [ 35.062846998082939, 32.321717763782082 ], [ 35.063046448863155, 32.321293031765812 ], [ 35.063139969000581, 32.320588070868588 ], [ 35.06322547201777, 32.320022874073715 ], [ 35.063053331115761, 32.319105701381034 ], [ 35.063263361605181, 32.318595313207176 ], [ 35.063317167013608, 32.317924687165608 ], [ 35.063206300504653, 32.317513697401459 ], [ 35.062681070399677, 32.316917945074316 ], [ 35.061780519525307, 32.316747850063379 ], [ 35.060962721164699, 32.316608277208822 ], [ 35.060143962830956, 32.316447844686138 ], [ 35.05957038698309, 32.316324322570388 ], [ 35.059058593309537, 32.316061659317313 ], [ 35.058373873441695, 32.315924477276894 ], [ 35.057668855767339, 32.315513920945953 ], [ 35.057213621896182, 32.314962188077509 ], [ 35.056809564843086, 32.314675969977074 ], [ 35.055971119698505, 32.314698658037763 ], [ 35.05528324416359, 32.314775060705522 ], [ 35.054415211833295, 32.314728380414302 ], [ 35.053733466771064, 32.314608648399812 ], [ 35.053047725415482, 32.314398731579267 ], [ 35.052308377604234, 32.314198891284491 ], [ 35.051725125239749, 32.313825082520239 ], [ 35.051360143446047, 32.313502260084171 ], [ 35.050787511001744, 32.313427732582483 ], [ 35.048886732116827, 32.311578480515166 ], [ 35.048085465931777, 32.309483144349876 ], [ 35.047064346775912, 32.308670288111053 ], [ 35.044459530312906, 32.306498271705003 ], [ 35.043319157220111, 32.306079192065823 ], [ 35.042042977274946, 32.305998652754461 ], [ 35.040939036880182, 32.305811239183789 ], [ 35.039615358608387, 32.304202686725084 ], [ 35.038513543944475, 32.303045294160434 ], [ 35.03704061615057, 32.302442549320709 ], [ 35.035225500211475, 32.302620482876463 ], [ 35.0346970055963, 32.302674443016706 ], [ 35.032762882825523, 32.302789057580888 ], [ 35.031015131318817, 32.30295462286626 ], [ 35.030956465757839, 32.301963164811539 ], [ 35.030464589389652, 32.300825700874825 ], [ 35.029320377095743, 32.300316876500126 ], [ 35.029089530464027, 32.298895712703342 ], [ 35.027128359089865, 32.299307786051472 ], [ 35.026293752710274, 32.299472310677416 ], [ 35.025336367182724, 32.299812499840549 ], [ 35.024909701474101, 32.300055934059579 ], [ 35.024509989936071, 32.300342239059859 ], [ 35.024108743005193, 32.300564853449394 ], [ 35.023007390661462, 32.301295395971771 ], [ 35.022000906166774, 32.301699176235097 ], [ 35.020820770765631, 32.302322501104776 ], [ 35.019808938622511, 32.302489542861608 ], [ 35.019377994378459, 32.302539072633252 ], [ 35.01864509098904, 32.302679460615714 ], [ 35.017313131236001, 32.303458646947639 ], [ 35.017102737871994, 32.305166614228327 ], [ 35.016315931456802, 32.30592968923748 ], [ 35.015900821844035, 32.307056838287217 ], [ 35.015905736715155, 32.308208848552795 ], [ 35.016133461270449, 32.309526890130826 ], [ 35.018056745374011, 32.314219475197042 ], [ 35.018508521591507, 32.321625862883394 ], [ 35.019280784657248, 32.32366497898272 ], [ 35.020003219688576, 32.325497739129311 ], [ 35.020535897508772, 32.32664600725974 ], [ 35.021242311333239, 32.32805321787351 ], [ 35.022423157942391, 32.328816350525742 ], [ 35.023402244689365, 32.328570901715963 ], [ 35.024236128389319, 32.328489809394789 ], [ 35.024576054509119, 32.32845704184345 ], [ 35.026443055239412, 32.327394483606504 ], [ 35.027344724314787, 32.326924581839712 ], [ 35.027968147368483, 32.326599130232253 ], [ 35.028668200740455, 32.32637579398645 ], [ 35.030271264726451, 32.325919245203949 ], [ 35.030476217021466, 32.325825970116824 ], [ 35.030724018638416, 32.325713591247613 ], [ 35.032330993553877, 32.324932387483329 ], [ 35.033222652068019, 32.32455035151478 ], [ 35.034090607811635, 32.32423872734315 ], [ 35.034679526365927, 32.324062550047401 ], [ 35.036405928701683, 32.323542965517348 ], [ 35.038809434870892, 32.323152748627194 ], [ 35.039026537915682, 32.323122035251366 ], [ 35.039562490939218, 32.323045523088496 ], [ 35.040160848805257, 32.322961763063489 ], [ 35.040980525606194, 32.322808400441566 ], [ 35.042341983862492, 32.322655729380401 ], [ 35.043735095440098, 32.322617494973521 ], [ 35.042615107837726, 32.324060573906721 ], [ 35.042895358348197, 32.325007782658737 ], [ 35.044049097917828, 32.326073332615444 ], [ 35.044153356710304, 32.326518146175943 ], [ 35.043533762674237, 32.327244966547731 ], [ 35.043154574723339, 32.328182314278358 ], [ 35.043677254657396, 32.329434174613546 ], [ 35.044478531211773, 32.330526323410382 ], [ 35.0453883369061, 32.33077771184854 ] ] ] ] } },
{ "type": "Feature", "properties": { "Area": 59056.949707200001 }, "geometry": { "type": "MultiPolygon", "coordinates": [ [ [ [ 35.225893446738937, 32.303555997429967 ], [ 35.225099627159985, 32.304397590660017 ], [ 35.224601712854671, 32.304986073691836 ], [ 35.224410884289455, 32.305571124777714 ], [ 35.224162405648002, 32.306562542793529 ], [ 35.22451975229842, 32.307223593371212 ], [ 35.225282044073914, 32.307674916015856 ], [ 35.224563150267528, 32.308404335825472 ], [ 35.225629873405794, 32.308734996152367 ], [ 35.22608068320919, 32.303967959849949 ], [ 35.225893446738937, 32.303555997429967 ] ] ] ] } },
{ "type": "Feature", "properties": { "Area": 87823065.348100007 }, "geometry": { "type": "MultiPolygon", "coordinates": [ [ [ [ 35.397726400456648, 32.292108988336004 ], [ 35.401693975488854, 32.290662843877861 ], [ 35.412667043850938, 32.287693629061522 ], [ 35.420316161637786, 32.284206163861384 ], [ 35.428231618245, 32.281348999697201 ], [ 35.43657155991896, 32.278058838945114 ], [ 35.443040349044402, 32.27485903549713 ], [ 35.448280277121121, 32.272155560380632 ], [ 35.448063352333762, 32.271783436447215 ], [ 35.447637888850657, 32.271507526675251 ], [ 35.44620306682738, 32.270966966835317 ], [ 35.445269576896393, 32.270416981470433 ], [ 35.444346838264039, 32.270293053923716 ], [ 35.442999278971001, 32.266770821344743 ], [ 35.441397417183602, 32.263110966156553 ], [ 35.440194402093702, 32.261855813495508 ], [ 35.43901417430142, 32.261452778521942 ], [ 35.439855411793864, 32.26081208452532 ], [ 35.44013285186346, 32.259535000089912 ], [ 35.439862345904203, 32.258744765570164 ], [ 35.439218742603458, 32.258015530238325 ], [ 35.438214544434615, 32.257822948727487 ], [ 35.436910318442564, 32.25805981593588 ], [ 35.43604015954169, 32.258606421425576 ], [ 35.435705087539539, 32.259672814157376 ], [ 35.435217842537284, 32.260108245469176 ], [ 35.434308730861993, 32.261133411415031 ], [ 35.432386145789216, 32.261593980111556 ], [ 35.431399092102652, 32.262037060955784 ], [ 35.430732683509838, 32.26279179754156 ], [ 35.429991130418458, 32.263072108821149 ], [ 35.42943678463439, 32.263348700748772 ], [ 35.42887806159591, 32.263465234017787 ], [ 35.428322748027384, 32.263687716633818 ], [ 35.42782911889509, 32.263909524112819 ], [ 35.427342598162817, 32.264394520931319 ], [ 35.427243449965211, 32.265352261706212 ], [ 35.426949467407418, 32.266047705551848 ], [ 35.426402038126497, 32.266588039254792 ], [ 35.425558522353008, 32.267717856901534 ], [ 35.425029327802221, 32.26894800545962 ], [ 35.424415321705496, 32.26933176441328 ], [ 35.423544956584919, 32.269454452609793 ], [ 35.422797009672543, 32.269520562680675 ], [ 35.422103861680711, 32.269269827749042 ], [ 35.421778059324382, 32.268743981556305 ], [ 35.421576971737089, 32.268218483704175 ], [ 35.421184137483898, 32.267536068807338 ], [ 35.420504868095911, 32.267815090244582 ], [ 35.420014100094981, 32.268142256457345 ], [ 35.419610987197743, 32.26942345522307 ], [ 35.418313473364066, 32.269926704408313 ], [ 35.41732256873604, 32.270209054121615 ], [ 35.415896926304669, 32.270608791051274 ], [ 35.414814217239254, 32.269779281608237 ], [ 35.413413811978941, 32.268746827286336 ], [ 35.412716349583455, 32.268335983914398 ], [ 35.412002640030479, 32.267341831615326 ], [ 35.412543250553057, 32.266535549534353 ], [ 35.413835122180494, 32.265821016624386 ], [ 35.41362138206398, 32.26481758903293 ], [ 35.41328873882739, 32.264027964207308 ], [ 35.413023412402957, 32.263449015845595 ], [ 35.413138144914711, 32.263077410009899 ], [ 35.412379823626431, 32.262719643811678 ], [ 35.411875080892422, 32.262517575664141 ], [ 35.411197264218835, 32.262848396613187 ], [ 35.410214930407221, 32.263450804900181 ], [ 35.409909588511056, 32.263722960086724 ], [ 35.408923064939508, 32.264165864636659 ], [ 35.40779994054445, 32.264186840688353 ], [ 35.406984894105754, 32.264042740118136 ], [ 35.406223717833804, 32.264410866022722 ], [ 35.405995220288943, 32.263968800229094 ], [ 35.406986731168992, 32.262182273688737 ], [ 35.406900734580717, 32.258926458250116 ], [ 35.406973107554002, 32.257392205420174 ], [ 35.407610868249122, 32.257030472988866 ], [ 35.407970821795026, 32.256493903631551 ], [ 35.408651990916347, 32.256269052372069 ], [ 35.409147682603574, 32.256151019821843 ], [ 35.410093632815091, 32.256505118971361 ], [ 35.41053744263953, 32.256762527399324 ], [ 35.411281732544147, 32.256588283561804 ], [ 35.412334852558935, 32.256304751354492 ], [ 35.413259588872208, 32.255860794809657 ], [ 35.414190736603253, 32.255685097576951 ], [ 35.415108548692942, 32.254977934702609 ], [ 35.415908080002566, 32.254538676353917 ], [ 35.416275716026078, 32.254265274727629 ], [ 35.417274818747821, 32.254300229686486 ], [ 35.417841871890928, 32.25450160774664 ], [ 35.418410374342429, 32.254754268993942 ], [ 35.419038493221784, 32.254902559181055 ], [ 35.419472489389122, 32.254787972586904 ], [ 35.41983928793848, 32.254515125658649 ], [ 35.419956258357388, 32.254194797590543 ], [ 35.420134742600126, 32.253873800769732 ], [ 35.420248144271909, 32.253447520442457 ], [ 35.420614149000315, 32.253122820766258 ], [ 35.420856418621653, 32.252851874707801 ], [ 35.421908673120107, 32.252514157949626 ], [ 35.422771775761184, 32.252125471284167 ], [ 35.423072850038146, 32.251696045799754 ], [ 35.423545908666199, 32.250733149312516 ], [ 35.42433343400797, 32.24981648331579 ], [ 35.425189390763357, 32.249161770011256 ], [ 35.425797775581472, 32.248568354477491 ], [ 35.426462665295752, 32.247760102389677 ], [ 35.426660438429579, 32.247068208724656 ], [ 35.42672685505282, 32.245951022420456 ], [ 35.426258976698122, 32.244792504568061 ], [ 35.42548105573912, 32.243693706349312 ], [ 35.425210059768666, 32.242902875251794 ], [ 35.424184288039712, 32.241863116689075 ], [ 35.424423610648773, 32.24148677390432 ], [ 35.42365412850971, 32.240705260215471 ], [ 35.423334239079587, 32.240393576121569 ], [ 35.42336978547727, 32.23938522010765 ], [ 35.424341930570137, 32.238412999055001 ], [ 35.425195702305594, 32.237652893915168 ], [ 35.425605215749542, 32.236639374107128 ], [ 35.425070080757905, 32.235269614604341 ], [ 35.424903912332347, 32.233735199253573 ], [ 35.424971244086358, 32.233197399359412 ], [ 35.424748400995476, 32.232698994613976 ], [ 35.424359843674289, 32.232499026838994 ], [ 35.423590641618155, 32.232423712455542 ], [ 35.422928645735318, 32.232466002244884 ], [ 35.422366606798519, 32.232298453849126 ], [ 35.42170297977092, 32.232282124743129 ], [ 35.421009038122705, 32.232414636768311 ], [ 35.420211796267772, 32.232608191143115 ], [ 35.419830176186871, 32.232674220802544 ], [ 35.419357480600539, 32.233275832337803 ], [ 35.41901360154263, 32.233460716727464 ], [ 35.418435637523935, 32.233571036903221 ], [ 35.418572412889255, 32.232727646851465 ], [ 35.418578423986418, 32.232251387417975 ], [ 35.418279267926465, 32.2315000401059 ], [ 35.418307131607413, 32.231152246392234 ], [ 35.418370486259334, 32.230740704787429 ], [ 35.418851798380132, 32.230634494199123 ], [ 35.418764325276996, 32.230162902057693 ], [ 35.418698151119699, 32.229866556049096 ], [ 35.417052992885722, 32.229336724372203 ], [ 35.418118494422934, 32.227685807431691 ], [ 35.417685356142478, 32.227403607338211 ], [ 35.417107203630721, 32.226776721097195 ], [ 35.416401519178201, 32.226048596443704 ], [ 35.415643493662735, 32.22569084649659 ], [ 35.41525652153318, 32.225222569726007 ], [ 35.414924010443897, 32.224432943709175 ], [ 35.414836446745227, 32.22347889880961 ], [ 35.415241665161325, 32.2223053522181 ], [ 35.415412237421876, 32.221664243521381 ], [ 35.415214974869208, 32.22129822641034 ], [ 35.415810527637923, 32.220225246203889 ], [ 35.415717335786304, 32.219061547855972 ], [ 35.415506582932807, 32.218163505863032 ], [ 35.414986645910787, 32.217377573577892 ], [ 35.414722108991974, 32.216798622879708 ], [ 35.414400055097126, 32.216432811734776 ], [ 35.414081732728427, 32.216175206693023 ], [ 35.413995636284703, 32.215275264066761 ], [ 35.413737356451293, 32.214962324737485 ], [ 35.413155137602999, 32.214177614771444 ], [ 35.412768719367051, 32.213707074021045 ], [ 35.410841404135233, 32.21395540637787 ], [ 35.409351569291019, 32.214249780562426 ], [ 35.408850487859773, 32.214153650918092 ], [ 35.4070351230339, 32.213922111744267 ], [ 35.406211372149791, 32.213460141602788 ], [ 35.405715906781616, 32.213577598907044 ], [ 35.405283361563797, 32.213743424807575 ], [ 35.404647394499463, 32.213277764255665 ], [ 35.403763452485492, 32.212870543620497 ], [ 35.402690635897422, 32.212413451791662 ], [ 35.401364586235303, 32.211802879856108 ], [ 35.400735520841565, 32.211602649301042 ], [ 35.399094554065343, 32.210892219346341 ], [ 35.397649510246104, 32.210495963503305 ], [ 35.397071601156618, 32.209868419372796 ], [ 35.396809914517064, 32.209398202751984 ], [ 35.396414811885251, 32.208609748007341 ], [ 35.395645848129966, 32.207828621295882 ], [ 35.394887889025391, 32.207470745199522 ], [ 35.392502258355712, 32.207883498549982 ], [ 35.390133636543872, 32.206564204606977 ], [ 35.388543002770376, 32.20673166929037 ], [ 35.387635472176392, 32.207138787886301 ], [ 35.386712145370282, 32.206942295039802 ], [ 35.385788329798565, 32.206748050582426 ], [ 35.385000515387155, 32.206940806182068 ], [ 35.384460640677091, 32.207057116495207 ], [ 35.382088991877211, 32.20734960434617 ], [ 35.380853366759226, 32.20745616650683 ], [ 35.379465534407146, 32.207441750990796 ], [ 35.378588004979001, 32.207702224207445 ], [ 35.379555100923078, 32.207826009889864 ], [ 35.380466014516244, 32.208464443525685 ], [ 35.381310678571175, 32.209460856326508 ], [ 35.38177312216844, 32.210085816771276 ], [ 35.381564745792005, 32.210658174185724 ], [ 35.38113363094434, 32.211236478879144 ], [ 35.380768520539171, 32.211495686186069 ], [ 35.380321880722271, 32.2115041990143 ], [ 35.378560376690771, 32.212423632889873 ], [ 35.376138938182805, 32.213733959081054 ], [ 35.375783629658329, 32.214371885095822 ], [ 35.375504179145175, 32.215073395425634 ], [ 35.374791270805808, 32.216288939353078 ], [ 35.373255588600287, 32.217329734233864 ], [ 35.372444423990004, 32.217597402908247 ], [ 35.372378380702528, 32.217916494250161 ], [ 35.372028966856135, 32.218809153474432 ], [ 35.370566518069552, 32.21978387587496 ], [ 35.36932182118003, 32.220566669853469 ], [ 35.368146378580931, 32.221159425164096 ], [ 35.365328070823033, 32.221527700374985 ], [ 35.362911004698368, 32.223027139625017 ], [ 35.360648006014053, 32.224715151474101 ], [ 35.359567829745941, 32.226126070737905 ], [ 35.358031809324011, 32.227167243734051 ], [ 35.356730709651394, 32.228645476235258 ], [ 35.355939824473985, 32.229735884532559 ], [ 35.355136648689687, 32.230321308180422 ], [ 35.353895964210331, 32.231293317500288 ], [ 35.353020093240602, 32.231943628661682 ], [ 35.351198896703011, 32.232755100347191 ], [ 35.351145223178769, 32.23350025433259 ], [ 35.35101701934169, 32.234185752106107 ], [ 35.350482498789837, 32.236118423578262 ], [ 35.350311657096086, 32.237411540228443 ], [ 35.344888188762546, 32.241353930508836 ], [ 35.340460754558514, 32.243449199831389 ], [ 35.338500500194982, 32.244409993538987 ], [ 35.334657331117896, 32.246821185469315 ], [ 35.331764694789022, 32.248888067924369 ], [ 35.330175448056323, 32.249352382261279 ], [ 35.328068186216079, 32.249553979667681 ], [ 35.325317798623281, 32.249660909267874 ], [ 35.322566004961971, 32.249711419498468 ], [ 35.320705510263785, 32.249581261468194 ], [ 35.320072828913126, 32.249865337215773 ], [ 35.318874311257211, 32.250595174186408 ], [ 35.318336601306299, 32.251259027011422 ], [ 35.317510852309951, 32.251103085898293 ], [ 35.315928413857037, 32.249903443573452 ], [ 35.315459161064183, 32.24879354853865 ], [ 35.31467907871167, 32.247301796667891 ], [ 35.312912570423954, 32.246265722726989 ], [ 35.311989101482247, 32.246149281818411 ], [ 35.313298281658383, 32.242984624357042 ], [ 35.314821641311774, 32.241525246006113 ], [ 35.314779685612017, 32.239871089983112 ], [ 35.314670255852697, 32.238901777682059 ], [ 35.314384324006852, 32.237565145569228 ], [ 35.314264952576089, 32.236181024629595 ], [ 35.314378417613568, 32.235139375504055 ], [ 35.314935402976019, 32.233882603685068 ], [ 35.31541233465321, 32.232787091925751 ], [ 35.315996957239321, 32.231786733218122 ], [ 35.316144655509703, 32.230834665567862 ], [ 35.316407209800687, 32.230002544809885 ], [ 35.316805992241008, 32.229147757918554 ], [ 35.317422111791863, 32.228313629082002 ], [ 35.317764707099734, 32.227344476308595 ], [ 35.317859350154684, 32.226003562445428 ], [ 35.317507621386952, 32.225883828667861 ], [ 35.316900896156625, 32.225179857106944 ], [ 35.316552541353502, 32.224699406935407 ], [ 35.317183580875813, 32.223754797799231 ], [ 35.31817915465377, 32.222850437758531 ], [ 35.318932469820552, 32.222153134641971 ], [ 35.320389986311987, 32.221267500384847 ], [ 35.321191673142117, 32.220831091087661 ], [ 35.321848253462271, 32.220472026274351 ], [ 35.322313646446794, 32.220571352134009 ], [ 35.323440133896312, 32.220600731321888 ], [ 35.324728524312285, 32.220601765919355 ], [ 35.325688134945977, 32.220532088312424 ], [ 35.3264237563858, 32.220047238667725 ], [ 35.326748519132366, 32.219470914463706 ], [ 35.326941728624028, 32.218441573766654 ], [ 35.32671675125674, 32.217160703779186 ], [ 35.327466804832326, 32.217816582701914 ], [ 35.328999059025321, 32.216911049626134 ], [ 35.330861790706841, 32.215417884888438 ], [ 35.332323022495416, 32.213438702751567 ], [ 35.332798227071116, 32.212399485192329 ], [ 35.333164156065543, 32.211563277187089 ], [ 35.333934632465919, 32.211309992162413 ], [ 35.334460868792505, 32.21063086357605 ], [ 35.335010572895001, 32.210142772845025 ], [ 35.335619764630849, 32.210113397855615 ], [ 35.336893832697406, 32.209825754405664 ], [ 35.337550674034382, 32.209401228398306 ], [ 35.336914489001707, 32.208869847332629 ], [ 35.337343139750026, 32.208805145603428 ], [ 35.338251680306648, 32.208583251226294 ], [ 35.338258514552166, 32.20747856487602 ], [ 35.338320352518586, 32.206814564608436 ], [ 35.338607030472772, 32.205891627896186 ], [ 35.338530664577796, 32.20523679177348 ], [ 35.337632829092868, 32.205048367368406 ], [ 35.33665799189118, 32.204669516253347 ], [ 35.335727952749565, 32.204206632855318 ], [ 35.335079865181321, 32.203778959055768 ], [ 35.333769790334543, 32.203979261334034 ], [ 35.33283388017098, 32.204630060276862 ], [ 35.332377050771477, 32.204915711217936 ], [ 35.330773086082338, 32.205806704378631 ], [ 35.330018851901698, 32.206154077376134 ], [ 35.329345054664934, 32.206428096840668 ], [ 35.3283258254122, 32.206784739100506 ], [ 35.327646738003644, 32.206952795633562 ], [ 35.327189930517953, 32.20702876409328 ], [ 35.326242151319562, 32.207039825992098 ], [ 35.325128970460206, 32.207423022740564 ], [ 35.324355397781169, 32.207583824824027 ], [ 35.323160953099368, 32.20818970801875 ], [ 35.321940174386143, 32.207919187849221 ], [ 35.321134983115641, 32.207985876425049 ], [ 35.320212968955829, 32.207935435647698 ], [ 35.319315143564559, 32.207746317613854 ], [ 35.318469202190585, 32.207430333690361 ], [ 35.317701008920288, 32.206993661454241 ], [ 35.317033620357037, 32.2064514992854 ], [ 35.316487105631104, 32.205816794043294 ], [ 35.316078228829959, 32.205111513340995 ], [ 35.315522478457709, 32.204501610874011 ], [ 35.314676415139722, 32.204186165074425 ], [ 35.31390843227706, 32.20374890571582 ], [ 35.31324092417772, 32.203206723292141 ], [ 35.312694620924567, 32.20257200108972 ], [ 35.312285622219164, 32.201866707808101 ], [ 35.312027870561856, 32.201111686560353 ], [ 35.311927191158951, 32.200331168651367 ], [ 35.311964245446234, 32.199852629923967 ], [ 35.310890336365247, 32.200352336142096 ], [ 35.309968333649692, 32.200957865669771 ], [ 35.308373022847064, 32.202303967199128 ], [ 35.308348209750875, 32.20292621584305 ], [ 35.308162233166165, 32.203621866396048 ], [ 35.308018591510759, 32.204386806240095 ], [ 35.307919352726394, 32.205290358114112 ], [ 35.307598585963063, 32.205503665772568 ], [ 35.307318916166082, 32.20571581194222 ], [ 35.306837843978251, 32.206035770758561 ], [ 35.306435333436838, 32.206217015750461 ], [ 35.306033892740125, 32.206467582900366 ], [ 35.305712914227634, 32.206647069184164 ], [ 35.305075829035907, 32.207069159980371 ], [ 35.304725471302703, 32.207210905120704 ], [ 35.299492722212371, 32.207466319968688 ], [ 35.296188923505362, 32.208116915582437 ], [ 35.296933505756286, 32.209223870580118 ], [ 35.298059469959092, 32.211474107520658 ], [ 35.298769272218202, 32.213519490268546 ], [ 35.299964397982691, 32.216354121979393 ], [ 35.300893671225992, 32.21818571638179 ], [ 35.301893091881034, 32.22032554452602 ], [ 35.30304992093437, 32.222367172960404 ], [ 35.302529041202092, 32.223375314460029 ], [ 35.302025155151732, 32.224164759608406 ], [ 35.301842803668229, 32.224614661608456 ], [ 35.301637469778257, 32.225120942055874 ], [ 35.30107144143615, 32.225474196441766 ], [ 35.300324627725956, 32.225731208206078 ], [ 35.2990866363496, 32.225647600080798 ], [ 35.298282736908106, 32.225849408700171 ], [ 35.297615598872177, 32.225900063796985 ], [ 35.29675970753955, 32.226327908877465 ], [ 35.295487426879063, 32.226937531469964 ], [ 35.294618242855158, 32.227185579850534 ], [ 35.293815004517342, 32.227409340366428 ], [ 35.293273979396474, 32.227439593296552 ], [ 35.293037879225096, 32.227044668163416 ], [ 35.292743004576472, 32.226550024595504 ], [ 35.292467493007017, 32.226191760561832 ], [ 35.291227636144022, 32.226062987923363 ], [ 35.290341559133644, 32.225977924692259 ], [ 35.289123658177608, 32.225745412123992 ], [ 35.288658362247396, 32.225381630686087 ], [ 35.28833655377877, 32.225669286218945 ], [ 35.288981643531542, 32.226507508733441 ], [ 35.289371439179888, 32.227136236620559 ], [ 35.289633290347837, 32.227609493101866 ], [ 35.289645174234465, 32.228087426721622 ], [ 35.289715422623672, 32.228403564747659 ], [ 35.289728847405634, 32.228933349408408 ], [ 35.289984705112261, 32.229194691598586 ], [ 35.289238825743006, 32.229810093271148 ], [ 35.288505709238571, 32.23061485502226 ], [ 35.289142092020292, 32.231320069833757 ], [ 35.289856274020622, 32.232247291124942 ], [ 35.290513390073585, 32.233644597795049 ], [ 35.290684364455934, 32.234935711316048 ], [ 35.290884148354564, 32.236183406680482 ], [ 35.286653741783354, 32.236889052142146 ], [ 35.285569042911746, 32.237458999190522 ], [ 35.284920483113424, 32.236686141688942 ], [ 35.284553435011325, 32.236487420808601 ], [ 35.28359922441188, 32.236705575744303 ], [ 35.282074061064229, 32.236733012012323 ], [ 35.281498852773112, 32.236991497468331 ], [ 35.281163421239647, 32.238108775894304 ], [ 35.280406193800502, 32.239788789847971 ], [ 35.279562272118966, 32.240915386119326 ], [ 35.278420323471188, 32.241738929733323 ], [ 35.27749107914147, 32.242372967399476 ], [ 35.276910319967449, 32.242383446952353 ], [ 35.276397388425913, 32.242207894171543 ], [ 35.275691850392434, 32.241447421704017 ], [ 35.275643670515748, 32.240893420926348 ], [ 35.274750556317947, 32.240880394671095 ], [ 35.273721210308317, 32.240928306718949 ], [ 35.272760642788079, 32.240945738289724 ], [ 35.272071733859235, 32.240870021829892 ], [ 35.27107019198754, 32.240626511349333 ], [ 35.270167688123372, 32.24023245769888 ], [ 35.269451641054467, 32.240450381568124 ], [ 35.26887267520793, 32.240636669384585 ], [ 35.268714740175582, 32.241194159527211 ], [ 35.268308040484101, 32.24140459214675 ], [ 35.267454003502948, 32.24156621344757 ], [ 35.266885770698373, 32.242189847581315 ], [ 35.266512365721994, 32.242369823027296 ], [ 35.265384471152771, 32.242595252484193 ], [ 35.2644679216261, 32.243020089239785 ], [ 35.264207847024949, 32.243608620577653 ], [ 35.263763231641732, 32.2436753361158 ], [ 35.263283965040209, 32.243742629850701 ], [ 35.262231646555541, 32.244227819693464 ], [ 35.261409681665604, 32.244301462396912 ], [ 35.260975095363051, 32.244775652955859 ], [ 35.259534712116817, 32.244860267407908 ], [ 35.256960589566042, 32.244905889492344 ], [ 35.255503515134748, 32.245689903737819 ], [ 35.254419529832255, 32.246292835487296 ], [ 35.254377141218527, 32.246697523469898 ], [ 35.251415870139496, 32.246835617017958 ], [ 35.250015421985488, 32.246957869885662 ], [ 35.249603665504324, 32.2474748472074 ], [ 35.248756605090222, 32.247848256466035 ], [ 35.247840314013878, 32.248044710684674 ], [ 35.247068833826461, 32.248389902154571 ], [ 35.246139698821274, 32.248075155192488 ], [ 35.245358571959166, 32.247998760023115 ], [ 35.243521427931022, 32.248243384825642 ], [ 35.241899189626992, 32.248574151456509 ], [ 35.239907451586305, 32.248278268659703 ], [ 35.238303511440854, 32.247914617923023 ], [ 35.237595388149032, 32.247956513004759 ], [ 35.236821672007856, 32.248182157447005 ], [ 35.236659399801638, 32.24878695122672 ], [ 35.236740802554401, 32.24923612659385 ], [ 35.236867433964839, 32.25004769064163 ], [ 35.236702297941648, 32.25053356361726 ], [ 35.236174933982802, 32.250723069840632 ], [ 35.235608044459141, 32.250733356094088 ], [ 35.234936717330669, 32.250805662035503 ], [ 35.234233105800421, 32.251027891920884 ], [ 35.233747428958914, 32.251458039001953 ], [ 35.232673132220242, 32.252442344420714 ], [ 35.231688823640809, 32.252790870879274 ], [ 35.230699803898574, 32.252928037480402 ], [ 35.229820755284813, 32.253213966875286 ], [ 35.229116938952998, 32.253406860599711 ], [ 35.227499079094073, 32.253917795935202 ], [ 35.22736836769981, 32.254373215284588 ], [ 35.227097730445365, 32.254919400611591 ], [ 35.226504536723695, 32.255290360010385 ], [ 35.225691231741131, 32.255365459589278 ], [ 35.224629030720315, 32.255413540838056 ], [ 35.223293487989388, 32.255890560159138 ], [ 35.222631476774062, 32.256352816110898 ], [ 35.221787351632855, 32.256608813196003 ], [ 35.21977947836109, 32.255681374588356 ], [ 35.21878022810138, 32.255396870145262 ], [ 35.218003399445763, 32.255500660095116 ], [ 35.217377185034024, 32.255994446744424 ], [ 35.216849247883914, 32.256154564590652 ], [ 35.216026259929457, 32.255837895227039 ], [ 35.214991200172619, 32.255524620093169 ], [ 35.213530501546735, 32.255218694851564 ], [ 35.212003836193055, 32.2551235461804 ], [ 35.21103760685947, 32.254750491979365 ], [ 35.211306011436136, 32.254112472989384 ], [ 35.211707698263893, 32.253142480374358 ], [ 35.211729539271936, 32.252569289319958 ], [ 35.211253451674018, 32.251944274220676 ], [ 35.211169346532316, 32.251404905372091 ], [ 35.211151883138477, 32.250681232854461 ], [ 35.210470228933985, 32.250332393690876 ], [ 35.209612332400276, 32.250045555182368 ], [ 35.20833728936676, 32.250067582100009 ], [ 35.207431018083071, 32.25071688428379 ], [ 35.206485266810098, 32.251155390946245 ], [ 35.204825535233297, 32.251425375966342 ], [ 35.203906129654094, 32.251499772057841 ], [ 35.20276653447965, 32.251281082346843 ], [ 35.202030008534443, 32.251593873443063 ], [ 35.201724904381827, 32.252171566100962 ], [ 35.201530882777519, 32.25295723205604 ], [ 35.201581270673906, 32.253558603363523 ], [ 35.201640435476278, 32.2545516825625 ], [ 35.201417050909114, 32.255579135325242 ], [ 35.200867013588834, 32.256283067751767 ], [ 35.200594537176414, 32.257228230619965 ], [ 35.198537184003683, 32.257895463814961 ], [ 35.197828108732445, 32.258313626042536 ], [ 35.196909916282124, 32.258854638563534 ], [ 35.196490539861159, 32.259015241258105 ], [ 35.196075630107401, 32.259275037836503 ], [ 35.195696042582277, 32.259489183243787 ], [ 35.194508244816241, 32.259584345557883 ], [ 35.194484831395393, 32.259882492263436 ], [ 35.194178206552635, 32.260038587190429 ], [ 35.194346772710254, 32.260732401880006 ], [ 35.194305948293149, 32.261017020526324 ], [ 35.194313553326801, 32.261224428768642 ], [ 35.194334880732328, 32.261805509975645 ], [ 35.19417068903438, 32.262011777181783 ], [ 35.193843464597293, 32.262420929384561 ], [ 35.194189967225029, 32.263115885979815 ], [ 35.193806541277461, 32.263363841716441 ], [ 35.19326481188228, 32.264426195181429 ], [ 35.192874592489026, 32.265878012696753 ], [ 35.192110013412005, 32.26649565417128 ], [ 35.191348221901926, 32.267262083533616 ], [ 35.191018719092099, 32.268291195634262 ], [ 35.191045916477094, 32.269424612207779 ], [ 35.19068751949861, 32.269526023061708 ], [ 35.188867673840939, 32.270932575178485 ], [ 35.191959241209375, 32.273992738213487 ], [ 35.192404773226208, 32.276045436038203 ], [ 35.192174362676269, 32.278825119940208 ], [ 35.190081644178477, 32.282570061561273 ], [ 35.189617445770899, 32.283243516951075 ], [ 35.187147177246494, 32.284271220374528 ], [ 35.187099303557424, 32.284817911259246 ], [ 35.187898512621096, 32.285437420724193 ], [ 35.188444611017474, 32.286070983481991 ], [ 35.189639100722474, 32.28779294323094 ], [ 35.190015364794846, 32.28845353204936 ], [ 35.190273018281182, 32.289206537716076 ], [ 35.190364738406913, 32.290346157535133 ], [ 35.190157918691348, 32.293330422610559 ], [ 35.190561950684987, 32.293737953810776 ], [ 35.191466591739747, 32.294409866586449 ], [ 35.191346733737056, 32.29502531058251 ], [ 35.191287775764174, 32.295497605169793 ], [ 35.191176886639695, 32.296020055073825 ], [ 35.191201197525864, 32.296536319393397 ], [ 35.191538212772215, 32.297055433931725 ], [ 35.192069642925901, 32.297679960695497 ], [ 35.192360360389877, 32.298371531356835 ], [ 35.19195507755942, 32.298410380758966 ], [ 35.191516965644382, 32.298320723717531 ], [ 35.190494081434828, 32.298230438494784 ], [ 35.190168931100985, 32.298229275053615 ], [ 35.19019798670378, 32.299137244921326 ], [ 35.189200934407189, 32.299285356752925 ], [ 35.188834539523832, 32.299862442874527 ], [ 35.187323464130543, 32.299477869426404 ], [ 35.186129735088386, 32.299207735867355 ], [ 35.185047401254202, 32.300155556938506 ], [ 35.184773996925308, 32.300956396254087 ], [ 35.184701424610132, 32.301302437878604 ], [ 35.184383168587715, 32.30234054648561 ], [ 35.184122189104421, 32.303165621047569 ], [ 35.183886191321086, 32.304279264192175 ], [ 35.183992418139979, 32.304804560160697 ], [ 35.184524678079903, 32.304637818361584 ], [ 35.186240073887468, 32.304105471169315 ], [ 35.187272818789921, 32.304139431741802 ], [ 35.18841555561459, 32.304191433163865 ], [ 35.189237629804758, 32.304071486958975 ], [ 35.190369618154143, 32.303896337043241 ], [ 35.19097485077009, 32.303781991271158 ], [ 35.191927169752283, 32.303530721616653 ], [ 35.19305815248417, 32.303342020981859 ], [ 35.194431621078408, 32.303685935296251 ], [ 35.195295625217518, 32.303875935076775 ], [ 35.196071053815913, 32.303918822514618 ], [ 35.197088398960268, 32.303607776187874 ], [ 35.197102367688295, 32.303197473337406 ], [ 35.197788381590875, 32.303081408716395 ], [ 35.200077694692197, 32.302408001092466 ], [ 35.202871132497663, 32.302332542889218 ], [ 35.204560332462982, 32.302390603258807 ], [ 35.205821670188648, 32.302050742121672 ], [ 35.206726149718953, 32.301748636916983 ], [ 35.206647008730307, 32.301468527117748 ], [ 35.205678110387737, 32.298044644792967 ], [ 35.203665531305134, 32.294053201444228 ], [ 35.203481907045855, 32.292960934113189 ], [ 35.203311069072441, 32.291115126559674 ], [ 35.202848798260511, 32.288929461051389 ], [ 35.203590940638406, 32.287540744562413 ], [ 35.204508884059855, 32.286377465560015 ], [ 35.205696175077229, 32.285150489763225 ], [ 35.206285658921885, 32.284393560020334 ], [ 35.20699154835102, 32.282830105296007 ], [ 35.207226035165185, 32.281333726772338 ], [ 35.206775505303277, 32.279504271028514 ], [ 35.206549582356466, 32.278531490932487 ], [ 35.206501105745453, 32.276523926312969 ], [ 35.206301694628891, 32.273884560468339 ], [ 35.206129016701439, 32.272339153552437 ], [ 35.206489689450606, 32.270495026686064 ], [ 35.206867779351946, 32.26933849845755 ], [ 35.207452999525948, 32.268410788516732 ], [ 35.207899893023061, 32.26731174306488 ], [ 35.207844250908302, 32.265015045019297 ], [ 35.208027132302817, 32.264209644929764 ], [ 35.209013937712477, 32.263100996816988 ], [ 35.210348484488541, 32.262387413838979 ], [ 35.212253562009174, 32.262929500233184 ], [ 35.214440291046301, 32.26392354896965 ], [ 35.2152632029252, 32.26442734592068 ], [ 35.215957135414527, 32.265161664744618 ], [ 35.218106249631823, 32.265728438781039 ], [ 35.219931516004536, 32.265328629946872 ], [ 35.221083173791669, 32.26503315284161 ], [ 35.221464546807539, 32.264807658950573 ], [ 35.222479649261423, 32.264188113205243 ], [ 35.222998229505031, 32.264316540406355 ], [ 35.224161911376889, 32.26451475351351 ], [ 35.224713004813438, 32.264669658123331 ], [ 35.225285219647851, 32.264357326312613 ], [ 35.226586645966854, 32.263597361601903 ], [ 35.227660008244129, 32.262728085735198 ], [ 35.228677728087014, 32.262218956600861 ], [ 35.229667622658503, 32.261872143795003 ], [ 35.230394282944104, 32.261313461177821 ], [ 35.231630611604139, 32.260525277151622 ], [ 35.232526489013388, 32.26029062003537 ], [ 35.233424883599639, 32.26016416867219 ], [ 35.233835189899388, 32.259830417926644 ], [ 35.234771458404218, 32.259922064365718 ], [ 35.235472960000671, 32.259636708216576 ], [ 35.236619785554026, 32.25915171818977 ], [ 35.238017373437685, 32.25836061214639 ], [ 35.238433715808178, 32.258272014224076 ], [ 35.239627158833095, 32.258359046293961 ], [ 35.24059188528004, 32.258314812176813 ], [ 35.241548517356001, 32.257941426042017 ], [ 35.24307590260446, 32.257204332045447 ], [ 35.244471213332481, 32.256331995531291 ], [ 35.24672302867544, 32.254950421286935 ], [ 35.247233489487229, 32.254776657923429 ], [ 35.249969065071703, 32.254727794135228 ], [ 35.250715000508862, 32.254933239869864 ], [ 35.251338544943927, 32.255416021935119 ], [ 35.251756048511247, 32.255379231597715 ], [ 35.252905611399534, 32.25500455964788 ], [ 35.253518996845479, 32.255074773677123 ], [ 35.255768414349262, 32.256211803854448 ], [ 35.256339180712949, 32.257130251545306 ], [ 35.256884779140044, 32.25838067201132 ], [ 35.257276735923348, 32.258592425111665 ], [ 35.257986837405682, 32.258687939225744 ], [ 35.258873913063212, 32.258852696918261 ], [ 35.259882330776229, 32.258674721597728 ], [ 35.261416296364608, 32.257806082497432 ], [ 35.263383782754403, 32.257351474844626 ], [ 35.265209806887547, 32.256896904702948 ], [ 35.266896240054898, 32.256508319414024 ], [ 35.269292261745314, 32.256224180199567 ], [ 35.271199791330652, 32.256189933120623 ], [ 35.272686572214326, 32.256282697159925 ], [ 35.273900890480277, 32.256991053744478 ], [ 35.274922658975669, 32.255486781444382 ], [ 35.275958624850027, 32.254579917133675 ], [ 35.276913721943458, 32.253967294122063 ], [ 35.277966935756965, 32.253727715370374 ], [ 35.278760666385217, 32.253713160490072 ], [ 35.279092944086123, 32.252891223717882 ], [ 35.279778549661842, 32.252062875972115 ], [ 35.280377154883801, 32.251307845844963 ], [ 35.280900748313684, 32.251077577678686 ], [ 35.280432084767249, 32.249972060805561 ], [ 35.280301173200421, 32.248267787189832 ], [ 35.280528573423673, 32.246780286984546 ], [ 35.28093425726783, 32.24536369288888 ], [ 35.281711101722777, 32.244682380380311 ], [ 35.282580406099164, 32.244145853376807 ], [ 35.283452815366665, 32.243760365637399 ], [ 35.284774106731419, 32.243662027752563 ], [ 35.286098512694963, 32.243712466823169 ], [ 35.287252852909226, 32.243986756408248 ], [ 35.28805184191279, 32.244195892535906 ], [ 35.288593962561883, 32.244704471357565 ], [ 35.289394853423779, 32.244987430457854 ], [ 35.290461019548417, 32.245265695195869 ], [ 35.291346332640998, 32.245396409978831 ], [ 35.291879171273216, 32.245535253592109 ], [ 35.292485881142106, 32.245079999766837 ], [ 35.293450083598714, 32.244839226555079 ], [ 35.294868902860138, 32.245111005378043 ], [ 35.295939950927327, 32.245610155017324 ], [ 35.296750199630686, 32.246262787981365 ], [ 35.297660725714223, 32.247360028915189 ], [ 35.298123883630552, 32.248242297250194 ], [ 35.29814271743534, 32.248983428466204 ], [ 35.298076814648979, 32.249875669497087 ], [ 35.298363905780157, 32.250760885041267 ], [ 35.29890595707689, 32.25126941904005 ], [ 35.298924632113305, 32.252010549894997 ], [ 35.299038955826269, 32.253048066919355 ], [ 35.299496783246099, 32.253707144590905 ], [ 35.300138978557683, 32.254660284307924 ], [ 35.300769275096776, 32.255167615841906 ], [ 35.301052437704918, 32.255904035015874 ], [ 35.301247557755232, 32.256642211810927 ], [ 35.301356948836187, 32.257688747443758 ], [ 35.304021269312805, 32.257630877395229 ], [ 35.305391978442664, 32.25827342897373 ], [ 35.306513399292541, 32.258994508784383 ], [ 35.307548364421002, 32.259791736162938 ], [ 35.308001599984642, 32.260265922723455 ], [ 35.308288654512687, 32.261151114135728 ], [ 35.308440940322576, 32.261928766850211 ], [ 35.308586130398474, 32.26244434779359 ], [ 35.309135573302548, 32.263214344424917 ], [ 35.309644608409975, 32.264167544522444 ], [ 35.309975262788406, 32.265016060733814 ], [ 35.310340315660511, 32.265492002955654 ], [ 35.310875046311772, 32.265705723972239 ], [ 35.31167493945572, 32.265911890911923 ], [ 35.312197496957602, 32.265643169173309 ], [ 35.312979816517263, 32.265154979157401 ], [ 35.314736131229168, 32.266919801051877 ], [ 35.317616454553466, 32.267387863822378 ], [ 35.321356914827177, 32.267007966542245 ], [ 35.324411313276961, 32.266525472183687 ], [ 35.327344543880876, 32.266232393823408 ], [ 35.32974462579714, 32.267527457428542 ], [ 35.332264171966699, 32.268698360769399 ], [ 35.333825083586625, 32.269422696037438 ], [ 35.335690974740402, 32.270242508315128 ], [ 35.338195523544329, 32.271487704200879 ], [ 35.341174181849382, 32.272546347558283 ], [ 35.342383835589921, 32.273513870445178 ], [ 35.342783919131492, 32.275628081710671 ], [ 35.34543170388595, 32.276246246181245 ], [ 35.347755886444297, 32.276511905670603 ], [ 35.35130451432655, 32.276941804036319 ], [ 35.353132083934803, 32.276447637369344 ], [ 35.356060531837763, 32.275836024326672 ], [ 35.35702073598231, 32.275689457393604 ], [ 35.35846543426532, 32.275471278769103 ], [ 35.361328127453049, 32.275142553802667 ], [ 35.364297106506321, 32.274811938636979 ], [ 35.367226758460824, 32.274481868013645 ], [ 35.369021844142615, 32.27435103892735 ], [ 35.370630865932654, 32.274233392290967 ], [ 35.371449750576595, 32.27419060503464 ], [ 35.374794269906225, 32.274017055460192 ], [ 35.379764287619565, 32.273601074904811 ], [ 35.384895533030551, 32.273136762072504 ], [ 35.387816984783669, 32.273081828778459 ], [ 35.391177127199981, 32.273203152013785 ], [ 35.393652904114489, 32.27264882408312 ], [ 35.395722485617235, 32.27311688007606 ], [ 35.396513673694535, 32.274343774888195 ], [ 35.396795212770868, 32.274780703919404 ], [ 35.397866964942004, 32.276435501936959 ], [ 35.39836582869556, 32.278373537521205 ], [ 35.398637934517367, 32.279432696212076 ], [ 35.398157472271357, 32.283815459267139 ], [ 35.397884178476481, 32.287824794478055 ], [ 35.397726400456648, 32.292108988336004 ] ] ] ] } },
{ "type": "Feature", "properties": { "Area": 1831082.29981 }, "geometry": { "type": "MultiPolygon", "coordinates": [ [ [ [ 35.03704061615057, 32.302442549320709 ], [ 35.03743877100564, 32.302084061435593 ], [ 35.036871160612705, 32.301218742418158 ], [ 35.036765904062968, 32.300809990459889 ], [ 35.036942905284462, 32.300094449385917 ], [ 35.036411058347944, 32.299366131079353 ], [ 35.036360198685919, 32.298518967688594 ], [ 35.036855358989804, 32.297634204928627 ], [ 35.036873155845612, 32.296977630565671 ], [ 35.036505480244578, 32.296381413287683 ], [ 35.036203850948063, 32.295865314599126 ], [ 35.035475259937463, 32.294975539042298 ], [ 35.035367401676055, 32.294456315745364 ], [ 35.033324568365721, 32.295311932547584 ], [ 35.03162753834286, 32.295749796016118 ], [ 35.029290439836075, 32.296387393292235 ], [ 35.028556563129655, 32.296721717302191 ], [ 35.028138511917128, 32.296125969179954 ], [ 35.026757675907568, 32.295093203172407 ], [ 35.026558110696385, 32.293820305439198 ], [ 35.026121651441109, 32.292726862456703 ], [ 35.024374044178117, 32.290980592795151 ], [ 35.021606355060449, 32.2904789541752 ], [ 35.019184280195738, 32.290845148602372 ], [ 35.017537108318749, 32.291649238544345 ], [ 35.016062281915879, 32.292682950676031 ], [ 35.016157877441373, 32.292981239507938 ], [ 35.01625014661132, 32.293284032125968 ], [ 35.016186281340453, 32.293605190925611 ], [ 35.016097398529311, 32.29391109507381 ], [ 35.01594717734514, 32.294197745088098 ], [ 35.015740609041934, 32.294457821365278 ], [ 35.015484175723323, 32.294685133693605 ], [ 35.015184864415104, 32.294870110987091 ], [ 35.014842034015949, 32.295002043519091 ], [ 35.014617744274325, 32.295086810677638 ], [ 35.014542489561407, 32.297446504176811 ], [ 35.014625348227618, 32.298762078265803 ], [ 35.015587682191168, 32.300529852727941 ], [ 35.016626420088883, 32.30178936345574 ], [ 35.017313131236001, 32.303458646947639 ], [ 35.01864509098904, 32.302679460615714 ], [ 35.019377994378459, 32.302539072633252 ], [ 35.019808938622511, 32.302489542861608 ], [ 35.020820770765631, 32.302322501104776 ], [ 35.022000906166774, 32.301699176235097 ], [ 35.023007390661462, 32.301295395971771 ], [ 35.024108743005193, 32.300564853449394 ], [ 35.024509989936071, 32.300342239059859 ], [ 35.024909701474101, 32.300055934059579 ], [ 35.025336367182724, 32.299812499840549 ], [ 35.026293752710274, 32.299472310677416 ], [ 35.027128359089865, 32.299307786051472 ], [ 35.029089530464027, 32.298895712703342 ], [ 35.029320377095743, 32.300316876500126 ], [ 35.030464589389652, 32.300825700874825 ], [ 35.030956465757839, 32.301963164811539 ], [ 35.031015131318817, 32.30295462286626 ], [ 35.032762882825523, 32.302789057580888 ], [ 35.0346970055963, 32.302674443016706 ], [ 35.035225500211475, 32.302620482876463 ], [ 35.03704061615057, 32.302442549320709 ] ] ] ] } },
{ "type": "Feature", "properties": { "Area": 413219.50732500001 }, "geometry": { "type": "MultiPolygon", "coordinates": [ [ [ [ 35.207173439884009, 32.302570362573881 ], [ 35.207639319124802, 32.303389831647372 ], [ 35.208209027676531, 32.303372907624897 ], [ 35.209201451085129, 32.303272552278465 ], [ 35.210193208804363, 32.303173879971027 ], [ 35.211463493981761, 32.302820435599415 ], [ 35.21202022058997, 32.302357120732381 ], [ 35.21285496614513, 32.301641290437288 ], [ 35.213217107420881, 32.301465984790738 ], [ 35.213562330398581, 32.301338022075164 ], [ 35.214267395212623, 32.301291753397152 ], [ 35.215304590625927, 32.301264615069172 ], [ 35.215781850954386, 32.301023913979577 ], [ 35.21606613492451, 32.300512135450511 ], [ 35.216489489958008, 32.300400501989238 ], [ 35.216900933574728, 32.300537981339446 ], [ 35.21728401887912, 32.300738585909485 ], [ 35.21752510038683, 32.300961748319729 ], [ 35.218536721491333, 32.301866223674182 ], [ 35.219085399834725, 32.302163180372787 ], [ 35.220065203988248, 32.302146154470464 ], [ 35.221565589376205, 32.302058600746371 ], [ 35.222012035018693, 32.302102500366679 ], [ 35.222796924201781, 32.30217903857428 ], [ 35.223129561042022, 32.302211678694874 ], [ 35.22398665094736, 32.302437553833883 ], [ 35.224457659889573, 32.302513002812489 ], [ 35.225184937722048, 32.302373674975932 ], [ 35.225566702389955, 32.302490841175285 ], [ 35.225724794050763, 32.303148540398539 ], [ 35.225893446738937, 32.303555997429967 ], [ 35.226214949917846, 32.303487182604933 ], [ 35.226973120227328, 32.302797761696795 ], [ 35.228155499729773, 32.300889745026176 ], [ 35.227553734505868, 32.30002754243921 ], [ 35.226073655091298, 32.299532960692702 ], [ 35.223961187254041, 32.299744093673432 ], [ 35.219500166362018, 32.300257585917251 ], [ 35.214459183244223, 32.299872582938178 ], [ 35.210277658858494, 32.300694581806624 ], [ 35.207173439884009, 32.302570362573881 ] ] ] ] } },
{ "type": "Feature", "properties": { "Area": 71095.840331700005 }, "geometry": { "type": "MultiPolygon", "coordinates": [ [ [ [ 35.048798433814419, 32.293538000356406 ], [ 35.050645819228386, 32.293676655700352 ], [ 35.051427300900919, 32.29298549930018 ], [ 35.051197668506894, 32.29163426200688 ], [ 35.049978548702576, 32.290594054488714 ], [ 35.04888549225906, 32.290738122831733 ], [ 35.048811966502299, 32.291927800494442 ], [ 35.048440674571751, 32.293119364845914 ], [ 35.048798433814419, 32.293538000356406 ] ] ] ] } },
{ "type": "Feature", "properties": { "Area": 404713.66308600002 }, "geometry": { "type": "MultiPolygon", "coordinates": [ [ [ [ 35.045025075233418, 32.28812663962028 ], [ 35.045784176608038, 32.287711091828854 ], [ 35.046545828847307, 32.286968088441057 ], [ 35.047882945515632, 32.286763473653188 ], [ 35.048316296020396, 32.286612400439893 ], [ 35.048954737699745, 32.286417053611714 ], [ 35.049384796127349, 32.286444071700359 ], [ 35.049878160145759, 32.286309411302518 ], [ 35.050359637283627, 32.286238985392316 ], [ 35.051105064944686, 32.286138443702939 ], [ 35.051403963855556, 32.286237437008168 ], [ 35.051859273803828, 32.285943786247223 ], [ 35.05203264391745, 32.285129023237559 ], [ 35.051909886782198, 32.284542726159273 ], [ 35.051903244934749, 32.284249643669042 ], [ 35.052312397304966, 32.284175741276968 ], [ 35.052486972637425, 32.284623453586832 ], [ 35.052790622008274, 32.28475626562556 ], [ 35.053032179804831, 32.284524350256504 ], [ 35.052993398046354, 32.284006350976838 ], [ 35.052893205200348, 32.283712592702543 ], [ 35.05094696742001, 32.284181979867697 ], [ 35.050102794047724, 32.28432410681836 ], [ 35.048249577855607, 32.284505000343046 ], [ 35.046353384881428, 32.284691448916206 ], [ 35.045754670744671, 32.284746495019377 ], [ 35.045132123618266, 32.285150943088119 ], [ 35.044306448319148, 32.285705613102024 ], [ 35.043203206642723, 32.285540764266244 ], [ 35.042029928652731, 32.286331125391321 ], [ 35.040855490212991, 32.287756656071323 ], [ 35.0399355449889, 32.289140236853129 ], [ 35.03906793186956, 32.29046413707853 ], [ 35.038836949261366, 32.290781707096031 ], [ 35.03856532457835, 32.291099223299319 ], [ 35.039101340411172, 32.291981402752199 ], [ 35.040082868082223, 32.292161346364274 ], [ 35.041251055224464, 32.291578967537404 ], [ 35.04212316037146, 32.290701432715892 ], [ 35.042834437789296, 32.289866519946074 ], [ 35.043532468657702, 32.289386656817221 ], [ 35.044572374567423, 32.289656252994703 ], [ 35.044924640247274, 32.288646719593537 ], [ 35.045025075233418, 32.28812663962028 ] ] ] ] } },
{ "type": "Feature", "properties": { "Area": 564465.74804500001 }, "geometry": { "type": "MultiPolygon", "coordinates": [ [ [ [ 35.019148593585001, 32.288245755177797 ], [ 35.020897575098225, 32.288657485502817 ], [ 35.022233047120956, 32.289565130788439 ], [ 35.023539220751353, 32.289034402719153 ], [ 35.024821437281979, 32.288952819399306 ], [ 35.025416750559735, 32.289973787827989 ], [ 35.027025083303279, 32.290920093935149 ], [ 35.028990450310303, 32.29099216283845 ], [ 35.030644628578557, 32.290717156900349 ], [ 35.031217825145994, 32.290149267990898 ], [ 35.032606016756446, 32.289995609646127 ], [ 35.033302672845458, 32.289481985076009 ], [ 35.032917086730912, 32.288295075336691 ], [ 35.030718505015415, 32.287814134051978 ], [ 35.028597131454326, 32.28790701106476 ], [ 35.026951873479582, 32.28703168685459 ], [ 35.026470559250896, 32.286157986593309 ], [ 35.026183557219717, 32.284739553351379 ], [ 35.025726307332157, 32.283784161288416 ], [ 35.024846550742829, 32.283784604264994 ], [ 35.024096591947988, 32.283990942129286 ], [ 35.023481515317755, 32.283845216074788 ], [ 35.02269998263435, 32.283580327087421 ], [ 35.022296126181693, 32.283981595307026 ], [ 35.021187409940993, 32.284012680644345 ], [ 35.020306668270131, 32.284335472258071 ], [ 35.019148593585001, 32.288245755177797 ] ] ] ] } },
{ "type": "Feature", "properties": { "Area": 163552.625 }, "geometry": { "type": "MultiPolygon", "coordinates": [ [ [ [ 35.159778657726669, 32.276855915983454 ], [ 35.159318164354808, 32.277022016281343 ], [ 35.156592321623478, 32.278333088953424 ], [ 35.154043106124874, 32.278324771348402 ], [ 35.151006820955736, 32.279078192653735 ], [ 35.149521058049835, 32.2799128197803 ], [ 35.147422177672368, 32.281650614240235 ], [ 35.146838173019724, 32.282965805068322 ], [ 35.148719597435473, 32.281856345440715 ], [ 35.151255556998265, 32.280872818797278 ], [ 35.154206612349157, 32.279882643429616 ], [ 35.156675585902825, 32.278958723164259 ], [ 35.15831957898817, 32.278285824472242 ], [ 35.159471127176573, 32.277267239485305 ], [ 35.159778657726669, 32.276855915983454 ] ] ] ] } },
{ "type": "Feature", "properties": { "Area": 412414.207031 }, "geometry": { "type": "MultiPolygon", "coordinates": [ [ [ [ 35.075659706077872, 32.278075876044227 ], [ 35.076845664297274, 32.278962503722582 ], [ 35.078244353892124, 32.279074938952888 ], [ 35.07876635397718, 32.278922158620219 ], [ 35.079653924189465, 32.279116918755449 ], [ 35.08091369198808, 32.278816627880126 ], [ 35.082219205306018, 32.278285853987271 ], [ 35.083340842669635, 32.277575100199549 ], [ 35.084645827309096, 32.277043736957751 ], [ 35.086092359604613, 32.277337611677744 ], [ 35.086901071318152, 32.277592552843728 ], [ 35.087257720175423, 32.277029842020468 ], [ 35.086846047845825, 32.275889284950999 ], [ 35.087069279339246, 32.27537830199195 ], [ 35.087369089012761, 32.274771012955661 ], [ 35.087906922316151, 32.274007260431553 ], [ 35.08775078241397, 32.273159452779787 ], [ 35.086870576635057, 32.272815400651702 ], [ 35.086230733436494, 32.272052808097889 ], [ 35.084282056404383, 32.272048715480729 ], [ 35.083523594249222, 32.272713047146269 ], [ 35.082345704027929, 32.273368515454244 ], [ 35.081456983466914, 32.273817974704954 ], [ 35.081448931588845, 32.274623359788642 ], [ 35.080879185615892, 32.275273205062327 ], [ 35.080991906400229, 32.276051091300253 ], [ 35.080792026063889, 32.276805563945508 ], [ 35.079886111467466, 32.27682045501367 ], [ 35.078709222797706, 32.277173233608778 ], [ 35.077436667529739, 32.277496597572252 ], [ 35.076727035873127, 32.277688635302695 ], [ 35.075659706077872, 32.278075876044227 ] ] ] ] } },
{ "type": "Feature", "properties": { "Area": 76042827.506799996 }, "geometry": { "type": "MultiPolygon", "coordinates": [ [ [ [ 35.138287542156831, 32.278315251873096 ], [ 35.140007709868364, 32.27822089122904 ], [ 35.142994099686526, 32.27850418159116 ], [ 35.144089631520821, 32.277182489664334 ], [ 35.144943758859782, 32.276457533514851 ], [ 35.145131340385518, 32.275435239950625 ], [ 35.145561813431961, 32.272729003219176 ], [ 35.146389101763845, 32.271876085538317 ], [ 35.148532319137054, 32.269979951521961 ], [ 35.151097876079518, 32.268017453809335 ], [ 35.15298199075513, 32.267085465180017 ], [ 35.154727528367488, 32.266275696621037 ], [ 35.156184774329979, 32.265231897104236 ], [ 35.157419189725715, 32.263711186073166 ], [ 35.158824732584726, 32.263448496326205 ], [ 35.160154102645045, 32.262945103883617 ], [ 35.16133751104983, 32.262129409159648 ], [ 35.161442240503902, 32.26193330938753 ], [ 35.162010192236984, 32.260875609754784 ], [ 35.162477186436377, 32.259726569465471 ], [ 35.162463921658563, 32.259002892653392 ], [ 35.16314641824092, 32.258326224320818 ], [ 35.162942448247584, 32.256160775667425 ], [ 35.161022742432706, 32.252773409303451 ], [ 35.160572919776079, 32.252039435920175 ], [ 35.161010567904789, 32.251526703264247 ], [ 35.161373625791597, 32.250954764773191 ], [ 35.161439309886582, 32.250198424412716 ], [ 35.161301885261246, 32.249436378725456 ], [ 35.161002234494248, 32.248828142370463 ], [ 35.160891188271478, 32.248392434617642 ], [ 35.160565658778559, 32.247480403053245 ], [ 35.160308140333939, 32.246855834820209 ], [ 35.160184956036368, 32.246161425566932 ], [ 35.160096744207564, 32.245492954399708 ], [ 35.159957852012745, 32.245058363053197 ], [ 35.159222813124181, 32.244851821482925 ], [ 35.158731243868012, 32.244820082675183 ], [ 35.158336647324688, 32.244824448322831 ], [ 35.15784865043215, 32.244940936570643 ], [ 35.157340014647836, 32.244888896136374 ], [ 35.157090162804586, 32.24456360039899 ], [ 35.156800051047703, 32.244187564171312 ], [ 35.15657684427655, 32.243327975912621 ], [ 35.156624455844174, 32.242005766581677 ], [ 35.157014057220898, 32.241061303969943 ], [ 35.157652656444085, 32.240777482660796 ], [ 35.158194589882584, 32.240835733740013 ], [ 35.158692172052028, 32.241066430945509 ], [ 35.159039624242922, 32.241484190703247 ], [ 35.159341102781539, 32.241673107697601 ], [ 35.159617912564734, 32.242133111319554 ], [ 35.159867754957219, 32.242482637382018 ], [ 35.160348930391798, 32.242726848850914 ], [ 35.160844396566517, 32.242560755855301 ], [ 35.161233735978534, 32.242082948750152 ], [ 35.161334431851323, 32.241602787933999 ], [ 35.161504908289011, 32.241155903661358 ], [ 35.161009966086496, 32.240587052764873 ], [ 35.160657821437574, 32.239916799675058 ], [ 35.160544946671735, 32.239517161388626 ], [ 35.15972643136827, 32.239236197130282 ], [ 35.15838727739402, 32.238780883703555 ], [ 35.157636363009267, 32.237954919929038 ], [ 35.156338140967712, 32.237271337908012 ], [ 35.155143536076459, 32.237230861668827 ], [ 35.153820107691452, 32.23781029333545 ], [ 35.153549649734053, 32.237927979226583 ], [ 35.152286900999108, 32.238177143914363 ], [ 35.150462562496429, 32.238266556009499 ], [ 35.148362738829036, 32.23854181108377 ], [ 35.147385113731019, 32.238797252564311 ], [ 35.14604716400121, 32.238639394794163 ], [ 35.143834860721462, 32.237998657031696 ], [ 35.143641996030603, 32.237837372100472 ], [ 35.142645672318551, 32.237542684940237 ], [ 35.142582636291493, 32.236865195267804 ], [ 35.142887045658014, 32.236075726520866 ], [ 35.143558207497222, 32.235203019764491 ], [ 35.143959454048165, 32.234607476616354 ], [ 35.14422290818559, 32.234053010130758 ], [ 35.143881186103911, 32.232888428630027 ], [ 35.143708661975602, 32.232319099689619 ], [ 35.144019691645788, 32.232009263075938 ], [ 35.144644971565192, 32.231524855477105 ], [ 35.145386516873259, 32.230937358402635 ], [ 35.145618772487779, 32.230662988422736 ], [ 35.145610060379994, 32.23029100156576 ], [ 35.144963340855334, 32.229862355242361 ], [ 35.144201162270662, 32.229571171583814 ], [ 35.145099984902657, 32.228252748021831 ], [ 35.146131261037858, 32.226880272280759 ], [ 35.146501534809403, 32.22694582126001 ], [ 35.147990150464558, 32.22497047515364 ], [ 35.149561615853557, 32.224039517910036 ], [ 35.151147622650242, 32.223131091537091 ], [ 35.152735902229701, 32.221958312441068 ], [ 35.153060326466296, 32.221292256255879 ], [ 35.152549522327583, 32.220040830876655 ], [ 35.151741340520744, 32.219143791223502 ], [ 35.151544450175656, 32.217963506785118 ], [ 35.15109199798399, 32.217899065104596 ], [ 35.150469338672401, 32.217810314017242 ], [ 35.14961282044122, 32.217707368445566 ], [ 35.14875898716199, 32.21864202688969 ], [ 35.148712954444527, 32.219111494883784 ], [ 35.14778250598004, 32.219269456384666 ], [ 35.147404944315298, 32.218978463279967 ], [ 35.146854293631883, 32.218766859567644 ], [ 35.146738942240106, 32.218488946600466 ], [ 35.146515817061861, 32.21827185424798 ], [ 35.146017089273542, 32.217482568899982 ], [ 35.145579053509778, 32.217433331654583 ], [ 35.145040689353856, 32.217719958255202 ], [ 35.1444411369432, 32.217285694496589 ], [ 35.144047841316066, 32.217256199558392 ], [ 35.143699415495483, 32.217298303606569 ], [ 35.143265591330461, 32.217398417407942 ], [ 35.14318321091914, 32.217899991729993 ], [ 35.141306359812155, 32.21732080363693 ], [ 35.139962790208152, 32.218071983603473 ], [ 35.139154640191556, 32.216863749783847 ], [ 35.138509882668721, 32.215037313890363 ], [ 35.138086296060315, 32.213598755317499 ], [ 35.137405199740641, 32.213247266094854 ], [ 35.13690866207007, 32.213226711983268 ], [ 35.135969200989088, 32.213963974798261 ], [ 35.135801267065226, 32.214237235477889 ], [ 35.135493109043963, 32.214299065187426 ], [ 35.135275492700742, 32.214297819170135 ], [ 35.135018627549968, 32.214254843979298 ], [ 35.134574000441475, 32.21418358412037 ], [ 35.134090432402225, 32.213887419969495 ], [ 35.133724570194062, 32.213555248658452 ], [ 35.133558401919572, 32.213253623360153 ], [ 35.133350215294584, 32.212851651320484 ], [ 35.132703537512576, 32.212389124548913 ], [ 35.131579844483561, 32.211968027881703 ], [ 35.130696923586626, 32.211611313551593 ], [ 35.129815916073269, 32.211355480708065 ], [ 35.127822652011766, 32.211118699374914 ], [ 35.126507312260827, 32.211005173487884 ], [ 35.126069629853184, 32.210978976938598 ], [ 35.124713409330596, 32.211186665860701 ], [ 35.119614062196668, 32.209240578630485 ], [ 35.119391520610989, 32.207420525591722 ], [ 35.119159415721796, 32.205557630658049 ], [ 35.119962997365647, 32.203961455700515 ], [ 35.120172024676556, 32.203545085425752 ], [ 35.119924550321358, 32.202705701163424 ], [ 35.119000923314466, 32.20189629657493 ], [ 35.115833018378297, 32.201595402759523 ], [ 35.107386726213328, 32.202694449360557 ], [ 35.105414286579098, 32.202431968118496 ], [ 35.102766035339009, 32.201892180968024 ], [ 35.099555631168542, 32.201848979828533 ], [ 35.097601293810683, 32.201588082575903 ], [ 35.09634980759499, 32.201999020203267 ], [ 35.094408857072096, 32.202324242084785 ], [ 35.091315322417309, 32.202375620218731 ], [ 35.089702008612797, 32.202012327958272 ], [ 35.088419399430855, 32.201059216538916 ], [ 35.084605282665684, 32.199659028843882 ], [ 35.081015591399783, 32.198061117059339 ], [ 35.077772226405635, 32.196556446532192 ], [ 35.074126357942177, 32.195130184467082 ], [ 35.074273080019488, 32.194846274584499 ], [ 35.0750340357393, 32.194233844306737 ], [ 35.076154555963413, 32.193976287130837 ], [ 35.077203900002509, 32.19365946906521 ], [ 35.077547576193652, 32.193295156548487 ], [ 35.07782099380583, 32.192929645547807 ], [ 35.078296315410263, 32.192143879929326 ], [ 35.078837825249245, 32.191177258258556 ], [ 35.079245028222751, 32.190512034456901 ], [ 35.080502272438601, 32.190071962979339 ], [ 35.0814834601291, 32.18987509200899 ], [ 35.082542453178633, 32.189977567172143 ], [ 35.083453541747694, 32.189783995030879 ], [ 35.084357565943229, 32.189288876356947 ], [ 35.084831400037459, 32.188442777539599 ], [ 35.086047830967281, 32.186208065842521 ], [ 35.086034191244288, 32.185608931516875 ], [ 35.0843881214075, 32.184438445098991 ], [ 35.082761941796242, 32.184165793420028 ], [ 35.081569564025301, 32.184365851363602 ], [ 35.080734251703994, 32.184799020210086 ], [ 35.080117236945277, 32.185528295464707 ], [ 35.079435431181487, 32.18649760308768 ], [ 35.078388665834623, 32.186932238005575 ], [ 35.076921268572988, 32.187436329069477 ], [ 35.074958925954498, 32.187827174768465 ], [ 35.073487445676662, 32.188150865351844 ], [ 35.071745174430596, 32.188957271835207 ], [ 35.069434211435585, 32.18953422155284 ], [ 35.067330612551672, 32.189929306734022 ], [ 35.06564443106771, 32.190076262031859 ], [ 35.06465431403214, 32.189912287677544 ], [ 35.062396686540524, 32.189710253967604 ], [ 35.061125719017355, 32.189550445268992 ], [ 35.060283610496391, 32.18968362849801 ], [ 35.059178692135859, 32.190660233640997 ], [ 35.058060291231293, 32.191038819814715 ], [ 35.056388750812388, 32.191843968653465 ], [ 35.055402811577487, 32.191860282980272 ], [ 35.054405329209025, 32.19133719823396 ], [ 35.05311814375775, 32.190458683135418 ], [ 35.052203140018101, 32.190473366536793 ], [ 35.051149570472887, 32.190612433993671 ], [ 35.050513314095198, 32.190501193278301 ], [ 35.049512033865206, 32.189799963527996 ], [ 35.048511827995846, 32.189157906513465 ], [ 35.047377407022218, 32.188815517240798 ], [ 35.045698915728245, 32.190349268091843 ], [ 35.045304880655401, 32.191020599787009 ], [ 35.04531487846014, 32.191464739395109 ], [ 35.045733507516246, 32.191899810856569 ], [ 35.046795139496666, 32.192768538523062 ], [ 35.046226843632304, 32.193979596588193 ], [ 35.044339537742559, 32.194420785284613 ], [ 35.042437315354292, 32.19419855454997 ], [ 35.04224631364427, 32.193980755298881 ], [ 35.042050847670765, 32.193571321695032 ], [ 35.041919079574441, 32.192658099777802 ], [ 35.041648003342516, 32.192186570900475 ], [ 35.042452293063803, 32.19154226657988 ], [ 35.043265738753469, 32.191337586839225 ], [ 35.043705241923419, 32.191014632175388 ], [ 35.04428183701998, 32.19018234340146 ], [ 35.04474226487374, 32.18916278571367 ], [ 35.044915183142074, 32.188916141302514 ], [ 35.043775232487057, 32.188335304376722 ], [ 35.042563820205274, 32.187696313569255 ], [ 35.041076280136146, 32.187300999433383 ], [ 35.04028706992905, 32.187313504609271 ], [ 35.039582067153468, 32.187949470856644 ], [ 35.039721626555973, 32.189212146103486 ], [ 35.038990082102096, 32.18976296869328 ], [ 35.037770721047806, 32.19012997102454 ], [ 35.03669679509899, 32.190336524792215 ], [ 35.035850459044561, 32.190762618354007 ], [ 35.035373812140961, 32.191086059659163 ], [ 35.035203066686258, 32.191754276186259 ], [ 35.035327123261183, 32.192320309330114 ], [ 35.035709356656845, 32.1927897455422 ], [ 35.036426988698359, 32.193251735901605 ], [ 35.037253173611667, 32.193617487917344 ], [ 35.037088144844077, 32.194064214535231 ], [ 35.037290407276487, 32.194369959996692 ], [ 35.038217564336776, 32.194893650578017 ], [ 35.038513984906338, 32.195547266679561 ], [ 35.038119794722313, 32.196809240906276 ], [ 35.038213548273184, 32.197741578986673 ], [ 35.037006801021207, 32.197494816049549 ], [ 35.036523278516917, 32.197394415721071 ], [ 35.036261661016091, 32.197373778112521 ], [ 35.034809420030903, 32.197264188985315 ], [ 35.032611526110735, 32.197488921786885 ], [ 35.031795831877403, 32.198404244564657 ], [ 35.030898358863105, 32.199092314064885 ], [ 35.030641972191759, 32.199369259188082 ], [ 35.030245165443041, 32.199590212876643 ], [ 35.028882932268111, 32.199625527887179 ], [ 35.027065493465138, 32.199911561639261 ], [ 35.02703674809495, 32.200976184266082 ], [ 35.026442023492123, 32.20121601098036 ], [ 35.026439305521293, 32.202016335939909 ], [ 35.02797537757445, 32.203630981550674 ], [ 35.028353477772733, 32.203669834114599 ], [ 35.027899853172727, 32.204380479617654 ], [ 35.027533904432609, 32.204740679687333 ], [ 35.027199573136258, 32.205117831329268 ], [ 35.028686241516034, 32.205396075651777 ], [ 35.03010100248413, 32.205757054291198 ], [ 35.031140304793553, 32.206696332151509 ], [ 35.032735664723539, 32.207096417829618 ], [ 35.03265335670406, 32.207418128165294 ], [ 35.032917745188925, 32.208184998453795 ], [ 35.033168060468476, 32.20903526351249 ], [ 35.033830974004779, 32.210460968641272 ], [ 35.034083645563832, 32.211566550593723 ], [ 35.034301445071819, 32.21244438612564 ], [ 35.034448624170594, 32.213154733823224 ], [ 35.03460951607925, 32.214335714720811 ], [ 35.035133209364879, 32.215702609387719 ], [ 35.035507196011466, 32.216650539047777 ], [ 35.036252647737975, 32.217497512203749 ], [ 35.036721324597131, 32.219061590148542 ], [ 35.03702839933009, 32.219545574786878 ], [ 35.037994537125229, 32.221830035446459 ], [ 35.039837413763742, 32.222368441229946 ], [ 35.040568437319465, 32.22345264939861 ], [ 35.039097072753172, 32.224610643198048 ], [ 35.038660212734044, 32.225571026000807 ], [ 35.03952929374195, 32.227133361657771 ], [ 35.043462999634627, 32.229971697074433 ], [ 35.045363027056212, 32.231216861001457 ], [ 35.047696776035501, 32.233230734196809 ], [ 35.050707896889293, 32.233925980318702 ], [ 35.053042396248614, 32.234100134874886 ], [ 35.055989276873653, 32.233768282158834 ], [ 35.058927095814433, 32.233700119427112 ], [ 35.061300840029297, 32.23380315184572 ], [ 35.06341577507321, 32.235326710344445 ], [ 35.064166320478137, 32.237226344707111 ], [ 35.064004672919033, 32.239281083654852 ], [ 35.060834475478195, 32.240784611903877 ], [ 35.057011517264066, 32.242864999173626 ], [ 35.057083459315997, 32.244207598404692 ], [ 35.058602331977887, 32.247614681114513 ], [ 35.058105785143354, 32.249976751916357 ], [ 35.057679276385663, 32.251971992581254 ], [ 35.058527106212402, 32.254948258726621 ], [ 35.059178373707354, 32.258729686710524 ], [ 35.059545757436453, 32.260865615530982 ], [ 35.059419303324418, 32.261030043691569 ], [ 35.058788095685209, 32.262947835345123 ], [ 35.056487210196288, 32.26479604637025 ], [ 35.052669991280716, 32.266648602134239 ], [ 35.053887903145466, 32.26764313353496 ], [ 35.053904581920051, 32.268389368062437 ], [ 35.053542980060818, 32.269035392987185 ], [ 35.053306087976594, 32.269679875224881 ], [ 35.052683479966603, 32.269904007732954 ], [ 35.052695530307936, 32.270436066297641 ], [ 35.053084221256185, 32.270961813323012 ], [ 35.053846579477685, 32.271377538310119 ], [ 35.054355870898121, 32.271689254816764 ], [ 35.055241149816439, 32.271992959752808 ], [ 35.056618867771817, 32.271864386282125 ], [ 35.057113781275838, 32.271536382114746 ], [ 35.057984669041083, 32.271202049104957 ], [ 35.058248288527381, 32.271040035890188 ], [ 35.059234627438755, 32.269851400921723 ], [ 35.059694027890203, 32.268689208505705 ], [ 35.060641890342438, 32.267684253611726 ], [ 35.061498463817024, 32.266928302206338 ], [ 35.06285347082634, 32.266739328892861 ], [ 35.063543924501978, 32.267224238637915 ], [ 35.064363416007581, 32.269107031364655 ], [ 35.064572029470696, 32.269764427332596 ], [ 35.065117553369042, 32.270476864655627 ], [ 35.066008208984343, 32.270750629029592 ], [ 35.066377036030495, 32.27042695907528 ], [ 35.066734398325345, 32.269566722415021 ], [ 35.067081446773358, 32.268282641439569 ], [ 35.06756167624701, 32.267313759589769 ], [ 35.067916520297373, 32.266347558366043 ], [ 35.068145482912989, 32.26538572911786 ], [ 35.06914463788921, 32.265155160581763 ], [ 35.070524731237086, 32.265132395681704 ], [ 35.071909653596698, 32.265323791303963 ], [ 35.073610376301346, 32.264441264722016 ], [ 35.074900905881464, 32.264420613651239 ], [ 35.076025401435466, 32.264190119041359 ], [ 35.077275265359731, 32.263955231776748 ], [ 35.077897606875318, 32.263730977405416 ], [ 35.078392397555398, 32.263404579938822 ], [ 35.079637396982434, 32.262955493756373 ], [ 35.081258320953111, 32.262502817015232 ], [ 35.082001155045432, 32.262064489067178 ], [ 35.083113545678486, 32.261299619933723 ], [ 35.084488552137557, 32.261063090369277 ], [ 35.085622708576125, 32.261258606301105 ], [ 35.087017337211314, 32.261875932486753 ], [ 35.088291487709952, 32.262706739641985 ], [ 35.090178384608251, 32.26288994132522 ], [ 35.092641106326852, 32.261942466108124 ], [ 35.093015723963525, 32.262337885579555 ], [ 35.093519340690953, 32.262748634605401 ], [ 35.093390496200108, 32.263290147840408 ], [ 35.094030148350946, 32.263935474762199 ], [ 35.094909933526957, 32.264166755641853 ], [ 35.096184653658845, 32.26432566403814 ], [ 35.098023713754444, 32.26447545475218 ], [ 35.099793064074021, 32.264683212506483 ], [ 35.10126149832378, 32.264836593876758 ], [ 35.102596199111744, 32.264465132363441 ], [ 35.102869904386715, 32.264390392916241 ], [ 35.104019784263002, 32.264084709661574 ], [ 35.105791499443249, 32.265025074422525 ], [ 35.107419229422121, 32.265414659793919 ], [ 35.108207372450622, 32.266102862894712 ], [ 35.108576765665632, 32.266816106356153 ], [ 35.108943470500009, 32.267409861991858 ], [ 35.109667048699322, 32.268177475542174 ], [ 35.110667677966504, 32.268699558249651 ], [ 35.111319034849068, 32.269407929896971 ], [ 35.111900083238424, 32.270117937467639 ], [ 35.113177616378593, 32.27039616101635 ], [ 35.114804710990541, 32.270549499426757 ], [ 35.115507514385854, 32.270418112059744 ], [ 35.116277930055858, 32.270166156154694 ], [ 35.117192181829189, 32.270029270677995 ], [ 35.118112171270752, 32.270135296954351 ], [ 35.11889710869967, 32.270480757987059 ], [ 35.119547104273572, 32.271130471085598 ], [ 35.120052491376164, 32.27160198464334 ], [ 35.120550697985564, 32.271771961919072 ], [ 35.121116348198555, 32.271823060748808 ], [ 35.122035088087891, 32.271868751726892 ], [ 35.122820055346963, 32.272214188335198 ], [ 35.123607077176949, 32.272680796748723 ], [ 35.12446093632218, 32.272966524898436 ], [ 35.125523709616758, 32.273128948108535 ], [ 35.126305154684438, 32.273354876260377 ], [ 35.126601201758902, 32.273733238835312 ], [ 35.126814747674558, 32.274006719267653 ], [ 35.127274164535962, 32.275556917858097 ], [ 35.127787937332663, 32.276389113242182 ], [ 35.128441421781311, 32.277158266663172 ], [ 35.129292618835919, 32.277322221493677 ], [ 35.130140265656721, 32.277368938442237 ], [ 35.130516470486519, 32.277312798482043 ], [ 35.131055397008254, 32.277233644156212 ], [ 35.131680349111505, 32.27680397410473 ], [ 35.132386709209591, 32.276399709647272 ], [ 35.132655843834463, 32.276246561946252 ], [ 35.133014233899146, 32.276481788789809 ], [ 35.133671440066692, 32.277428453192499 ], [ 35.134406546896408, 32.278676686433826 ], [ 35.135819294786401, 32.278711277865568 ], [ 35.136735214949113, 32.278637375934672 ], [ 35.137435319239373, 32.278384126406458 ], [ 35.138287542156831, 32.278315251873096 ] ] ] ] } },
{ "type": "Feature", "properties": { "Area": 427097.75146499998 }, "geometry": { "type": "MultiPolygon", "coordinates": [ [ [ [ 35.187038873702875, 32.2554861096691 ], [ 35.186559550656824, 32.25608290395035 ], [ 35.18683684955765, 32.256664586380793 ], [ 35.187146164991333, 32.257193293369959 ], [ 35.187323984052874, 32.257749598645972 ], [ 35.187633798475666, 32.258305357600733 ], [ 35.188071496001541, 32.25868810471303 ], [ 35.188420204771163, 32.258763109151957 ], [ 35.188354897081922, 32.257673083086857 ], [ 35.188282881384907, 32.257018161384643 ], [ 35.188365010294724, 32.256739749445117 ], [ 35.188807878137922, 32.256921286677432 ], [ 35.188901918631444, 32.257769528340873 ], [ 35.189310067768957, 32.258364747765661 ], [ 35.189505999407494, 32.258782968096561 ], [ 35.190222313847656, 32.259000039551395 ], [ 35.190784018420537, 32.258555414695451 ], [ 35.19101525506666, 32.257994649489554 ], [ 35.191269880768765, 32.257354417510157 ], [ 35.191718787976235, 32.257096330877715 ], [ 35.192394046922054, 32.256739632935144 ], [ 35.192862038636967, 32.256309643548306 ], [ 35.193368831327284, 32.255843021260233 ], [ 35.193559751830875, 32.255285065667103 ], [ 35.193745010932155, 32.254910281945001 ], [ 35.193740578194799, 32.254531536810418 ], [ 35.193873105145542, 32.254168584170699 ], [ 35.193826062014004, 32.253756582544199 ], [ 35.19312883577539, 32.253642673384093 ], [ 35.192152076213283, 32.253352887770831 ], [ 35.192683403384848, 32.252829345934828 ], [ 35.193089344972229, 32.25252728879132 ], [ 35.193210754911874, 32.252225205453421 ], [ 35.192956797366655, 32.25172695277886 ], [ 35.192557123749125, 32.251028041322293 ], [ 35.192454750859348, 32.25029477685041 ], [ 35.192596902217225, 32.249864193170318 ], [ 35.192915302959847, 32.249427989354587 ], [ 35.19347938427709, 32.249302918218866 ], [ 35.194060234761579, 32.24896142016383 ], [ 35.194493990369139, 32.247307826503992 ], [ 35.194980353394151, 32.24662758766781 ], [ 35.194476285199883, 32.246981495531557 ], [ 35.193828617562026, 32.247441347911916 ], [ 35.19306265714954, 32.248462540803473 ], [ 35.191550163029632, 32.249945250716259 ], [ 35.190039762128563, 32.251511356471717 ], [ 35.189004984067559, 32.252313813167625 ], [ 35.188099540951107, 32.253001301917216 ], [ 35.187420776038536, 32.253545094631413 ], [ 35.187307052614806, 32.254304823338444 ], [ 35.187038873702875, 32.2554861096691 ] ] ] ] } },
{ "type": "Feature", "properties": { "Area": 35124204.583499998 }, "geometry": { "type": "MultiPolygon", "coordinates": [ [ [ [ 35.204450140983127, 32.2425350087588 ], [ 35.204899770918999, 32.242996603831521 ], [ 35.206031484042001, 32.243693778974894 ], [ 35.207244113104252, 32.244089411178656 ], [ 35.208577782592549, 32.244469810327068 ], [ 35.209974275854627, 32.244456793412851 ], [ 35.21111079802639, 32.244393613923215 ], [ 35.211969434576275, 32.244191793299173 ], [ 35.212687158214415, 32.244168076672352 ], [ 35.21302188898121, 32.244073931532334 ], [ 35.213837271236088, 32.244116143950187 ], [ 35.214711553799575, 32.244533710042681 ], [ 35.21536200127791, 32.244799678813301 ], [ 35.216183245699597, 32.245242601677774 ], [ 35.216934896805583, 32.245930696042414 ], [ 35.217661528559553, 32.246653168636676 ], [ 35.218156214650158, 32.247361572211673 ], [ 35.219106724729528, 32.248237313363681 ], [ 35.219186182876456, 32.248477401456157 ], [ 35.220496666279971, 32.248361701479929 ], [ 35.221794326061897, 32.248834960896239 ], [ 35.22352701281239, 32.249038736848675 ], [ 35.224877353801197, 32.249200280923041 ], [ 35.225842009179274, 32.249235064636025 ], [ 35.227158758979435, 32.248972756232568 ], [ 35.228111500154611, 32.24846646032168 ], [ 35.229304878923998, 32.247608981653606 ], [ 35.230224067557124, 32.246979809570647 ], [ 35.231357015487553, 32.245983675845501 ], [ 35.232025859623761, 32.244936909314113 ], [ 35.232830386132129, 32.243608304001448 ], [ 35.233347906144552, 32.242807861321971 ], [ 35.233971503496278, 32.241946521830357 ], [ 35.23433888423493, 32.241405933891521 ], [ 35.235105189142587, 32.240986424572611 ], [ 35.236061242955444, 32.240838522959301 ], [ 35.236990369360633, 32.240968480534171 ], [ 35.237720425724525, 32.241208387766576 ], [ 35.238535166252817, 32.241789251616098 ], [ 35.238801102507878, 32.242251339183483 ], [ 35.239928158939676, 32.243121803709265 ], [ 35.240670938047217, 32.242772718532898 ], [ 35.242006095675585, 32.242047526631509 ], [ 35.243193023146169, 32.241338710815313 ], [ 35.244415028894082, 32.240514896340834 ], [ 35.245928367855583, 32.239840894688356 ], [ 35.247122268787642, 32.239280832389703 ], [ 35.248874398122588, 32.238473702512586 ], [ 35.249804774991063, 32.237796476416129 ], [ 35.25008779912109, 32.237198384470013 ], [ 35.250142395942902, 32.236645463509348 ], [ 35.25029700735535, 32.236191701529535 ], [ 35.250815765825017, 32.236254636365203 ], [ 35.25140046810813, 32.236566660109361 ], [ 35.25215369337468, 32.236724188476749 ], [ 35.253549236910999, 32.236410849980487 ], [ 35.254355690759994, 32.235981626670437 ], [ 35.255377790728232, 32.23550778620379 ], [ 35.256865622625703, 32.234581729762489 ], [ 35.258063586322955, 32.234113994066256 ], [ 35.259087836302385, 32.233698738012215 ], [ 35.260059540731184, 32.233307168412033 ], [ 35.263650289287234, 32.232124772801789 ], [ 35.264698485113342, 32.229384567423935 ], [ 35.26678854804247, 32.228503757105734 ], [ 35.268012770352833, 32.228082693455079 ], [ 35.26895214699983, 32.227590185185932 ], [ 35.271035022482145, 32.22719457685816 ], [ 35.272316368635167, 32.227182622628 ], [ 35.273368398743003, 32.226207570207144 ], [ 35.27456455028527, 32.225144505702026 ], [ 35.276682346229379, 32.223733721760574 ], [ 35.278794269834947, 32.222112678637565 ], [ 35.281089667503203, 32.221947296071946 ], [ 35.282023837118167, 32.221921363370065 ], [ 35.282802120294228, 32.221226514267535 ], [ 35.283194767700301, 32.22120147123826 ], [ 35.28532530695351, 32.222080485612807 ], [ 35.286225958259458, 32.222199391325319 ], [ 35.286759856859568, 32.222018125475273 ], [ 35.287111989913818, 32.2217298903482 ], [ 35.287583584255835, 32.221392541515392 ], [ 35.287970997803669, 32.221263782669766 ], [ 35.288517993299656, 32.221634839500588 ], [ 35.288605226996864, 32.22204565381049 ], [ 35.288799504439332, 32.222418634675115 ], [ 35.289104446736751, 32.222546370374374 ], [ 35.289425354360574, 32.222729892073538 ], [ 35.289799283063424, 32.222889705485116 ], [ 35.289814668329292, 32.223212080493028 ], [ 35.289806581542763, 32.223604359083076 ], [ 35.289550617160522, 32.223922408253131 ], [ 35.28917164360324, 32.224224758346374 ], [ 35.288850918756914, 32.224602592223647 ], [ 35.28863182897009, 32.224829873525863 ], [ 35.288645686905106, 32.225117869348018 ], [ 35.288658362247396, 32.225381630686087 ], [ 35.289123658177608, 32.225745412123992 ], [ 35.290341559133644, 32.225977924692259 ], [ 35.291227636144022, 32.226062987923363 ], [ 35.292467493007017, 32.226191760561832 ], [ 35.292743004576472, 32.226550024595504 ], [ 35.293037879225096, 32.227044668163416 ], [ 35.293273979396474, 32.227439593296552 ], [ 35.293815004517342, 32.227409340366428 ], [ 35.294618242855158, 32.227185579850534 ], [ 35.295487426879063, 32.226937531469964 ], [ 35.29675970753955, 32.226327908877465 ], [ 35.297615598872177, 32.225900063796985 ], [ 35.298282736908106, 32.225849408700171 ], [ 35.2990866363496, 32.225647600080798 ], [ 35.300324627725956, 32.225731208206078 ], [ 35.30107144143615, 32.225474196441766 ], [ 35.301637469778257, 32.225120942055874 ], [ 35.301842803668229, 32.224614661608456 ], [ 35.302025155151732, 32.224164759608406 ], [ 35.302529041202092, 32.223375314460029 ], [ 35.30304992093437, 32.222367172960404 ], [ 35.301893091881034, 32.22032554452602 ], [ 35.300893671225992, 32.21818571638179 ], [ 35.299964397982691, 32.216354121979393 ], [ 35.298769272218202, 32.213519490268546 ], [ 35.298059469959092, 32.211474107520658 ], [ 35.296933505756286, 32.209223870580118 ], [ 35.296188923505362, 32.208116915582437 ], [ 35.295234404726443, 32.206698429405044 ], [ 35.293483137826172, 32.203773963382261 ], [ 35.29045085869226, 32.199117240201865 ], [ 35.285865572101244, 32.192039603190558 ], [ 35.285286362101814, 32.191565412266151 ], [ 35.28460047161574, 32.191117776189166 ], [ 35.283950112315551, 32.190554573186191 ], [ 35.283231495104673, 32.189992536573214 ], [ 35.28236206986405, 32.189390572285525 ], [ 35.281607779609949, 32.188944652782617 ], [ 35.280753407537581, 32.188089605438229 ], [ 35.279133279295877, 32.187097485139859 ], [ 35.278420456288281, 32.186663921438011 ], [ 35.277994408908498, 32.185974869904726 ], [ 35.277281867185295, 32.185252729022679 ], [ 35.275037948092532, 32.184812692110363 ], [ 35.27398965271712, 32.186128185355813 ], [ 35.273466799472764, 32.187088870531447 ], [ 35.273097101503772, 32.18813739410578 ], [ 35.272934071127352, 32.189258510811378 ], [ 35.273101929072233, 32.189931938380191 ], [ 35.273670653820908, 32.191316990953077 ], [ 35.274376371020161, 32.192190767330338 ], [ 35.275570585765742, 32.193057502306466 ], [ 35.276810750356397, 32.193749479372585 ], [ 35.277867715745224, 32.194298956537949 ], [ 35.278872371849523, 32.194898617220773 ], [ 35.27970796125814, 32.195627438106207 ], [ 35.280082413403022, 32.196374002206902 ], [ 35.280574665656637, 32.19728901454863 ], [ 35.280792469476857, 32.198155720199296 ], [ 35.280766954205809, 32.198755983555458 ], [ 35.280713653236162, 32.199620034506225 ], [ 35.280396820415433, 32.20063134694432 ], [ 35.280392876737878, 32.201668396968245 ], [ 35.280585428380775, 32.202846795372871 ], [ 35.280260401734616, 32.203984361124988 ], [ 35.279877053741025, 32.204746594733109 ], [ 35.279573050332871, 32.205471017908671 ], [ 35.279121945869662, 32.205670804115904 ], [ 35.278449196884317, 32.205786740455316 ], [ 35.277843203550546, 32.20586543603509 ], [ 35.277536536978957, 32.205978899894994 ], [ 35.277247666965472, 32.206173512947103 ], [ 35.277065444195557, 32.206893914442261 ], [ 35.277499378496707, 32.207177161317581 ], [ 35.277792414907125, 32.207627317795087 ], [ 35.277732100679671, 32.208054007282122 ], [ 35.277844491868514, 32.208706041388318 ], [ 35.277747287009277, 32.209217294057609 ], [ 35.277739322489865, 32.209618590515824 ], [ 35.277361591987052, 32.210207220084975 ], [ 35.277181839714892, 32.210708938408303 ], [ 35.276959002771193, 32.211429926227183 ], [ 35.276080758706776, 32.212047582285251 ], [ 35.275565032138999, 32.212318407349606 ], [ 35.275012690906856, 32.21239593188497 ], [ 35.274850329319513, 32.212689664248529 ], [ 35.274526375981694, 32.212988558634216 ], [ 35.274245179234711, 32.213068183566953 ], [ 35.274025869363435, 32.213018143085954 ], [ 35.273835885929991, 32.212737568875383 ], [ 35.273592832514701, 32.212191562220227 ], [ 35.273319961122212, 32.211880597488012 ], [ 35.272821092519393, 32.211655423677996 ], [ 35.272236816656061, 32.21135476973938 ], [ 35.271746834723956, 32.211036590916372 ], [ 35.271255333259042, 32.210675576463352 ], [ 35.271089682825497, 32.2103358058731 ], [ 35.270626263522516, 32.210067206500277 ], [ 35.269275583548122, 32.20966041522373 ], [ 35.267423854866323, 32.209414489714376 ], [ 35.264294328747852, 32.209644273940562 ], [ 35.261821409899866, 32.209859593891714 ], [ 35.260562912298319, 32.209981335825532 ], [ 35.259349156151451, 32.210097973285144 ], [ 35.25826127131549, 32.210074206104053 ], [ 35.257192959457022, 32.209791159786697 ], [ 35.256688948748767, 32.209468983057491 ], [ 35.256333092109458, 32.209123635428462 ], [ 35.25591264129099, 32.208551740967714 ], [ 35.255293541234941, 32.2080779937233 ], [ 35.254767573576579, 32.207579971007888 ], [ 35.254042935606172, 32.207444427016398 ], [ 35.253659066564438, 32.207365107804847 ], [ 35.24773596947287, 32.206708977362084 ], [ 35.247423296423193, 32.206822370257591 ], [ 35.245883044441648, 32.207219668182191 ], [ 35.244856525123552, 32.207589730585056 ], [ 35.243936374063416, 32.207910153526967 ], [ 35.243368092331757, 32.20752820073362 ], [ 35.242106142524605, 32.206896773804004 ], [ 35.241324889430885, 32.206448368814939 ], [ 35.240269173630274, 32.205926203876615 ], [ 35.239832898210871, 32.20570369991561 ], [ 35.239195307147455, 32.20557988221379 ], [ 35.238471274753785, 32.20563080453298 ], [ 35.237524723658417, 32.205821557128438 ], [ 35.236942133929496, 32.206102387493701 ], [ 35.236582047570536, 32.206203366314043 ], [ 35.235789047805078, 32.206199056775226 ], [ 35.235822457147307, 32.204557244819817 ], [ 35.235106617318259, 32.202337913386771 ], [ 35.234272358601096, 32.20021780104998 ], [ 35.232597170611385, 32.198150288839791 ], [ 35.231179871851332, 32.197686179564627 ], [ 35.228519454095398, 32.197297821790777 ], [ 35.226437271342, 32.197131935864768 ], [ 35.225727701221153, 32.197121912497067 ], [ 35.222827085684607, 32.196933557981332 ], [ 35.220067333811564, 32.196741174256807 ], [ 35.216745354451547, 32.19661867451449 ], [ 35.213636993731527, 32.196612740066804 ], [ 35.211586675944922, 32.196528894836852 ], [ 35.209964728119175, 32.196618027568547 ], [ 35.207496008351505, 32.196780996441269 ], [ 35.20573585257128, 32.19699181874568 ], [ 35.204051085615738, 32.197442716083884 ], [ 35.201953505057993, 32.19831798448071 ], [ 35.2003533609398, 32.19906529464253 ], [ 35.200228846582156, 32.20046756020583 ], [ 35.197487995914322, 32.201556904215742 ], [ 35.196063911022378, 32.202377438890188 ], [ 35.1952973870821, 32.203119100647214 ], [ 35.196370214533502, 32.205526363477375 ], [ 35.196410669959469, 32.207209876859515 ], [ 35.196392552326245, 32.20971062396751 ], [ 35.196388192112217, 32.210294526003281 ], [ 35.193824674643338, 32.214201296467074 ], [ 35.191650313318796, 32.217860063258819 ], [ 35.192085027712992, 32.21815712963506 ], [ 35.192973215301109, 32.21858555777991 ], [ 35.194316373687151, 32.219184791030976 ], [ 35.195413113112949, 32.219433989995416 ], [ 35.197165582169283, 32.2194893363258 ], [ 35.198656834385574, 32.219494485351397 ], [ 35.199486426306628, 32.219248222108838 ], [ 35.200724571534884, 32.219343514485523 ], [ 35.201914972365714, 32.219844030410883 ], [ 35.202994991619939, 32.220611685684695 ], [ 35.204336919174089, 32.221729334617905 ], [ 35.205339402458364, 32.222004937012031 ], [ 35.20566660096906, 32.221936173585163 ], [ 35.206779665816455, 32.222854280106745 ], [ 35.208053842231848, 32.223089275514518 ], [ 35.209567372220562, 32.223218289623638 ], [ 35.211244370531503, 32.223716442107055 ], [ 35.211185902395776, 32.224312745720908 ], [ 35.210584561450077, 32.224781137301214 ], [ 35.209930671182455, 32.225297435224604 ], [ 35.209277783538262, 32.226102862050091 ], [ 35.208706620325472, 32.227217141332794 ], [ 35.207875852059558, 32.228291408892218 ], [ 35.207221109254185, 32.229349322294354 ], [ 35.205679821005674, 32.230875604493818 ], [ 35.204913636159027, 32.232126824925906 ], [ 35.204562032935783, 32.232755251321421 ], [ 35.203377565671794, 32.23379679894591 ], [ 35.202852205999591, 32.234723932237124 ], [ 35.202536221216732, 32.235342771798209 ], [ 35.202295665303843, 32.235817891245702 ], [ 35.201928439546521, 32.236701624970074 ], [ 35.201890435187423, 32.238174336689973 ], [ 35.202203907627457, 32.23921025717199 ], [ 35.202315143798621, 32.239476846420793 ], [ 35.20287647612318, 32.240673397583734 ], [ 35.203471979856403, 32.241492891563567 ], [ 35.204215546044679, 32.242296038259909 ], [ 35.204450140983127, 32.2425350087588 ] ] ] ] } },
{ "type": "Feature", "properties": { "Area": 81458258.6523 }, "geometry": { "type": "MultiPolygon", "coordinates": [ [ [ [ 35.19103105414576, 32.245230608335262 ], [ 35.192808160548672, 32.245770157744758 ], [ 35.194015464238497, 32.246078556875524 ], [ 35.195496542528645, 32.246052743883446 ], [ 35.196224114416836, 32.245501583371201 ], [ 35.197264054610763, 32.244732319898638 ], [ 35.198448871886399, 32.244111847513807 ], [ 35.199569332302296, 32.243734277109951 ], [ 35.200552485428915, 32.24385886850434 ], [ 35.201510940828484, 32.243889892550818 ], [ 35.202495275770282, 32.243202871501481 ], [ 35.20332523973655, 32.242856825151939 ], [ 35.204450140983127, 32.2425350087588 ], [ 35.204215546044679, 32.242296038259909 ], [ 35.203471979856403, 32.241492891563567 ], [ 35.20287647612318, 32.240673397583734 ], [ 35.202315143798621, 32.239476846420793 ], [ 35.202203907627457, 32.23921025717199 ], [ 35.201890435187423, 32.238174336689973 ], [ 35.201928439546521, 32.236701624970074 ], [ 35.202295665303843, 32.235817891245702 ], [ 35.202536221216732, 32.235342771798209 ], [ 35.202852205999591, 32.234723932237124 ], [ 35.203377565671794, 32.23379679894591 ], [ 35.204562032935783, 32.232755251321421 ], [ 35.204913636159027, 32.232126824925906 ], [ 35.205679821005674, 32.230875604493818 ], [ 35.207221109254185, 32.229349322294354 ], [ 35.207875852059558, 32.228291408892218 ], [ 35.208706620325472, 32.227217141332794 ], [ 35.209277783538262, 32.226102862050091 ], [ 35.209930671182455, 32.225297435224604 ], [ 35.210584561450077, 32.224781137301214 ], [ 35.211185902395776, 32.224312745720908 ], [ 35.211244370531503, 32.223716442107055 ], [ 35.209567372220562, 32.223218289623638 ], [ 35.208053842231848, 32.223089275514518 ], [ 35.206779665816455, 32.222854280106745 ], [ 35.20566660096906, 32.221936173585163 ], [ 35.205339402458364, 32.222004937012031 ], [ 35.204336919174089, 32.221729334617905 ], [ 35.202994991619939, 32.220611685684695 ], [ 35.201914972365714, 32.219844030410883 ], [ 35.200724571534884, 32.219343514485523 ], [ 35.199486426306628, 32.219248222108838 ], [ 35.198656834385574, 32.219494485351397 ], [ 35.197165582169283, 32.2194893363258 ], [ 35.195413113112949, 32.219433989995416 ], [ 35.194316373687151, 32.219184791030976 ], [ 35.192973215301109, 32.21858555777991 ], [ 35.192085027712992, 32.21815712963506 ], [ 35.191650313318796, 32.217860063258819 ], [ 35.193824674643338, 32.214201296467074 ], [ 35.196388192112217, 32.210294526003281 ], [ 35.196392552326245, 32.20971062396751 ], [ 35.196410669959469, 32.207209876859515 ], [ 35.196370214533502, 32.205526363477375 ], [ 35.1952973870821, 32.203119100647214 ], [ 35.196063911022378, 32.202377438890188 ], [ 35.197487995914322, 32.201556904215742 ], [ 35.200228846582156, 32.20046756020583 ], [ 35.2003533609398, 32.19906529464253 ], [ 35.201953505057993, 32.19831798448071 ], [ 35.204051085615738, 32.197442716083884 ], [ 35.20573585257128, 32.19699181874568 ], [ 35.207496008351505, 32.196780996441269 ], [ 35.209964728119175, 32.196618027568547 ], [ 35.211586675944922, 32.196528894836852 ], [ 35.213636993731527, 32.196612740066804 ], [ 35.216745354451547, 32.19661867451449 ], [ 35.220067333811564, 32.196741174256807 ], [ 35.222827085684607, 32.196933557981332 ], [ 35.225727701221153, 32.197121912497067 ], [ 35.226437271342, 32.197131935864768 ], [ 35.228519454095398, 32.197297821790777 ], [ 35.231179871851332, 32.197686179564627 ], [ 35.232597170611385, 32.198150288839791 ], [ 35.234272358601096, 32.20021780104998 ], [ 35.235106617318259, 32.202337913386771 ], [ 35.235822457147307, 32.204557244819817 ], [ 35.235789047805078, 32.206199056775226 ], [ 35.236582047570536, 32.206203366314043 ], [ 35.236942133929496, 32.206102387493701 ], [ 35.237524723658417, 32.205821557128438 ], [ 35.238471274753785, 32.20563080453298 ], [ 35.239195307147455, 32.20557988221379 ], [ 35.239832898210871, 32.20570369991561 ], [ 35.240269173630274, 32.205926203876615 ], [ 35.241324889430885, 32.206448368814939 ], [ 35.242106142524605, 32.206896773804004 ], [ 35.243368092331757, 32.20752820073362 ], [ 35.243936374063416, 32.207910153526967 ], [ 35.244856525123552, 32.207589730585056 ], [ 35.245883044441648, 32.207219668182191 ], [ 35.247423296423193, 32.206822370257591 ], [ 35.24773596947287, 32.206708977362084 ], [ 35.248942414422956, 32.206274576453659 ], [ 35.249963713492164, 32.205801341598765 ], [ 35.250840056759607, 32.205126942082984 ], [ 35.251492428424896, 32.204321861899636 ], [ 35.251494161171273, 32.203503495557477 ], [ 35.251184850321721, 32.202708352706978 ], [ 35.250971150642087, 32.202211888658148 ], [ 35.2497600594698, 32.201838653559399 ], [ 35.248102373169914, 32.201471761718935 ], [ 35.246500604638854, 32.200870930111968 ], [ 35.245943492488941, 32.200562818043004 ], [ 35.245494464529706, 32.199962153224668 ], [ 35.245762512007438, 32.199055775881803 ], [ 35.246246090489741, 32.198393371243405 ], [ 35.24698449422889, 32.197665499987139 ], [ 35.246366220762724, 32.196564969790892 ], [ 35.246659327462652, 32.195062842261734 ], [ 35.247233752044899, 32.193837353037352 ], [ 35.248955849306114, 32.192356708407708 ], [ 35.249817799288955, 32.191638357796307 ], [ 35.251231744878581, 32.191053938138928 ], [ 35.251933368371063, 32.190525006529469 ], [ 35.253316360996664, 32.19005837043121 ], [ 35.254084997055728, 32.189697357850157 ], [ 35.25512772637785, 32.18910853086755 ], [ 35.255852405226094, 32.188394139087812 ], [ 35.256507787389943, 32.187634118903553 ], [ 35.257179301495768, 32.184125341267766 ], [ 35.257163228356241, 32.181537229733443 ], [ 35.257607727696389, 32.1792183321772 ], [ 35.257989807531743, 32.178136030145374 ], [ 35.2581513274041, 32.177267430816691 ], [ 35.258728463894073, 32.176591973346866 ], [ 35.259131826851039, 32.17623334022192 ], [ 35.259442439217295, 32.175370874165544 ], [ 35.258805594761796, 32.174241100970669 ], [ 35.258020042358979, 32.173186911947901 ], [ 35.257360288611721, 32.173063194468142 ], [ 35.256622665794865, 32.172925415326368 ], [ 35.256462059054009, 32.173081603012434 ], [ 35.256035705250696, 32.173499416809214 ], [ 35.255360816496733, 32.174160811357616 ], [ 35.254086298452172, 32.175315602573683 ], [ 35.253093087517989, 32.176212137026418 ], [ 35.252676122090719, 32.176582592022882 ], [ 35.250402123924829, 32.178596108923401 ], [ 35.250007273206862, 32.177175941937911 ], [ 35.249459456241794, 32.177643375191636 ], [ 35.248274212493079, 32.178656608086449 ], [ 35.247241158853818, 32.179227340548344 ], [ 35.245910930670917, 32.179575534511265 ], [ 35.244814280964242, 32.179883623398489 ], [ 35.244546628702174, 32.180451832431501 ], [ 35.241703912658913, 32.180470738433804 ], [ 35.239076476082275, 32.180219550190074 ], [ 35.236183752966362, 32.179824652490602 ], [ 35.23232324754202, 32.17914866208001 ], [ 35.229507172399607, 32.178305520695993 ], [ 35.226776949672669, 32.177386776903539 ], [ 35.220182762608204, 32.175211653057076 ], [ 35.219815545817482, 32.174661609719962 ], [ 35.218794288174571, 32.173128132319583 ], [ 35.218114819957144, 32.171541629823842 ], [ 35.218396864923278, 32.169940366522241 ], [ 35.218395655995735, 32.169617978385901 ], [ 35.21839389218259, 32.168916840398367 ], [ 35.218391573521622, 32.167836952433504 ], [ 35.219358732213408, 32.167170647578047 ], [ 35.220120656153263, 32.166647519433084 ], [ 35.221331103215036, 32.165814902132695 ], [ 35.221905345505945, 32.165419165384122 ], [ 35.222888795575308, 32.165291084587651 ], [ 35.223603574666626, 32.165251524966756 ], [ 35.224348821612722, 32.165159540194963 ], [ 35.224748993098721, 32.164967846928221 ], [ 35.226006092507767, 32.164149831208626 ], [ 35.227636545678983, 32.163352025068463 ], [ 35.229110255462025, 32.162505757518424 ], [ 35.229698593514186, 32.162364173501153 ], [ 35.231036505390882, 32.162313737030068 ], [ 35.232227179542654, 32.16233997072672 ], [ 35.232322792004346, 32.161909910257194 ], [ 35.232375547363759, 32.161629781177531 ], [ 35.232740359642342, 32.159688604247606 ], [ 35.233113929958051, 32.158786733180243 ], [ 35.233297612279408, 32.158222510905453 ], [ 35.234077456183449, 32.15775960093341 ], [ 35.234864857830821, 32.157633163611713 ], [ 35.236137402407465, 32.157484619571882 ], [ 35.237755532691033, 32.156619614940226 ], [ 35.239040312928289, 32.156026344630781 ], [ 35.239956611749527, 32.15561521362784 ], [ 35.24093198995498, 32.155510103011032 ], [ 35.24138855696696, 32.155296923110988 ], [ 35.242285357839464, 32.15504190285062 ], [ 35.243433804850568, 32.154915867176655 ], [ 35.245296925002357, 32.154724776147525 ], [ 35.24671880600517, 32.154561986876963 ], [ 35.247958600252559, 32.153593271837501 ], [ 35.248478873683425, 32.153306774115954 ], [ 35.248963211300513, 32.153038886274814 ], [ 35.249423408570543, 32.152861183930071 ], [ 35.250681644478298, 32.152435198933652 ], [ 35.251271024461424, 32.152255751692877 ], [ 35.252142199386348, 32.152199627905553 ], [ 35.252582024548531, 32.152356710446718 ], [ 35.253061523298292, 32.152677225225247 ], [ 35.25342007365041, 32.152918878659726 ], [ 35.253688151987198, 32.153393903879312 ], [ 35.254230093887131, 32.154306751492832 ], [ 35.254581336140568, 32.154796395980107 ], [ 35.25492851489404, 32.155119210421617 ], [ 35.2553710554158, 32.155359697426739 ], [ 35.256000954187307, 32.155348169792305 ], [ 35.256680497536202, 32.155257148516512 ], [ 35.25729444083175, 32.157446545268961 ], [ 35.258016832138189, 32.161485118366237 ], [ 35.258767271514756, 32.162436746331956 ], [ 35.259761224322837, 32.163379809133176 ], [ 35.260157163969829, 32.163173915308178 ], [ 35.263150477210608, 32.161711667116094 ], [ 35.262572224734136, 32.160431961178972 ], [ 35.262664350594036, 32.159175053703507 ], [ 35.262914725568862, 32.158022905555541 ], [ 35.262937639122619, 32.157073200597026 ], [ 35.262638305877566, 32.156248767175647 ], [ 35.26266224006865, 32.155337387487116 ], [ 35.262689728123021, 32.154545492852328 ], [ 35.262147153564172, 32.153290566204419 ], [ 35.261538013718088, 32.151242657412318 ], [ 35.261355904018849, 32.149505670439154 ], [ 35.261370163513334, 32.148199762011224 ], [ 35.261403795549846, 32.147685163912321 ], [ 35.260866203189778, 32.146626367129066 ], [ 35.260385090700126, 32.145284043089994 ], [ 35.260349401835896, 32.144879381181362 ], [ 35.259912031618754, 32.144636654421753 ], [ 35.25971633512647, 32.143364090542335 ], [ 35.259448846355603, 32.141943889369408 ], [ 35.259312147504573, 32.140167423815981 ], [ 35.258298071581784, 32.138643271744442 ], [ 35.257696444808012, 32.137238425326153 ], [ 35.257378333875693, 32.1369668946665 ], [ 35.257367792890079, 32.136779777670391 ], [ 35.25731023614901, 32.135757397327211 ], [ 35.257376635334793, 32.134315068889975 ], [ 35.257507241455407, 32.132515942298873 ], [ 35.257302558801236, 32.131924227935599 ], [ 35.256578349058366, 32.132077269302293 ], [ 35.256149836006529, 32.133024888890645 ], [ 35.256161718965998, 32.134127322788075 ], [ 35.255929842608936, 32.135229292338899 ], [ 35.255871135506148, 32.136256229684626 ], [ 35.255302122865615, 32.136827969179926 ], [ 35.254550200662692, 32.137256055911173 ], [ 35.253864331437001, 32.137349322876005 ], [ 35.252183789541341, 32.137627268830045 ], [ 35.252079949442582, 32.133156119660399 ], [ 35.252013073837091, 32.132246463622742 ], [ 35.25212701057329, 32.131946575332925 ], [ 35.250989369077153, 32.130913885137701 ], [ 35.249248475850152, 32.130473763600548 ], [ 35.246032695618489, 32.130373410569369 ], [ 35.24226272300951, 32.130334013709685 ], [ 35.23873763798133, 32.130238640079796 ], [ 35.235145408877422, 32.129880537990005 ], [ 35.232299750703746, 32.129772982239054 ], [ 35.229640218413614, 32.129661943829809 ], [ 35.226180107193585, 32.129671040769828 ], [ 35.221039641040612, 32.129826816249164 ], [ 35.220347207363638, 32.129184942835728 ], [ 35.216262616103705, 32.127371663830573 ], [ 35.213849790403508, 32.126280135645999 ], [ 35.210098224951452, 32.126424646841151 ], [ 35.207024210465875, 32.126645123280809 ], [ 35.206491029238968, 32.126318233786428 ], [ 35.20549438974632, 32.125857769012512 ], [ 35.204357845452634, 32.125397296395086 ], [ 35.203591540122268, 32.125701648541124 ], [ 35.202857021683201, 32.125977815436386 ], [ 35.200884451362768, 32.126169970431945 ], [ 35.199215395618467, 32.126147368349891 ], [ 35.19685177949556, 32.125505286646195 ], [ 35.193423102355446, 32.124248163633958 ], [ 35.189868863403987, 32.122891172449805 ], [ 35.186677396349616, 32.121210614533688 ], [ 35.183553053982521, 32.119740217202192 ], [ 35.180603610671319, 32.117784498237825 ], [ 35.179745308125838, 32.117201550466426 ], [ 35.177964097599258, 32.116274035371937 ], [ 35.175695451000252, 32.115535198490342 ], [ 35.174565699045267, 32.115405868269775 ], [ 35.174056867823211, 32.114587370115814 ], [ 35.173401180182886, 32.114303146469325 ], [ 35.172136534150923, 32.113650721367883 ], [ 35.170777640116398, 32.113624441359143 ], [ 35.16965906307469, 32.113794916580034 ], [ 35.168363001545025, 32.113968149641707 ], [ 35.166300390190671, 32.114154104432366 ], [ 35.165593735799639, 32.11426548679151 ], [ 35.163137466383894, 32.114327835878761 ], [ 35.162710898058208, 32.113061240259611 ], [ 35.161605127729132, 32.111668727808251 ], [ 35.159551069047097, 32.113063542463109 ], [ 35.157805405960296, 32.114418983845603 ], [ 35.157144271012612, 32.115167790762186 ], [ 35.15469647332813, 32.115734419701731 ], [ 35.153033992043213, 32.116157598979179 ], [ 35.150512648463227, 32.115569258605696 ], [ 35.147968789136975, 32.115032711064167 ], [ 35.147951148249732, 32.116257450688039 ], [ 35.147456966463956, 32.117018680707666 ], [ 35.146675435161178, 32.11738806187833 ], [ 35.145567920609089, 32.117722906334485 ], [ 35.144039269982599, 32.117947071462567 ], [ 35.143105102076539, 32.117764573380001 ], [ 35.142274453866939, 32.118015543276414 ], [ 35.141533785726082, 32.11814706490658 ], [ 35.140313408379406, 32.117653849025551 ], [ 35.13901896859052, 32.117953033354418 ], [ 35.13850182014167, 32.118302209884881 ], [ 35.138350898944985, 32.119806433612979 ], [ 35.137282674413335, 32.121801650550204 ], [ 35.136194023620632, 32.122924926944229 ], [ 35.13500926228911, 32.123894272928275 ], [ 35.134195708236376, 32.124857050578214 ], [ 35.133766524971136, 32.126366185198762 ], [ 35.133808839858027, 32.128182754312213 ], [ 35.133983875540558, 32.129244146980156 ], [ 35.133163631854202, 32.130856202689856 ], [ 35.133598636838357, 32.132355109810817 ], [ 35.134895496046255, 32.1324324805991 ], [ 35.136538062347263, 32.133698696252452 ], [ 35.136941101565235, 32.134623246583018 ], [ 35.137018938422536, 32.13596582792259 ], [ 35.137045843145913, 32.137437450496883 ], [ 35.137507723214249, 32.139001173122978 ], [ 35.138180265385003, 32.139885280363416 ], [ 35.139253245556205, 32.139623754557292 ], [ 35.140324445743296, 32.139530740643032 ], [ 35.140699944667332, 32.139188813772172 ], [ 35.140826073057781, 32.138801107683229 ], [ 35.14078988107692, 32.138215489888104 ], [ 35.142127715694606, 32.138318733622697 ], [ 35.143251577750007, 32.138694651398012 ], [ 35.143915900252949, 32.139316641711709 ], [ 35.144307817229567, 32.140180291747797 ], [ 35.144411674767085, 32.14065208955752 ], [ 35.143594365642087, 32.141457673746643 ], [ 35.143700653188645, 32.142007816139596 ], [ 35.144097525869149, 32.142150037607884 ], [ 35.144395497764286, 32.143101003012887 ], [ 35.145104818661061, 32.143602957360649 ], [ 35.145862454945025, 32.144185527428107 ], [ 35.14629707596697, 32.144888559296696 ], [ 35.146695182058032, 32.145991178028986 ], [ 35.147128848619829, 32.146655316788454 ], [ 35.147794745332391, 32.147277850352786 ], [ 35.148504117185844, 32.147779785378255 ], [ 35.149338985676998, 32.148092395511931 ], [ 35.150370293297158, 32.148674493366187 ], [ 35.151410877175046, 32.149563194613314 ], [ 35.152257734075022, 32.150101237449732 ], [ 35.152692411845699, 32.150840318292254 ], [ 35.153130175396271, 32.151701140163375 ], [ 35.153555955001302, 32.152085698961287 ], [ 35.154396063407489, 32.152308662511103 ], [ 35.155005410854535, 32.152613818755007 ], [ 35.155662940707501, 32.152956189355955 ], [ 35.156425361831346, 32.153849813966694 ], [ 35.156811123270082, 32.154474447426445 ], [ 35.157379792219928, 32.155015168793192 ], [ 35.158038964589579, 32.155436433933197 ], [ 35.159348556770695, 32.15592612648021 ], [ 35.159963792821465, 32.156467979927299 ], [ 35.160344881379089, 32.156894207577771 ], [ 35.159982293699322, 32.157254795665288 ], [ 35.159430308407707, 32.157421994944244 ], [ 35.158691333483354, 32.157554180165128 ], [ 35.158096530489992, 32.157877480010086 ], [ 35.157884256833519, 32.158708736946878 ], [ 35.157897227820122, 32.159260522502201 ], [ 35.157818412755731, 32.159852854655391 ], [ 35.157504131192091, 32.160291232327282 ], [ 35.157004013030566, 32.160694031875934 ], [ 35.156592427414985, 32.160937923029124 ], [ 35.15628169750542, 32.161534111549436 ], [ 35.156201897796144, 32.162085298099647 ], [ 35.156633101083465, 32.162668804610497 ], [ 35.156967983590071, 32.163096151801021 ], [ 35.158009299044672, 32.163644372928545 ], [ 35.158564781649275, 32.163850858926011 ], [ 35.158952049974218, 32.163889888134797 ], [ 35.159300725869848, 32.164258054322481 ], [ 35.159465821195482, 32.164712951373289 ], [ 35.159686970574576, 32.165040490735187 ], [ 35.159981060310187, 32.16526096824547 ], [ 35.160533246026809, 32.165463499085789 ], [ 35.161673794179784, 32.165746261038734 ], [ 35.162574880203678, 32.165886338894687 ], [ 35.163292942099531, 32.165982388947818 ], [ 35.164047194906345, 32.165903725469661 ], [ 35.164912626366878, 32.165762530843779 ], [ 35.165538177189106, 32.165652819355564 ], [ 35.165740504926752, 32.165888472887147 ], [ 35.165684567671121, 32.166545632181297 ], [ 35.165463192105342, 32.167859353224806 ], [ 35.165362504626479, 32.168562151280234 ], [ 35.165812538028987, 32.168700938837326 ], [ 35.166407674373545, 32.168875839860078 ], [ 35.167569118367247, 32.169252678668798 ], [ 35.168544358631024, 32.169659889423002 ], [ 35.169457805496954, 32.17009525637706 ], [ 35.170117857852553, 32.170374426743614 ], [ 35.17062106071527, 32.170578027370063 ], [ 35.17107339912441, 32.171260122337607 ], [ 35.171376707401713, 32.172233566079562 ], [ 35.171185943922268, 32.173377655708677 ], [ 35.170856559502006, 32.173937802589776 ], [ 35.169804786143771, 32.174246380625277 ], [ 35.169181558930731, 32.174205628366906 ], [ 35.168829666495924, 32.173814944427683 ], [ 35.168345699784567, 32.173108033623919 ], [ 35.167615839680664, 32.172536880995366 ], [ 35.166704166113483, 32.172182662077361 ], [ 35.165737056082278, 32.172093318981062 ], [ 35.164306016493683, 32.172169525311737 ], [ 35.163149754693208, 32.172004577867092 ], [ 35.162203234810079, 32.17146375835592 ], [ 35.161533763523273, 32.170814811676493 ], [ 35.1609314611472, 32.17037385869628 ], [ 35.159958196830786, 32.170045496219963 ], [ 35.158900299059667, 32.169360327034525 ], [ 35.158452847401627, 32.170033122587739 ], [ 35.158085794911408, 32.170260125908037 ], [ 35.158257119926702, 32.170525651510573 ], [ 35.158739214864056, 32.172476500091747 ], [ 35.158614965058639, 32.175128265744135 ], [ 35.158098127991963, 32.176990262327479 ], [ 35.157324797367757, 32.178541045584481 ], [ 35.156460405577832, 32.179290892487117 ], [ 35.156576163592447, 32.179704066026368 ], [ 35.156117496969138, 32.180151402004071 ], [ 35.154443668069973, 32.183144673398985 ], [ 35.15249626439649, 32.187734528298172 ], [ 35.151802391537288, 32.189958262717958 ], [ 35.152344110254859, 32.190731201517345 ], [ 35.152996353397882, 32.190925351455412 ], [ 35.154308526770301, 32.19060518163262 ], [ 35.154823788115941, 32.191629471033799 ], [ 35.153531839403236, 32.192803529101312 ], [ 35.15218420619, 32.193933588893472 ], [ 35.152063331237713, 32.194936771059581 ], [ 35.153096613147902, 32.195629311790583 ], [ 35.153902281782365, 32.195924405879012 ], [ 35.155432623222907, 32.195549077492885 ], [ 35.156781455639305, 32.194948780553979 ], [ 35.157875288024535, 32.194927770352635 ], [ 35.158882655298534, 32.195172181572097 ], [ 35.159987658993131, 32.196037157514787 ], [ 35.161026458333026, 32.196429792987267 ], [ 35.162494984205637, 32.1967470388322 ], [ 35.162660179538364, 32.196419634074651 ], [ 35.164736857385449, 32.196747198182408 ], [ 35.166218189104427, 32.196599987366874 ], [ 35.167779739625075, 32.196814622258053 ], [ 35.169498138779552, 32.197687018028802 ], [ 35.170942183749915, 32.198924539433321 ], [ 35.171614110539977, 32.200417163039397 ], [ 35.17234114415642, 32.201247551457698 ], [ 35.173558947350607, 32.20188755505594 ], [ 35.174265115351943, 32.201755839869435 ], [ 35.174917089136578, 32.201631998694495 ], [ 35.176077566282132, 32.200701175195832 ], [ 35.176686590598514, 32.199547030447015 ], [ 35.177235320432217, 32.198816143170902 ], [ 35.17848818535883, 32.19795407774992 ], [ 35.179319096039144, 32.197218166217539 ], [ 35.179519571258439, 32.196731807441608 ], [ 35.179849110132729, 32.19570496808204 ], [ 35.179880698378938, 32.194081203436738 ], [ 35.179997854676984, 32.192825494713304 ], [ 35.181160290172286, 32.191369335451881 ], [ 35.182263750501832, 32.190392226773277 ], [ 35.184136885650567, 32.189220787081084 ], [ 35.186290669099009, 32.187986798727849 ], [ 35.188445212379229, 32.186813080273446 ], [ 35.190119781102005, 32.186184286758511 ], [ 35.191877925967503, 32.186092603852479 ], [ 35.192722778239521, 32.186078030679838 ], [ 35.194901610229202, 32.185920964599674 ], [ 35.197294661440608, 32.185879414150556 ], [ 35.199063041405317, 32.186209215520677 ], [ 35.201109963959084, 32.18641275007753 ], [ 35.202392556418118, 32.187048533896551 ], [ 35.203237415854836, 32.187033890493787 ], [ 35.203796127622738, 32.186843956353769 ], [ 35.204420947513768, 32.186474226762385 ], [ 35.206019179098867, 32.18560794101522 ], [ 35.207695761107608, 32.185039785013764 ], [ 35.209298254083102, 32.184353250574041 ], [ 35.21153213853205, 32.183536466740371 ], [ 35.213284388916584, 32.183206077580856 ], [ 35.214690044059019, 32.183120301580836 ], [ 35.216451603235271, 32.183168616834351 ], [ 35.21687462119673, 32.18336189564068 ], [ 35.218804898686244, 32.183699859281596 ], [ 35.220471572287749, 32.183968502625007 ], [ 35.22319123252737, 32.184441000389683 ], [ 35.224266610143722, 32.185538193453084 ], [ 35.226145619341146, 32.187362867624266 ], [ 35.227226424658859, 32.188683225276414 ], [ 35.229216463088918, 32.190706788533156 ], [ 35.228243923750405, 32.190480402819887 ], [ 35.226280714026366, 32.189674226055025 ], [ 35.224623280807997, 32.189029163820045 ], [ 35.221208265797493, 32.18877772830826 ], [ 35.218735437966679, 32.189795356289736 ], [ 35.215469473514645, 32.190391424416063 ], [ 35.211961027671066, 32.190719142632972 ], [ 35.209157438342686, 32.191059138452459 ], [ 35.206104288713121, 32.191576614107241 ], [ 35.203492200247418, 32.191942407807161 ], [ 35.201780843988637, 32.192163884231924 ], [ 35.200462675298382, 32.192669411706703 ], [ 35.19950357629169, 32.193035727201909 ], [ 35.198479033350814, 32.193150097003432 ], [ 35.197489293873552, 32.193151737654638 ], [ 35.195949306710126, 32.194411884431922 ], [ 35.194215047283656, 32.195864752537645 ], [ 35.19334893300956, 32.196930472929232 ], [ 35.19315194610494, 32.196595669176681 ], [ 35.192197586492057, 32.196929803484259 ], [ 35.191862460407378, 32.197384606734083 ], [ 35.191417003981037, 32.197583517318876 ], [ 35.190782237712376, 32.198228224236232 ], [ 35.190657404161769, 32.198579905433569 ], [ 35.190422118584813, 32.199496878396793 ], [ 35.190103565141094, 32.200887276406448 ], [ 35.189913355538351, 32.202773103838823 ], [ 35.189853800308988, 32.203161989898412 ], [ 35.18942573477451, 32.205245616390187 ], [ 35.189253780047991, 32.205841898108048 ], [ 35.188966548618183, 32.20699896001252 ], [ 35.188738286579444, 32.207323009145426 ], [ 35.188661900169734, 32.208203362328284 ], [ 35.188393012206355, 32.208629983167341 ], [ 35.188043259807714, 32.208973741955766 ], [ 35.187589296451627, 32.209117403568783 ], [ 35.187332024443798, 32.209423974210374 ], [ 35.187140339605286, 32.209948107620633 ], [ 35.186890877074738, 32.210130120083342 ], [ 35.186595065533673, 32.210017919938508 ], [ 35.18594170488312, 32.210225799172079 ], [ 35.186212121403514, 32.210527370897843 ], [ 35.186660233526709, 32.2106914457108 ], [ 35.186095646754055, 32.211174380877274 ], [ 35.186107152984668, 32.211650071182831 ], [ 35.186018405575133, 32.212041768718159 ], [ 35.186583680114985, 32.212311256197736 ], [ 35.186169721517132, 32.212879881728 ], [ 35.186207761929133, 32.213278360879983 ], [ 35.18573832156261, 32.213613077964922 ], [ 35.185146233391933, 32.214719359322665 ], [ 35.184731849206003, 32.215632910261427 ], [ 35.184736447625468, 32.21660006867311 ], [ 35.184509857893801, 32.217438123723774 ], [ 35.182459044054895, 32.218966298900177 ], [ 35.18105604128192, 32.220018310117602 ], [ 35.180197887710406, 32.220874274337639 ], [ 35.180071533394312, 32.224799801418101 ], [ 35.178822878396204, 32.227716240808086 ], [ 35.177995749918246, 32.229876953652195 ], [ 35.178254768249758, 32.231308577927827 ], [ 35.178124206603172, 32.232230617307238 ], [ 35.178386517706961, 32.234354354671972 ], [ 35.178781401049164, 32.236117407388654 ], [ 35.178980568738965, 32.237072202726971 ], [ 35.178652362420316, 32.238099596924521 ], [ 35.178353405125307, 32.238853081838108 ], [ 35.178375521488682, 32.239781351451789 ], [ 35.178711841884315, 32.24058738191939 ], [ 35.179345172592548, 32.241724309359675 ], [ 35.179112494883121, 32.242589403407344 ], [ 35.178563211369479, 32.243227861646169 ], [ 35.178013431259593, 32.243837009646967 ], [ 35.177961808794194, 32.244618161193003 ], [ 35.179205497404773, 32.24501632332403 ], [ 35.180648468567796, 32.244840193119444 ], [ 35.181447857271309, 32.245815948187293 ], [ 35.182104903335258, 32.245858900107564 ], [ 35.183674489094891, 32.245957798868254 ], [ 35.185364824850787, 32.245838579676402 ], [ 35.186442312293892, 32.245161279261723 ], [ 35.188073130733656, 32.243992575056076 ], [ 35.188987012709191, 32.243856859995418 ], [ 35.190094758637578, 32.244437507736002 ], [ 35.19103105414576, 32.245230608335262 ] ] ] ] } },
{ "type": "Feature", "properties": { "Area": 91886.7958985 }, "geometry": { "type": "MultiPolygon", "coordinates": [ [ [ [ 35.426159108600864, 32.229139593375834 ], [ 35.426444153486543, 32.228563648376593 ], [ 35.426087426254632, 32.228290924284543 ], [ 35.425712033493738, 32.228112918139956 ], [ 35.425324486252897, 32.228323258618786 ], [ 35.424976819286584, 32.228368390927777 ], [ 35.424831125046289, 32.228648758691548 ], [ 35.424492381889294, 32.229026966909572 ], [ 35.424328010339728, 32.229399798430428 ], [ 35.424383874226137, 32.229881586682026 ], [ 35.425025102204401, 32.230033770559537 ], [ 35.424999641363236, 32.230473429765254 ], [ 35.424632853548793, 32.231666665231785 ], [ 35.424992756397465, 32.23208367149747 ], [ 35.426838464935045, 32.23221964783604 ], [ 35.427617059602312, 32.231525600286936 ], [ 35.427381517394778, 32.23017560991007 ], [ 35.426159108600864, 32.229139593375834 ] ] ] ] } },
{ "type": "Feature", "properties": { "Area": 363597.562989 }, "geometry": { "type": "MultiPolygon", "coordinates": [ [ [ [ 35.020644656674087, 32.226241614212952 ], [ 35.021824936979449, 32.228037857126232 ], [ 35.023247689934067, 32.229128797532496 ], [ 35.023990692751255, 32.230453778426252 ], [ 35.025418090442905, 32.230645180506386 ], [ 35.026238233370258, 32.230519527165633 ], [ 35.027348847132004, 32.231225599335815 ], [ 35.02813771553636, 32.231329842427009 ], [ 35.02893034172083, 32.230859768018966 ], [ 35.028854174313899, 32.229607322387778 ], [ 35.027037836720865, 32.22850687558531 ], [ 35.026074720702027, 32.227750847391533 ], [ 35.025575562571191, 32.226417205623889 ], [ 35.025372846093745, 32.224720453563407 ], [ 35.024719004147471, 32.223585542937869 ], [ 35.022948522808825, 32.222599514676475 ], [ 35.021810681630413, 32.223228555685594 ], [ 35.021312069076544, 32.224312219685437 ], [ 35.020644656674087, 32.226241614212952 ] ] ] ] } },
{ "type": "Feature", "properties": { "Area": 232171.74560600001 }, "geometry": { "type": "MultiPolygon", "coordinates": [ [ [ [ 35.169036151185203, 32.215644148219731 ], [ 35.170208429672762, 32.216144957875393 ], [ 35.170633346575343, 32.216281466101556 ], [ 35.171453054643443, 32.216454711153027 ], [ 35.17147582355004, 32.215822908389164 ], [ 35.171224171224374, 32.215058585080342 ], [ 35.171874864705998, 32.214619136946297 ], [ 35.172166474770123, 32.213946822691554 ], [ 35.171751265296336, 32.213105807176227 ], [ 35.172799152775717, 32.211888671481724 ], [ 35.172170115573302, 32.210672801364133 ], [ 35.172135579459059, 32.209913606915549 ], [ 35.171273407881635, 32.209540836275345 ], [ 35.170783878447928, 32.208974276721023 ], [ 35.169659725120887, 32.209848135501794 ], [ 35.1692004486804, 32.210360895595443 ], [ 35.169079577139733, 32.211352819267262 ], [ 35.168512555425401, 32.211880764115939 ], [ 35.168527240946794, 32.212890761003486 ], [ 35.168136719570391, 32.213415935927372 ], [ 35.168029252920938, 32.214419134188688 ], [ 35.168414684530923, 32.215467562390117 ], [ 35.169036151185203, 32.215644148219731 ] ] ] ] } },
{ "type": "Feature", "properties": { "Area": 681887.81689400005 }, "geometry": { "type": "MultiPolygon", "coordinates": [ [ [ [ 35.260562912298319, 32.209981335825532 ], [ 35.260615177188491, 32.206844246519488 ], [ 35.261246587713032, 32.206562721594288 ], [ 35.26277735107589, 32.206480863891919 ], [ 35.264244473934426, 32.206400708633574 ], [ 35.265767057883913, 32.205992486981884 ], [ 35.267157601084421, 32.205423683014047 ], [ 35.269114662919648, 32.204518661920851 ], [ 35.271070320319225, 32.203558940747129 ], [ 35.271374971177764, 32.202956277753444 ], [ 35.271660498504794, 32.201593874053579 ], [ 35.271687755491214, 32.200125647877165 ], [ 35.271661972883834, 32.199093122507321 ], [ 35.271265527088595, 32.198557336693405 ], [ 35.270244422884765, 32.198575344513507 ], [ 35.269421037342582, 32.198860958814265 ], [ 35.268799089402329, 32.199525776918541 ], [ 35.268123042730458, 32.200570494327998 ], [ 35.266618108665199, 32.20168437930392 ], [ 35.26498384187893, 32.202745892244472 ], [ 35.262584078711264, 32.203821828800891 ], [ 35.260809721807149, 32.204396954174577 ], [ 35.258333675912702, 32.204984191735115 ], [ 35.256883351274425, 32.205715807595872 ], [ 35.254767573576579, 32.207579971007888 ], [ 35.255293541234941, 32.2080779937233 ], [ 35.25591264129099, 32.208551740967714 ], [ 35.256333092109458, 32.209123635428462 ], [ 35.256688948748767, 32.209468983057491 ], [ 35.257192959457022, 32.209791159786697 ], [ 35.25826127131549, 32.210074206104053 ], [ 35.259349156151451, 32.210097973285144 ], [ 35.260562912298319, 32.209981335825532 ] ] ] ] } },
{ "type": "Feature", "properties": { "Area": 805231.54882799997 }, "geometry": { "type": "MultiPolygon", "coordinates": [ [ [ [ 35.136401795895736, 32.196568871494293 ], [ 35.13566664320728, 32.19688297029024 ], [ 35.134616388504682, 32.197523223361799 ], [ 35.133549148680267, 32.19803720877502 ], [ 35.132601116291703, 32.198458820316851 ], [ 35.132050200490987, 32.198572356180279 ], [ 35.131042812228557, 32.19881018416477 ], [ 35.130113319187878, 32.199436942876083 ], [ 35.129401694361675, 32.200104967823854 ], [ 35.129219875374716, 32.201350444332654 ], [ 35.128843647528157, 32.202413757410092 ], [ 35.128582290696315, 32.203234784670443 ], [ 35.127727118980999, 32.204089832981985 ], [ 35.126432383525774, 32.205196539887055 ], [ 35.125296913789541, 32.205688995541841 ], [ 35.124184984225018, 32.206537095278279 ], [ 35.124148766168304, 32.207205516489523 ], [ 35.125275624592604, 32.207883124978181 ], [ 35.127061479178437, 32.207929882503301 ], [ 35.12813081127733, 32.207474006116207 ], [ 35.12847484393788, 32.20769627639843 ], [ 35.129662675441914, 32.20762878699469 ], [ 35.130773497002359, 32.20769819939364 ], [ 35.13201442932241, 32.207124594954209 ], [ 35.133365304171136, 32.207085908212797 ], [ 35.134088129281757, 32.206325435513776 ], [ 35.134494884226079, 32.205375974055805 ], [ 35.134899843751086, 32.204379166695254 ], [ 35.135640404084846, 32.203789469147011 ], [ 35.13681494678665, 32.203240016395377 ], [ 35.137314986955126, 32.20225283313215 ], [ 35.137207826962204, 32.200818381525139 ], [ 35.136537622228353, 32.199544821940002 ], [ 35.136867860663848, 32.19778934389366 ], [ 35.136948470712866, 32.196789537041795 ], [ 35.136401795895736, 32.196568871494293 ] ] ] ] } },
{ "type": "Feature", "properties": { "Area": 1720568.6669900001 }, "geometry": { "type": "MultiPolygon", "coordinates": [ [ [ [ 35.298231872698999, 32.199726607541741 ], [ 35.29888266269645, 32.199115166582068 ], [ 35.299363892167314, 32.198795237572405 ], [ 35.299758603207621, 32.19830347003272 ], [ 35.30015553684656, 32.197881023946735 ], [ 35.300596524606668, 32.197596064670577 ], [ 35.30124256214576, 32.197376889711855 ], [ 35.301643312729468, 32.197125774361773 ], [ 35.302282217906708, 32.196596048744375 ], [ 35.302801292836037, 32.196205061999784 ], [ 35.303117708773257, 32.195818740373333 ], [ 35.303431357813103, 32.195328151655502 ], [ 35.303499026370474, 32.194772375981394 ], [ 35.30389353151142, 32.19428003181676 ], [ 35.30407605598824, 32.193445176711663 ], [ 35.304259941534752, 32.192645827810111 ], [ 35.30453120280697, 32.192048183034821 ], [ 35.301480523197114, 32.188794001782014 ], [ 35.299891164725047, 32.187188348519477 ], [ 35.299250848353871, 32.187585614568924 ], [ 35.297344583741399, 32.186792334059575 ], [ 35.295704877176064, 32.186925977687046 ], [ 35.293194993624397, 32.186586214546068 ], [ 35.291350213044964, 32.186601586576309 ], [ 35.289777300789403, 32.184988467139092 ], [ 35.288703154942191, 32.184095295379642 ], [ 35.2874979769283, 32.184482168710581 ], [ 35.286739678842693, 32.185088549979078 ], [ 35.286971177614859, 32.185492510466183 ], [ 35.287331925513406, 32.186638102032212 ], [ 35.28699201047732, 32.187095415484926 ], [ 35.28675052748055, 32.188120786860772 ], [ 35.286694022950506, 32.18922212526244 ], [ 35.286818078150411, 32.190821016862571 ], [ 35.287087080909153, 32.191453779468858 ], [ 35.287642466982746, 32.192323070976016 ], [ 35.288053714322551, 32.193023934895614 ], [ 35.288533422063857, 32.193384892935967 ], [ 35.298232206788768, 32.200213568795483 ], [ 35.298231872698999, 32.199726607541741 ] ] ] ] } },
{ "type": "Feature", "properties": { "Area": 17989852.800799999 }, "geometry": { "type": "MultiPolygon", "coordinates": [ [ [ [ 35.348731869009583, 32.195833522440317 ], [ 35.35079975780608, 32.196061099424774 ], [ 35.351414236342819, 32.196083494691109 ], [ 35.353557382169527, 32.195913028477939 ], [ 35.35735316591812, 32.195873550508217 ], [ 35.364289426624858, 32.195647416513708 ], [ 35.370161509396659, 32.195798794673436 ], [ 35.375145552211244, 32.198327291922801 ], [ 35.37715178762204, 32.197784626595592 ], [ 35.377557480810196, 32.1966653012976 ], [ 35.378042390494073, 32.194945054871006 ], [ 35.378292183441964, 32.193416194347201 ], [ 35.378181496760355, 32.19254556490224 ], [ 35.378015142463191, 32.192114066022633 ], [ 35.37842017176029, 32.191709398998015 ], [ 35.378678582084774, 32.191145430354581 ], [ 35.378793961217958, 32.190304360901067 ], [ 35.379072005251679, 32.189352598540523 ], [ 35.379112158140273, 32.188427090479493 ], [ 35.38050459896629, 32.187886908840255 ], [ 35.381687582716161, 32.186915841567512 ], [ 35.381935634503819, 32.185727396950902 ], [ 35.382870943570687, 32.184792173408809 ], [ 35.383576714377199, 32.184510496141421 ], [ 35.384212829498338, 32.183943725597373 ], [ 35.38549724530651, 32.183286410746867 ], [ 35.38583537446285, 32.18201723219385 ], [ 35.386642328450201, 32.180895044698808 ], [ 35.38683390716902, 32.180589289937899 ], [ 35.387445964772404, 32.179615044853392 ], [ 35.387602626802476, 32.178505062492533 ], [ 35.387375813318187, 32.176928962643714 ], [ 35.386495971080755, 32.175286169964565 ], [ 35.385635293210086, 32.174353497201999 ], [ 35.384848938528258, 32.172708867469979 ], [ 35.385268591308581, 32.170960499719456 ], [ 35.386170370316414, 32.169917647536401 ], [ 35.386240369705853, 32.169046198668475 ], [ 35.386116758507292, 32.167862785271495 ], [ 35.385804983122625, 32.166603553435316 ], [ 35.385039133808071, 32.165747954404033 ], [ 35.383807189942502, 32.164824251300942 ], [ 35.383505670625709, 32.163959529210018 ], [ 35.383559880000057, 32.162457417785454 ], [ 35.384065343416985, 32.160470520360661 ], [ 35.383948037345199, 32.159525503598871 ], [ 35.382808774009348, 32.158598276427355 ], [ 35.381679189136797, 32.158294947894262 ], [ 35.381193449649558, 32.158164305002806 ], [ 35.38039005758921, 32.158485558637402 ], [ 35.379671702139461, 32.159448647667453 ], [ 35.379244430009543, 32.160879131531871 ], [ 35.378709417272525, 32.161757419003671 ], [ 35.376575635861158, 32.161876445262408 ], [ 35.376121037161127, 32.162281738929735 ], [ 35.375493722893353, 32.163161265154727 ], [ 35.374870173277031, 32.164200849844072 ], [ 35.374430495962798, 32.16515846015195 ], [ 35.373784108051581, 32.165328411707044 ], [ 35.372050635891689, 32.167085818057323 ], [ 35.370471094271075, 32.168168351237185 ], [ 35.368268776934229, 32.169050462228611 ], [ 35.367909523805352, 32.169176613163827 ], [ 35.366675465453731, 32.169605422144883 ], [ 35.365217718550788, 32.170579519190277 ], [ 35.36264705418975, 32.171574722848902 ], [ 35.360682755329357, 32.172136834108599 ], [ 35.358829531302774, 32.172171235921446 ], [ 35.35732759686433, 32.171462342103361 ], [ 35.355188791349185, 32.171502107987294 ], [ 35.352756541545205, 32.170589109308558 ], [ 35.351595201222231, 32.170554394463323 ], [ 35.35042868349349, 32.170285211082515 ], [ 35.34851250902846, 32.170088452186675 ], [ 35.347022739282991, 32.170521869545659 ], [ 35.346202484881132, 32.170478829607013 ], [ 35.344275172300492, 32.169819854616811 ], [ 35.341823870595732, 32.16924539906649 ], [ 35.340984593507834, 32.169100895185629 ], [ 35.340352327115774, 32.169024360896181 ], [ 35.339320646710355, 32.169388433527601 ], [ 35.338641277089842, 32.169612911447601 ], [ 35.337834526401274, 32.169733814930346 ], [ 35.337088084887633, 32.169748126757014 ], [ 35.336351695116036, 32.170185135101569 ], [ 35.335420528561862, 32.170308407355719 ], [ 35.334734302882261, 32.170266845022908 ], [ 35.333986457773513, 32.17022928740387 ], [ 35.333362519964503, 32.170186526581965 ], [ 35.332310808888238, 32.17047165633933 ], [ 35.331338161195305, 32.171389637867613 ], [ 35.329935114188721, 32.172319311930437 ], [ 35.329521518755982, 32.172732851489663 ], [ 35.32890644115755, 32.172881689076945 ], [ 35.327934672347027, 32.17289955018316 ], [ 35.326403605049457, 32.173281476131756 ], [ 35.32523210619069, 32.173727292726674 ], [ 35.32425327613857, 32.174432742552739 ], [ 35.323093802360184, 32.175355909703967 ], [ 35.321990522426432, 32.176063713055377 ], [ 35.320399140335965, 32.177152395196408 ], [ 35.319095521306799, 32.177334504210322 ], [ 35.317850844750019, 32.177357043980571 ], [ 35.316347265112675, 32.177281168312021 ], [ 35.317069401381723, 32.178868229680461 ], [ 35.317180783357053, 32.179578848378277 ], [ 35.316077973668804, 32.180072425902814 ], [ 35.315994626523434, 32.18047097489189 ], [ 35.315821077965083, 32.18094738207791 ], [ 35.315649612410802, 32.181503256786222 ], [ 35.315845097954529, 32.181896487517008 ], [ 35.316134025143946, 32.18228569011174 ], [ 35.316610434823296, 32.182750250147663 ], [ 35.316990066255528, 32.183061027852254 ], [ 35.317002081171431, 32.183534453079297 ], [ 35.317118895669338, 32.18448122077033 ], [ 35.317223528438774, 32.184952872454019 ], [ 35.317603168322123, 32.185261393731388 ], [ 35.318084274214335, 32.185886573741854 ], [ 35.318475943883271, 32.186668517208787 ], [ 35.318948382619411, 32.186977514230605 ], [ 35.319982039624378, 32.18743197382188 ], [ 35.32101219183248, 32.18772861629818 ], [ 35.321579520414893, 32.188115294590936 ], [ 35.321878442248128, 32.188898440315185 ], [ 35.322007356781292, 32.190319190360341 ], [ 35.322003868424837, 32.191987489416476 ], [ 35.321202058702546, 32.192775600326819 ], [ 35.320664213618393, 32.193704930601754 ], [ 35.320548955828201, 32.194674451199916 ], [ 35.320291882402394, 32.195799658793966 ], [ 35.320219423555301, 32.197072363317339 ], [ 35.321469776067723, 32.19726171314155 ], [ 35.322655867762329, 32.197345715089583 ], [ 35.323592740212597, 32.197434449959204 ], [ 35.324836291445436, 32.197357747610255 ], [ 35.326577384336304, 32.197219683124246 ], [ 35.327512366580635, 32.197256538397191 ], [ 35.328317974761774, 32.197081595164036 ], [ 35.329671907682744, 32.196420834110938 ], [ 35.331278407924323, 32.195915362548071 ], [ 35.333320683345896, 32.195399845646627 ], [ 35.33542804541456, 32.194991314806465 ], [ 35.336546373337818, 32.194864465469308 ], [ 35.339043538920144, 32.19508220409152 ], [ 35.34122953197695, 32.195307557410437 ], [ 35.342732261100494, 32.195597874028223 ], [ 35.344987281682982, 32.196085730378329 ], [ 35.346235517354685, 32.196168314849139 ], [ 35.347919056868086, 32.196243066754647 ], [ 35.348731869009583, 32.195833522440317 ] ] ] ] } },
{ "type": "Feature", "properties": { "Area": 3797218.1962899999 }, "geometry": { "type": "MultiPolygon", "coordinates": [ [ [ [ 34.981817734218268, 32.190942839465087 ], [ 34.981762065646492, 32.190327840653637 ], [ 34.981203027910276, 32.189096489907037 ], [ 34.982331985745773, 32.188857814695304 ], [ 34.982642115454148, 32.187784677311392 ], [ 34.982317855085839, 32.186215574904267 ], [ 34.982157956198208, 32.185264479650733 ], [ 34.982556082645687, 32.184453012713973 ], [ 34.983199425627717, 32.183705661705091 ], [ 34.983603698598323, 32.182606195805405 ], [ 34.983995838664555, 32.18158730391152 ], [ 34.983494574269955, 32.180934329287325 ], [ 34.983352701415932, 32.180749779990279 ], [ 34.982556123739478, 32.180268187184957 ], [ 34.980671631882451, 32.180566401199542 ], [ 34.978019496439231, 32.179942835641732 ], [ 34.975545482211899, 32.179591198360967 ], [ 34.974342938441389, 32.179549000548356 ], [ 34.971253933262552, 32.179597451856765 ], [ 34.970625106808477, 32.179629544484335 ], [ 34.967684054792912, 32.179226728024581 ], [ 34.96771005088624, 32.179104472667753 ], [ 34.966393663523014, 32.179075512958612 ], [ 34.96587725255619, 32.179011415646684 ], [ 34.964828693320733, 32.17882006025701 ], [ 34.963394860835486, 32.178660088692546 ], [ 34.963376816003965, 32.178466171482235 ], [ 34.96222802977168, 32.178276858001659 ], [ 34.961524605095306, 32.178140805944956 ], [ 34.961038626175672, 32.178161852864157 ], [ 34.961074409815076, 32.178598721660634 ], [ 34.96125323523259, 32.180695141302913 ], [ 34.960705977240096, 32.180640544997601 ], [ 34.960364348505564, 32.18480160075385 ], [ 34.960240053948759, 32.185619725846401 ], [ 34.959292602058127, 32.186132471295217 ], [ 34.959310864047488, 32.18698468816735 ], [ 34.960039678006929, 32.186944391015331 ], [ 34.959986894026798, 32.187289783217864 ], [ 34.960045221148711, 32.190017213995738 ], [ 34.96230463957108, 32.192712805009215 ], [ 34.962530280897582, 32.194671223147786 ], [ 34.963287924098253, 32.195220500182515 ], [ 34.963622934102368, 32.196685400698172 ], [ 34.965225964817321, 32.197519769224321 ], [ 34.966731603278774, 32.197710290405496 ], [ 34.967761113943467, 32.197279367610889 ], [ 34.969444501501542, 32.197041280772339 ], [ 34.971487243459144, 32.19708620314929 ], [ 34.973189208405827, 32.197032401563739 ], [ 34.974199208272758, 32.196372000657711 ], [ 34.975357161003572, 32.196177966368396 ], [ 34.976924760209421, 32.196174032448262 ], [ 34.978392738577227, 32.195445096572556 ], [ 34.980498072656715, 32.195292721074345 ], [ 34.980903420617189, 32.194262592200651 ], [ 34.981401505092379, 32.193115957725105 ], [ 34.98189408767432, 32.191773737996606 ], [ 34.981817734218268, 32.190942839465087 ] ] ] ] } },
{ "type": "Feature", "properties": { "Area": 93014.402343900001 }, "geometry": { "type": "MultiPolygon", "coordinates": [ [ [ [ 35.140726569572607, 32.19116550526573 ], [ 35.13852705455875, 32.189829741246726 ], [ 35.138047449917849, 32.188112722373447 ], [ 35.13668360182001, 32.188151452544368 ], [ 35.136217265403182, 32.186919705217619 ], [ 35.135246383973382, 32.187488428403327 ], [ 35.136198059652685, 32.188678170774637 ], [ 35.137232048831109, 32.190403946312728 ], [ 35.138149836837698, 32.191331011483818 ], [ 35.139494468618103, 32.192052007028586 ], [ 35.140277420666969, 32.192025352943709 ], [ 35.140726569572607, 32.19116550526573 ] ] ] ] } },
{ "type": "Feature", "properties": { "Area": 245993.62939399999 }, "geometry": { "type": "MultiPolygon", "coordinates": [ [ [ [ 35.536558273496212, 32.187617877761845 ], [ 35.53798641320256, 32.188040208368015 ], [ 35.539278973271934, 32.187813603028566 ], [ 35.540089105402224, 32.187245027282998 ], [ 35.540248406663167, 32.186587998560249 ], [ 35.53998965720659, 32.185790613293477 ], [ 35.539238912154474, 32.184247747038512 ], [ 35.538310761171566, 32.1827087259609 ], [ 35.537447327706616, 32.181371299828299 ], [ 35.536082456205214, 32.181096462401662 ], [ 35.535389811042371, 32.181662451099349 ], [ 35.534950841385239, 32.182877616420477 ], [ 35.535279752226394, 32.184077246980749 ], [ 35.535664136268537, 32.185174154055495 ], [ 35.535936098797926, 32.186473690565613 ], [ 35.536558273496212, 32.187617877761845 ] ] ] ] } },
{ "type": "Feature", "properties": { "Area": 89214.937987700003 }, "geometry": { "type": "MultiPolygon", "coordinates": [ [ [ [ 35.022484157987321, 32.183502798728796 ], [ 35.021398322515722, 32.182810242426505 ], [ 35.019396344768097, 32.182742514704664 ], [ 35.01705876282994, 32.183289724484787 ], [ 35.015632947615089, 32.184063136593885 ], [ 35.015337887780461, 32.185173013885858 ], [ 35.016112765379816, 32.185354525932816 ], [ 35.018399341230364, 32.184416111374958 ], [ 35.019939973038362, 32.183881807620935 ], [ 35.021289334277107, 32.183787953921644 ], [ 35.022484157987321, 32.183502798728796 ] ] ] ] } },
{ "type": "Feature", "properties": { "Area": 337458.17627 }, "geometry": { "type": "MultiPolygon", "coordinates": [ [ [ [ 35.093068068860127, 32.178196463047087 ], [ 35.091554037946068, 32.178674757564728 ], [ 35.090738446273697, 32.178516778924788 ], [ 35.089987206505448, 32.178702658138164 ], [ 35.088382615702876, 32.178848863733251 ], [ 35.088003292732935, 32.179831458953274 ], [ 35.08807511125935, 32.181462625016074 ], [ 35.088040711551315, 32.182716635074989 ], [ 35.08817091962829, 32.18403561185319 ], [ 35.089264097494656, 32.184969392855926 ], [ 35.090223449510866, 32.184951099583579 ], [ 35.091429330238668, 32.18507786825684 ], [ 35.092689377002777, 32.184676003322977 ], [ 35.093186831578628, 32.184079010743886 ], [ 35.093141367632128, 32.182907216914714 ], [ 35.093327612781849, 32.181801569397422 ], [ 35.093556503749788, 32.18077430118516 ], [ 35.093467628797121, 32.179466074096936 ], [ 35.093068068860127, 32.178196463047087 ] ] ] ] } },
{ "type": "Feature", "properties": { "Area": 426358.73876899999 }, "geometry": { "type": "MultiPolygon", "coordinates": [ [ [ [ 35.131032364037843, 32.173824034346659 ], [ 35.129665663129295, 32.173758982255059 ], [ 35.128284335752127, 32.174152125814274 ], [ 35.127132470068432, 32.17451834107645 ], [ 35.126464335319831, 32.175289520419462 ], [ 35.127059413808233, 32.17627846648638 ], [ 35.127931138462756, 32.177515004102027 ], [ 35.127598470027323, 32.17968077443728 ], [ 35.128338012722132, 32.180529461412945 ], [ 35.128560185651637, 32.181732348419651 ], [ 35.128149291515598, 32.182532434047509 ], [ 35.128581329969023, 32.183007820745715 ], [ 35.130076034853445, 32.183327713591154 ], [ 35.131733298357624, 32.184050666554249 ], [ 35.131886611515114, 32.18251941406465 ], [ 35.132046475377877, 32.181078343105341 ], [ 35.132447566076358, 32.179630645668801 ], [ 35.132667635036597, 32.178722787166329 ], [ 35.132655131246487, 32.178188473161121 ], [ 35.131032364037843, 32.173824034346659 ] ] ] ] } },
{ "type": "Feature", "properties": { "Area": 1611696.5380899999 }, "geometry": { "type": "MultiPolygon", "coordinates": [ [ [ [ 35.049398215686523, 32.177567715803129 ], [ 35.049770678575747, 32.178335250579451 ], [ 35.051021189832575, 32.17912865085551 ], [ 35.051982791637975, 32.18021364302048 ], [ 35.053550320415809, 32.181191701495578 ], [ 35.05446752826407, 32.181392874921229 ], [ 35.0553237676612, 32.181798561724847 ], [ 35.055926250095425, 32.181860704242936 ], [ 35.057296090741019, 32.181766490302195 ], [ 35.058463608890726, 32.181686682229014 ], [ 35.059792126716239, 32.181317913535814 ], [ 35.061330252942099, 32.180927387142695 ], [ 35.062755122248475, 32.180270689353293 ], [ 35.063746373608609, 32.179411156508003 ], [ 35.064780466720414, 32.178149806002942 ], [ 35.065573366114904, 32.176962015788007 ], [ 35.065305161350423, 32.175532394686059 ], [ 35.064264082616511, 32.173481942732231 ], [ 35.063470603957761, 32.173118093399765 ], [ 35.062612733556605, 32.171869291587029 ], [ 35.061972186263205, 32.170651163797913 ], [ 35.061801331595497, 32.169837674834554 ], [ 35.06104866493061, 32.169462020248432 ], [ 35.059975028904383, 32.169251698040469 ], [ 35.059057381669668, 32.169291791120855 ], [ 35.057802407739125, 32.169359667895975 ], [ 35.056234121894896, 32.167308536343079 ], [ 35.055476183935589, 32.168265228720344 ], [ 35.054985749728132, 32.170654378277895 ], [ 35.054384278989872, 32.171435400388248 ], [ 35.053186587780033, 32.171605877102586 ], [ 35.052318383831029, 32.171484786486445 ], [ 35.051544416636425, 32.172372110655637 ], [ 35.05118222058104, 32.173987555775703 ], [ 35.04992748523776, 32.174068881293017 ], [ 35.049596720374822, 32.174123711219366 ], [ 35.049108426707832, 32.173775362595535 ], [ 35.048490363878209, 32.173848999548674 ], [ 35.048412858208764, 32.17499980486167 ], [ 35.048711635343892, 32.176805429803473 ], [ 35.048811021193757, 32.17769268094419 ], [ 35.049398215686523, 32.177567715803129 ] ] ] ] } },
{ "type": "Feature", "properties": { "Area": 209412.547853 }, "geometry": { "type": "MultiPolygon", "coordinates": [ [ [ [ 35.036476773259416, 32.172901969231546 ], [ 35.034892333882667, 32.171748391756644 ], [ 35.033477518529423, 32.170889230436025 ], [ 35.031869435551513, 32.170365140570254 ], [ 35.03026583843593, 32.171062952993658 ], [ 35.030446001312121, 32.172759680544033 ], [ 35.03088845447234, 32.17417777832005 ], [ 35.032002814292369, 32.174399111359364 ], [ 35.032623638138439, 32.174363884521291 ], [ 35.033477521486894, 32.174968108360552 ], [ 35.035061734610906, 32.175100433720054 ], [ 35.036008749628415, 32.174623189231468 ], [ 35.036183536066268, 32.17407897027082 ], [ 35.036476773259416, 32.172901969231546 ] ] ] ] } },
{ "type": "Feature", "properties": { "Area": 324638.37499899999 }, "geometry": { "type": "MultiPolygon", "coordinates": [ [ [ [ 35.531171507131582, 32.174262495591449 ], [ 35.53160480156258, 32.172847274258331 ], [ 35.53120596815512, 32.171247647968357 ], [ 35.530573599754291, 32.169702729001969 ], [ 35.530433419261286, 32.168902761350104 ], [ 35.529382120656429, 32.167165595621157 ], [ 35.527643796753921, 32.166194435909262 ], [ 35.525606839032278, 32.165080852945678 ], [ 35.525457647069253, 32.166089534199692 ], [ 35.524957138871471, 32.167203937601379 ], [ 35.52523923959248, 32.16885573350266 ], [ 35.525861828420076, 32.170049010687244 ], [ 35.527180058344079, 32.170776095411426 ], [ 35.528601538961084, 32.170948307646576 ], [ 35.529213155392483, 32.171740867880956 ], [ 35.528954565378072, 32.173051365161228 ], [ 35.528798537152376, 32.173807004930659 ], [ 35.528878410648836, 32.174560912354366 ], [ 35.529355382545411, 32.174751879581265 ], [ 35.530532835515025, 32.174627109495766 ], [ 35.531171507131582, 32.174262495591449 ] ] ] ] } },
{ "type": "Feature", "properties": { "Area": 814824.61132899998 }, "geometry": { "type": "MultiPolygon", "coordinates": [ [ [ [ 34.97212862352464, 32.16664102250342 ], [ 34.973536154751912, 32.166914696946478 ], [ 34.974065037330597, 32.168054161254744 ], [ 34.974226965238529, 32.169602703430783 ], [ 34.975249199911239, 32.169952308773688 ], [ 34.976746257355906, 32.169822562113559 ], [ 34.977560386683841, 32.168921678472444 ], [ 34.978430216610903, 32.167528290184848 ], [ 34.979235274961795, 32.166259339039236 ], [ 34.980742457733328, 32.166026421436989 ], [ 34.98225029691649, 32.165792923389347 ], [ 34.983712077854129, 32.165353044146819 ], [ 34.984824281092678, 32.164999338413011 ], [ 34.987228304053005, 32.164957271047363 ], [ 34.98782480380487, 32.163980422197561 ], [ 34.987165440878151, 32.163036928235435 ], [ 34.986404270622536, 32.16235026369894 ], [ 34.984853696183258, 32.16143678144924 ], [ 34.983613222398908, 32.161009657567647 ], [ 34.98189333308931, 32.160878704425947 ], [ 34.980134157113262, 32.160761748664775 ], [ 34.978210501859344, 32.160577968016106 ], [ 34.977838786000682, 32.160583502787908 ], [ 34.977629522056986, 32.160740376447812 ], [ 34.973879078833171, 32.16355167233192 ], [ 34.973704617140861, 32.163696766886041 ], [ 34.972572002118298, 32.16464325973007 ], [ 34.971920410229565, 32.165005031791807 ], [ 34.97199117634549, 32.165709679555825 ], [ 34.972097258536841, 32.166141039197484 ], [ 34.97212862352464, 32.16664102250342 ] ] ] ] } },
{ "type": "Feature", "properties": { "Area": 40158878.644500002 }, "geometry": { "type": "MultiPolygon", "coordinates": [ [ [ [ 35.290184134761077, 32.167039307316742 ], [ 35.290713841421741, 32.167153924680576 ], [ 35.292006301025829, 32.16648120624928 ], [ 35.293294915548493, 32.16562135677399 ], [ 35.294738650122383, 32.165193676890524 ], [ 35.295716980850521, 32.165020508085973 ], [ 35.296732641811111, 32.164909302238421 ], [ 35.297777832254269, 32.164518512911826 ], [ 35.298706609580854, 32.163852193508689 ], [ 35.299709118310979, 32.163216246985733 ], [ 35.300216262514688, 32.162674792463335 ], [ 35.301407758429342, 32.162516072049328 ], [ 35.303270800664443, 32.162375980400569 ], [ 35.305456469150649, 32.162493740260139 ], [ 35.308146671533137, 32.163021925805374 ], [ 35.3092646330214, 32.16273806892913 ], [ 35.310560801115251, 32.162292294954511 ], [ 35.311719019594477, 32.161320207260403 ], [ 35.313565235111774, 32.160438259379795 ], [ 35.316043367282461, 32.16012498097794 ], [ 35.318216281363682, 32.159873363130693 ], [ 35.319895051574711, 32.159734319606542 ], [ 35.321314290438742, 32.159232524988248 ], [ 35.32233694171201, 32.157678249277886 ], [ 35.323238532378838, 32.156547918358662 ], [ 35.323715466549515, 32.155837876322849 ], [ 35.324496755434424, 32.154567872593255 ], [ 35.326224308229726, 32.153951879097548 ], [ 35.327836166518374, 32.153658927295176 ], [ 35.329827397646511, 32.153673877878923 ], [ 35.331752458162455, 32.153270660131668 ], [ 35.333488157633589, 32.153081217149243 ], [ 35.335483405696188, 32.153249378406258 ], [ 35.338341788461953, 32.153097590541257 ], [ 35.34049035844258, 32.152890705385921 ], [ 35.341345908140326, 32.151944033593225 ], [ 35.344042886989236, 32.149706909251762 ], [ 35.345561735121706, 32.148792728390504 ], [ 35.346397861467928, 32.148195486225234 ], [ 35.349226066969884, 32.147085901154206 ], [ 35.3517236741029, 32.146619725238281 ], [ 35.353000739737233, 32.146305424754196 ], [ 35.354473826377934, 32.145651017953305 ], [ 35.354449365819029, 32.145985271936318 ], [ 35.354309517539413, 32.146449858175643 ], [ 35.354066708465247, 32.146745480901025 ], [ 35.3542022503526, 32.146887352049994 ], [ 35.354494898104967, 32.147190794925798 ], [ 35.355125306353131, 32.147329822759779 ], [ 35.355563699949663, 32.147430187357656 ], [ 35.355923728068433, 32.147313088113179 ], [ 35.356370267258477, 32.147031871439118 ], [ 35.356818021026086, 32.146486878929892 ], [ 35.357042080819973, 32.146076859271552 ], [ 35.356949501170305, 32.145878014045884 ], [ 35.35811179231677, 32.145579017953644 ], [ 35.358877906929948, 32.145564558396281 ], [ 35.359126948790205, 32.145047980867979 ], [ 35.359516674610489, 32.144285493359426 ], [ 35.359354865183633, 32.143303306617192 ], [ 35.359525167863012, 32.141965633929182 ], [ 35.359724453456124, 32.141218032747084 ], [ 35.360136750362834, 32.141178636525815 ], [ 35.360727410147582, 32.140655998571674 ], [ 35.36174605812586, 32.139980649780249 ], [ 35.363195742077963, 32.139295171241599 ], [ 35.363821993822107, 32.138972558369538 ], [ 35.363802922197493, 32.138100102171535 ], [ 35.36519157837656, 32.137391005547151 ], [ 35.366047260938352, 32.136746264188893 ], [ 35.366327907858235, 32.136533421566469 ], [ 35.36664311970646, 32.136295734834164 ], [ 35.367536100264559, 32.13596317985288 ], [ 35.368001712524254, 32.135656534426602 ], [ 35.368404304865635, 32.135392240287111 ], [ 35.36867071779281, 32.134911692351999 ], [ 35.368213999063208, 32.134539169084356 ], [ 35.368481074139275, 32.133134286954629 ], [ 35.368629710651476, 32.131710958266346 ], [ 35.368339246943037, 32.13003457018705 ], [ 35.367617883331725, 32.128417917181125 ], [ 35.367334205682596, 32.127003036197813 ], [ 35.366968175499707, 32.12480257532193 ], [ 35.366385490025159, 32.123762881571878 ], [ 35.366231782144531, 32.122607095459713 ], [ 35.366214184869449, 32.121924011563166 ], [ 35.366049812888924, 32.120351160240773 ], [ 35.365775605648082, 32.119303178014839 ], [ 35.365681498115997, 32.118042481190244 ], [ 35.365716073695033, 32.116991286666718 ], [ 35.365619138223913, 32.115626886902135 ], [ 35.365224116024649, 32.114687271424522 ], [ 35.364652512242749, 32.114066887004 ], [ 35.363666824341863, 32.114190999682414 ], [ 35.362811877421812, 32.114574769966204 ], [ 35.361802581876269, 32.115321697581592 ], [ 35.361583240855829, 32.114854729199728 ], [ 35.360852232260051, 32.113752066696975 ], [ 35.360743228537622, 32.112936079574787 ], [ 35.360804362205371, 32.111893306949781 ], [ 35.36108482939202, 32.108122904166805 ], [ 35.361027382694672, 32.105891601462211 ], [ 35.360829638532849, 32.103900010154895 ], [ 35.360315847578057, 32.103927697493269 ], [ 35.359632086999433, 32.103881756853177 ], [ 35.358841159526513, 32.103896814296633 ], [ 35.356354008759993, 32.104155142949828 ], [ 35.353509120880105, 32.103096662342878 ], [ 35.348782205080539, 32.104920380250483 ], [ 35.347421255008051, 32.106284759579538 ], [ 35.346172169346566, 32.108609972036845 ], [ 35.345850798117013, 32.109657538336982 ], [ 35.345344257753958, 32.110333884029473 ], [ 35.343976102312133, 32.111401205498794 ], [ 35.340871386906322, 32.112795604303876 ], [ 35.339028501100294, 32.114437148097103 ], [ 35.337306894032587, 32.11789790261669 ], [ 35.335515390805107, 32.119926547013293 ], [ 35.334971819146467, 32.120038141793877 ], [ 35.334646546227965, 32.120788090923156 ], [ 35.334500593398879, 32.120961835811464 ], [ 35.332388087439355, 32.123467586630547 ], [ 35.331703678175046, 32.124242126010643 ], [ 35.331499676279236, 32.124473414885571 ], [ 35.32758488139249, 32.124568027011712 ], [ 35.322392533861439, 32.124449539789474 ], [ 35.317401634614576, 32.123869055631069 ], [ 35.315530548883416, 32.122036693641199 ], [ 35.312402937495783, 32.122237794268429 ], [ 35.305561857814482, 32.122928806512419 ], [ 35.300919282476343, 32.123071644830226 ], [ 35.292258798257336, 32.122658617640603 ], [ 35.284280226463807, 32.122437891203525 ], [ 35.276674600570281, 32.122892793489584 ], [ 35.270619906450683, 32.123657555420827 ], [ 35.265163473513134, 32.125367496001893 ], [ 35.262292616640472, 32.127666718430696 ], [ 35.262070035317095, 32.129977095923593 ], [ 35.262681305700575, 32.137663451192793 ], [ 35.262966851909262, 32.138257936993845 ], [ 35.263327852353648, 32.139009072926825 ], [ 35.263508106209116, 32.139384358778024 ], [ 35.264380290535755, 32.139803844206128 ], [ 35.265701739023442, 32.141162658544054 ], [ 35.266654099046924, 32.141817118111419 ], [ 35.268360681057793, 32.143209531276746 ], [ 35.268558420996378, 32.143681743131665 ], [ 35.268551915396216, 32.147162650499766 ], [ 35.268414704794942, 32.148709850462822 ], [ 35.268378672824525, 32.149526550525458 ], [ 35.268295733165552, 32.150055265641676 ], [ 35.268141721543664, 32.151034346787007 ], [ 35.268793115600786, 32.15384308543981 ], [ 35.269168688052865, 32.154668592817501 ], [ 35.269909818005857, 32.156183777398432 ], [ 35.270913546303142, 32.157750672239857 ], [ 35.271051187203838, 32.159110043332021 ], [ 35.272981040882179, 32.161952457415715 ], [ 35.27542636702146, 32.164597850338367 ], [ 35.276336678797946, 32.165309746802826 ], [ 35.279008333931365, 32.166558299875668 ], [ 35.279779882409116, 32.167682819869789 ], [ 35.281626747156245, 32.168427369724 ], [ 35.281837345465981, 32.168288027901696 ], [ 35.282885031723552, 32.167597516560321 ], [ 35.283885315669991, 32.16689631757005 ], [ 35.284055073413995, 32.167804195940533 ], [ 35.285314547734693, 32.167792688011595 ], [ 35.286336803671425, 32.167783012244925 ], [ 35.287505574954345, 32.167674035682609 ], [ 35.289291189364683, 32.167504329049144 ], [ 35.290030559524325, 32.167202296328085 ], [ 35.290184134761077, 32.167039307316742 ] ] ] ] } },
{ "type": "Feature", "properties": { "Area": 70254.812500200002 }, "geometry": { "type": "MultiPolygon", "coordinates": [ [ [ [ 35.009534266223689, 32.160083939203396 ], [ 35.00944006353415, 32.161072938845145 ], [ 35.00942211529653, 32.16125608612623 ], [ 35.009287736282253, 32.162286167453239 ], [ 35.009523497010747, 32.162731223053605 ], [ 35.011333727857817, 32.163024823411156 ], [ 35.012082318459974, 32.162142778536918 ], [ 35.011760829694182, 32.160869082795998 ], [ 35.01076742476544, 32.159870531142538 ], [ 35.009551905499762, 32.159890082704891 ], [ 35.009534266223689, 32.160083939203396 ] ] ] ] } },
{ "type": "Feature", "properties": { "Area": 310292.99999899999 }, "geometry": { "type": "MultiPolygon", "coordinates": [ [ [ [ 34.992660417955051, 32.155674720977473 ], [ 34.991419683037797, 32.155662493854614 ], [ 34.989924894256447, 32.155850471325806 ], [ 34.98884147895798, 32.156273596474925 ], [ 34.98752604293405, 32.156607827281142 ], [ 34.986324134848559, 32.157674939781757 ], [ 34.986304866615853, 32.159019128533309 ], [ 34.986756232993777, 32.160274512574233 ], [ 34.988013308843229, 32.160827883832276 ], [ 34.989825053893959, 32.160853513619962 ], [ 34.991097754544008, 32.160968388355656 ], [ 34.992075553492434, 32.160894508422672 ], [ 34.992318889854374, 32.160534202916153 ], [ 34.992509932491544, 32.160294986588774 ], [ 34.992781539343319, 32.159956708471583 ], [ 34.993159042240528, 32.159308054655568 ], [ 34.993025352138865, 32.158311359836148 ], [ 34.992924635316406, 32.157526075557982 ], [ 34.992822973248259, 32.156720499374536 ], [ 34.992668207356665, 32.156030938944347 ], [ 34.992660417955051, 32.155674720977473 ] ] ] ] } },
{ "type": "Feature", "properties": { "Area": 1218755.8369100001 }, "geometry": { "type": "MultiPolygon", "coordinates": [ [ [ [ 35.051110743529421, 32.15909393606313 ], [ 35.053009622904291, 32.15630124996558 ], [ 35.054491297634129, 32.154033894553677 ], [ 35.054827041704272, 32.153520837237579 ], [ 35.054657257238304, 32.152718610190789 ], [ 35.053956139657423, 32.151918570408739 ], [ 35.051810413338089, 32.150839493802948 ], [ 35.050803749569504, 32.150242533277456 ], [ 35.048904136902472, 32.149501875752058 ], [ 35.046874087383067, 32.149410877535033 ], [ 35.045890242977947, 32.149149821871518 ], [ 35.044245007539963, 32.148643877310427 ], [ 35.042936148578157, 32.148241482800429 ], [ 35.042213844621813, 32.148446843017304 ], [ 35.041781397675798, 32.148546048290932 ], [ 35.040916459753163, 32.14876756262359 ], [ 35.040303020280646, 32.14930953162969 ], [ 35.039855362928016, 32.149943582749756 ], [ 35.039652193743443, 32.150375612360868 ], [ 35.039406485465598, 32.150791804900194 ], [ 35.039890875631649, 32.151749456242896 ], [ 35.041542224209138, 32.155262357943641 ], [ 35.041952605796666, 32.156135363136002 ], [ 35.042854813547869, 32.157453125089056 ], [ 35.043221933382924, 32.157602951439266 ], [ 35.044508723496662, 32.15819976227818 ], [ 35.049989751330138, 32.160138080597207 ], [ 35.050636410459653, 32.160044180563098 ], [ 35.051110743529421, 32.15909393606313 ] ] ] ] } },
{ "type": "Feature", "properties": { "Area": 449886.98681700003 }, "geometry": { "type": "MultiPolygon", "coordinates": [ [ [ [ 35.002504081630015, 32.141302813640991 ], [ 35.001448016040214, 32.140173891039339 ], [ 34.999725785764795, 32.139400653686728 ], [ 34.998218036779562, 32.139070745371782 ], [ 34.997390897366373, 32.139487599203498 ], [ 34.997423812501857, 32.140751845685031 ], [ 34.997242269102124, 32.142087320430193 ], [ 34.997223020483389, 32.143422496748116 ], [ 34.997374006473962, 32.144544904307203 ], [ 34.996505290565672, 32.14596323016697 ], [ 34.995875913286639, 32.147215677438851 ], [ 34.995590935997747, 32.148209990155927 ], [ 34.996707882581035, 32.149085432941291 ], [ 34.99783801707779, 32.149410234462934 ], [ 34.999151146748247, 32.149525094005789 ], [ 35.000012394289335, 32.148852966519684 ], [ 35.000140032490691, 32.14754107406042 ], [ 35.000892765917328, 32.146872710452364 ], [ 35.001201033321095, 32.145729064469627 ], [ 35.001410441482967, 32.144426882754992 ], [ 35.001294479904431, 32.143096561522285 ], [ 35.001975765684818, 32.142289426507283 ], [ 35.002504081630015, 32.141302813640991 ] ] ] ] } },
{ "type": "Feature", "properties": { "Area": 630606.38769500004 }, "geometry": { "type": "MultiPolygon", "coordinates": [ [ [ [ 35.022140625299663, 32.140016564636596 ], [ 35.020090944825192, 32.138606244479078 ], [ 35.017828929033861, 32.138383120033218 ], [ 35.016479411110076, 32.138958831567976 ], [ 35.015830435165562, 32.140475687570117 ], [ 35.015694678724032, 32.141501268336619 ], [ 35.014639612560124, 32.141969184006811 ], [ 35.012672711759251, 32.142187721515384 ], [ 35.011586540762721, 32.142472952645534 ], [ 35.009950625408322, 32.142950088052565 ], [ 35.009430581020069, 32.143740606035557 ], [ 35.009737330589424, 32.145127011581792 ], [ 35.011336413261972, 32.146350817942725 ], [ 35.01352916987117, 32.146516465241284 ], [ 35.01698598310093, 32.14592701547447 ], [ 35.019113877729431, 32.145162502400531 ], [ 35.019705706550617, 32.144544516147121 ], [ 35.0209868341868, 32.143416890829322 ], [ 35.02177830098411, 32.141668004364554 ], [ 35.022140625299663, 32.140016564636596 ] ] ] ] } },
{ "type": "Feature", "properties": { "Area": 442566.30517499999 }, "geometry": { "type": "MultiPolygon", "coordinates": [ [ [ [ 35.021707414206119, 32.128129241274216 ], [ 35.021068476230219, 32.129014325593289 ], [ 35.020437230679875, 32.130185735716715 ], [ 35.01848819740917, 32.130543604228549 ], [ 35.017403036848656, 32.130897085417125 ], [ 35.017475260179786, 32.13210220723861 ], [ 35.018203843659769, 32.133089612141724 ], [ 35.018938849047345, 32.135903143342155 ], [ 35.020755470038416, 32.136147020033953 ], [ 35.022120624821547, 32.136167592459749 ], [ 35.023788740372545, 32.135895501601425 ], [ 35.025183490961943, 32.135514787426523 ], [ 35.02529750616894, 32.134200592182864 ], [ 35.024943713109771, 32.133058201376222 ], [ 35.023994819776682, 32.131398125054496 ], [ 35.023646423522244, 32.129967728989691 ], [ 35.023401701977782, 32.128868887468776 ], [ 35.023035393677731, 32.12829967241705 ], [ 35.021707414206119, 32.128129241274216 ] ] ] ] } },
{ "type": "Feature", "properties": { "Area": 849314.10546899994 }, "geometry": { "type": "MultiPolygon", "coordinates": [ [ [ [ 35.098370411473432, 32.119458569026648 ], [ 35.097844702776634, 32.120479970567324 ], [ 35.097592187998224, 32.121634051111897 ], [ 35.097609467379755, 32.123288852956264 ], [ 35.096997745679587, 32.124633695318451 ], [ 35.09625368115605, 32.125579378956758 ], [ 35.095409704290418, 32.126846798685541 ], [ 35.096186451465435, 32.128108281047986 ], [ 35.096156500082145, 32.130476018956493 ], [ 35.097033464192286, 32.131460280636091 ], [ 35.097818157931613, 32.132491238823519 ], [ 35.098899840457506, 32.134044914325358 ], [ 35.100534132633953, 32.134015266679036 ], [ 35.101326312111006, 32.132861623046061 ], [ 35.10176548331868, 32.132105603433942 ], [ 35.10315811099548, 32.131654138816621 ], [ 35.103552052890493, 32.130749844877414 ], [ 35.102942909550038, 32.129199969525502 ], [ 35.102114459083275, 32.128032047725526 ], [ 35.102866926458333, 32.125891463727356 ], [ 35.103454647614271, 32.124167821726743 ], [ 35.103545963252401, 32.123038964459283 ], [ 35.102604065908864, 32.121194610658932 ], [ 35.10155787350498, 32.119962819559667 ], [ 35.100061271799753, 32.119541134796577 ], [ 35.098370411473432, 32.119458569026648 ] ] ] ] } },
{ "type": "Feature", "properties": { "Area": 733658.50878899998 }, "geometry": { "type": "MultiPolygon", "coordinates": [ [ [ [ 35.046893641056649, 32.131965812708877 ], [ 35.04714801644807, 32.131853405266185 ], [ 35.0487350548253, 32.131162679630279 ], [ 35.050036826830222, 32.130334063582069 ], [ 35.050727584903811, 32.129885699963168 ], [ 35.051404743096249, 32.129446333994075 ], [ 35.053285290063378, 32.129057441223473 ], [ 35.054140766014129, 32.128718597357711 ], [ 35.054879850789106, 32.12755447245241 ], [ 35.053850745103119, 32.126448560087518 ], [ 35.051647001387231, 32.126362504963026 ], [ 35.048487488183973, 32.126397543436148 ], [ 35.045988205255199, 32.126397822844247 ], [ 35.044885140860842, 32.126566650805245 ], [ 35.043302456965939, 32.126975524983656 ], [ 35.042120804940431, 32.127756318637665 ], [ 35.040745681483422, 32.128378474387276 ], [ 35.039445901939516, 32.129265050340628 ], [ 35.038727850697917, 32.130219445929292 ], [ 35.038756223351953, 32.13128753972331 ], [ 35.039980809018537, 32.132645765032677 ], [ 35.041326254607071, 32.132641869076217 ], [ 35.041779396534871, 32.133062911096438 ], [ 35.042379738955944, 32.13330603662687 ], [ 35.044458329428032, 32.133177356710561 ], [ 35.045562091438029, 32.132652326979091 ], [ 35.046893641056649, 32.131965812708877 ] ] ] ] } },
{ "type": "Feature", "properties": { "Area": 365463.05322300002 }, "geometry": { "type": "MultiPolygon", "coordinates": [ [ [ [ 35.013266697940345, 32.126649681918437 ], [ 35.014426837217194, 32.126053992487819 ], [ 35.014969105889378, 32.126137656861367 ], [ 35.016757960311168, 32.125852311586549 ], [ 35.017569608421319, 32.12537725424388 ], [ 35.018779155018272, 32.125136677288332 ], [ 35.020230162866071, 32.125363679981746 ], [ 35.021651310620733, 32.124957679319103 ], [ 35.022233723984463, 32.124003748626684 ], [ 35.021782338769306, 32.123267012380367 ], [ 35.019929476315077, 32.122151179463138 ], [ 35.016391821590759, 32.121673100002134 ], [ 35.012943141868369, 32.122530832721672 ], [ 35.011238217259191, 32.12292784892449 ], [ 35.010847772065446, 32.123486362327291 ], [ 35.012707335580664, 32.125395912646255 ], [ 35.013266697940345, 32.126649681918437 ] ] ] ] } },
{ "type": "Feature", "properties": { "Area": 2045658.7402300001 }, "geometry": { "type": "MultiPolygon", "coordinates": [ [ [ [ 35.091287787776096, 32.117246995642198 ], [ 35.086743116827421, 32.114988374238472 ], [ 35.085324752303528, 32.113462455697395 ], [ 35.084030768465333, 32.112566203275385 ], [ 35.083291400392341, 32.1116834323944 ], [ 35.081845498760664, 32.111147729232904 ], [ 35.081580074258454, 32.110313313696658 ], [ 35.080401995035039, 32.110197750775555 ], [ 35.080030055785514, 32.109423534970894 ], [ 35.0788376488251, 32.109262853779619 ], [ 35.077402776435065, 32.109655957545598 ], [ 35.074879102013952, 32.109196869120844 ], [ 35.072977185138114, 32.110290024556491 ], [ 35.070857745054987, 32.111341777697383 ], [ 35.069699447963536, 32.111960533415647 ], [ 35.068019599582414, 32.112267599490764 ], [ 35.068588188953591, 32.113337961723261 ], [ 35.069087837277671, 32.114351321970375 ], [ 35.069161125641827, 32.116072695817572 ], [ 35.068330377313046, 32.116823674864733 ], [ 35.067704584162698, 32.117686466477103 ], [ 35.068524602915666, 32.118040174989297 ], [ 35.069398359377345, 32.118896684276386 ], [ 35.069351776357855, 32.120173233097468 ], [ 35.070091138088841, 32.120562916978386 ], [ 35.070724399360799, 32.121503704442652 ], [ 35.071833877400117, 32.12209216232759 ], [ 35.073086953365554, 32.121965526398654 ], [ 35.074667544092598, 32.121477370315702 ], [ 35.07549969389509, 32.120782713615128 ], [ 35.07697759042783, 32.121491551999448 ], [ 35.078320881805304, 32.121730744078356 ], [ 35.079682062095223, 32.121117746744851 ], [ 35.081005212798452, 32.120083673729262 ], [ 35.081899337623646, 32.119180495778203 ], [ 35.083140203936885, 32.118605670632192 ], [ 35.084160543155768, 32.118392468027636 ], [ 35.084670339093137, 32.118760994843988 ], [ 35.085071542013608, 32.119626529979364 ], [ 35.0860714159084, 32.120138107775567 ], [ 35.086416446748309, 32.120923551991162 ], [ 35.087330148192322, 32.121251299446143 ], [ 35.088532087507097, 32.121734299780393 ], [ 35.089402841758016, 32.121465119758838 ], [ 35.089766277683943, 32.120931701453529 ], [ 35.089882876255551, 32.120239681909247 ], [ 35.090036977810584, 32.118947440898758 ], [ 35.091005690634844, 32.11829789466249 ], [ 35.091062574864807, 32.118087151719443 ], [ 35.091287787776096, 32.117246995642198 ] ] ] ] } },
{ "type": "Feature", "properties": { "Area": 677681.249511 }, "geometry": { "type": "MultiPolygon", "coordinates": [ [ [ [ 35.200826618212929, 32.118827690059952 ], [ 35.200935917006412, 32.118190238383214 ], [ 35.200647566799802, 32.116553476143196 ], [ 35.199006989468124, 32.113849728326315 ], [ 35.19705634132896, 32.112208366179253 ], [ 35.194989148344057, 32.111204984060876 ], [ 35.193225313284898, 32.111388581236731 ], [ 35.191344235356169, 32.111734464670313 ], [ 35.189173457875619, 32.111857655353475 ], [ 35.18763001468335, 32.111704155509244 ], [ 35.186227087581045, 32.111777796363832 ], [ 35.186384611908011, 32.113049347758874 ], [ 35.187643807361873, 32.114141254192475 ], [ 35.188789742593265, 32.114531989807261 ], [ 35.190464544156946, 32.114556984441315 ], [ 35.191567462074453, 32.114867092391336 ], [ 35.192372479829288, 32.115657931247867 ], [ 35.192120180647471, 32.116764857963538 ], [ 35.196950000487881, 32.118992098605823 ], [ 35.198529186679401, 32.119027689701596 ], [ 35.199648759547685, 32.119008573529179 ], [ 35.200826618212929, 32.118827690059952 ] ] ] ] } },
{ "type": "Feature", "properties": { "Area": 511656.348145 }, "geometry": { "type": "MultiPolygon", "coordinates": [ [ [ [ 35.144527358407949, 32.111860200526479 ], [ 35.143155436954942, 32.112552798177234 ], [ 35.141436710396903, 32.112918308890016 ], [ 35.140008042873262, 32.11302580575078 ], [ 35.13775854365872, 32.111758186094328 ], [ 35.135915629219895, 32.112143283238026 ], [ 35.134745103890346, 32.112640885652596 ], [ 35.134257043900668, 32.11307291339547 ], [ 35.13446351239925, 32.113917331373436 ], [ 35.136099806369316, 32.116261758682448 ], [ 35.137159113564593, 32.115988969637193 ], [ 35.138437201186171, 32.116296814959128 ], [ 35.140184411192017, 32.116975184742259 ], [ 35.141840833958561, 32.117289950408448 ], [ 35.143149643112075, 32.117262972796425 ], [ 35.145090657858567, 32.117112846447554 ], [ 35.145641550893743, 32.117020105880769 ], [ 35.146057336750445, 32.116415533362037 ], [ 35.14632879071268, 32.11548004804883 ], [ 35.145990028828301, 32.114475520322905 ], [ 35.145876080030177, 32.113765305646858 ], [ 35.146016318305527, 32.1129689742423 ], [ 35.145706512767319, 32.112008984763023 ], [ 35.145547806278799, 32.111655520814189 ], [ 35.144527358407949, 32.111860200526479 ] ] ] ] } },
{ "type": "Feature", "properties": { "Area": 2338205.5200200002 }, "geometry": { "type": "MultiPolygon", "coordinates": [ [ [ [ 35.241579995269092, 32.109493229685846 ], [ 35.242436077975015, 32.109538628754997 ], [ 35.242558366270558, 32.109011042515228 ], [ 35.242609891818951, 32.108708362370855 ], [ 35.241493520545184, 32.10812365540653 ], [ 35.239525057332116, 32.105721498579726 ], [ 35.237781462797088, 32.104126357424306 ], [ 35.235610120719436, 32.102850307922566 ], [ 35.234625454734505, 32.102225490155121 ], [ 35.233930857623605, 32.101709940009655 ], [ 35.232420643086982, 32.101639830422876 ], [ 35.231624967367232, 32.100724681921754 ], [ 35.231360743752397, 32.101187472087929 ], [ 35.230767127633669, 32.101172942900575 ], [ 35.230180901273862, 32.100946487567171 ], [ 35.228780734646804, 32.100693698591606 ], [ 35.227638507757405, 32.100555825949115 ], [ 35.225982389748879, 32.100801858216649 ], [ 35.22579857161049, 32.100484570218335 ], [ 35.223952325141333, 32.101082871675239 ], [ 35.222259668142648, 32.099956441279403 ], [ 35.220684975984177, 32.099194636479758 ], [ 35.219691902522705, 32.098925912526695 ], [ 35.218513366856492, 32.099259713682521 ], [ 35.217880853752362, 32.100294592773508 ], [ 35.217876571764705, 32.101570633426491 ], [ 35.218548115932563, 32.102397393500169 ], [ 35.219620253801729, 32.10307756071753 ], [ 35.22131367902292, 32.103744674019751 ], [ 35.221416456460439, 32.1045117493926 ], [ 35.221057438275444, 32.105656512645346 ], [ 35.221238566494243, 32.106683970727694 ], [ 35.221411509167851, 32.107292095157156 ], [ 35.221076547232535, 32.107870415273375 ], [ 35.220805937117476, 32.108210877927007 ], [ 35.220865799630403, 32.108764909912757 ], [ 35.221016188429729, 32.109149843597869 ], [ 35.22138240671871, 32.109263082879515 ], [ 35.221958127102681, 32.109791681059875 ], [ 35.222468839315091, 32.110560388478376 ], [ 35.223156377448383, 32.111355557860577 ], [ 35.224012061624059, 32.111820979186795 ], [ 35.224650900579995, 32.111647283345164 ], [ 35.225600780040097, 32.111326427482631 ], [ 35.22706380780032, 32.110756916766732 ], [ 35.228136534736798, 32.110532962630415 ], [ 35.229094593557328, 32.110550251661735 ], [ 35.229858351386383, 32.110775548849958 ], [ 35.231364068699435, 32.111937423760835 ], [ 35.232005757819429, 32.112476107133638 ], [ 35.232331086715867, 32.111967649674007 ], [ 35.232819854616679, 32.111589351219017 ], [ 35.23381416193245, 32.111544598086454 ], [ 35.235061313021717, 32.111628281767615 ], [ 35.236261133720333, 32.111758182005424 ], [ 35.236530989470268, 32.112233809923246 ], [ 35.237314240532491, 32.113173728433914 ], [ 35.238438253708352, 32.113288973545011 ], [ 35.239756869630391, 32.113583949534039 ], [ 35.241184165527137, 32.114866343814498 ], [ 35.242843785354957, 32.1157518624955 ], [ 35.244342948676234, 32.115745762241566 ], [ 35.245423317907978, 32.114804733935593 ], [ 35.245555295645296, 32.113755792889322 ], [ 35.243173732629977, 32.112184042309451 ], [ 35.242371914274337, 32.110107905381099 ], [ 35.241579995269092, 32.109493229685846 ] ] ] ] } },
{ "type": "Feature", "properties": { "Area": 28152112.7236 }, "geometry": { "type": "MultiPolygon", "coordinates": [ [ [ [ 35.27894759160592, 32.107993858350923 ], [ 35.27846409095126, 32.108895372231139 ], [ 35.278599132588042, 32.110065370458862 ], [ 35.277516184015802, 32.110596367680387 ], [ 35.276889885528355, 32.111000280325882 ], [ 35.276910749106008, 32.111842881590043 ], [ 35.278204749045308, 32.112692074186228 ], [ 35.280319681007299, 32.11382651957787 ], [ 35.28274893301996, 32.114806303279892 ], [ 35.284385178208737, 32.115198687427423 ], [ 35.285653030794876, 32.114994976850589 ], [ 35.287451848612065, 32.114811760406219 ], [ 35.289642122203979, 32.114713362199581 ], [ 35.291054628449757, 32.114656041419636 ], [ 35.292358219465427, 32.114452239254668 ], [ 35.295884911389116, 32.114056896970496 ], [ 35.29669848576588, 32.11407377882113 ], [ 35.298052531465736, 32.113688395444775 ], [ 35.299443277505141, 32.113581962214901 ], [ 35.300836092300422, 32.113556673495765 ], [ 35.301861750475489, 32.113736246820949 ], [ 35.302749174161811, 32.113918737368273 ], [ 35.303630923286363, 32.113902831726804 ], [ 35.304699625988889, 32.113921716475076 ], [ 35.305349972767871, 32.113950507954961 ], [ 35.307040306291199, 32.114670019665013 ], [ 35.30845033133005, 32.115354794877391 ], [ 35.310439191364544, 32.115043153841029 ], [ 35.313874172874144, 32.114980487047326 ], [ 35.316193034461214, 32.114859537221427 ], [ 35.316750753195393, 32.114679812363356 ], [ 35.317583779396813, 32.11475515927355 ], [ 35.319398311014815, 32.114879775359874 ], [ 35.320372611496012, 32.114861414576701 ], [ 35.321481753332726, 32.114642836501204 ], [ 35.32286341962552, 32.114182200951426 ], [ 35.324199266845177, 32.113763301572661 ], [ 35.325210616483183, 32.113350334288931 ], [ 35.326687924720254, 32.113005107871182 ], [ 35.328486734473607, 32.112538934828493 ], [ 35.330049727729616, 32.111917411187939 ], [ 35.331461721153708, 32.110822578600533 ], [ 35.332317337960482, 32.109781273676134 ], [ 35.333359720783704, 32.108772462785289 ], [ 35.334011830127558, 32.107021754605633 ], [ 35.334449721849332, 32.105985934147029 ], [ 35.334848267791401, 32.105227454085458 ], [ 35.335400552811592, 32.105018907888677 ], [ 35.33655677659663, 32.104840166064385 ], [ 35.33720601644827, 32.104828214518946 ], [ 35.33765961975201, 32.104384168319456 ], [ 35.337743198734181, 32.10402899908933 ], [ 35.337731085239305, 32.103553315642088 ], [ 35.338046021254527, 32.103152812712317 ], [ 35.338363056998269, 32.10283177734312 ], [ 35.338016874997628, 32.102008128816806 ], [ 35.337118440008922, 32.101391344506304 ], [ 35.336277198551244, 32.101170156398581 ], [ 35.335943142022003, 32.100819931293067 ], [ 35.335652065974585, 32.100311283134666 ], [ 35.335266752623731, 32.099766096266457 ], [ 35.335210462732654, 32.097553376121155 ], [ 35.334965970673444, 32.097084131504694 ], [ 35.333882384450419, 32.096470896094402 ], [ 35.333227077528747, 32.096246115542968 ], [ 35.332059920958621, 32.096227006818509 ], [ 35.330718922882951, 32.095097162088074 ], [ 35.330010506524296, 32.093667393908255 ], [ 35.329621232396008, 32.092964378931832 ], [ 35.32962545812358, 32.091329870359587 ], [ 35.329995166275147, 32.091286669062789 ], [ 35.330346702803141, 32.091028181040862 ], [ 35.330874108836667, 32.090596484522081 ], [ 35.331318397769522, 32.090387499915764 ], [ 35.333776350100592, 32.090529864460521 ], [ 35.334461819058177, 32.089991466854862 ], [ 35.334747948069399, 32.089375133513599 ], [ 35.33598672939263, 32.088385259095311 ], [ 35.337544022196411, 32.08677618051771 ], [ 35.337827266036612, 32.08601781007836 ], [ 35.337336416425849, 32.085593918186071 ], [ 35.337134393849411, 32.084835493783316 ], [ 35.340460951972396, 32.083191822523375 ], [ 35.34240753231613, 32.081383305544009 ], [ 35.342743892287565, 32.081205961086077 ], [ 35.342501861937258, 32.080279065135713 ], [ 35.341138176739513, 32.079402419236196 ], [ 35.339913187949819, 32.078403867597636 ], [ 35.338900801694329, 32.077462004383477 ], [ 35.337471755557488, 32.076766874641073 ], [ 35.336448712275917, 32.075403975875709 ], [ 35.335424785143324, 32.073980198056098 ], [ 35.334983079566989, 32.073266542651545 ], [ 35.333279193870595, 32.072878822962387 ], [ 35.332276702497154, 32.072295360574834 ], [ 35.331623217731959, 32.071585852119412 ], [ 35.331105270244301, 32.070634973639891 ], [ 35.330578975661048, 32.069381998619207 ], [ 35.330343512955643, 32.068425762464713 ], [ 35.330073845832594, 32.067864660335459 ], [ 35.329351562553796, 32.067391366434123 ], [ 35.328895123859056, 32.067347852940969 ], [ 35.328295200947913, 32.067290951172417 ], [ 35.32744700925825, 32.067067455021331 ], [ 35.326943174179981, 32.066596753141944 ], [ 35.326648421157195, 32.066065539878082 ], [ 35.326263757082017, 32.065486504275356 ], [ 35.325915797155844, 32.065256315915398 ], [ 35.325156344481222, 32.065301568167023 ], [ 35.324848259770725, 32.065318770084495 ], [ 35.323597799054127, 32.065832850764018 ], [ 35.32264485826321, 32.067128952686893 ], [ 35.321296188569654, 32.066957171152332 ], [ 35.319890500503625, 32.066442179867344 ], [ 35.319563557093538, 32.066335388717377 ], [ 35.319891968274334, 32.064976754449376 ], [ 35.320022156619331, 32.064552789946816 ], [ 35.319505402215789, 32.064162668368141 ], [ 35.318861309569094, 32.063694315869 ], [ 35.317802041953527, 32.063474890789962 ], [ 35.317100143234164, 32.063487916636603 ], [ 35.315972287800477, 32.063329972334699 ], [ 35.315265042839073, 32.063162632754882 ], [ 35.313793739881284, 32.063189837992674 ], [ 35.313245027450471, 32.063450141510543 ], [ 35.312886299462598, 32.063875985876173 ], [ 35.312295802170567, 32.063927216203503 ], [ 35.310679547156433, 32.063821493151949 ], [ 35.309483249802213, 32.064001159795176 ], [ 35.308137842349865, 32.064165155790839 ], [ 35.306521374212075, 32.064611732270251 ], [ 35.305662865100501, 32.064715564487848 ], [ 35.304900057997052, 32.064573574597631 ], [ 35.304463296229542, 32.064493885463058 ], [ 35.303432247373479, 32.064794543764812 ], [ 35.302445613243243, 32.065786163335616 ], [ 35.301620621773871, 32.066617581779099 ], [ 35.30025243452679, 32.066567897769396 ], [ 35.299584640728547, 32.066623072694846 ], [ 35.298367172710954, 32.06735500250219 ], [ 35.297377326084401, 32.067215390047508 ], [ 35.295830250354108, 32.06699557476707 ], [ 35.295416341478841, 32.066937255740029 ], [ 35.294846511839125, 32.06733783725376 ], [ 35.293041413769721, 32.0686083954159 ], [ 35.291478930909477, 32.069605966923419 ], [ 35.290006956648654, 32.07080748997614 ], [ 35.288768828899585, 32.071170167224473 ], [ 35.288450196765389, 32.071263940615204 ], [ 35.288120566871399, 32.071819892444573 ], [ 35.287601409869751, 32.072692724799609 ], [ 35.286758801740994, 32.074766848596234 ], [ 35.285598050807465, 32.076807916612985 ], [ 35.284920249700697, 32.078190918464479 ], [ 35.283615257787154, 32.080606304951736 ], [ 35.282486227587846, 32.082750465964082 ], [ 35.281532392878276, 32.084866892158907 ], [ 35.280880811928597, 32.085683413552161 ], [ 35.280398821786335, 32.086645808251504 ], [ 35.278090845339555, 32.089602810499741 ], [ 35.277646596378808, 32.090216853360502 ], [ 35.277681498442838, 32.091226281458418 ], [ 35.277865862370874, 32.091611128942525 ], [ 35.277591081631023, 32.09179390173589 ], [ 35.276653400077578, 32.092403716072717 ], [ 35.276056081866571, 32.092671776085346 ], [ 35.275334707894089, 32.092625965046054 ], [ 35.274472085999221, 32.092501884573835 ], [ 35.273547305268529, 32.092696278924372 ], [ 35.272658489817097, 32.093404670889555 ], [ 35.271822279673152, 32.094314805393019 ], [ 35.269567971141583, 32.096118449531417 ], [ 35.267848546889567, 32.097413962742557 ], [ 35.267617735027684, 32.097801286571055 ], [ 35.267909299133606, 32.098614447400941 ], [ 35.268009489970147, 32.099395013630698 ], [ 35.26794812481284, 32.100180733442315 ], [ 35.267722207418188, 32.100953572200964 ], [ 35.267932211024743, 32.103017449923669 ], [ 35.267917894713939, 32.103619405018705 ], [ 35.268732105038254, 32.10373791821366 ], [ 35.269776250546478, 32.104084574425173 ], [ 35.270737407124038, 32.104576679852933 ], [ 35.27160720260072, 32.104854086672177 ], [ 35.272736238990078, 32.105125148049666 ], [ 35.274031486371896, 32.105176295709661 ], [ 35.2762747291249, 32.105135588991551 ], [ 35.277056585419949, 32.105340301059201 ], [ 35.278046390689653, 32.105573068606404 ], [ 35.278015641537436, 32.106038074113805 ], [ 35.278230781449622, 32.106570571027589 ], [ 35.27894759160592, 32.107993858350923 ] ] ] ] } },
{ "type": "Feature", "properties": { "Area": 773862.51367100002 }, "geometry": { "type": "MultiPolygon", "coordinates": [ [ [ [ 35.263635697337072, 32.10977228017223 ], [ 35.265729777074306, 32.110792564636121 ], [ 35.267145300418186, 32.112065654465475 ], [ 35.268675863240823, 32.113485774859384 ], [ 35.269588691595125, 32.113868570309315 ], [ 35.271154594617578, 32.113479419830767 ], [ 35.272163989361204, 32.112789575516118 ], [ 35.273210390361534, 32.112015723484916 ], [ 35.27366805310043, 32.111666592661244 ], [ 35.274936527951759, 32.111012655841989 ], [ 35.276491418228183, 32.110394051660123 ], [ 35.277063447160089, 32.109614800501006 ], [ 35.277269932800834, 32.108835757535935 ], [ 35.276390376566766, 32.108003792156126 ], [ 35.276474580690298, 32.107506066737976 ], [ 35.276455907926142, 32.107127887509144 ], [ 35.276623238775791, 32.10666055015129 ], [ 35.275552473822145, 32.106641429519982 ], [ 35.274904902438053, 32.10669815382051 ], [ 35.27455917470219, 32.106825724235819 ], [ 35.273820318368294, 32.107231375101478 ], [ 35.273546169247034, 32.10744626478089 ], [ 35.272448585863096, 32.107438968603731 ], [ 35.271632677844046, 32.107088268334209 ], [ 35.270267682769436, 32.10630780646968 ], [ 35.268661717183512, 32.105581559938507 ], [ 35.2667574602442, 32.104841913246517 ], [ 35.265636907520751, 32.104352672902237 ], [ 35.264686906221826, 32.104416817922591 ], [ 35.264770600751383, 32.10531744524183 ], [ 35.26492383315891, 32.106480123107431 ], [ 35.264825535973706, 32.107541469006492 ], [ 35.26416019543371, 32.108295346331026 ], [ 35.263002142202978, 32.109269824909454 ], [ 35.263635697337072, 32.10977228017223 ] ] ] ] } },
{ "type": "Feature", "properties": { "Area": 547963.63379 }, "geometry": { "type": "MultiPolygon", "coordinates": [ [ [ [ 35.057233939262723, 32.109606510017244 ], [ 35.055904238945004, 32.108171671133924 ], [ 35.053579130763573, 32.107052955020734 ], [ 35.051846658904886, 32.106075252866653 ], [ 35.050955512951028, 32.105790111570379 ], [ 35.048774245691313, 32.105825212780424 ], [ 35.047067103250008, 32.105952172802255 ], [ 35.045364816945295, 32.106331054291033 ], [ 35.044255915116153, 32.10685213326569 ], [ 35.043173852945579, 32.108578820621737 ], [ 35.043827518378968, 32.108818062442992 ], [ 35.045835593660186, 32.108936698224184 ], [ 35.047196602411915, 32.109115371657225 ], [ 35.048144556877723, 32.109300848597201 ], [ 35.048621587701881, 32.109546047457151 ], [ 35.04910804520717, 32.110189735605836 ], [ 35.049478448426513, 32.110936422417936 ], [ 35.050206537839721, 32.111831212541105 ], [ 35.050639118930533, 32.112728458037367 ], [ 35.051290270224776, 32.112817171675253 ], [ 35.052230245763475, 32.112650909452341 ], [ 35.052699444097456, 32.11254382092126 ], [ 35.053095051263895, 32.111784534259385 ], [ 35.053910511434708, 32.111318264746231 ], [ 35.054609161161373, 32.110905395753392 ], [ 35.05519283128465, 32.110643437696481 ], [ 35.056310833471635, 32.110525826033921 ], [ 35.056780515602888, 32.11041703202244 ], [ 35.057485946097806, 32.110306255476004 ], [ 35.057233939262723, 32.109606510017244 ] ] ] ] } },
{ "type": "Feature", "properties": { "Area": 953864.23242200003 }, "geometry": { "type": "MultiPolygon", "coordinates": [ [ [ [ 35.090680819091233, 32.111110317581755 ], [ 35.09167051193613, 32.110830519312259 ], [ 35.092098202408955, 32.11050569016416 ], [ 35.093012872465835, 32.109694320479292 ], [ 35.093000768314532, 32.109164506313931 ], [ 35.09415591143042, 32.10797965880591 ], [ 35.095066917886534, 32.1070110204573 ], [ 35.096235227245458, 32.106407821834509 ], [ 35.097157060709385, 32.105916564506259 ], [ 35.097828805961655, 32.105375491578464 ], [ 35.098002147843431, 32.104788907645911 ], [ 35.097918164423078, 32.103836317137819 ], [ 35.097834182062506, 32.102884290055215 ], [ 35.097490361226356, 32.101460292545688 ], [ 35.096839628342643, 32.100197229345909 ], [ 35.096196748724871, 32.099308414098829 ], [ 35.095307008997167, 32.098475181678822 ], [ 35.094073600674903, 32.098919374622845 ], [ 35.092650274191456, 32.099260808964452 ], [ 35.09184574258687, 32.099432001263231 ], [ 35.091044652028934, 32.099763260061621 ], [ 35.090363337109764, 32.099880445451987 ], [ 35.090182736111053, 32.100149693851314 ], [ 35.090021439058219, 32.101266082533691 ], [ 35.089786903668404, 32.101905580867005 ], [ 35.089864842504241, 32.102592142203264 ], [ 35.089750088857166, 32.103018136110805 ], [ 35.089007594736117, 32.103190493607144 ], [ 35.088205371582553, 32.103467061897049 ], [ 35.086901746520617, 32.103594928574331 ], [ 35.085987084271324, 32.104405691302574 ], [ 35.085750828003114, 32.104939783038759 ], [ 35.08631741464427, 32.105248049638469 ], [ 35.087502693148977, 32.105386109029162 ], [ 35.087817955675284, 32.105593248533737 ], [ 35.087891182689901, 32.10607013931466 ], [ 35.087720787261645, 32.10676041816879 ], [ 35.0872361408911, 32.10735233636693 ], [ 35.086814993609913, 32.107995037489935 ], [ 35.086515395703294, 32.108476091166018 ], [ 35.086523858154379, 32.108847525134472 ], [ 35.087158672845391, 32.10941906218131 ], [ 35.088292738856254, 32.110038398819803 ], [ 35.089177826088616, 32.110659753475545 ], [ 35.090680819091233, 32.111110317581755 ] ] ] ] } },
{ "type": "Feature", "properties": { "Area": 1193881.4599599999 }, "geometry": { "type": "MultiPolygon", "coordinates": [ [ [ [ 35.046470114785215, 32.093563036937326 ], [ 35.045470866896672, 32.093558405553992 ], [ 35.042722438096071, 32.092770929958306 ], [ 35.040383989758986, 32.092664217615031 ], [ 35.038001890687582, 32.09244355320611 ], [ 35.035677049044089, 32.09133521607054 ], [ 35.034507817607867, 32.092057907401376 ], [ 35.033158177320331, 32.092588712737772 ], [ 35.03143076830397, 32.093137587901928 ], [ 35.03106585850815, 32.094155553194241 ], [ 35.031278853717168, 32.095577297606063 ], [ 35.031869606469471, 32.096990538478579 ], [ 35.032041775817021, 32.09839024417704 ], [ 35.033374004253858, 32.099613416701771 ], [ 35.03394705583549, 32.099893181513742 ], [ 35.034888874466496, 32.099749594773975 ], [ 35.035893031768026, 32.099550849103693 ], [ 35.036832146138828, 32.099343555115475 ], [ 35.037937799381325, 32.09921763454971 ], [ 35.038770004334182, 32.099267760476657 ], [ 35.040443654256627, 32.099756906446935 ], [ 35.042002828707545, 32.100214320809734 ], [ 35.043638001029542, 32.10067068521213 ], [ 35.047328041341494, 32.101769866750189 ], [ 35.048343892173158, 32.101798176189476 ], [ 35.048658552258374, 32.100740083153113 ], [ 35.047801995735121, 32.100010265003768 ], [ 35.047530207318083, 32.098934539480993 ], [ 35.047353093780458, 32.098350972016753 ], [ 35.047315582560699, 32.097442931549516 ], [ 35.04659069856838, 32.096595471241962 ], [ 35.045702588727714, 32.095670022554934 ], [ 35.045923179517025, 32.094838956930637 ], [ 35.046470114785215, 32.093563036937326 ] ] ] ] } },
{ "type": "Feature", "properties": { "Area": 90964.779785899998 }, "geometry": { "type": "MultiPolygon", "coordinates": [ [ [ [ 35.17100825270969, 32.093632840135029 ], [ 35.169786524463859, 32.093653929911092 ], [ 35.167778341217115, 32.093404244169399 ], [ 35.165094005648008, 32.092786836658213 ], [ 35.163406717761369, 32.091604948760285 ], [ 35.163434714106501, 32.091922841046511 ], [ 35.1642673677689, 32.093227330414386 ], [ 35.165481400298503, 32.094169522496976 ], [ 35.166738990373467, 32.094709289321642 ], [ 35.168027510886439, 32.094926096832125 ], [ 35.169151213302499, 32.095041957060673 ], [ 35.170093933565987, 32.094448721339823 ], [ 35.17100825270969, 32.093632840135029 ] ] ] ] } },
{ "type": "Feature", "properties": { "Area": 93219391.439899996 }, "geometry": { "type": "MultiPolygon", "coordinates": [ [ [ [ 35.17100825270969, 32.093632840135029 ], [ 35.17224274457103, 32.093557634045304 ], [ 35.173887076181529, 32.093454897778997 ], [ 35.17548299534657, 32.093069190553479 ], [ 35.17600459678571, 32.092392397663474 ], [ 35.176823126634332, 32.091731448961575 ], [ 35.177893963531986, 32.091401958156169 ], [ 35.179316707119725, 32.091591625057504 ], [ 35.180874358037428, 32.091767774149197 ], [ 35.182429719250685, 32.091853724042963 ], [ 35.183802786867346, 32.092206218910853 ], [ 35.184723229197559, 32.092267236443675 ], [ 35.185614156750873, 32.091780401577608 ], [ 35.18665065628732, 32.091679098894524 ], [ 35.187597425936062, 32.090763340832915 ], [ 35.189172593112616, 32.090124955123557 ], [ 35.190966274556821, 32.089099927712915 ], [ 35.192268968465264, 32.088362276485555 ], [ 35.192752893329718, 32.08733032787336 ], [ 35.192696307677082, 32.087180398886275 ], [ 35.193079035939647, 32.086632591855491 ], [ 35.193743625710347, 32.086044226751241 ], [ 35.19431978497061, 32.085828969766581 ], [ 35.195178332654208, 32.085268229881528 ], [ 35.195132465064638, 32.083846204558569 ], [ 35.195969083934536, 32.082122702001044 ], [ 35.19682628829878, 32.081253648341558 ], [ 35.198072692544777, 32.080911597037236 ], [ 35.198947695112594, 32.080790458561211 ], [ 35.200203499149879, 32.080874486270787 ], [ 35.201575002767854, 32.080530713697655 ], [ 35.203188955107045, 32.079862281454261 ], [ 35.204683561792706, 32.0794102604982 ], [ 35.206696339875535, 32.079695433622568 ], [ 35.208221762244385, 32.080523360178006 ], [ 35.20960268812351, 32.080605036399291 ], [ 35.209815969213629, 32.079809754206416 ], [ 35.210597911051195, 32.079313729304211 ], [ 35.211725490241299, 32.079956763953412 ], [ 35.212523594321453, 32.080795387526187 ], [ 35.213208998067579, 32.081541015935287 ], [ 35.214016933704301, 32.082757820663588 ], [ 35.214931454005168, 32.083783542812846 ], [ 35.215948064342911, 32.084428803095683 ], [ 35.217282202837445, 32.084405002232749 ], [ 35.218289676382483, 32.084671489646787 ], [ 35.219176937332101, 32.084561482664739 ], [ 35.220286469739179, 32.084447496419756 ], [ 35.221386826398081, 32.083954183080763 ], [ 35.222833400954421, 32.083437701673056 ], [ 35.22318776302928, 32.083526138504858 ], [ 35.224690240881714, 32.083668503497158 ], [ 35.225933362434731, 32.083746078318569 ], [ 35.227409418316462, 32.083431316871376 ], [ 35.22968406475767, 32.082685772918246 ], [ 35.231393659966706, 32.082527041926667 ], [ 35.233381891606527, 32.082692871626442 ], [ 35.2356145996376, 32.082921735957044 ], [ 35.237141229327577, 32.083005330508158 ], [ 35.239589485049599, 32.083351866202626 ], [ 35.240031581397254, 32.08259085082684 ], [ 35.238752380154224, 32.081175381532368 ], [ 35.238441859171886, 32.081058795240935 ], [ 35.237225603754965, 32.080600326483811 ], [ 35.23567068669513, 32.079951425205579 ], [ 35.234416485820553, 32.079262980206373 ], [ 35.233067956005549, 32.078524945182693 ], [ 35.232467381170792, 32.078005981963166 ], [ 35.232105674250491, 32.077667323537661 ], [ 35.231442357725932, 32.077042971384635 ], [ 35.230695785987599, 32.076341416491921 ], [ 35.230266016172521, 32.075791971376638 ], [ 35.229976753698239, 32.075249259958042 ], [ 35.229879506941437, 32.074872214907202 ], [ 35.229572864090628, 32.073691483184952 ], [ 35.229421432201264, 32.073040526959311 ], [ 35.229260227919475, 32.072348991437295 ], [ 35.22942254141725, 32.071644992412885 ], [ 35.229502376073448, 32.071302856486426 ], [ 35.22962850888176, 32.070829386736399 ], [ 35.229921010155827, 32.069983327485161 ], [ 35.230155996434675, 32.069411200803657 ], [ 35.230315408971045, 32.069025085308702 ], [ 35.230328225743783, 32.0687043801558 ], [ 35.230345485630707, 32.068296312219061 ], [ 35.230572978093981, 32.067582152662872 ], [ 35.230026971109531, 32.067803768870732 ], [ 35.229260555449152, 32.068055861901364 ], [ 35.228417623316119, 32.06807067873342 ], [ 35.227638157675813, 32.067784502626566 ], [ 35.226365734295278, 32.067448809133417 ], [ 35.224806335262471, 32.06687868138507 ], [ 35.22373123045999, 32.066000158506974 ], [ 35.223004602607141, 32.064995887276389 ], [ 35.221035958188018, 32.062038818975346 ], [ 35.220229234685284, 32.060616331514176 ], [ 35.219572181128534, 32.059610903773446 ], [ 35.218838322015337, 32.058307323203579 ], [ 35.218805180240807, 32.056932643522366 ], [ 35.218985824048495, 32.055673482441442 ], [ 35.219511554924232, 32.054169666421515 ], [ 35.219964791936135, 32.052605548778324 ], [ 35.220341360605509, 32.050743844033278 ], [ 35.221051975263137, 32.048158397541357 ], [ 35.221703249242935, 32.046054855133029 ], [ 35.222999291586149, 32.04447651611094 ], [ 35.224452095525599, 32.043553637101724 ], [ 35.227239738282613, 32.042668270843819 ], [ 35.23002464655751, 32.041661100252071 ], [ 35.233443094590889, 32.040703323989121 ], [ 35.235050439532195, 32.040374914431155 ], [ 35.237718254603081, 32.040328023890034 ], [ 35.240107702676326, 32.040405153947148 ], [ 35.241514859519235, 32.040502257316227 ], [ 35.243203928237278, 32.040650549175048 ], [ 35.245592039510328, 32.040668959038058 ], [ 35.248548171451816, 32.040914269182821 ], [ 35.250760519042615, 32.041087076649276 ], [ 35.251675165458813, 32.040436876619765 ], [ 35.253334847622249, 32.039735658086123 ], [ 35.253907632882353, 32.03896777519082 ], [ 35.254762295931442, 32.037609096318874 ], [ 35.254918190277245, 32.035924351330628 ], [ 35.255782472778137, 32.03498443657616 ], [ 35.256544086735339, 32.033879415102 ], [ 35.255630397548529, 32.032802130976634 ], [ 35.257745400557006, 32.03058000058369 ], [ 35.25649824373297, 32.027995719832397 ], [ 35.255755460490512, 32.026597660616353 ], [ 35.25547766728441, 32.024956486333835 ], [ 35.255562908217186, 32.023577816089329 ], [ 35.256038194965932, 32.021993262709067 ], [ 35.256356688403173, 32.021604228647242 ], [ 35.25605710192378, 32.021496697898804 ], [ 35.254623171341159, 32.020324925486207 ], [ 35.252832939355947, 32.018979111770037 ], [ 35.252608108387591, 32.018847871824583 ], [ 35.252408308888064, 32.017875123494967 ], [ 35.251887722600642, 32.01668718878198 ], [ 35.251368503870189, 32.015560123184358 ], [ 35.250573372025215, 32.014618590145702 ], [ 35.24970899201341, 32.01373625784862 ], [ 35.247705873646588, 32.012216284513514 ], [ 35.24556528542491, 32.01081806791283 ], [ 35.24393088497002, 32.010010342410453 ], [ 35.24137710439701, 32.008917106617858 ], [ 35.239536133927736, 32.008293127723121 ], [ 35.238057162347872, 32.00807822205801 ], [ 35.234887406544935, 32.007656300885934 ], [ 35.232068916933791, 32.007227460770189 ], [ 35.229817557344148, 32.007028406794674 ], [ 35.227919623723182, 32.006941973879634 ], [ 35.225523874654648, 32.00656476318828 ], [ 35.223475551026837, 32.006061765860707 ], [ 35.219794487295495, 32.004812133695964 ], [ 35.217952908892556, 32.004125278207184 ], [ 35.216678573827274, 32.003669430821851 ], [ 35.215401929060548, 32.003152698687117 ], [ 35.214347922864036, 32.003112767985016 ], [ 35.212877559577379, 32.003257727923163 ], [ 35.212252691364966, 32.003566074154023 ], [ 35.211837822254246, 32.003812405773239 ], [ 35.212310478793299, 32.004458297845012 ], [ 35.211407622117157, 32.004712548365269 ], [ 35.210842437774218, 32.005058647512733 ], [ 35.210336455683972, 32.00550281307126 ], [ 35.209891496622575, 32.006087317933158 ], [ 35.209518997017867, 32.007298011608938 ], [ 35.20936723712785, 32.008168826460214 ], [ 35.208864212058089, 32.008707112060172 ], [ 35.207716878927712, 32.008727437994594 ], [ 35.207078544264277, 32.008449583412499 ], [ 35.206258466433809, 32.007828477571131 ], [ 35.205355558209853, 32.007909650394261 ], [ 35.203919667290712, 32.007839763004405 ], [ 35.20399672955412, 32.007657710682736 ], [ 35.203336595445791, 32.006474646781136 ], [ 35.202732216605511, 32.004690186177946 ], [ 35.202216640677854, 32.003682406843311 ], [ 35.201427893717216, 32.002976725236948 ], [ 35.200218650291376, 32.002341479358144 ], [ 35.199015858647783, 32.001942947110521 ], [ 35.198034622610038, 32.002018991888228 ], [ 35.197131575496968, 32.002394885152349 ], [ 35.196293357802311, 32.002587596129146 ], [ 35.195316559571268, 32.002843981996165 ], [ 35.194491835370677, 32.003577203850135 ], [ 35.193668083321576, 32.004369601551033 ], [ 35.192562380132621, 32.005105604770499 ], [ 35.191382270298348, 32.00566461068945 ], [ 35.190616266151025, 32.005917036266425 ], [ 35.190230842022146, 32.006728621623822 ], [ 35.188214088682514, 32.008325708742014 ], [ 35.187599411253856, 32.009240400663401 ], [ 35.18723513492629, 32.009053226703955 ], [ 35.186316414790284, 32.009506257756144 ], [ 35.185438454148915, 32.010339738512961 ], [ 35.184848896495289, 32.011141694562745 ], [ 35.183350222348722, 32.012833471775181 ], [ 35.181821870081968, 32.014606951839234 ], [ 35.180757866663512, 32.015691745055946 ], [ 35.180032209831396, 32.016166747472575 ], [ 35.179267588768397, 32.016371195831724 ], [ 35.178380517832288, 32.016797120904471 ], [ 35.177795913478121, 32.017844223122275 ], [ 35.176957488801293, 32.019233954408804 ], [ 35.17537310002664, 32.019655760086117 ], [ 35.174154755586329, 32.019922635712767 ], [ 35.173106547041627, 32.021290872967619 ], [ 35.173206214971501, 32.022454791400079 ], [ 35.17255063900501, 32.022797878521722 ], [ 35.171709579530656, 32.022873190845395 ], [ 35.17093918396931, 32.022834099581594 ], [ 35.170940376039361, 32.023194822387588 ], [ 35.170421206956945, 32.023174393747155 ], [ 35.169605731029264, 32.022938012190927 ], [ 35.168752669757453, 32.022817722383621 ], [ 35.167805666121808, 32.022698527029711 ], [ 35.166750991336095, 32.022583801724814 ], [ 35.165814787035863, 32.02236032335594 ], [ 35.16526615604409, 32.022015778001951 ], [ 35.164126058441184, 32.02173078852902 ], [ 35.163191006522204, 32.021552945085482 ], [ 35.162539271296204, 32.021383642989491 ], [ 35.161359971596085, 32.021142578754684 ], [ 35.160570850593658, 32.020871766620004 ], [ 35.159644982307462, 32.020546793003682 ], [ 35.158655552778619, 32.020338460934475 ], [ 35.15789605911818, 32.020707361825295 ], [ 35.157500110421722, 32.02103693904278 ], [ 35.156808538989949, 32.021170261546111 ], [ 35.156520065976203, 32.02122707952018 ], [ 35.155804765356031, 32.021502985719103 ], [ 35.155585740617582, 32.021588009598752 ], [ 35.155193179926094, 32.02205454269594 ], [ 35.154786894514046, 32.022508105709598 ], [ 35.153982113240794, 32.02215608395543 ], [ 35.153369614268151, 32.021941096410188 ], [ 35.152538526273098, 32.021623999880944 ], [ 35.151412849222524, 32.021361447191843 ], [ 35.150043092067357, 32.021605482591923 ], [ 35.149726649781698, 32.021683127389736 ], [ 35.14919830688568, 32.021813660477896 ], [ 35.148341276036376, 32.022026336347551 ], [ 35.147029792542142, 32.02241859929908 ], [ 35.145467093315311, 32.023022092992974 ], [ 35.144214338339317, 32.023607115055825 ], [ 35.142976912169665, 32.024247931341925 ], [ 35.141628388631702, 32.024789481906836 ], [ 35.140307621022806, 32.025353013616844 ], [ 35.139064987429094, 32.025802155191847 ], [ 35.137980882042704, 32.026131878425836 ], [ 35.137286075314393, 32.026301164849926 ], [ 35.136493166417601, 32.026492940113187 ], [ 35.135546489522113, 32.02638477669916 ], [ 35.134706233834741, 32.026189302328604 ], [ 35.133919232907409, 32.026003997304855 ], [ 35.132998523640381, 32.025906538238523 ], [ 35.131981814641243, 32.025687273958752 ], [ 35.13093748158731, 32.025477003584676 ], [ 35.130216694936259, 32.025240987342997 ], [ 35.129597822237379, 32.024771121294997 ], [ 35.129040389349051, 32.024214489911607 ], [ 35.128698297458655, 32.023873290883714 ], [ 35.127090132313718, 32.02388866611377 ], [ 35.125592154053187, 32.024058523700525 ], [ 35.125346682227452, 32.024084861489406 ], [ 35.124737358224323, 32.0240861711438 ], [ 35.123210907863559, 32.024086894133575 ], [ 35.121539272955431, 32.024049740873714 ], [ 35.119754415239136, 32.024113379586474 ], [ 35.117273130235134, 32.024285297007403 ], [ 35.113318810795775, 32.02461731438035 ], [ 35.111504430431417, 32.023926117216547 ], [ 35.10973834366871, 32.022298179351267 ], [ 35.107733569769159, 32.022331612309785 ], [ 35.108072238950456, 32.022702737594713 ], [ 35.108255616049973, 32.022904655765267 ], [ 35.10754110221017, 32.022912002948893 ], [ 35.106705018288437, 32.022923761557102 ], [ 35.105635326535293, 32.02330901869523 ], [ 35.104262195882171, 32.023931878792524 ], [ 35.102572967590909, 32.024857139002592 ], [ 35.101445511673809, 32.0250946436229 ], [ 35.10020429588225, 32.025588495675414 ], [ 35.099223994563268, 32.026292221858867 ], [ 35.098088193670137, 32.026715123295403 ], [ 35.096721408518675, 32.027623666043468 ], [ 35.095628175373953, 32.028113089563114 ], [ 35.094720474521608, 32.028497829385927 ], [ 35.093734875076628, 32.029007620130962 ], [ 35.093062590924006, 32.029616313482393 ], [ 35.093242222568122, 32.030849125089787 ], [ 35.093933471843449, 32.031534536784974 ], [ 35.09490052484238, 32.032454088564464 ], [ 35.095706909451678, 32.032873557590989 ], [ 35.096454990202396, 32.033648057217803 ], [ 35.096178142945966, 32.0344442269243 ], [ 35.096195354041868, 32.035140885122814 ], [ 35.09571416166736, 32.035836553425007 ], [ 35.095657125327804, 32.036788471032303 ], [ 35.095919369078636, 32.037585100909517 ], [ 35.096188345928631, 32.038146139756954 ], [ 35.096673996699828, 32.039159954787692 ], [ 35.096885997694578, 32.040071519597461 ], [ 35.096354153361141, 32.040917071556194 ], [ 35.095644732160636, 32.041675106816257 ], [ 35.094842437407522, 32.04247983880682 ], [ 35.094601315194154, 32.042555719845481 ], [ 35.09371824474556, 32.042833947296472 ], [ 35.092288744496202, 32.043387863660705 ], [ 35.091136299667468, 32.04369514318514 ], [ 35.089535960610839, 32.044447835834269 ], [ 35.088967428631598, 32.044792822552687 ], [ 35.088674219433969, 32.04497178848839 ], [ 35.088393592084557, 32.045142874481428 ], [ 35.087204184243326, 32.046127563213012 ], [ 35.08678813661993, 32.046754494049473 ], [ 35.085889490529262, 32.047515679931287 ], [ 35.085539673769354, 32.048344446563718 ], [ 35.085404591048572, 32.048664459487441 ], [ 35.08536147594954, 32.049125465152621 ], [ 35.08546870550181, 32.049619302205144 ], [ 35.085687005157453, 32.050197787079561 ], [ 35.086163994361272, 32.050830057517565 ], [ 35.087748231633377, 32.051142083009545 ], [ 35.089717203783415, 32.051139370437539 ], [ 35.091062642840122, 32.051513700750633 ], [ 35.092669075255372, 32.052100734023348 ], [ 35.093985806013613, 32.05243048154464 ], [ 35.095362030520903, 32.052964862742847 ], [ 35.094371970265037, 32.054358981033538 ], [ 35.094028723397699, 32.055683202856258 ], [ 35.093971041545757, 32.055907475590232 ], [ 35.09401574156584, 32.056849332728042 ], [ 35.094065626176096, 32.057883628784417 ], [ 35.095234558232576, 32.059160688555956 ], [ 35.097069684150298, 32.059720808307517 ], [ 35.098757334113969, 32.059767316077483 ], [ 35.100792132552129, 32.059659088656261 ], [ 35.10252204959388, 32.05978843375653 ], [ 35.104111730774811, 32.060763082216091 ], [ 35.106041687025019, 32.061849572903576 ], [ 35.107849224246408, 32.063426858258921 ], [ 35.109483203682871, 32.064563233016926 ], [ 35.110771227886559, 32.06585601915711 ], [ 35.112264892139819, 32.066239251341528 ], [ 35.113485005887362, 32.066992571429296 ], [ 35.113737624388932, 32.067389544163511 ], [ 35.112684497549715, 32.06842867387661 ], [ 35.111762605505042, 32.068777450618725 ], [ 35.110611643567239, 32.069166632283377 ], [ 35.109230982453717, 32.070039784563278 ], [ 35.10906965623245, 32.071140421675402 ], [ 35.109939073144055, 32.072451499053685 ], [ 35.11077903177064, 32.073626151436983 ], [ 35.111856819224606, 32.074635830126162 ], [ 35.113555074698134, 32.075622273620787 ], [ 35.113941895319741, 32.075886326325957 ], [ 35.114461936034296, 32.075645465430846 ], [ 35.115822616924675, 32.075277813740072 ], [ 35.117401518661481, 32.074960459940186 ], [ 35.118266930309147, 32.074707420276269 ], [ 35.11901154640978, 32.074616053461099 ], [ 35.119876760544948, 32.074389492980181 ], [ 35.120527564334829, 32.07427269155923 ], [ 35.121086779557338, 32.074235861237625 ], [ 35.121677743510226, 32.074226103132951 ], [ 35.122178396283097, 32.074350989873224 ], [ 35.122684632446635, 32.074712036727121 ], [ 35.123278602249471, 32.074862342335614 ], [ 35.123746399702156, 32.07490603997342 ], [ 35.124304976697523, 32.074844959214872 ], [ 35.125048949402895, 32.074726502557418 ], [ 35.125853393631822, 32.074525789902879 ], [ 35.126439408697863, 32.074304083854997 ], [ 35.126928388930409, 32.073953245871508 ], [ 35.127356610294036, 32.073628295768934 ], [ 35.127907831318318, 32.073247056075431 ], [ 35.128803028928779, 32.072940981636734 ], [ 35.130475015049861, 32.072621829360358 ], [ 35.131220884833368, 32.07258224491293 ], [ 35.131844229806184, 32.072626002387132 ], [ 35.132435659397302, 32.072640993836409 ], [ 35.133119946489984, 32.072629544443224 ], [ 35.134143872365463, 32.072533172817572 ], [ 35.135659819966222, 32.072162575674334 ], [ 35.136154866180739, 32.07204842746642 ], [ 35.136712921209877, 32.071987291682696 ], [ 35.137703173813414, 32.071758421551827 ], [ 35.138294120221381, 32.071748585928439 ], [ 35.138855885253975, 32.071817639880976 ], [ 35.139640078854633, 32.072095346228529 ], [ 35.140053201069577, 32.072460221634415 ], [ 35.141066256110044, 32.073236842662766 ], [ 35.141535174867734, 32.073335146761814 ], [ 35.1423793662956, 32.0735080317381 ], [ 35.143127649900869, 32.073574339765649 ], [ 35.144031954398507, 32.073692007599725 ], [ 35.144592446630178, 32.073707491200693 ], [ 35.145150358511948, 32.073618700622575 ], [ 35.145983444335499, 32.07331416660994 ], [ 35.146666924806929, 32.073275026105037 ], [ 35.147259800012442, 32.073371110934779 ], [ 35.147916686943113, 32.073520202221211 ], [ 35.148634508486708, 32.073614081745376 ], [ 35.149477905999362, 32.073757610624227 ], [ 35.1504170458009, 32.074032499165419 ], [ 35.151228855926057, 32.074151767083293 ], [ 35.15221157431268, 32.074928286156336 ], [ 35.152749042595914, 32.075291480328161 ], [ 35.153608822062061, 32.075477260178154 ], [ 35.154514771392698, 32.074758435543622 ], [ 35.156333977240891, 32.074139151874036 ], [ 35.158045584990489, 32.073535020561387 ], [ 35.15930340483709, 32.072604930483962 ], [ 35.160634308760478, 32.071745869719116 ], [ 35.162130609512992, 32.072455417197197 ], [ 35.163409005236417, 32.07349966954029 ], [ 35.16444241160567, 32.074765336167161 ], [ 35.165209348018195, 32.075392325803847 ], [ 35.165231941617748, 32.076352748376408 ], [ 35.165129422332789, 32.077314822964162 ], [ 35.165272255861787, 32.07806110533285 ], [ 35.166540679881379, 32.078679786086454 ], [ 35.167684170486616, 32.079300108827681 ], [ 35.168331095913011, 32.080144039489483 ], [ 35.167985357239914, 32.081430129992086 ], [ 35.167266353731158, 32.082831653285318 ], [ 35.166418940150933, 32.084126608924713 ], [ 35.165079292553742, 32.085013343532481 ], [ 35.165540946735575, 32.085663907269286 ], [ 35.165637996653047, 32.087477112892181 ], [ 35.164959802065646, 32.088083925697212 ], [ 35.163796063262204, 32.088881648345115 ], [ 35.16331695822403, 32.090603361956028 ], [ 35.163406717761369, 32.091604948760285 ], [ 35.165094005648008, 32.092786836658213 ], [ 35.167778341217115, 32.093404244169399 ], [ 35.169786524463859, 32.093653929911092 ], [ 35.17100825270969, 32.093632840135029 ] ] ] ] } },
{ "type": "Feature", "properties": { "Area": 22528611.163600001 }, "geometry": { "type": "MultiPolygon", "coordinates": [ [ [ [ 35.195178332654208, 32.085268229881528 ], [ 35.196509834157808, 32.08531960947451 ], [ 35.197625697779081, 32.08514269626135 ], [ 35.198248498034395, 32.085183308891239 ], [ 35.198820955544029, 32.085703559748545 ], [ 35.199887472045681, 32.086056994016126 ], [ 35.200573007345966, 32.086097033807349 ], [ 35.2014586248713, 32.086717043052168 ], [ 35.202150448660099, 32.087023104624386 ], [ 35.203277902047503, 32.087321276269584 ], [ 35.204095525041978, 32.087676927078682 ], [ 35.205426746515045, 32.088713426178771 ], [ 35.206187292062644, 32.089284367866618 ], [ 35.206699077269192, 32.089857000574305 ], [ 35.207074967651486, 32.090014807615248 ], [ 35.208831615184081, 32.090597544405348 ], [ 35.210292153221062, 32.090865205720981 ], [ 35.210833040643138, 32.090533205494076 ], [ 35.211155157405848, 32.090820636401219 ], [ 35.211637348780776, 32.091322234115111 ], [ 35.212335704955734, 32.091726873464559 ], [ 35.212697548085167, 32.091934827084366 ], [ 35.213727291864743, 32.092410453038987 ], [ 35.214554272806311, 32.092793089260432 ], [ 35.215446643606079, 32.093192059429768 ], [ 35.215789101662892, 32.093143557540138 ], [ 35.215971819865636, 32.09300488979094 ], [ 35.216295713447913, 32.092762502011325 ], [ 35.216468777457678, 32.09222478953356 ], [ 35.216709027007639, 32.091589563512599 ], [ 35.217227838175944, 32.090946981964407 ], [ 35.217523034590165, 32.090339929841932 ], [ 35.217318592165142, 32.09012915587941 ], [ 35.217105017358293, 32.089701951269376 ], [ 35.21583274946903, 32.088757440305891 ], [ 35.216425754455337, 32.088527990783106 ], [ 35.216905254068166, 32.088587124767393 ], [ 35.218627689244975, 32.089260472537504 ], [ 35.219884288091457, 32.089338105114237 ], [ 35.220397730073465, 32.089428220983145 ], [ 35.221452974833355, 32.090793741717256 ], [ 35.222336195640132, 32.091747833202859 ], [ 35.222572821405713, 32.092248860127654 ], [ 35.223077733068465, 32.092623032175631 ], [ 35.223777916127752, 32.09277115975646 ], [ 35.224303865746471, 32.09242332296796 ], [ 35.224887463335833, 32.091563141541393 ], [ 35.225385204243082, 32.090954910996501 ], [ 35.225609582552124, 32.090680389275413 ], [ 35.226572763280998, 32.090149291530849 ], [ 35.226942803045141, 32.08992884963682 ], [ 35.227826544608767, 32.090138357006218 ], [ 35.230154811940665, 32.090561749424324 ], [ 35.233561109953953, 32.090443213827534 ], [ 35.235268958420825, 32.090587096593978 ], [ 35.237820828097348, 32.091761602598055 ], [ 35.239747415296328, 32.092482516726307 ], [ 35.240827016769344, 32.09309712319385 ], [ 35.242188597638474, 32.093102360529919 ], [ 35.242615159998486, 32.093135486289263 ], [ 35.243786607334002, 32.092871352042643 ], [ 35.244589424133878, 32.091828961475912 ], [ 35.245812285703913, 32.090743030071422 ], [ 35.247098471321067, 32.089572521920068 ], [ 35.247484126967294, 32.089231963069381 ], [ 35.248984515177789, 32.089232571124654 ], [ 35.249199422893589, 32.089036918129324 ], [ 35.249583889397975, 32.087645759890073 ], [ 35.249546755569099, 32.087188674769088 ], [ 35.249223813292012, 32.086786362504633 ], [ 35.249143662693932, 32.086356909953892 ], [ 35.249044078460294, 32.085102883279824 ], [ 35.248898936732949, 32.083069944628598 ], [ 35.248418758777945, 32.081923702029954 ], [ 35.247435763803836, 32.081039714225376 ], [ 35.247016139094917, 32.080503849902755 ], [ 35.246655835392758, 32.080115633806535 ], [ 35.245446716541522, 32.079025419174471 ], [ 35.245150531462635, 32.078771320405245 ], [ 35.245346167732123, 32.077703753542821 ], [ 35.24510856289406, 32.077056226086675 ], [ 35.244376363968051, 32.076537361436678 ], [ 35.24359309574492, 32.074993275876025 ], [ 35.24319374255488, 32.074141198842909 ], [ 35.242493204729051, 32.073269484485714 ], [ 35.242860739059822, 32.073247392103866 ], [ 35.243247136967099, 32.072830192146192 ], [ 35.24369937907386, 32.072378025861219 ], [ 35.243989610878138, 32.071930981275713 ], [ 35.245579451369274, 32.070919895712549 ], [ 35.245256569748229, 32.07011401698167 ], [ 35.245303952304724, 32.069123149417884 ], [ 35.244645517895883, 32.068374866502886 ], [ 35.244477551845826, 32.067979255084943 ], [ 35.243508789873459, 32.067826815432561 ], [ 35.243271987321229, 32.067811106798622 ], [ 35.242381703176797, 32.06775219616177 ], [ 35.242056037352711, 32.067728621111172 ], [ 35.241404715283188, 32.067704013492694 ], [ 35.241260680296875, 32.067526513622909 ], [ 35.240571494665708, 32.067574620345191 ], [ 35.240819901028978, 32.067227356229786 ], [ 35.240425078723383, 32.066806441233567 ], [ 35.239103127868333, 32.066423545150521 ], [ 35.238753123843381, 32.066348678389787 ], [ 35.238339647207681, 32.066011178399755 ], [ 35.237353805292038, 32.065209963703239 ], [ 35.235905400736705, 32.063657544615076 ], [ 35.235492364309287, 32.06308725781404 ], [ 35.234741403302181, 32.061871699868348 ], [ 35.233477743350299, 32.062385458889871 ], [ 35.231519714380944, 32.06271110490804 ], [ 35.230705124986201, 32.06272085825448 ], [ 35.230141392485649, 32.063355616171989 ], [ 35.23099748693582, 32.06437503750216 ], [ 35.2306013399945, 32.064330593639944 ], [ 35.230325968800003, 32.064224688734292 ], [ 35.229156369195323, 32.063379484705905 ], [ 35.228052796774946, 32.062474513165029 ], [ 35.227220452581882, 32.061610064360067 ], [ 35.225912505563137, 32.061121066216408 ], [ 35.225220055156818, 32.060458921845999 ], [ 35.224261803482122, 32.05942538624651 ], [ 35.224111996819083, 32.058352266243439 ], [ 35.224163549063341, 32.057253187846108 ], [ 35.224509367538751, 32.056559873572454 ], [ 35.225389436271925, 32.055157429371611 ], [ 35.224661885978165, 32.05416500220818 ], [ 35.224090934432894, 32.053489304414526 ], [ 35.223573764376958, 32.052824304748896 ], [ 35.223799853450963, 32.051663763737579 ], [ 35.224349886012696, 32.050542625385624 ], [ 35.224944775660639, 32.049580419880208 ], [ 35.226048300643413, 32.048963628705771 ], [ 35.227433540491262, 32.048283087171896 ], [ 35.228613062873052, 32.04801909004054 ], [ 35.229898261932817, 32.047637826353011 ], [ 35.231666674669519, 32.047180920603722 ], [ 35.23304113194726, 32.046626572352302 ], [ 35.234317250057259, 32.046417172031724 ], [ 35.236159818708252, 32.046208745453058 ], [ 35.238028678240234, 32.045986194448204 ], [ 35.239754669270539, 32.045964870607897 ], [ 35.241347510331686, 32.04601119737157 ], [ 35.242745867404871, 32.045823657962096 ], [ 35.244853975677437, 32.044967980737241 ], [ 35.245522095807907, 32.044440210938653 ], [ 35.246393089417367, 32.044769647171478 ], [ 35.247019856944554, 32.04499037975247 ], [ 35.248232877648249, 32.04544932203985 ], [ 35.249436470457304, 32.045549789358148 ], [ 35.25140848850193, 32.045273459878253 ], [ 35.253316104038724, 32.04523948414792 ], [ 35.254484917059607, 32.045568185832032 ], [ 35.255364938166352, 32.045989991575354 ], [ 35.257256478119217, 32.045595805480943 ], [ 35.258863385442332, 32.045086733876381 ], [ 35.259476934999313, 32.045005870153162 ], [ 35.260576676494864, 32.045164330360123 ], [ 35.270316440455922, 32.033311066282572 ], [ 35.270596901882939, 32.031590164071098 ], [ 35.271208518257239, 32.027845661297299 ], [ 35.270768441203536, 32.027015104146443 ], [ 35.268410155187496, 32.026094220290702 ], [ 35.267332785766989, 32.025926798233549 ], [ 35.266692490624294, 32.025637972929758 ], [ 35.265424509536366, 32.025599699076785 ], [ 35.264737999158932, 32.025445593350213 ], [ 35.265539088349279, 32.025036578917394 ], [ 35.263620685751455, 32.023328003437612 ], [ 35.263487080523319, 32.022608875388237 ], [ 35.264412344404825, 32.021920250055828 ], [ 35.264570536084761, 32.021277074485582 ], [ 35.263615309685711, 32.019856051686361 ], [ 35.261650939524301, 32.019527794258629 ], [ 35.260606266071761, 32.017776501951076 ], [ 35.260487182692366, 32.015866978342657 ], [ 35.260408081181311, 32.01442750348977 ], [ 35.259753033816288, 32.013638709579759 ], [ 35.258660446232234, 32.012630284513335 ], [ 35.257959111291683, 32.012108097794318 ], [ 35.256508608317169, 32.011827450713952 ], [ 35.255265771646776, 32.011750174298378 ], [ 35.254346228582911, 32.011642886426863 ], [ 35.253781184383278, 32.010178233487721 ], [ 35.253146432135644, 32.009139145221646 ], [ 35.253182123982249, 32.008461648097899 ], [ 35.252385822208396, 32.007414163305313 ], [ 35.252126786697374, 32.006320818263681 ], [ 35.251462592076166, 32.005178023986488 ], [ 35.250965536651854, 32.004248780747396 ], [ 35.250457441748871, 32.00337872064199 ], [ 35.249178759905554, 32.002454260550635 ], [ 35.248734105985299, 32.00209932938079 ], [ 35.248999630479091, 32.001675385984008 ], [ 35.248411497070727, 32.000723055323853 ], [ 35.247587863045588, 31.999312570208563 ], [ 35.246967071713321, 31.999188217580375 ], [ 35.246193366311168, 31.999141129827667 ], [ 35.245070632720179, 31.99916122182244 ], [ 35.244373590547667, 31.99935364154539 ], [ 35.243471445347019, 31.999789045715239 ], [ 35.242364681974777, 32.000464611611953 ], [ 35.241360970896586, 32.001269209265878 ], [ 35.24045938319648, 32.001945825713122 ], [ 35.239630751523173, 32.00274303241622 ], [ 35.238587070350519, 32.002914661723487 ], [ 35.237656856238175, 32.003181506327124 ], [ 35.236398373879403, 32.003381918919722 ], [ 35.23513703559734, 32.003464520913127 ], [ 35.234021453742898, 32.003784364906977 ], [ 35.233157518624694, 32.004022979468139 ], [ 35.231683671901244, 32.004080231749825 ], [ 35.230725700544532, 32.003962071769685 ], [ 35.228891247787068, 32.003574661379531 ], [ 35.227337259231007, 32.003182664981267 ], [ 35.225778777854146, 32.002612542967775 ], [ 35.224425636665586, 32.001797753730848 ], [ 35.22307319351453, 32.001045512877695 ], [ 35.222279975736043, 32.000162417527712 ], [ 35.220919572061895, 31.999047176243586 ], [ 35.220396667055432, 31.99774187359861 ], [ 35.22021831868382, 31.996189655509859 ], [ 35.220606310440786, 31.994807582386866 ], [ 35.220743562890839, 31.99396831750602 ], [ 35.219854664071633, 31.992896965329294 ], [ 35.21862969782994, 31.992127187846144 ], [ 35.215685535265735, 31.991128164950737 ], [ 35.212447588589008, 31.991500408743665 ], [ 35.2101335210507, 31.991698369265144 ], [ 35.209195718194259, 31.991698971856081 ], [ 35.206927770519485, 31.991975216965727 ], [ 35.20553164203934, 31.991841656459943 ], [ 35.203708780455791, 31.991318609474927 ], [ 35.20323145557083, 31.990772446806542 ], [ 35.202895345042812, 31.989522307814298 ], [ 35.20246630833531, 31.989144104997965 ], [ 35.200676774909773, 31.987991437768546 ], [ 35.198720419346103, 31.987628949983026 ], [ 35.197637898570562, 31.988912287106082 ], [ 35.197134116100777, 31.99113522338941 ], [ 35.196331869146022, 31.993333902123471 ], [ 35.194484420867084, 31.994103128366699 ], [ 35.19455416169226, 31.994422149217808 ], [ 35.194494096693077, 31.994842613614821 ], [ 35.194226674450114, 31.995385933156189 ], [ 35.193952662455693, 31.995688580956745 ], [ 35.193677994155827, 31.995932046804729 ], [ 35.193331239927168, 31.99611857902115 ], [ 35.192565320559709, 31.996370453136112 ], [ 35.192146974803691, 31.996497230492569 ], [ 35.191914651017903, 31.996573861713149 ], [ 35.191380552930468, 31.996749661022672 ], [ 35.190686044580929, 31.997061839613163 ], [ 35.190411528907497, 31.99730529835195 ], [ 35.189934401418789, 31.997913402933875 ], [ 35.189526064118951, 31.998457259794296 ], [ 35.189326571575414, 31.998940831739674 ], [ 35.18892020024095, 31.99954499531292 ], [ 35.188574735550745, 31.999790132200918 ], [ 35.187954737997657, 32.000278721442328 ], [ 35.187617800761338, 32.000884580583062 ], [ 35.18735458675696, 32.001605993013371 ], [ 35.186946217430283, 32.002152095766178 ], [ 35.186324553253833, 32.002582059027695 ], [ 35.185629488309743, 32.002891391406699 ], [ 35.184742119980911, 32.003132491008678 ], [ 35.184492840651529, 32.004280004135914 ], [ 35.183707755323404, 32.004787146070207 ], [ 35.183157334235865, 32.005197941784047 ], [ 35.182097505378579, 32.005946824852195 ], [ 35.181204900700507, 32.006471404757939 ], [ 35.180221546414202, 32.006817853889039 ], [ 35.179581507977076, 32.007083200218794 ], [ 35.179029255443616, 32.00742239645831 ], [ 35.178445270051022, 32.008271105529346 ], [ 35.177027304966778, 32.008029010209519 ], [ 35.176912125891818, 32.008306291383889 ], [ 35.176644395482128, 32.008849572609392 ], [ 35.176101410017296, 32.009636843970334 ], [ 35.175758812912747, 32.010001435763343 ], [ 35.175350172415506, 32.010546936742998 ], [ 35.174589794515086, 32.011038245731285 ], [ 35.173825975297007, 32.011410059746829 ], [ 35.173135536447475, 32.011899685889226 ], [ 35.172592502995585, 32.012686941821642 ], [ 35.172324734355065, 32.013230213530562 ], [ 35.171849038018081, 32.013896866358309 ], [ 35.171443290945604, 32.014562408259131 ], [ 35.170758516828975, 32.015291001622721 ], [ 35.170281331771491, 32.015899030480135 ], [ 35.169941455333912, 32.016382532735818 ], [ 35.169118678179146, 32.017233387049551 ], [ 35.168706397652826, 32.017598503566468 ], [ 35.168087639070343, 32.018148430207546 ], [ 35.167535241974349, 32.018577192786594 ], [ 35.166776219921367, 32.019128762989645 ], [ 35.166223174518727, 32.019496647637666 ], [ 35.164831846721896, 32.020059286837707 ], [ 35.163506904283288, 32.02044044356667 ], [ 35.162316689621044, 32.020580397949878 ], [ 35.161834770223706, 32.02051654707418 ], [ 35.160699473394189, 32.019586736624589 ], [ 35.159920453248361, 32.018980000859365 ], [ 35.159194458790338, 32.019197305102757 ], [ 35.158562835166443, 32.019208351034251 ], [ 35.157788210091915, 32.019101542855005 ], [ 35.157081757070635, 32.018935574324182 ], [ 35.156166886993041, 32.018829267480626 ], [ 35.155747387550356, 32.018660582147611 ], [ 35.154652064006662, 32.01889800886461 ], [ 35.151038748210198, 32.019906563826133 ], [ 35.146085487243468, 32.021223839029545 ], [ 35.142111668648134, 32.022610167878568 ], [ 35.129040389349051, 32.024214489911607 ], [ 35.129597822237379, 32.024771121294997 ], [ 35.130216694936259, 32.025240987342997 ], [ 35.13093748158731, 32.025477003584676 ], [ 35.131981814641243, 32.025687273958752 ], [ 35.132998523640381, 32.025906538238523 ], [ 35.133919232907409, 32.026003997304855 ], [ 35.134706233834741, 32.026189302328604 ], [ 35.135546489522113, 32.02638477669916 ], [ 35.136493166417601, 32.026492940113187 ], [ 35.137286075314393, 32.026301164849926 ], [ 35.137980882042704, 32.026131878425836 ], [ 35.139064987429094, 32.025802155191847 ], [ 35.140307621022806, 32.025353013616844 ], [ 35.141628388631702, 32.024789481906836 ], [ 35.142976912169665, 32.024247931341925 ], [ 35.144214338339317, 32.023607115055825 ], [ 35.145467093315311, 32.023022092992974 ], [ 35.147029792542142, 32.02241859929908 ], [ 35.148341276036376, 32.022026336347551 ], [ 35.14919830688568, 32.021813660477896 ], [ 35.149726649781698, 32.021683127389736 ], [ 35.150043092067357, 32.021605482591923 ], [ 35.151412849222524, 32.021361447191843 ], [ 35.152538526273098, 32.021623999880944 ], [ 35.153369614268151, 32.021941096410188 ], [ 35.153982113240794, 32.02215608395543 ], [ 35.154786894514046, 32.022508105709598 ], [ 35.155193179926094, 32.02205454269594 ], [ 35.155585740617582, 32.021588009598752 ], [ 35.155804765356031, 32.021502985719103 ], [ 35.156520065976203, 32.02122707952018 ], [ 35.156808538989949, 32.021170261546111 ], [ 35.157500110421722, 32.02103693904278 ], [ 35.15789605911818, 32.020707361825295 ], [ 35.158655552778619, 32.020338460934475 ], [ 35.159644982307462, 32.020546793003682 ], [ 35.160570850593658, 32.020871766620004 ], [ 35.161359971596085, 32.021142578754684 ], [ 35.162539271296204, 32.021383642989491 ], [ 35.163191006522204, 32.021552945085482 ], [ 35.164126058441184, 32.02173078852902 ], [ 35.16526615604409, 32.022015778001951 ], [ 35.165814787035863, 32.02236032335594 ], [ 35.166750991336095, 32.022583801724814 ], [ 35.167805666121808, 32.022698527029711 ], [ 35.168752669757453, 32.022817722383621 ], [ 35.169605731029264, 32.022938012190927 ], [ 35.170421206956945, 32.023174393747155 ], [ 35.170940376039361, 32.023194822387588 ], [ 35.17093918396931, 32.022834099581594 ], [ 35.171709579530656, 32.022873190845395 ], [ 35.17255063900501, 32.022797878521722 ], [ 35.173206214971501, 32.022454791400079 ], [ 35.173106547041627, 32.021290872967619 ], [ 35.174154755586329, 32.019922635712767 ], [ 35.17537310002664, 32.019655760086117 ], [ 35.176957488801293, 32.019233954408804 ], [ 35.177795913478121, 32.017844223122275 ], [ 35.178380517832288, 32.016797120904471 ], [ 35.179267588768397, 32.016371195831724 ], [ 35.180032209831396, 32.016166747472575 ], [ 35.180757866663512, 32.015691745055946 ], [ 35.181821870081968, 32.014606951839234 ], [ 35.183350222348722, 32.012833471775181 ], [ 35.184848896495289, 32.011141694562745 ], [ 35.185438454148915, 32.010339738512961 ], [ 35.186316414790284, 32.009506257756144 ], [ 35.18723513492629, 32.009053226703955 ], [ 35.187599411253856, 32.009240400663401 ], [ 35.188214088682514, 32.008325708742014 ], [ 35.190230842022146, 32.006728621623822 ], [ 35.190616266151025, 32.005917036266425 ], [ 35.191382270298348, 32.00566461068945 ], [ 35.192562380132621, 32.005105604770499 ], [ 35.193668083321576, 32.004369601551033 ], [ 35.194491835370677, 32.003577203850135 ], [ 35.195316559571268, 32.002843981996165 ], [ 35.196293357802311, 32.002587596129146 ], [ 35.197131575496968, 32.002394885152349 ], [ 35.198034622610038, 32.002018991888228 ], [ 35.199015858647783, 32.001942947110521 ], [ 35.200218650291376, 32.002341479358144 ], [ 35.201427893717216, 32.002976725236948 ], [ 35.202216640677854, 32.003682406843311 ], [ 35.202732216605511, 32.004690186177946 ], [ 35.203336595445791, 32.006474646781136 ], [ 35.20399672955412, 32.007657710682736 ], [ 35.203919667290712, 32.007839763004405 ], [ 35.205355558209853, 32.007909650394261 ], [ 35.206258466433809, 32.007828477571131 ], [ 35.207078544264277, 32.008449583412499 ], [ 35.207716878927712, 32.008727437994594 ], [ 35.208864212058089, 32.008707112060172 ], [ 35.20936723712785, 32.008168826460214 ], [ 35.209518997017867, 32.007298011608938 ], [ 35.209891496622575, 32.006087317933158 ], [ 35.210336455683972, 32.00550281307126 ], [ 35.210842437774218, 32.005058647512733 ], [ 35.211407622117157, 32.004712548365269 ], [ 35.212310478793299, 32.004458297845012 ], [ 35.211837822254246, 32.003812405773239 ], [ 35.212252691364966, 32.003566074154023 ], [ 35.212877559577379, 32.003257727923163 ], [ 35.214347922864036, 32.003112767985016 ], [ 35.215401929060548, 32.003152698687117 ], [ 35.216678573827274, 32.003669430821851 ], [ 35.217952908892556, 32.004125278207184 ], [ 35.219794487295495, 32.004812133695964 ], [ 35.223475551026837, 32.006061765860707 ], [ 35.225523874654648, 32.00656476318828 ], [ 35.227919623723182, 32.006941973879634 ], [ 35.229817557344148, 32.007028406794674 ], [ 35.232068916933791, 32.007227460770189 ], [ 35.234887406544935, 32.007656300885934 ], [ 35.238057162347872, 32.00807822205801 ], [ 35.239536133927736, 32.008293127723121 ], [ 35.24137710439701, 32.008917106617858 ], [ 35.24393088497002, 32.010010342410453 ], [ 35.24556528542491, 32.01081806791283 ], [ 35.247705873646588, 32.012216284513514 ], [ 35.24970899201341, 32.01373625784862 ], [ 35.250573372025215, 32.014618590145702 ], [ 35.251368503870189, 32.015560123184358 ], [ 35.251887722600642, 32.01668718878198 ], [ 35.252408308888064, 32.017875123494967 ], [ 35.252608108387591, 32.018847871824583 ], [ 35.252832939355947, 32.018979111770037 ], [ 35.254623171341159, 32.020324925486207 ], [ 35.25605710192378, 32.021496697898804 ], [ 35.256356688403173, 32.021604228647242 ], [ 35.256038194965932, 32.021993262709067 ], [ 35.255562908217186, 32.023577816089329 ], [ 35.25547766728441, 32.024956486333835 ], [ 35.255755460490512, 32.026597660616353 ], [ 35.25649824373297, 32.027995719832397 ], [ 35.257745400557006, 32.03058000058369 ], [ 35.255630397548529, 32.032802130976634 ], [ 35.256544086735339, 32.033879415102 ], [ 35.255782472778137, 32.03498443657616 ], [ 35.254918190277245, 32.035924351330628 ], [ 35.254762295931442, 32.037609096318874 ], [ 35.253907632882353, 32.03896777519082 ], [ 35.253334847622249, 32.039735658086123 ], [ 35.251675165458813, 32.040436876619765 ], [ 35.250760519042615, 32.041087076649276 ], [ 35.248548171451816, 32.040914269182821 ], [ 35.245592039510328, 32.040668959038058 ], [ 35.243203928237278, 32.040650549175048 ], [ 35.241514859519235, 32.040502257316227 ], [ 35.240107702676326, 32.040405153947148 ], [ 35.237718254603081, 32.040328023890034 ], [ 35.235050439532195, 32.040374914431155 ], [ 35.233443094590889, 32.040703323989121 ], [ 35.23002464655751, 32.041661100252071 ], [ 35.227239738282613, 32.042668270843819 ], [ 35.224452095525599, 32.043553637101724 ], [ 35.222999291586149, 32.04447651611094 ], [ 35.221703249242935, 32.046054855133029 ], [ 35.221051975263137, 32.048158397541357 ], [ 35.220341360605509, 32.050743844033278 ], [ 35.219964791936135, 32.052605548778324 ], [ 35.219511554924232, 32.054169666421515 ], [ 35.218985824048495, 32.055673482441442 ], [ 35.218805180240807, 32.056932643522366 ], [ 35.218838322015337, 32.058307323203579 ], [ 35.219572181128534, 32.059610903773446 ], [ 35.220229234685284, 32.060616331514176 ], [ 35.221035958188018, 32.062038818975346 ], [ 35.223004602607141, 32.064995887276389 ], [ 35.22373123045999, 32.066000158506974 ], [ 35.224806335262471, 32.06687868138507 ], [ 35.226365734295278, 32.067448809133417 ], [ 35.227638157675813, 32.067784502626566 ], [ 35.228417623316119, 32.06807067873342 ], [ 35.229260555449152, 32.068055861901364 ], [ 35.230026971109531, 32.067803768870732 ], [ 35.230572978093981, 32.067582152662872 ], [ 35.230345485630707, 32.068296312219061 ], [ 35.230328225743783, 32.0687043801558 ], [ 35.230315408971045, 32.069025085308702 ], [ 35.230155996434675, 32.069411200803657 ], [ 35.229921010155827, 32.069983327485161 ], [ 35.22962850888176, 32.070829386736399 ], [ 35.229502376073448, 32.071302856486426 ], [ 35.22942254141725, 32.071644992412885 ], [ 35.229260227919475, 32.072348991437295 ], [ 35.229421432201264, 32.073040526959311 ], [ 35.229572864090628, 32.073691483184952 ], [ 35.229879506941437, 32.074872214907202 ], [ 35.229976753698239, 32.075249259958042 ], [ 35.230266016172521, 32.075791971376638 ], [ 35.230695785987599, 32.076341416491921 ], [ 35.231442357725932, 32.077042971384635 ], [ 35.232105674250491, 32.077667323537661 ], [ 35.232467381170792, 32.078005981963166 ], [ 35.233067956005549, 32.078524945182693 ], [ 35.234416485820553, 32.079262980206373 ], [ 35.23567068669513, 32.079951425205579 ], [ 35.237225603754965, 32.080600326483811 ], [ 35.238441859171886, 32.081058795240935 ], [ 35.238752380154224, 32.081175381532368 ], [ 35.240031581397254, 32.08259085082684 ], [ 35.239589485049599, 32.083351866202626 ], [ 35.237141229327577, 32.083005330508158 ], [ 35.2356145996376, 32.082921735957044 ], [ 35.233381891606527, 32.082692871626442 ], [ 35.231393659966706, 32.082527041926667 ], [ 35.22968406475767, 32.082685772918246 ], [ 35.227409418316462, 32.083431316871376 ], [ 35.225933362434731, 32.083746078318569 ], [ 35.224690240881714, 32.083668503497158 ], [ 35.22318776302928, 32.083526138504858 ], [ 35.222833400954421, 32.083437701673056 ], [ 35.221386826398081, 32.083954183080763 ], [ 35.220286469739179, 32.084447496419756 ], [ 35.219176937332101, 32.084561482664739 ], [ 35.218289676382483, 32.084671489646787 ], [ 35.217282202837445, 32.084405002232749 ], [ 35.215948064342911, 32.084428803095683 ], [ 35.214931454005168, 32.083783542812846 ], [ 35.214016933704301, 32.082757820663588 ], [ 35.213208998067579, 32.081541015935287 ], [ 35.212523594321453, 32.080795387526187 ], [ 35.211725490241299, 32.079956763953412 ], [ 35.210597911051195, 32.079313729304211 ], [ 35.209815969213629, 32.079809754206416 ], [ 35.20960268812351, 32.080605036399291 ], [ 35.208221762244385, 32.080523360178006 ], [ 35.206696339875535, 32.079695433622568 ], [ 35.204683561792706, 32.0794102604982 ], [ 35.203188955107045, 32.079862281454261 ], [ 35.201575002767854, 32.080530713697655 ], [ 35.200203499149879, 32.080874486270787 ], [ 35.198947695112594, 32.080790458561211 ], [ 35.198072692544777, 32.080911597037236 ], [ 35.19682628829878, 32.081253648341558 ], [ 35.195969083934536, 32.082122702001044 ], [ 35.195132465064638, 32.083846204558569 ], [ 35.195178332654208, 32.085268229881528 ] ] ] ] } },
{ "type": "Feature", "properties": { "Area": 669655.03125 }, "geometry": { "type": "MultiPolygon", "coordinates": [ [ [ [ 35.25337386382504, 32.087817383679301 ], [ 35.25408531343809, 32.08796477588308 ], [ 35.255034703833687, 32.088288483216076 ], [ 35.25606468782474, 32.088874235261159 ], [ 35.256909523590217, 32.089546853682002 ], [ 35.257554299689794, 32.0899974830863 ], [ 35.258349896820363, 32.090497643838141 ], [ 35.259327134622438, 32.090820179740049 ], [ 35.259336362612181, 32.091304891322203 ], [ 35.259289617666241, 32.091743410070805 ], [ 35.259830019260811, 32.091988350625883 ], [ 35.260328350514882, 32.091095353186283 ], [ 35.26035262791072, 32.090464084937089 ], [ 35.260568093554951, 32.089592065019737 ], [ 35.262108839861732, 32.089539519185415 ], [ 35.263028420361401, 32.089507534045346 ], [ 35.263364691711629, 32.088648980242731 ], [ 35.26335325236078, 32.088103962131299 ], [ 35.263268639450189, 32.087273221094726 ], [ 35.262325632897024, 32.086866156282191 ], [ 35.261805871077605, 32.085975868259112 ], [ 35.26103786045735, 32.085087943692507 ], [ 35.260834197513375, 32.084403795859735 ], [ 35.260452008232512, 32.08407255498777 ], [ 35.259392564398006, 32.083719627419072 ], [ 35.258434332096819, 32.083222360231666 ], [ 35.257569431827243, 32.082401526706747 ], [ 35.256976650250373, 32.081616082815074 ], [ 35.255684868741135, 32.080935754930543 ], [ 35.255364354598917, 32.081040718272185 ], [ 35.25482617757703, 32.081392634786027 ], [ 35.25431547569783, 32.081755810647323 ], [ 35.253800079949158, 32.08201527952076 ], [ 35.253084458161261, 32.082339076477012 ], [ 35.253064664504123, 32.082777019582586 ], [ 35.253311099660905, 32.083401419524748 ], [ 35.253213722942967, 32.083910409061716 ], [ 35.252792463317213, 32.084443758422083 ], [ 35.252369690101546, 32.084940471395591 ], [ 35.252311054357897, 32.085168761034723 ], [ 35.25223259794884, 32.085474838139334 ], [ 35.252584763127068, 32.086038891574724 ], [ 35.253132315125058, 32.086443927224884 ], [ 35.25316618290158, 32.086639491441765 ], [ 35.25337386382504, 32.087817383679301 ] ] ] ] } },
{ "type": "Feature", "properties": { "Area": 1208900.55859 }, "geometry": { "type": "MultiPolygon", "coordinates": [ [ [ [ 35.368619923397084, 32.081755032887159 ], [ 35.369941567449857, 32.081455156568545 ], [ 35.369527496087002, 32.079803718475922 ], [ 35.36913175821627, 32.078861856082106 ], [ 35.368459638109215, 32.078003766661602 ], [ 35.366857691084121, 32.077087125039832 ], [ 35.365350566738677, 32.076244740829253 ], [ 35.364138306447629, 32.076030970762005 ], [ 35.362843492921073, 32.07621295588055 ], [ 35.361461537288577, 32.076633448456512 ], [ 35.360735303245768, 32.077280258779744 ], [ 35.360098483178781, 32.077765758831255 ], [ 35.359091589593604, 32.078336815095554 ], [ 35.358369561821824, 32.079141421067376 ], [ 35.357867886104003, 32.081286051487758 ], [ 35.35717414140192, 32.083194753072206 ], [ 35.356647341363598, 32.08439083088296 ], [ 35.35639109773031, 32.085265880791525 ], [ 35.356726431658025, 32.08747093265815 ], [ 35.357029395848684, 32.088414635365531 ], [ 35.357976377348081, 32.088365583031056 ], [ 35.358809848331994, 32.088237191284072 ], [ 35.359744442769021, 32.088792343849384 ], [ 35.360418145650165, 32.08873233562197 ], [ 35.360892353535995, 32.088739641441393 ], [ 35.3612239958807, 32.088324969023915 ], [ 35.361546153257081, 32.087979069396198 ], [ 35.362669823612507, 32.087984997675292 ], [ 35.363466247204926, 32.086540563544496 ], [ 35.365308742767233, 32.086566981542212 ], [ 35.366354909898689, 32.086369507927763 ], [ 35.366905390180293, 32.085993994174594 ], [ 35.367430458896145, 32.085664164131437 ], [ 35.367632850457923, 32.085091826793942 ], [ 35.367583060851828, 32.084083006713165 ], [ 35.368033716210761, 32.083053250687207 ], [ 35.368358084622464, 32.082765383811328 ], [ 35.368619923397084, 32.081755032887159 ] ] ] ] } },
{ "type": "Feature", "properties": { "Area": 17400819.5986 }, "geometry": { "type": "MultiPolygon", "coordinates": [ [ [ [ 35.127090132313718, 32.02388866611377 ], [ 35.127322062794832, 32.023440722490804 ], [ 35.127131535994309, 32.022641381068375 ], [ 35.126688537479431, 32.022138917208927 ], [ 35.125993564254188, 32.021932201387138 ], [ 35.125212754345526, 32.021726555453178 ], [ 35.124435957423572, 32.021665196215729 ], [ 35.123651806590928, 32.021315249583004 ], [ 35.123041098020913, 32.021032481288593 ], [ 35.122518978118748, 32.020822475386332 ], [ 35.120792069974101, 32.020704677700806 ], [ 35.119933542772912, 32.020865870392939 ], [ 35.119573257930618, 32.020215765869622 ], [ 35.119821750958863, 32.019771792207578 ], [ 35.119980895120122, 32.019187414973928 ], [ 35.119451951404159, 32.01868430476673 ], [ 35.117978669836234, 32.018343441272108 ], [ 35.117199493905161, 32.018209891576518 ], [ 35.116501401764843, 32.017858832478282 ], [ 35.116471067654849, 32.016544991896716 ], [ 35.116275732204855, 32.015526378282225 ], [ 35.115233006195808, 32.015179017609171 ], [ 35.114193618065002, 32.014977630727699 ], [ 35.113159309997449, 32.014994927165056 ], [ 35.112300988772262, 32.015155504904065 ], [ 35.111192236260386, 32.01568337935278 ], [ 35.111252206677563, 32.016072891204232 ], [ 35.110257336742173, 32.015678743577432 ], [ 35.109508140500431, 32.015373261938151 ], [ 35.10806731614089, 32.014919581663584 ], [ 35.107176771548254, 32.014891284436736 ], [ 35.10559856274147, 32.014874847082126 ], [ 35.104786167907818, 32.014764304040234 ], [ 35.103784460555254, 32.014611897217442 ], [ 35.102704912357645, 32.014564255155925 ], [ 35.101817527356189, 32.014673448385501 ], [ 35.101478781666032, 32.015159586046906 ], [ 35.100913998076535, 32.015754882623931 ], [ 35.100699828003499, 32.016342572919349 ], [ 35.098242893708232, 32.015914437005904 ], [ 35.096300059170034, 32.015989449827224 ], [ 35.095752238253397, 32.016192451913362 ], [ 35.095252707811802, 32.016534145932098 ], [ 35.094842977709412, 32.01618039730154 ], [ 35.09207120004799, 32.016284499044147 ], [ 35.090017100655032, 32.016318735744505 ], [ 35.088746654493768, 32.016165967608131 ], [ 35.088566697818656, 32.015787608321588 ], [ 35.088626253615452, 32.015378467977349 ], [ 35.086641559934243, 32.015470203537348 ], [ 35.083254065567722, 32.015584248524618 ], [ 35.082747148974356, 32.015725797914492 ], [ 35.082682673857668, 32.016583579366781 ], [ 35.082469343206945, 32.017946792738279 ], [ 35.082264715385804, 32.019726535417142 ], [ 35.079730403775187, 32.021231776272586 ], [ 35.079332370461721, 32.022036245863575 ], [ 35.079490465468616, 32.022417414454416 ], [ 35.079844800499039, 32.023716926217027 ], [ 35.079834226721374, 32.025297329322186 ], [ 35.079117296807439, 32.026457133385847 ], [ 35.07940388053818, 32.028447586406578 ], [ 35.079559364108043, 32.029908662778624 ], [ 35.079102822267608, 32.03137928072141 ], [ 35.079007135076615, 32.032530677201088 ], [ 35.078294223758675, 32.033485318789069 ], [ 35.077522755355666, 32.03442918870951 ], [ 35.078154995523349, 32.035257224531982 ], [ 35.07812645267861, 32.036046837817715 ], [ 35.077627489152952, 32.03657164046696 ], [ 35.077034010406877, 32.03701631116013 ], [ 35.076811573346419, 32.037455153013866 ], [ 35.076778658475689, 32.038048619120602 ], [ 35.077271808596599, 32.039346020030571 ], [ 35.077201624510479, 32.040335114709123 ], [ 35.076792462627381, 32.040738260352278 ], [ 35.076038969084287, 32.041312399044557 ], [ 35.076465795600093, 32.042247887007981 ], [ 35.076179862347445, 32.042773461772171 ], [ 35.076054142155755, 32.043005548707477 ], [ 35.076623625663522, 32.043550587088966 ], [ 35.07692064398902, 32.044337144960878 ], [ 35.077014359216264, 32.04511560718143 ], [ 35.077091721983955, 32.045757091634201 ], [ 35.07759462755066, 32.047451292394996 ], [ 35.07842061286, 32.049059013783086 ], [ 35.079797170772359, 32.050342059612937 ], [ 35.080421946354242, 32.051280545580894 ], [ 35.080764686084621, 32.052066574656024 ], [ 35.080743505475333, 32.05317633302748 ], [ 35.080434805152599, 32.053891836085874 ], [ 35.079752440245173, 32.054536518250764 ], [ 35.078606404138881, 32.055226954687754 ], [ 35.077972717676673, 32.055950019326495 ], [ 35.077573478313113, 32.05678829504356 ], [ 35.077167834017793, 32.057347568455391 ], [ 35.076766429904367, 32.058066914337424 ], [ 35.076876079803299, 32.058817773405515 ], [ 35.076899307367817, 32.059845848915579 ], [ 35.076763327452362, 32.060420609571707 ], [ 35.076644825985717, 32.060918734653917 ], [ 35.076129616727016, 32.062784939825889 ], [ 35.075901832543565, 32.06415995337634 ], [ 35.075589408226946, 32.065590115418701 ], [ 35.073952974137491, 32.065999887612051 ], [ 35.073793449351228, 32.066588710853942 ], [ 35.074998033426958, 32.067220642128049 ], [ 35.076527735357601, 32.067894598555846 ], [ 35.077879662245486, 32.068983750210016 ], [ 35.077129049857859, 32.070182390892114 ], [ 35.076699758282295, 32.071280462355425 ], [ 35.07847097006205, 32.072203196315549 ], [ 35.080224510779338, 32.072758405344445 ], [ 35.082318804062503, 32.073440734181261 ], [ 35.082996359764188, 32.072520987216308 ], [ 35.084333114055262, 32.072034725979968 ], [ 35.084994656026545, 32.071953625523506 ], [ 35.086001447640193, 32.071831136449809 ], [ 35.086977598929025, 32.0714679435021 ], [ 35.087423900774915, 32.070950949289276 ], [ 35.088728864824198, 32.071362465433658 ], [ 35.089724001396576, 32.072216133050752 ], [ 35.090764715710201, 32.07302868909035 ], [ 35.091611928799772, 32.073490490346089 ], [ 35.092218137718703, 32.073598116972541 ], [ 35.092869361657293, 32.073704653076085 ], [ 35.092953756562451, 32.075344309169715 ], [ 35.092866956996453, 32.076094416038039 ], [ 35.092723786430568, 32.077337080154138 ], [ 35.094389143351279, 32.077611330693664 ], [ 35.096256481272526, 32.07768677274678 ], [ 35.098680076224596, 32.077592438241886 ], [ 35.101171281585827, 32.077708907719916 ], [ 35.101602127702172, 32.076170565183673 ], [ 35.101625570710361, 32.075629505329523 ], [ 35.102384763728807, 32.075249109031439 ], [ 35.103322998465202, 32.075630306963973 ], [ 35.104126149841882, 32.076209786705377 ], [ 35.104604278863427, 32.076795205633573 ], [ 35.105590613266877, 32.077254204660271 ], [ 35.106564308127027, 32.07715914411073 ], [ 35.107266866176523, 32.077745289627593 ], [ 35.108006410195529, 32.078893955727544 ], [ 35.108038882996972, 32.079964301558931 ], [ 35.108068161774597, 32.081240367316397 ], [ 35.108191696622519, 32.08211971360921 ], [ 35.108617320088904, 32.082640260363426 ], [ 35.109295949618051, 32.082892711138207 ], [ 35.110070847394908, 32.08287976342487 ], [ 35.110792872561618, 32.08277997393899 ], [ 35.111200449447416, 32.082509171578351 ], [ 35.111977289472733, 32.081713904424099 ], [ 35.112794493026037, 32.081089439483542 ], [ 35.113588959255232, 32.080685893314872 ], [ 35.114624193651899, 32.080476963054423 ], [ 35.115297298739129, 32.079259447620579 ], [ 35.115904875287427, 32.0780159559202 ], [ 35.115829016208394, 32.077566131162847 ], [ 35.116923468228968, 32.076997631348355 ], [ 35.11876562092678, 32.076757658584093 ], [ 35.120244002796731, 32.076529817691203 ], [ 35.120676857247709, 32.076607884504007 ], [ 35.121695103335043, 32.076266433424884 ], [ 35.123294804855462, 32.076566751654603 ], [ 35.124853231877623, 32.077338776968347 ], [ 35.126205583927515, 32.077987786065812 ], [ 35.126291660164405, 32.081273765090849 ], [ 35.127346569368655, 32.081456461354122 ], [ 35.130022648470131, 32.075808859332945 ], [ 35.131752459845956, 32.074834793123237 ], [ 35.133301103896471, 32.074188630892074 ], [ 35.135298372410055, 32.074184663051923 ], [ 35.136659541800036, 32.074134671759083 ], [ 35.138931024868533, 32.074822359819969 ], [ 35.140592916774963, 32.075454466495323 ], [ 35.142167315503457, 32.075800187365125 ], [ 35.143486353364835, 32.076176765501714 ], [ 35.144470046125278, 32.076660823939889 ], [ 35.148879976086874, 32.077088932449925 ], [ 35.152054669989013, 32.076708146446265 ], [ 35.153745127517688, 32.081885154637128 ], [ 35.153743977850453, 32.082169220463406 ], [ 35.154927264238573, 32.081955511004118 ], [ 35.156113007371175, 32.082095183418041 ], [ 35.157300521465942, 32.082338552130246 ], [ 35.158487570998432, 32.082530619795293 ], [ 35.159421813954282, 32.082566463131776 ], [ 35.160863290070822, 32.083020119908859 ], [ 35.162499825049011, 32.083659257034277 ], [ 35.162998412069413, 32.083831326073216 ], [ 35.163880514101521, 32.084292091558289 ], [ 35.164513204314964, 32.084758972466588 ], [ 35.165079292553742, 32.085013343532481 ], [ 35.166418940150933, 32.084126608924713 ], [ 35.167266353731158, 32.082831653285318 ], [ 35.167985357239914, 32.081430129992086 ], [ 35.168331095913011, 32.080144039489483 ], [ 35.167684170486616, 32.079300108827681 ], [ 35.166540679881379, 32.078679786086454 ], [ 35.165272255861787, 32.07806110533285 ], [ 35.165129422332789, 32.077314822964162 ], [ 35.165231941617748, 32.076352748376408 ], [ 35.165209348018195, 32.075392325803847 ], [ 35.16444241160567, 32.074765336167161 ], [ 35.163409005236417, 32.07349966954029 ], [ 35.162130609512992, 32.072455417197197 ], [ 35.160634308760478, 32.071745869719116 ], [ 35.15930340483709, 32.072604930483962 ], [ 35.158045584990489, 32.073535020561387 ], [ 35.156333977240891, 32.074139151874036 ], [ 35.154514771392698, 32.074758435543622 ], [ 35.153608822062061, 32.075477260178154 ], [ 35.152749042595914, 32.075291480328161 ], [ 35.15221157431268, 32.074928286156336 ], [ 35.151228855926057, 32.074151767083293 ], [ 35.1504170458009, 32.074032499165419 ], [ 35.149477905999362, 32.073757610624227 ], [ 35.148634508486708, 32.073614081745376 ], [ 35.147916686943113, 32.073520202221211 ], [ 35.147259800012442, 32.073371110934779 ], [ 35.146666924806929, 32.073275026105037 ], [ 35.145983444335499, 32.07331416660994 ], [ 35.145150358511948, 32.073618700622575 ], [ 35.144592446630178, 32.073707491200693 ], [ 35.144031954398507, 32.073692007599725 ], [ 35.143127649900869, 32.073574339765649 ], [ 35.1423793662956, 32.0735080317381 ], [ 35.141535174867734, 32.073335146761814 ], [ 35.141066256110044, 32.073236842662766 ], [ 35.140053201069577, 32.072460221634415 ], [ 35.139640078854633, 32.072095346228529 ], [ 35.138855885253975, 32.071817639880976 ], [ 35.138294120221381, 32.071748585928439 ], [ 35.137703173813414, 32.071758421551827 ], [ 35.136712921209877, 32.071987291682696 ], [ 35.136154866180739, 32.07204842746642 ], [ 35.135659819966222, 32.072162575674334 ], [ 35.134143872365463, 32.072533172817572 ], [ 35.133119946489984, 32.072629544443224 ], [ 35.132435659397302, 32.072640993836409 ], [ 35.131844229806184, 32.072626002387132 ], [ 35.131220884833368, 32.07258224491293 ], [ 35.130475015049861, 32.072621829360358 ], [ 35.128803028928779, 32.072940981636734 ], [ 35.127907831318318, 32.073247056075431 ], [ 35.127356610294036, 32.073628295768934 ], [ 35.126928388930409, 32.073953245871508 ], [ 35.126439408697863, 32.074304083854997 ], [ 35.125853393631822, 32.074525789902879 ], [ 35.125048949402895, 32.074726502557418 ], [ 35.124304976697523, 32.074844959214872 ], [ 35.123746399702156, 32.07490603997342 ], [ 35.123278602249471, 32.074862342335614 ], [ 35.122684632446635, 32.074712036727121 ], [ 35.122178396283097, 32.074350989873224 ], [ 35.121677743510226, 32.074226103132951 ], [ 35.121086779557338, 32.074235861237625 ], [ 35.120527564334829, 32.07427269155923 ], [ 35.119876760544948, 32.074389492980181 ], [ 35.11901154640978, 32.074616053461099 ], [ 35.118266930309147, 32.074707420276269 ], [ 35.117401518661481, 32.074960459940186 ], [ 35.115822616924675, 32.075277813740072 ], [ 35.114461936034296, 32.075645465430846 ], [ 35.113941895319741, 32.075886326325957 ], [ 35.113555074698134, 32.075622273620787 ], [ 35.111856819224606, 32.074635830126162 ], [ 35.11077903177064, 32.073626151436983 ], [ 35.109939073144055, 32.072451499053685 ], [ 35.10906965623245, 32.071140421675402 ], [ 35.109230982453717, 32.070039784563278 ], [ 35.110611643567239, 32.069166632283377 ], [ 35.111762605505042, 32.068777450618725 ], [ 35.112684497549715, 32.06842867387661 ], [ 35.113737624388932, 32.067389544163511 ], [ 35.113485005887362, 32.066992571429296 ], [ 35.112264892139819, 32.066239251341528 ], [ 35.110771227886559, 32.06585601915711 ], [ 35.109483203682871, 32.064563233016926 ], [ 35.107849224246408, 32.063426858258921 ], [ 35.106041687025019, 32.061849572903576 ], [ 35.104111730774811, 32.060763082216091 ], [ 35.10252204959388, 32.05978843375653 ], [ 35.100792132552129, 32.059659088656261 ], [ 35.098757334113969, 32.059767316077483 ], [ 35.097069684150298, 32.059720808307517 ], [ 35.095234558232576, 32.059160688555956 ], [ 35.094065626176096, 32.057883628784417 ], [ 35.09401574156584, 32.056849332728042 ], [ 35.093971041545757, 32.055907475590232 ], [ 35.094028723397699, 32.055683202856258 ], [ 35.094371970265037, 32.054358981033538 ], [ 35.095362030520903, 32.052964862742847 ], [ 35.093985806013613, 32.05243048154464 ], [ 35.092669075255372, 32.052100734023348 ], [ 35.091062642840122, 32.051513700750633 ], [ 35.089717203783415, 32.051139370437539 ], [ 35.087748231633377, 32.051142083009545 ], [ 35.086163994361272, 32.050830057517565 ], [ 35.085687005157453, 32.050197787079561 ], [ 35.08546870550181, 32.049619302205144 ], [ 35.08536147594954, 32.049125465152621 ], [ 35.085404591048572, 32.048664459487441 ], [ 35.085539673769354, 32.048344446563718 ], [ 35.085889490529262, 32.047515679931287 ], [ 35.08678813661993, 32.046754494049473 ], [ 35.087204184243326, 32.046127563213012 ], [ 35.088393592084557, 32.045142874481428 ], [ 35.088674219433969, 32.04497178848839 ], [ 35.088967428631598, 32.044792822552687 ], [ 35.089535960610839, 32.044447835834269 ], [ 35.091136299667468, 32.04369514318514 ], [ 35.092288744496202, 32.043387863660705 ], [ 35.09371824474556, 32.042833947296472 ], [ 35.094601315194154, 32.042555719845481 ], [ 35.094842437407522, 32.04247983880682 ], [ 35.095644732160636, 32.041675106816257 ], [ 35.096354153361141, 32.040917071556194 ], [ 35.096885997694578, 32.040071519597461 ], [ 35.096673996699828, 32.039159954787692 ], [ 35.096188345928631, 32.038146139756954 ], [ 35.095919369078636, 32.037585100909517 ], [ 35.095657125327804, 32.036788471032303 ], [ 35.09571416166736, 32.035836553425007 ], [ 35.096195354041868, 32.035140885122814 ], [ 35.096178142945966, 32.0344442269243 ], [ 35.096454990202396, 32.033648057217803 ], [ 35.095706909451678, 32.032873557590989 ], [ 35.09490052484238, 32.032454088564464 ], [ 35.093933471843449, 32.031534536784974 ], [ 35.093242222568122, 32.030849125089787 ], [ 35.093062590924006, 32.029616313482393 ], [ 35.093734875076628, 32.029007620130962 ], [ 35.094720474521608, 32.028497829385927 ], [ 35.095628175373953, 32.028113089563114 ], [ 35.096721408518675, 32.027623666043468 ], [ 35.098088193670137, 32.026715123295403 ], [ 35.099223994563268, 32.026292221858867 ], [ 35.10020429588225, 32.025588495675414 ], [ 35.101445511673809, 32.0250946436229 ], [ 35.102572967590909, 32.024857139002592 ], [ 35.104262195882171, 32.023931878792524 ], [ 35.105635326535293, 32.02330901869523 ], [ 35.106705018288437, 32.022923761557102 ], [ 35.10754110221017, 32.022912002948893 ], [ 35.108255616049973, 32.022904655765267 ], [ 35.108072238950456, 32.022702737594713 ], [ 35.107733569769159, 32.022331612309785 ], [ 35.10973834366871, 32.022298179351267 ], [ 35.111504430431417, 32.023926117216547 ], [ 35.113318810795775, 32.02461731438035 ], [ 35.117273130235134, 32.024285297007403 ], [ 35.119754415239136, 32.024113379586474 ], [ 35.121539272955431, 32.024049740873714 ], [ 35.123210907863559, 32.024086894133575 ], [ 35.124737358224323, 32.0240861711438 ], [ 35.125346682227452, 32.024084861489406 ], [ 35.125592154053187, 32.024058523700525 ], [ 35.127090132313718, 32.02388866611377 ] ] ] ] } },
{ "type": "Feature", "properties": { "Area": 794518.68066299998 }, "geometry": { "type": "MultiPolygon", "coordinates": [ [ [ [ 35.041746719925307, 32.077244701809114 ], [ 35.042293180744096, 32.076960772384233 ], [ 35.042058412571791, 32.076736713451744 ], [ 35.042061978578211, 32.076123496007995 ], [ 35.041382308894612, 32.075564072873583 ], [ 35.04046437381372, 32.074987992977206 ], [ 35.039652307039333, 32.074904087221903 ], [ 35.038877302868691, 32.074916604259592 ], [ 35.038680248235394, 32.076177735461016 ], [ 35.038477673221095, 32.077193682839145 ], [ 35.038795218074313, 32.07849832186411 ], [ 35.038726780469233, 32.07946484568518 ], [ 35.036917220890828, 32.08047473336805 ], [ 35.03607510975646, 32.081317924299675 ], [ 35.036076150979042, 32.082375281709787 ], [ 35.03678418062789, 32.08363760751493 ], [ 35.037998522516034, 32.083616099612286 ], [ 35.038780247776906, 32.083037719894335 ], [ 35.040098932491063, 32.082876549789887 ], [ 35.040826494270888, 32.082312177660185 ], [ 35.042135867311266, 32.081793073885365 ], [ 35.04383605310187, 32.082268119193749 ], [ 35.04440508916673, 32.083384248188302 ], [ 35.044946173761119, 32.083925444318552 ], [ 35.04539119831189, 32.082883865414807 ], [ 35.046753867014438, 32.082834278492477 ], [ 35.047651511351063, 32.082082955837208 ], [ 35.048362977798547, 32.081414813748133 ], [ 35.049793772078942, 32.081387259240479 ], [ 35.050821568920028, 32.08146121649537 ], [ 35.051393445713671, 32.080622110265864 ], [ 35.049393748029679, 32.079039844656606 ], [ 35.047969362075563, 32.077755288136082 ], [ 35.047090777450862, 32.076680498363892 ], [ 35.046204189341339, 32.075844668639924 ], [ 35.045191125259585, 32.075806764394947 ], [ 35.043704489715822, 32.076775447072706 ], [ 35.042356205038608, 32.077352007432879 ], [ 35.041746719925307, 32.077244701809114 ] ] ] ] } },
{ "type": "Feature", "properties": { "Area": 688800.03271399997 }, "geometry": { "type": "MultiPolygon", "coordinates": [ [ [ [ 35.02971667193588, 32.062308445068943 ], [ 35.028257720393761, 32.06224386369432 ], [ 35.027073364757754, 32.062391572706694 ], [ 35.02628099967783, 32.063048774740473 ], [ 35.024654298886908, 32.062792847438466 ], [ 35.022832436853037, 32.063836900649548 ], [ 35.020347706671153, 32.065353410623771 ], [ 35.017982648876213, 32.065751817884731 ], [ 35.016649163198764, 32.066374908276103 ], [ 35.016345500205439, 32.067678683239144 ], [ 35.017631365441027, 32.06883939475793 ], [ 35.019069426595266, 32.069628324267988 ], [ 35.019790809072312, 32.069350947126921 ], [ 35.022159476472872, 32.069595042579152 ], [ 35.023730347241205, 32.069772578634009 ], [ 35.025051967005929, 32.069210268628524 ], [ 35.027121434384696, 32.067837938532271 ], [ 35.02863124564098, 32.067225691497462 ], [ 35.030596469139205, 32.066499636059028 ], [ 35.02971667193588, 32.062308445068943 ] ] ] ] } },
{ "type": "Feature", "properties": { "Area": 918890.54589800001 }, "geometry": { "type": "MultiPolygon", "coordinates": [ [ [ [ 35.36093809003993, 32.065367820900292 ], [ 35.362917220805471, 32.065423414203892 ], [ 35.364022181361761, 32.065867290446455 ], [ 35.365129243853367, 32.065803892604443 ], [ 35.365787670678444, 32.065435009264057 ], [ 35.36657182742919, 32.064865875069046 ], [ 35.367184379796932, 32.064108142382139 ], [ 35.367874207146841, 32.063543066541854 ], [ 35.368294523294658, 32.062723577492129 ], [ 35.368457379861248, 32.06218848720804 ], [ 35.369205588000995, 32.061712381082039 ], [ 35.370035544510984, 32.061245745329444 ], [ 35.370743720371536, 32.060783773007884 ], [ 35.371268601153204, 32.059890301716003 ], [ 35.371599209688696, 32.058899013867865 ], [ 35.371622043805893, 32.057989857029682 ], [ 35.37153254231945, 32.057267971683231 ], [ 35.371529256473174, 32.056370685188568 ], [ 35.371603276382743, 32.05567676524231 ], [ 35.371869473753769, 32.054758832274644 ], [ 35.371979398643916, 32.054249733539045 ], [ 35.371683966274439, 32.053466121177863 ], [ 35.371079064655405, 32.052726314463328 ], [ 35.370112991102182, 32.052347697622295 ], [ 35.368652286119094, 32.052365943871244 ], [ 35.367752332138657, 32.053063747661454 ], [ 35.36735214942955, 32.053458800410795 ], [ 35.366778134408058, 32.054168577537482 ], [ 35.365637174028763, 32.055200340752016 ], [ 35.364709135962222, 32.056141644466031 ], [ 35.364117560307257, 32.057050391140315 ], [ 35.363825396552848, 32.057450369038087 ], [ 35.363325156565217, 32.058561901890137 ], [ 35.363020392786069, 32.059239760673691 ], [ 35.362538384886946, 32.060188379789423 ], [ 35.362570931345708, 32.061121137989133 ], [ 35.362046802642205, 32.062024153952443 ], [ 35.361396103886193, 32.062843344440985 ], [ 35.360931251713652, 32.063295946230177 ], [ 35.360570279261218, 32.064217917444672 ], [ 35.36093809003993, 32.065367820900292 ] ] ] ] } },
{ "type": "Feature", "properties": { "Area": 41791556.175300002 }, "geometry": { "type": "MultiPolygon", "coordinates": [ [ [ [ 35.291074096352538, 32.042327886353384 ], [ 35.294084968562466, 32.041529387308806 ], [ 35.295990588426577, 32.040250282465898 ], [ 35.298535510333508, 32.039771589927533 ], [ 35.300663994455562, 32.039572722229266 ], [ 35.301116333694829, 32.039007623579806 ], [ 35.303487200358354, 32.037943355599701 ], [ 35.30672593948691, 32.038932766992296 ], [ 35.307146519975937, 32.03973897723813 ], [ 35.312716605212906, 32.040487346622889 ], [ 35.31348059593963, 32.039553888961066 ], [ 35.314460739563138, 32.039693385043392 ], [ 35.318921068379495, 32.037810865738294 ], [ 35.319405668439401, 32.038007132978045 ], [ 35.320438559621913, 32.038003937383593 ], [ 35.324891362945365, 32.036467845475585 ], [ 35.327727167468396, 32.034756764735896 ], [ 35.329623569514254, 32.034444347418294 ], [ 35.333307201751872, 32.031368886503522 ], [ 35.332561211251516, 32.0305439281913 ], [ 35.332680125468798, 32.029702875429457 ], [ 35.333046464267923, 32.028965842827603 ], [ 35.332999417467271, 32.028441153046529 ], [ 35.332659451478541, 32.028161374301746 ], [ 35.333217034899761, 32.027810796218517 ], [ 35.334804118768048, 32.026318378211087 ], [ 35.336139532568801, 32.023752490069349 ], [ 35.336993978695546, 32.022954629263026 ], [ 35.337169053912071, 32.022556524516865 ], [ 35.337557072358514, 32.022673352409306 ], [ 35.337462741488736, 32.021719228610692 ], [ 35.336654575598466, 32.020298039312763 ], [ 35.335832220562111, 32.019230818003031 ], [ 35.335229582992412, 32.017278467526751 ], [ 35.334913818441279, 32.015963283044435 ], [ 35.335439656100156, 32.01439754315313 ], [ 35.335679396087343, 32.01331118195057 ], [ 35.335940973047158, 32.012465467162542 ], [ 35.335845424002564, 32.011565450258153 ], [ 35.33526199521566, 32.010992278813745 ], [ 35.334882862716462, 32.010340550150275 ], [ 35.334643376368049, 32.009736585482578 ], [ 35.334187658160467, 32.008829609013581 ], [ 35.333987149187088, 32.007126525189236 ], [ 35.333750312945426, 32.005455604527008 ], [ 35.333503736515162, 32.004025926529614 ], [ 35.333675921937569, 32.002525931560193 ], [ 35.332664688099086, 32.00140815201388 ], [ 35.331185615910108, 32.001196586483729 ], [ 35.33023565243402, 32.001322094551327 ], [ 35.330915126030227, 31.999654763856096 ], [ 35.330848895566085, 31.99886687450147 ], [ 35.329869001520493, 31.996788050424588 ], [ 35.328877136651286, 31.996096325222805 ], [ 35.328105543293894, 31.994924164121315 ], [ 35.327539551710018, 31.994540318407189 ], [ 35.327918312328862, 31.994138645041588 ], [ 35.32823234544631, 31.992696570847887 ], [ 35.328074148376913, 31.991982604533327 ], [ 35.327267790421843, 31.990619964024578 ], [ 35.327179704405694, 31.989904237544508 ], [ 35.327356671792536, 31.988584605127276 ], [ 35.327203027588432, 31.988050994910264 ], [ 35.326185926240015, 31.986691932164028 ], [ 35.326029155446477, 31.98603657891066 ], [ 35.327313490146672, 31.984098702738432 ], [ 35.327210231893325, 31.98278610401406 ], [ 35.326521476005787, 31.980523785919964 ], [ 35.327046427067401, 31.979080381213087 ], [ 35.327153449195045, 31.977761378058545 ], [ 35.325713122034323, 31.976293373051373 ], [ 35.324904446171118, 31.974669190545516 ], [ 35.324209010297132, 31.97468168517808 ], [ 35.323301299731646, 31.975449079188195 ], [ 35.321681781514833, 31.977415409146296 ], [ 35.320189949242483, 31.980801954795464 ], [ 35.317460333439207, 31.981048468576699 ], [ 35.316268200851766, 31.981583848306027 ], [ 35.310998032276565, 31.982234870488739 ], [ 35.309662773648895, 31.982709999648396 ], [ 35.306912175753098, 31.981856094031375 ], [ 35.30568618848276, 31.981436608760067 ], [ 35.30401768191215, 31.981198385695613 ], [ 35.302901341029759, 31.981723998699533 ], [ 35.302475916325257, 31.982139725140989 ], [ 35.301799264896871, 31.982932149484288 ], [ 35.301083985267738, 31.983948361505302 ], [ 35.300565524084966, 31.983946500914616 ], [ 35.300154310067839, 31.984375172220449 ], [ 35.29997785140295, 31.985756203588164 ], [ 35.299301460718809, 31.986848466159785 ], [ 35.297760698845302, 31.988105380675279 ], [ 35.296452917340218, 31.987772666115717 ], [ 35.294897364048246, 31.987322879577711 ], [ 35.293768932966607, 31.987104426527715 ], [ 35.292077839787041, 31.986835062940255 ], [ 35.291087907701446, 31.986552799846731 ], [ 35.290516313755106, 31.986146246781029 ], [ 35.289595774436286, 31.985801925376865 ], [ 35.288744680622877, 31.985458678395464 ], [ 35.287826580032416, 31.985236650640907 ], [ 35.287056717221837, 31.985310990225212 ], [ 35.286142913253343, 31.985267055211885 ], [ 35.285368426544125, 31.985161025276081 ], [ 35.28444434304874, 31.984699996838437 ], [ 35.283453249593457, 31.984359057039807 ], [ 35.282668498962408, 31.983834801917261 ], [ 35.281886667718204, 31.98342946651168 ], [ 35.281316504674727, 31.983080925001911 ], [ 35.280611477111066, 31.982974260226928 ], [ 35.279978744006442, 31.98292447535939 ], [ 35.278713282099446, 31.982827714316905 ], [ 35.277801042968626, 31.982844590569954 ], [ 35.277235339832124, 31.982676390445636 ], [ 35.276593733510282, 31.982268687242321 ], [ 35.27615798142844, 31.981678811260924 ], [ 35.275723602833139, 31.981147550729641 ], [ 35.275224939713176, 31.98085699563946 ], [ 35.274659418774533, 31.98068878386448 ], [ 35.274233048842021, 31.980455111694923 ], [ 35.273284007104593, 31.978977785648031 ], [ 35.273266278751699, 31.978260854456231 ], [ 35.272402023693921, 31.97737923516517 ], [ 35.271101242150372, 31.976331568310044 ], [ 35.269967145749028, 31.974852059011887 ], [ 35.267898270772001, 31.974079806315412 ], [ 35.266690953733033, 31.972741775720927 ], [ 35.266611314523139, 31.972062636654766 ], [ 35.266970752418679, 31.97143119061014 ], [ 35.266901670109974, 31.970476429621165 ], [ 35.266477603570287, 31.969390515938372 ], [ 35.26494305107353, 31.967754465052799 ], [ 35.26391412027813, 31.966787192470459 ], [ 35.262814543704906, 31.965681853607926 ], [ 35.261498983467476, 31.964616056727849 ], [ 35.260272007891807, 31.963756497138775 ], [ 35.258957273979568, 31.963153416852766 ], [ 35.25789439460123, 31.963302668629119 ], [ 35.257261805108989, 31.963823731567022 ], [ 35.257089390065978, 31.964369964671878 ], [ 35.257260666594512, 31.965586779268268 ], [ 35.257439770304167, 31.966609700083943 ], [ 35.257333368168084, 31.967556085671074 ], [ 35.257180754947015, 31.9683435455518 ], [ 35.255939475058348, 31.968820889738474 ], [ 35.255000535309428, 31.969036011948582 ], [ 35.254001897930088, 31.969520567423253 ], [ 35.253807229546887, 31.970238712526527 ], [ 35.254032438877843, 31.970983184528972 ], [ 35.254921894226896, 31.971826592852221 ], [ 35.255908377775526, 31.972334593645773 ], [ 35.256378898757305, 31.975969272248868 ], [ 35.25546897837004, 31.977670122278766 ], [ 35.255507038438893, 31.979229678939618 ], [ 35.255412990882689, 31.981352920954759 ], [ 35.254488476534654, 31.982491826889689 ], [ 35.252658731435268, 31.983523419607316 ], [ 35.251849726834436, 31.983382252967729 ], [ 35.251095384910869, 31.983445095988682 ], [ 35.250716178930205, 31.98386908650054 ], [ 35.250787735194024, 31.984467637883579 ], [ 35.251357387233632, 31.984996115425197 ], [ 35.252102554535341, 31.985070800570782 ], [ 35.253089913397424, 31.985118897924991 ], [ 35.253420349156301, 31.985329569151819 ], [ 35.253407943877249, 31.986251676163718 ], [ 35.253345627117774, 31.986897622596743 ], [ 35.253097516786696, 31.987619167063229 ], [ 35.253068366777057, 31.988460680771148 ], [ 35.253188352582008, 31.989310591581983 ], [ 35.253705165663312, 31.989885296270035 ], [ 35.25476185051825, 31.990232078432467 ], [ 35.25566944416255, 31.991830174419672 ], [ 35.255176854583205, 31.992650456463185 ], [ 35.254385515660495, 31.993226238478361 ], [ 35.254042112022788, 31.994167637840192 ], [ 35.254574293380024, 31.9949700395813 ], [ 35.256008136340974, 31.996691921574218 ], [ 35.256323317510528, 31.99762178435785 ], [ 35.256206091358486, 31.998809966531198 ], [ 35.256007994608552, 31.999685929778206 ], [ 35.256107470932847, 32.000746078940594 ], [ 35.256637522906509, 32.001485345384232 ], [ 35.258426438202264, 32.002763474185571 ], [ 35.259274278598525, 32.00367281004737 ], [ 35.260344999659374, 32.003964866613288 ], [ 35.262299144458048, 32.005397865622939 ], [ 35.264392246328399, 32.006559662369405 ], [ 35.264609209079005, 32.007070208580373 ], [ 35.265871246803243, 32.008249281221573 ], [ 35.267356534275102, 32.009137960998366 ], [ 35.267885265735188, 32.009439803163858 ], [ 35.268976528549977, 32.012006586411403 ], [ 35.26949010642435, 32.014001572953475 ], [ 35.269712389188257, 32.014486743742474 ], [ 35.270509719268674, 32.015915695011458 ], [ 35.27090479021745, 32.01656422588902 ], [ 35.272367818836919, 32.017969705365111 ], [ 35.276122369625959, 32.020459441934094 ], [ 35.276069670592001, 32.022449081708743 ], [ 35.275357937311512, 32.024968902192015 ], [ 35.2779597271482, 32.025675337141678 ], [ 35.278160860269452, 32.026715678444745 ], [ 35.278380103953943, 32.02805754983207 ], [ 35.278214705901981, 32.028890125148664 ], [ 35.277506390580406, 32.030287206060308 ], [ 35.276557963869337, 32.031372733313667 ], [ 35.275928044362971, 32.032175696445698 ], [ 35.275899984975041, 32.033105134671352 ], [ 35.275188019947713, 32.033501200886441 ], [ 35.27426323392703, 32.034212448453637 ], [ 35.273770052585562, 32.034766765304617 ], [ 35.273850672683331, 32.035506764320857 ], [ 35.274368902089698, 32.036345157287521 ], [ 35.275720447361593, 32.03771683721871 ], [ 35.280183612555341, 32.040035265359791 ], [ 35.283756680679204, 32.041995628840866 ], [ 35.285080814417995, 32.042415822463532 ], [ 35.286243873857309, 32.042884578219606 ], [ 35.287160022756147, 32.043244141067483 ], [ 35.288411914788121, 32.043503713271598 ], [ 35.289386860120807, 32.04356280790045 ], [ 35.290572224843501, 32.04343293718869 ], [ 35.290916264062012, 32.043194288714197 ], [ 35.291239889569745, 32.042712730090258 ], [ 35.291074096352538, 32.042327886353384 ] ] ] ] } },
{ "type": "Feature", "properties": { "Area": 304980.93408099998 }, "geometry": { "type": "MultiPolygon", "coordinates": [ [ [ [ 35.042458392648911, 32.034755615765356 ], [ 35.042663587582396, 32.033863656216006 ], [ 35.042476712203801, 32.033463242578641 ], [ 35.041940534979332, 32.033128889626745 ], [ 35.041307848825909, 32.033211494316987 ], [ 35.040461309678967, 32.032907171439469 ], [ 35.039539843153236, 32.032326568267294 ], [ 35.038814836606988, 32.032514438742744 ], [ 35.038386961877336, 32.032672258527597 ], [ 35.03700439945294, 32.032516007270615 ], [ 35.036727523242952, 32.032775473537924 ], [ 35.036637565512905, 32.033940371441979 ], [ 35.036453223765285, 32.034613097898578 ], [ 35.036015263078625, 32.035393703827921 ], [ 35.035616439082204, 32.036116870310259 ], [ 35.036482253572757, 32.038103112668033 ], [ 35.037359657842323, 32.037917711150996 ], [ 35.038414538358928, 32.037650246510673 ], [ 35.039760501165141, 32.037227026764107 ], [ 35.040930847594687, 32.036856547313057 ], [ 35.042214523329015, 32.036283296392831 ], [ 35.04285821059802, 32.036070503491594 ], [ 35.043520502917325, 32.035527445601446 ], [ 35.043078784424523, 32.035180817551193 ], [ 35.042458392648911, 32.034755615765356 ] ] ] ] } },
{ "type": "Feature", "properties": { "Area": 1328072.11231 }, "geometry": { "type": "MultiPolygon", "coordinates": [ [ [ [ 35.023283854451222, 32.024086708607065 ], [ 35.022498203531796, 32.024011185425486 ], [ 35.021836885648504, 32.024542863276075 ], [ 35.021318408437295, 32.024853238291357 ], [ 35.020225181264799, 32.024908581865091 ], [ 35.019139054407226, 32.024229519777229 ], [ 35.018033993997712, 32.023352023629791 ], [ 35.017405175671641, 32.023100283829955 ], [ 35.016482091150074, 32.022945612841369 ], [ 35.015790755791137, 32.022857788027046 ], [ 35.015202447249877, 32.023099271673175 ], [ 35.014513069792891, 32.023585779269112 ], [ 35.01385343043362, 32.024164762645199 ], [ 35.013017959466261, 32.024746295453866 ], [ 35.012530851996893, 32.025227460877325 ], [ 35.012101528416395, 32.025836091770771 ], [ 35.01196293201226, 32.026702176602335 ], [ 35.012183042010079, 32.027354627018632 ], [ 35.012970355256655, 32.028469544976922 ], [ 35.013544486553386, 32.029181707592215 ], [ 35.013813461742266, 32.02964879522883 ], [ 35.013712978315745, 32.029927639516814 ], [ 35.013261624565075, 32.030225682314175 ], [ 35.012481172843437, 32.030332719993275 ], [ 35.012327487511648, 32.030659954526755 ], [ 35.012347759358327, 32.031408481631395 ], [ 35.012514145888055, 32.032050704369212 ], [ 35.012392829323396, 32.032560039279183 ], [ 35.013235438043999, 32.03383398119631 ], [ 35.014468063500168, 32.033613764479554 ], [ 35.016588737815212, 32.033580287257763 ], [ 35.017359183591395, 32.03376855001499 ], [ 35.017954578653146, 32.03406082176862 ], [ 35.019008989022176, 32.034278800274976 ], [ 35.019381745287042, 32.034076439093774 ], [ 35.020104626328695, 32.033819350715191 ], [ 35.020645816367612, 32.033842117515711 ], [ 35.021193325198531, 32.034097668952562 ], [ 35.021737488916791, 32.034706607102592 ], [ 35.022626627272835, 32.034608686458057 ], [ 35.023447823619691, 32.034487553947905 ], [ 35.023924276889012, 32.034121311960611 ], [ 35.024161234537502, 32.033403024888386 ], [ 35.024046390724891, 32.032667328636919 ], [ 35.023818168102899, 32.032222302272324 ], [ 35.023478208784503, 32.031653118190839 ], [ 35.02358281701845, 32.03102876873502 ], [ 35.024039830273459, 32.030444374697034 ], [ 35.024387311112875, 32.03029663449383 ], [ 35.025381364829585, 32.030576473366402 ], [ 35.026274019525502, 32.030604784408268 ], [ 35.027193492624278, 32.030621854103487 ], [ 35.027552617703172, 32.029921203308483 ], [ 35.027767085088065, 32.02935223877504 ], [ 35.027667940309165, 32.028697729466423 ], [ 35.02724399439591, 32.0280168398724 ], [ 35.026469800224298, 32.027386184363003 ], [ 35.025710718679335, 32.02681472625617 ], [ 35.025043180317205, 32.02612390405357 ], [ 35.024483942986045, 32.025456340689729 ], [ 35.024006543592058, 32.024810309079832 ], [ 35.023808954060861, 32.024610503743517 ], [ 35.023283854451222, 32.024086708607065 ] ] ] ] } },
{ "type": "Feature", "properties": { "Area": 222774.677734 }, "geometry": { "type": "MultiPolygon", "coordinates": [ [ [ [ 35.442908341718741, 32.029287577582835 ], [ 35.443676794256753, 32.029151423285818 ], [ 35.44453232170715, 32.028156133024574 ], [ 35.444999828832003, 32.027425914418338 ], [ 35.445343737152342, 32.026871216733049 ], [ 35.445804415182081, 32.026379985648035 ], [ 35.446290539479705, 32.025755124853717 ], [ 35.446550186280078, 32.025240601963553 ], [ 35.446449034106017, 32.024198649490089 ], [ 35.446232909887392, 32.023713779230377 ], [ 35.44558796968218, 32.023563955422297 ], [ 35.445067130479572, 32.023434183450796 ], [ 35.443285008620606, 32.023439243609282 ], [ 35.442365889099399, 32.023560460384431 ], [ 35.441941242326692, 32.023787270784879 ], [ 35.44150462601548, 32.024312260680873 ], [ 35.441436558752322, 32.024791470612328 ], [ 35.441605313716764, 32.025516542578259 ], [ 35.441762097260508, 32.026536976937315 ], [ 35.441936611732082, 32.027825100263279 ], [ 35.442183052783861, 32.028909619136478 ], [ 35.442908341718741, 32.029287577582835 ] ] ] ] } },
{ "type": "Feature", "properties": { "Area": 1106714.6264599999 }, "geometry": { "type": "MultiPolygon", "coordinates": [ [ [ [ 35.075683866341159, 32.01630612884469 ], [ 35.076626934094939, 32.015909723882594 ], [ 35.077323506399765, 32.015203632862239 ], [ 35.078035190640108, 32.014082721959866 ], [ 35.076699639914622, 32.013211704784275 ], [ 35.07532236954539, 32.012744753180904 ], [ 35.074006075686029, 32.012554591251224 ], [ 35.072387973381808, 32.013174037085051 ], [ 35.070833146847306, 32.013138591807817 ], [ 35.069746756778947, 32.012930591419853 ], [ 35.068747981564201, 32.012974054040548 ], [ 35.067540116290964, 32.013275425516611 ], [ 35.065766279767594, 32.014591827652637 ], [ 35.064836308377792, 32.01516401851903 ], [ 35.064566769736743, 32.015687332896249 ], [ 35.064493800393713, 32.016472950985957 ], [ 35.06481847807008, 32.017434859271908 ], [ 35.065136678314417, 32.018200616725096 ], [ 35.065239064254953, 32.018958809540067 ], [ 35.06495433424562, 32.019896938309003 ], [ 35.06460485953837, 32.020446091356064 ], [ 35.06398715014808, 32.021081181870059 ], [ 35.063320227328951, 32.021878539512031 ], [ 35.062917607573112, 32.022451300969379 ], [ 35.062754225862712, 32.023400832088413 ], [ 35.063362890356672, 32.024367005291886 ], [ 35.064066992489821, 32.024906051065358 ], [ 35.065040269513204, 32.025404244107264 ], [ 35.066189431581243, 32.025425792189701 ], [ 35.06747949247741, 32.024683766062005 ], [ 35.067670211889848, 32.024450629782756 ], [ 35.068662233554029, 32.024136627216492 ], [ 35.069223372570271, 32.024285460704725 ], [ 35.069461806036351, 32.024558510603804 ], [ 35.069977679273187, 32.024786764144778 ], [ 35.070250772062579, 32.024545820460517 ], [ 35.07023928179931, 32.024031779452052 ], [ 35.070616503298901, 32.022244349136791 ], [ 35.071290771766769, 32.021243490926622 ], [ 35.072018320967558, 32.020560007410431 ], [ 35.072473721168841, 32.020158051132647 ], [ 35.072699715787522, 32.019876471715961 ], [ 35.072858864530311, 32.018687944136964 ], [ 35.073347957042913, 32.017728590710433 ], [ 35.074170888539591, 32.017162991324767 ], [ 35.075318965318516, 32.016589263379743 ], [ 35.075683866341159, 32.01630612884469 ] ] ] ] } },
{ "type": "Feature", "properties": { "Area": 1180283.6176799999 }, "geometry": { "type": "MultiPolygon", "coordinates": [ [ [ [ 35.349710711622208, 32.017829150621196 ], [ 35.349407566270855, 32.017203306135173 ], [ 35.348985293555153, 32.016647486669626 ], [ 35.34868581113804, 32.016137180051089 ], [ 35.348843575066226, 32.014443295793939 ], [ 35.346973434246102, 32.014211505634457 ], [ 35.345359461944575, 32.014295599324008 ], [ 35.344119064628714, 32.01437024347014 ], [ 35.34345017842908, 32.014966734307791 ], [ 35.341927396501767, 32.015880909727471 ], [ 35.341201271722156, 32.014925216681185 ], [ 35.340803507768939, 32.013904349283536 ], [ 35.340592127070508, 32.012879898704945 ], [ 35.3403339484044, 32.011854370500892 ], [ 35.339954289503758, 32.011545907950286 ], [ 35.338443129951671, 32.010545380861174 ], [ 35.337721463685078, 32.009531044784602 ], [ 35.337340771500585, 32.009181430400545 ], [ 35.337031234114143, 32.009780328931917 ], [ 35.337045261784297, 32.010334362002141 ], [ 35.337394070939624, 32.011277512342971 ], [ 35.337655196277176, 32.012420278464226 ], [ 35.337461235145092, 32.013925371925573 ], [ 35.336679131825449, 32.015402898020412 ], [ 35.336541557666187, 32.016340919952192 ], [ 35.33679309570077, 32.017024339444475 ], [ 35.337663562521492, 32.017515475792969 ], [ 35.33709254544361, 32.017899905646367 ], [ 35.337712286498082, 32.018727226326448 ], [ 35.338133092636191, 32.01922446741019 ], [ 35.338524184577359, 32.019643394106794 ], [ 35.338846225415615, 32.020002648155646 ], [ 35.339212267977565, 32.020478525697321 ], [ 35.339483713113658, 32.020956193815863 ], [ 35.3396970891664, 32.021308234138608 ], [ 35.339955125879236, 32.021774642913364 ], [ 35.340199458349844, 32.0222551565072 ], [ 35.340432312399372, 32.022801062781667 ], [ 35.340826726245822, 32.023323686129729 ], [ 35.34139835947196, 32.023896843420502 ], [ 35.342221637560336, 32.024294436505556 ], [ 35.342887360680372, 32.024403618774016 ], [ 35.343701281475269, 32.02451263484874 ], [ 35.344173788580846, 32.02449013346839 ], [ 35.344737782931638, 32.024373966861511 ], [ 35.345478631861852, 32.024288037051043 ], [ 35.346119332363699, 32.024041580859475 ], [ 35.346434969492925, 32.023758850070315 ], [ 35.346734417510973, 32.023383138011901 ], [ 35.347157532692094, 32.02308450314576 ], [ 35.347726027134087, 32.022679740546103 ], [ 35.348263904494829, 32.022160029954016 ], [ 35.348647006148134, 32.021875526168799 ], [ 35.349121233545198, 32.021483827892851 ], [ 35.349520306449421, 32.020842526488693 ], [ 35.349839543140831, 32.020234569424744 ], [ 35.349958976740794, 32.019725475947013 ], [ 35.349944522367835, 32.019265571708004 ], [ 35.350270888198857, 32.019300141738398 ], [ 35.350913429583471, 32.018785371933447 ], [ 35.350306407041643, 32.018127189912406 ], [ 35.349710711622208, 32.017829150621196 ] ] ] ] } },
{ "type": "Feature", "properties": { "Area": 411747.08300799999 }, "geometry": { "type": "MultiPolygon", "coordinates": [ [ [ [ 35.127964563173279, 32.014550990017653 ], [ 35.127012903007611, 32.014823773333681 ], [ 35.126130969496074, 32.0151653553188 ], [ 35.12546525148128, 32.015041507997374 ], [ 35.12474778895853, 32.01451462966093 ], [ 35.123907733454296, 32.014429555008803 ], [ 35.122977239291941, 32.014506178429635 ], [ 35.122316512905456, 32.014544079431175 ], [ 35.121633863660335, 32.014316493226183 ], [ 35.120954607001238, 32.014181340805294 ], [ 35.120632322351113, 32.013774187927481 ], [ 35.120252979704389, 32.013735046440047 ], [ 35.119469875111008, 32.01377566953758 ], [ 35.119088350403224, 32.014128809212913 ], [ 35.118812622540624, 32.014884450527113 ], [ 35.118889594567371, 32.015699510460763 ], [ 35.11922415824165, 32.01606158554511 ], [ 35.119640249649997, 32.016433295926603 ], [ 35.120215696194784, 32.016709857440595 ], [ 35.120843794131844, 32.01692501544381 ], [ 35.121184622828636, 32.017505213914632 ], [ 35.121741443115937, 32.01809344315685 ], [ 35.122607922066557, 32.018629452448842 ], [ 35.123474506851849, 32.018680171245002 ], [ 35.123911804959441, 32.018853483593617 ], [ 35.124181972974256, 32.019319775945313 ], [ 35.124443081036446, 32.019937678172184 ], [ 35.124932135460028, 32.020515705163263 ], [ 35.125544304728678, 32.020640649194 ], [ 35.126011534420762, 32.020445923188468 ], [ 35.126360964529916, 32.019907872998019 ], [ 35.126768811684286, 32.0195197828792 ], [ 35.127493041114192, 32.019331971944901 ], [ 35.128449079927947, 32.019219258538406 ], [ 35.128955029380698, 32.018985090775615 ], [ 35.128298543370562, 32.017458390920176 ], [ 35.127964563173279, 32.014550990017653 ] ] ] ] } },
{ "type": "Feature", "properties": { "Area": 230856.530761 }, "geometry": { "type": "MultiPolygon", "coordinates": [ [ [ [ 35.167408575326952, 32.009880350184815 ], [ 35.168540268836296, 32.009313099583501 ], [ 35.169433103398546, 32.008881044466349 ], [ 35.170093293542337, 32.008346339649982 ], [ 35.170086448874819, 32.007631654670583 ], [ 35.169661624859771, 32.00717894396346 ], [ 35.169161281947339, 32.007030007597841 ], [ 35.168102805656119, 32.006941782901102 ], [ 35.166866410521479, 32.007227183759817 ], [ 35.165948539598773, 32.007826611523654 ], [ 35.16466067766558, 32.008538643277333 ], [ 35.163617120878946, 32.009086160638049 ], [ 35.16281268273675, 32.009257806700987 ], [ 35.162324831411624, 32.009638096161254 ], [ 35.161693808722738, 32.009921954876383 ], [ 35.161706776715093, 32.010843494273225 ], [ 35.162115313599323, 32.011423042647728 ], [ 35.163074938587222, 32.011886662601626 ], [ 35.164396329564838, 32.011787887260276 ], [ 35.165502708277103, 32.011741449995164 ], [ 35.166148898759445, 32.011173507509156 ], [ 35.166746884998226, 32.010378968122453 ], [ 35.167408575326952, 32.009880350184815 ] ] ] ] } },
{ "type": "Feature", "properties": { "Area": 19871202.8794 }, "geometry": { "type": "MultiPolygon", "coordinates": [ [ [ [ 35.075069908327734, 32.004451250494881 ], [ 35.075436004556344, 32.004697929423948 ], [ 35.075809498569377, 32.005095667601303 ], [ 35.076094504979928, 32.005271245035608 ], [ 35.076524538191165, 32.005683692620764 ], [ 35.077028002666317, 32.006211756580008 ], [ 35.077531469028955, 32.006742636657208 ], [ 35.078386188245425, 32.007267664140699 ], [ 35.079168732843506, 32.007732869868541 ], [ 35.080085308322715, 32.00789778753569 ], [ 35.080997993777693, 32.007882896927462 ], [ 35.08169825736119, 32.007810867886811 ], [ 35.082602651236598, 32.007437489201926 ], [ 35.083787505543903, 32.007059298302636 ], [ 35.08469404345383, 32.006805396202502 ], [ 35.085883612907672, 32.006605297148759 ], [ 35.086655390568048, 32.006592488630154 ], [ 35.087846948067401, 32.006514680679921 ], [ 35.088828158446496, 32.006437233728384 ], [ 35.089459701222992, 32.006427098475612 ], [ 35.090095320263181, 32.006596761689607 ], [ 35.090867758116254, 32.006584491768933 ], [ 35.091558593967129, 32.006094750044277 ], [ 35.091964880213446, 32.005429463733115 ], [ 35.092643319518267, 32.004514164294704 ], [ 35.093371521341616, 32.003871138007362 ], [ 35.093360684809241, 32.003395424648488 ], [ 35.092835762592117, 32.002770461882733 ], [ 35.092313678559186, 32.00226498902483 ], [ 35.092199412715345, 32.001317425433868 ], [ 35.092011595451844, 32.000617230244067 ], [ 35.093388229686752, 32.000297172753022 ], [ 35.096425373606095, 31.999381075769701 ], [ 35.096875643716338, 31.999084988423878 ], [ 35.098015685157065, 31.997992505842948 ], [ 35.099004677778581, 31.996517745712985 ], [ 35.099551489286249, 31.995494081328051 ], [ 35.099981009481233, 31.994514844800239 ], [ 35.100529876508972, 31.993554304225057 ], [ 35.100999238159403, 31.992267917501099 ], [ 35.101696641706688, 31.991526181404055 ], [ 35.102329983028255, 31.990843571161836 ], [ 35.104027730070307, 31.990026532415605 ], [ 35.10576728377945, 31.989048304680463 ], [ 35.107324475058803, 31.988192785252359 ], [ 35.109156420472807, 31.987174563470266 ], [ 35.11039061607103, 31.986362726577998 ], [ 35.110975660591031, 31.985602255520575 ], [ 35.11117421489265, 31.984135267441264 ], [ 35.111613915738083, 31.982720873010027 ], [ 35.111870901863703, 31.982646661162608 ], [ 35.113377418855642, 31.982213753650782 ], [ 35.114752383744467, 31.981721553975262 ], [ 35.115810757482464, 31.981217282504893 ], [ 35.116385464457579, 31.980294452449055 ], [ 35.116979996315322, 31.979373324196345 ], [ 35.117598270922777, 31.978330464605303 ], [ 35.118196982864177, 31.97750909618571 ], [ 35.119386938658643, 31.975504493219482 ], [ 35.119778954863214, 31.974891522536652 ], [ 35.120212350881225, 31.974214887498263 ], [ 35.12118016714421, 31.973914545606441 ], [ 35.121863147375045, 31.973991081954217 ], [ 35.122276708076143, 31.974033622641475 ], [ 35.122504811448884, 31.974056878953032 ], [ 35.122670360872796, 31.974529873738817 ], [ 35.122993669071491, 31.975130914217683 ], [ 35.123642871613207, 31.975093001833571 ], [ 35.123976084213432, 31.974771942583988 ], [ 35.12409351956353, 31.974505982157847 ], [ 35.124147236245939, 31.97413570923543 ], [ 35.124732997620598, 31.974046460533689 ], [ 35.124976657709212, 31.97385779613742 ], [ 35.124225164949898, 31.972154588051531 ], [ 35.123845755949191, 31.971817858838921 ], [ 35.122848264993934, 31.972062402438745 ], [ 35.122442184523123, 31.971796669683076 ], [ 35.122245423915714, 31.971666906861557 ], [ 35.120958220776139, 31.971654231050373 ], [ 35.119513813956814, 31.971642564436888 ], [ 35.118837088387387, 31.971259403173057 ], [ 35.119132711683228, 31.969939572845508 ], [ 35.118289404848845, 31.968465665855923 ], [ 35.117153045533357, 31.967179241900247 ], [ 35.115486630072333, 31.966915996187453 ], [ 35.114382634736764, 31.967078671986773 ], [ 35.113152015137054, 31.967245756302429 ], [ 35.111790932605473, 31.967782477179508 ], [ 35.108636462153228, 31.966470816256866 ], [ 35.107528879012115, 31.966265940642188 ], [ 35.107016766331, 31.966141549475104 ], [ 35.105156382718867, 31.965689765613281 ], [ 35.10363532098976, 31.964668954191399 ], [ 35.102433374110582, 31.964179324133529 ], [ 35.101249947918788, 31.96369364315937 ], [ 35.100835558799965, 31.963702887601933 ], [ 35.099753489230324, 31.963053257847601 ], [ 35.098881209067805, 31.963103826603415 ], [ 35.09826406971878, 31.963208711746329 ], [ 35.097164055957975, 31.963513276968186 ], [ 35.096747372354315, 31.962372693117494 ], [ 35.095623478468738, 31.961626611216165 ], [ 35.094340028701261, 31.961359469976319 ], [ 35.092928822679831, 31.961091640032095 ], [ 35.092034496583359, 31.96107056091509 ], [ 35.091326386740199, 31.961772220153719 ], [ 35.090908775743699, 31.962257136319494 ], [ 35.090547663618736, 31.962628247715632 ], [ 35.090116812731893, 31.962986895363461 ], [ 35.089833022561137, 31.963246474769317 ], [ 35.089471132341579, 31.963439474077536 ], [ 35.08919962379008, 31.963656226999802 ], [ 35.087812015924747, 31.967588558698175 ], [ 35.085410792676477, 31.969362339231022 ], [ 35.079082544752517, 31.970298081095503 ], [ 35.077050032850991, 31.97040145783776 ], [ 35.075877738799129, 31.969676571659985 ], [ 35.075155987606408, 31.970423216291792 ], [ 35.073463560410197, 31.971293985758194 ], [ 35.072509631450544, 31.971041618016784 ], [ 35.070730563343957, 31.970533614898645 ], [ 35.069252507925071, 31.971617606877331 ], [ 35.068005967947848, 31.972506249812838 ], [ 35.065364635251569, 31.973559068337167 ], [ 35.063202754308669, 31.974534584541026 ], [ 35.061170328068975, 31.97546962829712 ], [ 35.060669633300535, 31.977148686593473 ], [ 35.061035811689301, 31.97873685246779 ], [ 35.060138489334122, 31.983802322481864 ], [ 35.058946936521018, 31.983839289486788 ], [ 35.058085469221574, 31.986522876031195 ], [ 35.056966591900213, 31.989578716871712 ], [ 35.056676738679499, 31.989901340403225 ], [ 35.055640457198642, 31.991719530617697 ], [ 35.054846541013738, 31.992713405872195 ], [ 35.053097100097169, 31.993905101908041 ], [ 35.052697665440782, 31.994387092837091 ], [ 35.051293445434958, 31.99485885603184 ], [ 35.050354014056154, 31.996012597931408 ], [ 35.050015415951727, 31.997474243573748 ], [ 35.050242745817293, 31.999367190200818 ], [ 35.051206572626874, 32.000966248751062 ], [ 35.05162286914971, 32.001306619567977 ], [ 35.053339573916375, 32.001722943040036 ], [ 35.055548904098536, 32.001928460938082 ], [ 35.056757938988973, 32.00206683564241 ], [ 35.058474828078133, 32.002077276293036 ], [ 35.059914940828754, 32.002173050594109 ], [ 35.062145757741085, 32.002294497246297 ], [ 35.063567304141642, 32.00285802217148 ], [ 35.064696132084144, 32.003017650138212 ], [ 35.066154297583736, 32.002998393002109 ], [ 35.067180041779395, 32.002983724849848 ], [ 35.068181108412176, 32.003107111262061 ], [ 35.069148829154081, 32.003756884626156 ], [ 35.069279047037334, 32.003928366872231 ], [ 35.069975152345116, 32.004198521399502 ], [ 35.070195290018177, 32.004283298928989 ], [ 35.070633547873456, 32.00447652316933 ], [ 35.071796690742879, 32.004599488203873 ], [ 35.072739965318519, 32.004448854103849 ], [ 35.073490982266087, 32.004139071114807 ], [ 35.074301102055237, 32.00412806816167 ], [ 35.074807892403143, 32.004275130597989 ], [ 35.075069908327734, 32.004451250494881 ] ] ] ] } },
{ "type": "Feature", "properties": { "Area": 127720.71679599999 }, "geometry": { "type": "MultiPolygon", "coordinates": [ [ [ [ 35.116548128931129, 32.00320223687676 ], [ 35.1164306767052, 32.002385454999008 ], [ 35.116109567517071, 32.002023381194995 ], [ 35.115368500065244, 32.001614231251047 ], [ 35.114663495268587, 32.001535953601653 ], [ 35.113535039711849, 32.001766802658643 ], [ 35.112172751998692, 32.001843600794771 ], [ 35.111698884644206, 32.002290778067533 ], [ 35.11138373498288, 32.002596035122799 ], [ 35.111215476206695, 32.003338212878731 ], [ 35.111612018495293, 32.003985551100349 ], [ 35.112395107670523, 32.004211573475203 ], [ 35.113582769569774, 32.004510025914897 ], [ 35.114575340863183, 32.004439151445496 ], [ 35.115993913109008, 32.003991498070633 ], [ 35.116548128931129, 32.00320223687676 ] ] ] ] } },
{ "type": "Feature", "properties": { "Area": 50946714.564900003 }, "geometry": { "type": "MultiPolygon", "coordinates": [ [ [ [ 35.179995701633381, 31.926012429789303 ], [ 35.180700363859643, 31.929905606445207 ], [ 35.180254947789024, 31.930386868739198 ], [ 35.179019960211491, 31.930622228403031 ], [ 35.177595777653124, 31.930858663555263 ], [ 35.176462126489241, 31.930884910305515 ], [ 35.173542923719275, 31.933112855594857 ], [ 35.172010305456297, 31.933319328876955 ], [ 35.170878097394606, 31.933379344349241 ], [ 35.170055219237128, 31.933406742784168 ], [ 35.168879265432771, 31.933352873960928 ], [ 35.168164466100194, 31.932918671715914 ], [ 35.167449347531281, 31.9324731925905 ], [ 35.167127955064274, 31.932099407417354 ], [ 35.166380056534287, 31.931435785075706 ], [ 35.165624480901911, 31.930980138002745 ], [ 35.164967652560811, 31.930682335477204 ], [ 35.163948937392348, 31.930474033144577 ], [ 35.163139961368174, 31.930503645780085 ], [ 35.1622276426234, 31.930694982846365 ], [ 35.161572243414597, 31.930906691149673 ], [ 35.160081706484299, 31.931243234915918 ], [ 35.159527043163749, 31.931550222394723 ], [ 35.158551554892604, 31.931808583490241 ], [ 35.157708401262227, 31.931761494556206 ], [ 35.156793732294993, 31.931658009551882 ], [ 35.155808378138744, 31.931494181789493 ], [ 35.155036576385164, 31.931507411547432 ], [ 35.154267054931232, 31.931580946671492 ], [ 35.153215182405098, 31.931599127271078 ], [ 35.152098733666968, 31.931856818294403 ], [ 35.151520508485746, 31.932283815721828 ], [ 35.151267738597589, 31.933945311605623 ], [ 35.151218006652769, 31.936234782843936 ], [ 35.151447823793816, 31.938018788253157 ], [ 35.151583502192011, 31.939439208267967 ], [ 35.152046469813747, 31.940984890355345 ], [ 35.152769654927994, 31.942652421796481 ], [ 35.153543823034134, 31.944213441947909 ], [ 35.153824204039957, 31.94552062528382 ], [ 35.153083786048349, 31.946538817978816 ], [ 35.152034932735994, 31.947634661098569 ], [ 35.151426590773205, 31.948533407438628 ], [ 35.149663138034697, 31.948720913927421 ], [ 35.148513767652986, 31.948677013455782 ], [ 35.14729410603978, 31.948990979480591 ], [ 35.146042672496996, 31.949618864061744 ], [ 35.146011714987928, 31.949964358281438 ], [ 35.145636433991768, 31.950430311572301 ], [ 35.145913015329427, 31.951066219781609 ], [ 35.146329023335895, 31.952064608545474 ], [ 35.146432322835715, 31.952843035782898 ], [ 35.14629750207763, 31.953043628246196 ], [ 35.146084764858749, 31.953360857251209 ], [ 35.14644505259615, 31.954152929303504 ], [ 35.146572467175737, 31.954432550304624 ], [ 35.146619206648126, 31.956068803497573 ], [ 35.146429583945626, 31.957467658395593 ], [ 35.146794779929543, 31.958900020031646 ], [ 35.147321776911618, 31.959833636684813 ], [ 35.149598522273685, 31.961524415472841 ], [ 35.151515038128778, 31.962901059292623 ], [ 35.153233350595627, 31.964418502720328 ], [ 35.155075234320641, 31.966477622800568 ], [ 35.156263226528168, 31.968329052115536 ], [ 35.157005759370449, 31.969258763380758 ], [ 35.157599655096092, 31.971584535621769 ], [ 35.157439965567733, 31.973546484304848 ], [ 35.156409947842747, 31.975757795606967 ], [ 35.15542118412209, 31.977082519138172 ], [ 35.154054392492426, 31.978873209624542 ], [ 35.152406802303766, 31.98013677364953 ], [ 35.153742158817174, 31.982095936727173 ], [ 35.151556543246784, 31.984223321512619 ], [ 35.149483102776784, 31.983823389709503 ], [ 35.148958886267543, 31.983775816710768 ], [ 35.148154248112213, 31.985406050754232 ], [ 35.147336395186095, 31.986437132461027 ], [ 35.146317215078035, 31.987890277072974 ], [ 35.145634679112511, 31.988738792514514 ], [ 35.144888155114032, 31.989829072199761 ], [ 35.144343562436781, 31.99055533695099 ], [ 35.144007824272123, 31.991219135721501 ], [ 35.143824046092668, 31.992358711174258 ], [ 35.143917789207663, 31.993373856172383 ], [ 35.143865690946818, 31.994152769921872 ], [ 35.143747830505802, 31.995113141414016 ], [ 35.143217186435528, 31.996436292782157 ], [ 35.142809860762, 31.9970431264687 ], [ 35.142472640597873, 31.997646047599247 ], [ 35.142349136248512, 31.998365180439041 ], [ 35.1423783849242, 31.999620964435945 ], [ 35.142960663202146, 32.000508402625059 ], [ 35.143667996242151, 32.001344043915012 ], [ 35.143939788294787, 32.00167784308622 ], [ 35.144326449109307, 32.002859396556211 ], [ 35.144208279441337, 32.003776931086975 ], [ 35.144503515370083, 32.004182321118876 ], [ 35.145008843592286, 32.004207358394822 ], [ 35.145319608362968, 32.003354730509571 ], [ 35.146144724744794, 32.002878280545652 ], [ 35.147511053423123, 32.001592695314436 ], [ 35.148762322277221, 32.000473315778962 ], [ 35.149585914440159, 32.000818052639616 ], [ 35.150141781034641, 32.001478303166621 ], [ 35.149658642352478, 32.002257596920309 ], [ 35.150208625815985, 32.003095951742928 ], [ 35.15044972939306, 32.003362088118841 ], [ 35.15130818328214, 32.003239578743887 ], [ 35.151879114681329, 32.003047054679136 ], [ 35.15214310056146, 32.003502577184463 ], [ 35.152618616099723, 32.003609861932915 ], [ 35.153734513399485, 32.002925501235588 ], [ 35.159439655748464, 32.003764078761215 ], [ 35.161541409032544, 32.004077621014076 ], [ 35.162921406534238, 32.003580957446516 ], [ 35.164670013194488, 32.002996468384588 ], [ 35.166703083461563, 32.002645946722893 ], [ 35.168179374153553, 32.002304816478741 ], [ 35.168615059815799, 32.001111733722027 ], [ 35.16858333745332, 31.999768592350051 ], [ 35.169187440785997, 31.997861997597322 ], [ 35.170304345497001, 31.997062509957686 ], [ 35.171682034830013, 31.996583786061297 ], [ 35.172986361727517, 31.995911703491092 ], [ 35.174772700199298, 31.995087540394376 ], [ 35.175869698184449, 31.994234453745769 ], [ 35.177786933828394, 31.992821845972887 ], [ 35.179619010171791, 31.99122770288286 ], [ 35.180918892482893, 31.989954142127804 ], [ 35.182335180652359, 31.988484444147598 ], [ 35.183300829931525, 31.987311126400908 ], [ 35.18413630203716, 31.986313633615687 ], [ 35.185245251386597, 31.985106505513169 ], [ 35.185432774372039, 31.984902498772463 ], [ 35.187701394839117, 31.983043957761652 ], [ 35.191057698998215, 31.981403056772542 ], [ 35.193494610385983, 31.980671130579736 ], [ 35.195197890248927, 31.980713537854495 ], [ 35.196477763089412, 31.981054621894643 ], [ 35.197585221367937, 31.981324102535247 ], [ 35.198572995824698, 31.981561441010793 ], [ 35.199502103570964, 31.981473553522584 ], [ 35.200921893066294, 31.981061021188797 ], [ 35.202174371102558, 31.980470925825859 ], [ 35.203939814314715, 31.979879130016013 ], [ 35.204984787542266, 31.979770348315718 ], [ 35.205047450762478, 31.980874504538644 ], [ 35.206372185184811, 31.982199591100294 ], [ 35.20794096074858, 31.983117150693673 ], [ 35.209333038841891, 31.984109660872882 ], [ 35.21129278604166, 31.983840716796255 ], [ 35.213406304386872, 31.983887365781399 ], [ 35.219513784939515, 31.984157328619855 ], [ 35.220262888383765, 31.98423670932382 ], [ 35.22251486382612, 31.984618550482196 ], [ 35.223644511338762, 31.985280088485531 ], [ 35.224704824975987, 31.985590484592269 ], [ 35.226156675287257, 31.986033822486093 ], [ 35.22726804625168, 31.986156498850409 ], [ 35.228202574423605, 31.985858165522114 ], [ 35.229739802116086, 31.985267744846247 ], [ 35.230883963652261, 31.984449117061274 ], [ 35.232189569150826, 31.983438808580967 ], [ 35.23331542470153, 31.98290479706958 ], [ 35.233723963486817, 31.982983611857332 ], [ 35.234155778901545, 31.983467107967272 ], [ 35.235697896729214, 31.983875370447716 ], [ 35.236496218108456, 31.984255622868265 ], [ 35.237126140963255, 31.985277327329509 ], [ 35.237032036607708, 31.985651039742784 ], [ 35.236962004330294, 31.986308252875581 ], [ 35.236638102273858, 31.987190983500046 ], [ 35.23604771892817, 31.98771136453308 ], [ 35.235767020411714, 31.988299866066662 ], [ 35.23446792278942, 31.988570723940253 ], [ 35.234111049244071, 31.98882275150066 ], [ 35.233464510386405, 31.989082171951882 ], [ 35.232889207307629, 31.989277319085939 ], [ 35.232752756033193, 31.989651601231895 ], [ 35.232763305393249, 31.990084468142264 ], [ 35.232935598258301, 31.99119309323979 ], [ 35.232820244051048, 31.992433108844327 ], [ 35.232909406587765, 31.993110010391987 ], [ 35.23292431392332, 31.993730001739056 ], [ 35.233531138760689, 31.994830636099152 ], [ 35.234908947385364, 31.994806076079552 ], [ 35.235478906203603, 31.994363487054116 ], [ 35.236040816823021, 31.993611463750415 ], [ 35.236472810857236, 31.993480029128367 ], [ 35.237760384416212, 31.992715412688653 ], [ 35.238261604341368, 31.992461082047694 ], [ 35.239179908706909, 31.992471542629104 ], [ 35.24012258838362, 31.992236246317187 ], [ 35.240714825047682, 31.991788554651254 ], [ 35.241645217233987, 31.991041472929883 ], [ 35.241963044497929, 31.989942297255354 ], [ 35.242455154706683, 31.988912395171202 ], [ 35.242606401221778, 31.988032520227826 ], [ 35.242676229221729, 31.987375304237176 ], [ 35.242728924103275, 31.9864700951813 ], [ 35.242974517730559, 31.985474082691088 ], [ 35.243375405280744, 31.984224387420458 ], [ 35.243526636324631, 31.983346765271616 ], [ 35.243589386090932, 31.98239646158769 ], [ 35.243569867905826, 31.981594418519173 ], [ 35.243466234489816, 31.980867928042755 ], [ 35.243672007168307, 31.979973943107758 ], [ 35.244011591461764, 31.979638476088407 ], [ 35.24438960974863, 31.978732036016137 ], [ 35.244670872476661, 31.977735444167816 ], [ 35.244852205920502, 31.976568666267532 ], [ 35.245899997604049, 31.97593424078693 ], [ 35.246555512654638, 31.975699553377748 ], [ 35.247205500064489, 31.975316065299904 ], [ 35.247545195670916, 31.974929297941145 ], [ 35.247923537029152, 31.974471498622425 ], [ 35.248430047568363, 31.973792709514878 ], [ 35.24914162960367, 31.973660570472585 ], [ 35.249708790802778, 31.973648532964702 ], [ 35.250038283286941, 31.973388016338951 ], [ 35.250537035190433, 31.972443186568558 ], [ 35.250201154531325, 31.9711480786248 ], [ 35.249705082619478, 31.970138225395701 ], [ 35.249348000105805, 31.969729718002959 ], [ 35.247676362317506, 31.966990475405016 ], [ 35.24691372175603, 31.965977883015047 ], [ 35.244998601437644, 31.964767260536131 ], [ 35.244640167369376, 31.964575175456094 ], [ 35.2429078876498, 31.964091551112713 ], [ 35.242627882819185, 31.964080926702021 ], [ 35.241905886039198, 31.964050705849477 ], [ 35.241022491078915, 31.964244853943658 ], [ 35.240263668330641, 31.964303124929639 ], [ 35.23892702745642, 31.964017733054614 ], [ 35.238549467323288, 31.963911871976531 ], [ 35.238204776190436, 31.963739492191998 ], [ 35.23788087588035, 31.963465651829537 ], [ 35.23725907898757, 31.962588235816167 ], [ 35.23670339233648, 31.962138034650437 ], [ 35.236162231418831, 31.962095898646577 ], [ 35.235380582920854, 31.962062273775761 ], [ 35.233988877910598, 31.962068805808915 ], [ 35.232605947005766, 31.961040487920535 ], [ 35.232199650980803, 31.960948141510976 ], [ 35.231608747495983, 31.960902051531132 ], [ 35.231465045855607, 31.9601000303985 ], [ 35.231501562031418, 31.959499188191753 ], [ 35.231806618195868, 31.959320450532434 ], [ 35.232002068337557, 31.959062263539199 ], [ 35.231968144462314, 31.958370691219162 ], [ 35.231751328175228, 31.95791475766536 ], [ 35.231765739436398, 31.95746553768517 ], [ 35.232113979625744, 31.95691591823352 ], [ 35.232037074488829, 31.956744026387298 ], [ 35.231679672836933, 31.955934160429582 ], [ 35.230856612419863, 31.955964207291128 ], [ 35.230367164937256, 31.956308689261991 ], [ 35.229847062127789, 31.956978392759936 ], [ 35.22953813432116, 31.957491361955245 ], [ 35.228730445004551, 31.957577755460669 ], [ 35.228489699654411, 31.957191711571582 ], [ 35.228480074671076, 31.956409388284477 ], [ 35.228530500901776, 31.955842925666008 ], [ 35.228423956397826, 31.955429801485693 ], [ 35.228213710144971, 31.954720788321701 ], [ 35.227689534153505, 31.954339868310694 ], [ 35.227083496387245, 31.954400287005956 ], [ 35.226663306266055, 31.954802233159938 ], [ 35.226210621406331, 31.955491073671581 ], [ 35.225957885298804, 31.956061515370337 ], [ 35.225702320236628, 31.956562066271339 ], [ 35.225114482762677, 31.956781981150431 ], [ 35.224215420672571, 31.956976015071167 ], [ 35.22409300833791, 31.957246578821408 ], [ 35.223518803966442, 31.957096176129426 ], [ 35.2227923580108, 31.956827429680253 ], [ 35.22189931847921, 31.956560956681372 ], [ 35.221060651106093, 31.956246561299583 ], [ 35.220387420929931, 31.95588197612285 ], [ 35.219711370974927, 31.955424387930066 ], [ 35.218868229646311, 31.954922851734178 ], [ 35.217969063405242, 31.954375097828429 ], [ 35.216959347813855, 31.9538741302079 ], [ 35.21578570148931, 31.9534255873989 ], [ 35.214237937521069, 31.953364844250171 ], [ 35.21379836352267, 31.950563046720518 ], [ 35.213999287142094, 31.94860045298341 ], [ 35.214076624932183, 31.946979994684646 ], [ 35.213887832161326, 31.94632731877013 ], [ 35.213054554810483, 31.945816160692257 ], [ 35.212486184009776, 31.945215362396645 ], [ 35.211700856333593, 31.944805083105834 ], [ 35.211147087566978, 31.944814695579193 ], [ 35.210090601875628, 31.944645656611055 ], [ 35.20959251416614, 31.944467569035591 ], [ 35.210295693184932, 31.942220885106451 ], [ 35.21149505548555, 31.941897860183524 ], [ 35.211840502816365, 31.94078240435277 ], [ 35.212109076841365, 31.939359770263618 ], [ 35.212006360979217, 31.93816430359681 ], [ 35.211406147422487, 31.937498119805174 ], [ 35.210935809112627, 31.936653817313008 ], [ 35.210771191714308, 31.936104279962283 ], [ 35.210543267806621, 31.935222199761789 ], [ 35.210214707251886, 31.934147923523266 ], [ 35.211329780054371, 31.930557499825913 ], [ 35.210624415058156, 31.930553590934107 ], [ 35.208998381902013, 31.930358641850955 ], [ 35.207953961790842, 31.930185075181587 ], [ 35.207371226872993, 31.931027727734545 ], [ 35.206593172190132, 31.931656762595072 ], [ 35.204984147588469, 31.9315649074505 ], [ 35.204189055464383, 31.931155144508292 ], [ 35.203552757237723, 31.93063828665283 ], [ 35.203085498401379, 31.929888645251374 ], [ 35.201989706375016, 31.929808592773892 ], [ 35.201326827281825, 31.929317650468846 ], [ 35.20120013613441, 31.928212354568199 ], [ 35.201195382033937, 31.927130170611097 ], [ 35.201304129124317, 31.926228916932306 ], [ 35.200915558841942, 31.925396977826409 ], [ 35.199848754828025, 31.924923488543694 ], [ 35.198797488029015, 31.924520445665436 ], [ 35.197558209462109, 31.924156275093168 ], [ 35.19664297121183, 31.923324293232366 ], [ 35.195861247800515, 31.922442713572398 ], [ 35.194773315699088, 31.920772576622731 ], [ 35.194179149893728, 31.919851545655995 ], [ 35.19381677774853, 31.91898294963292 ], [ 35.193455724467334, 31.918195516480772 ], [ 35.192932286419349, 31.917355085662273 ], [ 35.192043201093391, 31.916959891889672 ], [ 35.190963091153719, 31.916949073201366 ], [ 35.189878471994753, 31.917249936821708 ], [ 35.188929236544247, 31.918019191128675 ], [ 35.187986057190365, 31.919018403408163 ], [ 35.187034731530282, 31.920180498815384 ], [ 35.186484869333519, 31.921240625625352 ], [ 35.185766758558351, 31.922535762313192 ], [ 35.184924400739497, 31.923751966410791 ], [ 35.184511384306582, 31.924395013090002 ], [ 35.183978232146103, 31.925107366541436 ], [ 35.183309434440076, 31.925779676968546 ], [ 35.182397041460767, 31.925959886300401 ], [ 35.181223137595623, 31.925986732240585 ], [ 35.179995701633381, 31.926012429789303 ] ] ] ] } },
{ "type": "Feature", "properties": { "Area": 1130730.5107400001 }, "geometry": { "type": "MultiPolygon", "coordinates": [ [ [ [ 35.048161159364049, 31.988812352627875 ], [ 35.048452530137446, 31.987608231349665 ], [ 35.048445657036538, 31.986882265941972 ], [ 35.048163365203692, 31.986437777331663 ], [ 35.047530840012975, 31.986520414515777 ], [ 35.046598076238602, 31.98698876296119 ], [ 35.046005551515897, 31.987555037778783 ], [ 35.045239493376421, 31.987696114415474 ], [ 35.044506823062399, 31.98707858100822 ], [ 35.044056446502594, 31.985947368621098 ], [ 35.04409249601607, 31.985277256575738 ], [ 35.043003701567834, 31.984020669650675 ], [ 35.042102609832966, 31.984154792117305 ], [ 35.040867611639129, 31.984445167899217 ], [ 35.039769253691887, 31.984778544928119 ], [ 35.038814481514841, 31.983957219289685 ], [ 35.037992300587341, 31.983052642857956 ], [ 35.037360338285524, 31.982649943500508 ], [ 35.036414568739154, 31.982174117578776 ], [ 35.035132429310195, 31.98221243199993 ], [ 35.034364307533345, 31.982770527667871 ], [ 35.034198109811321, 31.983602788431213 ], [ 35.034241501118281, 31.984188459534959 ], [ 35.033943854215998, 31.984668837591258 ], [ 35.032922586670871, 31.98487262363426 ], [ 35.031752487321121, 31.984564421953198 ], [ 35.030403455476645, 31.984637542632026 ], [ 35.029914676211696, 31.985026904367736 ], [ 35.029364423814236, 31.98566023168523 ], [ 35.029628817118983, 31.986427134276372 ], [ 35.030116335422242, 31.986971708607925 ], [ 35.031086886994359, 31.987377724749138 ], [ 35.032742349344552, 31.987642063078699 ], [ 35.034510281316116, 31.988067165248591 ], [ 35.03569260785676, 31.988318430978342 ], [ 35.036256523467614, 31.988699630234947 ], [ 35.036888637514728, 31.989584802991399 ], [ 35.037723753716968, 31.990951016306859 ], [ 35.0385419304761, 31.991729334992957 ], [ 35.03903019489978, 31.992271621249216 ], [ 35.039646047023183, 31.99257058288806 ], [ 35.040529419914186, 31.993244137970112 ], [ 35.041528760502644, 31.99323471554488 ], [ 35.042444743324332, 31.993145706979274 ], [ 35.042809972578191, 31.993151245251344 ], [ 35.043598504537108, 31.993329790528477 ], [ 35.044581953228167, 31.993713174433317 ], [ 35.045447596364269, 31.993764988436354 ], [ 35.046089399778758, 31.993508775186108 ], [ 35.046102363245204, 31.992507219708152 ], [ 35.045953893485645, 31.991542098614445 ], [ 35.045938000900158, 31.990976757083537 ], [ 35.045901272484571, 31.990125064991226 ], [ 35.046441736162329, 31.989653979765929 ], [ 35.047107970985422, 31.989304792431042 ], [ 35.048161159364049, 31.988812352627875 ] ] ] ] } },
{ "type": "Feature", "properties": { "Area": 1076410.2934600001 }, "geometry": { "type": "MultiPolygon", "coordinates": [ [ [ [ 35.019036605416368, 31.975029006568555 ], [ 35.017991427207157, 31.974831332134844 ], [ 35.01722729873638, 31.975030297028642 ], [ 35.016646077785715, 31.975515289311137 ], [ 35.016086860789493, 31.97582671294348 ], [ 35.014941094748899, 31.975907861867594 ], [ 35.014018046057657, 31.975245904387108 ], [ 35.013588289887181, 31.97434401181939 ], [ 35.013249050068808, 31.973799596662253 ], [ 35.012545635583152, 31.973260267005305 ], [ 35.011265192028475, 31.972859273922634 ], [ 35.01083575540747, 31.972453368447059 ], [ 35.010208885451945, 31.971764216354853 ], [ 35.009908125452434, 31.971642575028124 ], [ 35.0093992610933, 31.972297862045082 ], [ 35.009275359566026, 31.973199482766109 ], [ 35.008493074663377, 31.973227586749125 ], [ 35.007373642199894, 31.97329743546014 ], [ 35.006774922157263, 31.973135306059842 ], [ 35.006483053310859, 31.973338322439051 ], [ 35.005645541512102, 31.972835381540591 ], [ 35.004374690677864, 31.972296244215137 ], [ 35.003528021600502, 31.972440324321109 ], [ 35.00297549760181, 31.973005898827154 ], [ 35.002617970713288, 31.973748761346123 ], [ 35.001963640005627, 31.974523840411226 ], [ 35.001871565771687, 31.975125088508271 ], [ 35.002375054163316, 31.975748140110433 ], [ 35.003419013832399, 31.975887323435757 ], [ 35.00419754447298, 31.97622898718696 ], [ 35.004680687506685, 31.977096613569309 ], [ 35.004329798222884, 31.977598256618837 ], [ 35.003583871027573, 31.977993311578274 ], [ 35.003020255456214, 31.978626503912466 ], [ 35.003191039711773, 31.979453621859761 ], [ 35.004156173321192, 31.979674964331075 ], [ 35.005684561616, 31.979736547631184 ], [ 35.006541060943256, 31.97943239749911 ], [ 35.007457508798744, 31.979850909937337 ], [ 35.008083138213316, 31.98051752765571 ], [ 35.009156801832155, 31.981258104281903 ], [ 35.010484372874409, 31.981390338300962 ], [ 35.011673971331426, 31.981411877296051 ], [ 35.012562029844013, 31.980796046430239 ], [ 35.013505030461609, 31.980706159929543 ], [ 35.014927467452409, 31.980850890012146 ], [ 35.015720489855951, 31.980695945470774 ], [ 35.017129377511978, 31.979862166660897 ], [ 35.017909739148529, 31.979258539056406 ], [ 35.018772493001286, 31.978699553985678 ], [ 35.019233418631963, 31.978274685382196 ], [ 35.01911148494689, 31.977746948251962 ], [ 35.017965235239807, 31.977320855217208 ], [ 35.017601332753117, 31.976855324073398 ], [ 35.017746560201545, 31.976242306388208 ], [ 35.018569401727191, 31.975705808946326 ], [ 35.019036605416368, 31.975029006568555 ] ] ] ] } },
{ "type": "Feature", "properties": { "Area": 323544.36621100002 }, "geometry": { "type": "MultiPolygon", "coordinates": [ [ [ [ 35.049565646700366, 31.971693757511598 ], [ 35.048430695733593, 31.971682786405591 ], [ 35.047417246240066, 31.971669700929972 ], [ 35.046604143411273, 31.972043508468719 ], [ 35.046225125692196, 31.972511979004043 ], [ 35.046019336024266, 31.973370134601119 ], [ 35.046009798182226, 31.974014918116684 ], [ 35.046695693262059, 31.974380442195429 ], [ 35.047759022562083, 31.974728392631196 ], [ 35.0486648383336, 31.975261576021097 ], [ 35.049085126686649, 31.97580768695564 ], [ 35.04950806085111, 31.976454689845969 ], [ 35.049698589104665, 31.976992627245544 ], [ 35.051693672719622, 31.976836098800721 ], [ 35.052348226331631, 31.976083871955737 ], [ 35.052615351954486, 31.975491250525522 ], [ 35.052785422944439, 31.974807204149897 ], [ 35.052845853552654, 31.974046372609813 ], [ 35.053075408575083, 31.973073253220534 ], [ 35.053187196154219, 31.972241464809223 ], [ 35.05318063548691, 31.971504225549118 ], [ 35.052677284798158, 31.970903919813079 ], [ 35.051881304916336, 31.970436278128542 ], [ 35.051218814085452, 31.970415753329618 ], [ 35.050400734050903, 31.970618234973657 ], [ 35.050006154793124, 31.971016807627162 ], [ 35.049565646700366, 31.971693757511598 ] ] ] ] } },
{ "type": "Feature", "properties": { "Area": 35021959.588399999 }, "geometry": { "type": "MultiPolygon", "coordinates": [ [ [ [ 35.29367412520628, 31.971149746698693 ], [ 35.294631568980371, 31.970995197811227 ], [ 35.295192758227529, 31.970984652240158 ], [ 35.295755495906263, 31.971035539098853 ], [ 35.296241956261298, 31.970846370908145 ], [ 35.296791260396297, 31.970358429477059 ], [ 35.297416505828821, 31.97010828327911 ], [ 35.299520903392192, 31.970070087575852 ], [ 35.300720611589966, 31.970348181357224 ], [ 35.301357919085099, 31.970575403990185 ], [ 35.302002489673377, 31.971102470698693 ], [ 35.302503954215503, 31.971510718171416 ], [ 35.303075512400916, 31.971919472793292 ], [ 35.303776881569483, 31.971907089316527 ], [ 35.304471312455291, 31.971594290977475 ], [ 35.304957925549324, 31.971407343832141 ], [ 35.305450416293056, 31.971457116065363 ], [ 35.306087578361527, 31.971684878638868 ], [ 35.30658318089462, 31.971855825097769 ], [ 35.307436497549574, 31.972318441671774 ], [ 35.308000638250213, 31.972427890915757 ], [ 35.308774150137417, 31.972474602389642 ], [ 35.309684062637821, 31.972397196816587 ], [ 35.310511201473076, 31.971784402544571 ], [ 35.311188484601104, 31.970816076486802 ], [ 35.312276187223418, 31.969419037280606 ], [ 35.312653670602664, 31.967678216136608 ], [ 35.313398030634033, 31.966586948408004 ], [ 35.314778617992985, 31.965664214624194 ], [ 35.316104934494774, 31.965400964842622 ], [ 35.317139092042694, 31.964665072382804 ], [ 35.317474881026918, 31.964059431158109 ], [ 35.317806317255723, 31.963277939146995 ], [ 35.317998483672092, 31.962555188798831 ], [ 35.318261225246431, 31.96183350207188 ], [ 35.318387826357032, 31.961292299898442 ], [ 35.318651459616547, 31.960628665731427 ], [ 35.31892183238805, 31.960204569344256 ], [ 35.319470787814431, 31.959716529512185 ], [ 35.32051233637727, 31.959278201158916 ], [ 35.321552478368069, 31.958781247592874 ], [ 35.322177577941879, 31.958530979314801 ], [ 35.322513313786892, 31.957927015209442 ], [ 35.322572936589445, 31.957506488594781 ], [ 35.322629431514336, 31.956967038003075 ], [ 35.322684362457096, 31.956368407192357 ], [ 35.323094688194743, 31.955941353046565 ], [ 35.32343147663547, 31.955396566920289 ], [ 35.324104634312086, 31.954247810635817 ], [ 35.324500694380468, 31.953284748790654 ], [ 35.324626341685956, 31.952682668096895 ], [ 35.324402040608803, 31.952150245507887 ], [ 35.324036855894278, 31.951557082739868 ], [ 35.32373935755988, 31.950904109971205 ], [ 35.323655868474304, 31.950369298942185 ], [ 35.32342754211971, 31.94965426048509 ], [ 35.323206383146541, 31.949240759544281 ], [ 35.322643764352826, 31.949190557551937 ], [ 35.32230263182656, 31.949554982946438 ], [ 35.322187421612234, 31.950574141786198 ], [ 35.322145902882532, 31.951711031714375 ], [ 35.321942339841989, 31.952785508091466 ], [ 35.321570234933041, 31.950896548307167 ], [ 35.320990619466656, 31.949958066112234 ], [ 35.320175375091672, 31.948906505530744 ], [ 35.31964605582867, 31.948124661560147 ], [ 35.319441310403008, 31.947339139829928 ], [ 35.319729887306835, 31.94591119000977 ], [ 35.320065104311801, 31.944520960326397 ], [ 35.319997088246346, 31.94365189637869 ], [ 35.319749912927918, 31.943024794790936 ], [ 35.318715553190941, 31.942450821800385 ], [ 35.317591624405054, 31.941998101849876 ], [ 35.316813131365357, 31.94050403135796 ], [ 35.316509811439211, 31.939612063933019 ], [ 35.316219138922868, 31.939198047799458 ], [ 35.315577663668279, 31.938790538543234 ], [ 35.314795577502828, 31.93838765740346 ], [ 35.314231469055024, 31.938275982926911 ], [ 35.31387230891167, 31.937924020491316 ], [ 35.31357058503783, 31.937092916961294 ], [ 35.313549600371722, 31.936254808007671 ], [ 35.313812467782491, 31.935533127440458 ], [ 35.314006002540175, 31.934871251554807 ], [ 35.313983622393216, 31.933973961765609 ], [ 35.313386762913844, 31.932549038669993 ], [ 35.313083502407082, 31.931657061813009 ], [ 35.312792873010572, 31.931245291774466 ], [ 35.311940638976935, 31.930841325043311 ], [ 35.311303745350173, 31.930614153439478 ], [ 35.310736909960198, 31.930385229088522 ], [ 35.310031520908346, 31.930217853903759 ], [ 35.30967624870857, 31.930046239636916 ], [ 35.309524191098049, 31.929568965190743 ], [ 35.309582301378114, 31.929089825755668 ], [ 35.309845179584592, 31.928368152560619 ], [ 35.31024733173173, 31.927641290034359 ], [ 35.310583199899902, 31.927037918100694 ], [ 35.31084745379929, 31.926374859725883 ], [ 35.311316697176345, 31.925529573562457 ], [ 35.311300239599419, 31.924871259151121 ], [ 35.311145070233621, 31.924274497769087 ], [ 35.310781640923786, 31.923744419919068 ], [ 35.310001089288114, 31.923397870560198 ], [ 35.309292647964746, 31.92311325697381 ], [ 35.309064097536826, 31.923063281752164 ], [ 35.309188329238452, 31.921451176118826 ], [ 35.309640895441348, 31.919751998187305 ], [ 35.309770795965257, 31.91834279608889 ], [ 35.309098516819724, 31.917861441527268 ], [ 35.30751919527944, 31.917465932139983 ], [ 35.306009275216446, 31.917072038507229 ], [ 35.306036799173043, 31.916561924104517 ], [ 35.306103107780167, 31.916017396692069 ], [ 35.306448524692563, 31.91539768145396 ], [ 35.30668062044878, 31.915086930210311 ], [ 35.307026896078135, 31.914503285471596 ], [ 35.307213458302328, 31.913954714653983 ], [ 35.307274741578233, 31.913207280696568 ], [ 35.307136670078748, 31.912494953553512 ], [ 35.306965699681243, 31.912056017374766 ], [ 35.307027844759389, 31.911340146370939 ], [ 35.307170639710094, 31.910656901086114 ], [ 35.307108364990725, 31.910065130950805 ], [ 35.307109532546562, 31.909183035556008 ], [ 35.307660704913467, 31.908528204313541 ], [ 35.307922972771799, 31.907889951849011 ], [ 35.308053558873361, 31.90737806136519 ], [ 35.308176415178892, 31.906897740797131 ], [ 35.308077762125542, 31.904802775334407 ], [ 35.307915692043984, 31.903894884889397 ], [ 35.307753973167429, 31.903002775716079 ], [ 35.307966688643823, 31.902232671328928 ], [ 35.308502739578216, 31.901392974397869 ], [ 35.308625575553208, 31.90075708849956 ], [ 35.307059554683953, 31.899876831102805 ], [ 35.307234325169198, 31.897959751602826 ], [ 35.307400765395407, 31.896132860416571 ], [ 35.301908671311722, 31.894787275156972 ], [ 35.299918157634721, 31.895325935613894 ], [ 35.299552834669228, 31.895350446168788 ], [ 35.298202205858047, 31.895451778101396 ], [ 35.296900781339062, 31.895540659802478 ], [ 35.295503237708687, 31.895640306276348 ], [ 35.293296245187989, 31.896295691481132 ], [ 35.292781420638164, 31.895782010922776 ], [ 35.291423744107668, 31.895253689870913 ], [ 35.288578978358153, 31.894592765216945 ], [ 35.28778133383841, 31.89434078025819 ], [ 35.285316906145042, 31.894901504174374 ], [ 35.283651528577863, 31.89469513401863 ], [ 35.280831184761695, 31.894918935633175 ], [ 35.279671791541574, 31.894599479997876 ], [ 35.278575129672809, 31.895467003273232 ], [ 35.277380712208512, 31.896809721666177 ], [ 35.276843270416649, 31.897466106045862 ], [ 35.276367865368449, 31.898045234315457 ], [ 35.275116924339727, 31.900076730675558 ], [ 35.273880392780924, 31.900254395626291 ], [ 35.273086959164516, 31.900791411912675 ], [ 35.27246267507747, 31.901576334135754 ], [ 35.272079844039474, 31.90232279734856 ], [ 35.271626226909397, 31.902955441627071 ], [ 35.271108420670373, 31.903230770557631 ], [ 35.270374385338506, 31.903500573424161 ], [ 35.269331005345016, 31.903363582842172 ], [ 35.268782891551872, 31.903538026317239 ], [ 35.268300629256075, 31.904112618284532 ], [ 35.26787625323653, 31.904801034610244 ], [ 35.266962193207483, 31.905385418233877 ], [ 35.266292315772837, 31.905550892590259 ], [ 35.265579220892654, 31.906061895067165 ], [ 35.265245270196466, 31.906647112883615 ], [ 35.264792123880007, 31.906840093656719 ], [ 35.263463180708683, 31.907078010424627 ], [ 35.262514876327451, 31.90739972198957 ], [ 35.259900405878255, 31.908435732219012 ], [ 35.258873492973088, 31.908839742165199 ], [ 35.257086711755868, 31.909570408112241 ], [ 35.256293780361219, 31.91014113702089 ], [ 35.255294183597456, 31.911015745212911 ], [ 35.254363993532486, 31.911970354855036 ], [ 35.253438825124462, 31.91308502898924 ], [ 35.25278500372626, 31.913779682431937 ], [ 35.2519253533073, 31.914836265517852 ], [ 35.251327215483343, 31.915597963409045 ], [ 35.251318595162843, 31.916515569857154 ], [ 35.251452686248996, 31.917381268673903 ], [ 35.252271542820502, 31.918523457360823 ], [ 35.25289133902028, 31.919031060228871 ], [ 35.253255530849721, 31.919791268433013 ], [ 35.253233420391503, 31.920781588876373 ], [ 35.252887182905283, 31.921815433412881 ], [ 35.252765794423588, 31.922530172446429 ], [ 35.253018016700885, 31.92335580546473 ], [ 35.254153554971595, 31.924284804276741 ], [ 35.255513473085571, 31.924894120202264 ], [ 35.256846078598414, 31.926254761536264 ], [ 35.257361867467452, 31.926484511589862 ], [ 35.25802507634706, 31.927065907111988 ], [ 35.258875679776878, 31.927684418942111 ], [ 35.259560636419096, 31.927854905425765 ], [ 35.260862858746762, 31.929078553281531 ], [ 35.261884713281361, 31.930022750742005 ], [ 35.262496087219489, 31.930593436907635 ], [ 35.264661317232871, 31.932715084732866 ], [ 35.265138952794288, 31.932381747832448 ], [ 35.26619377236441, 31.932836657571404 ], [ 35.267202072868152, 31.933632581760214 ], [ 35.269825052872193, 31.937188368067311 ], [ 35.272605574553232, 31.94144743133123 ], [ 35.274654688414721, 31.944740765868737 ], [ 35.276208785615808, 31.947767746859146 ], [ 35.278710017965096, 31.951691463629579 ], [ 35.28079787208123, 31.95452643556024 ], [ 35.282408237005299, 31.957597265298372 ], [ 35.284124383195454, 31.959778591728607 ], [ 35.286753963874389, 31.961942959471543 ], [ 35.287385384878931, 31.962343855768399 ], [ 35.287751587751217, 31.96263050559628 ], [ 35.28882933511867, 31.962714902135904 ], [ 35.288381039899917, 31.963219088305266 ], [ 35.28489382426767, 31.966093062032407 ], [ 35.283741703742301, 31.965099537323297 ], [ 35.28285854490435, 31.964118799611708 ], [ 35.281247537361551, 31.96479727306464 ], [ 35.281090172558493, 31.965384111094981 ], [ 35.280867745298082, 31.966846874948882 ], [ 35.280887584477568, 31.967648913728798 ], [ 35.281081043697036, 31.968520174568685 ], [ 35.281617767228937, 31.969313445213078 ], [ 35.282497762076979, 31.970028157692461 ], [ 35.283587863162779, 31.969773847257187 ], [ 35.282881959259804, 31.970269155826351 ], [ 35.282295655484937, 31.970680969359474 ], [ 35.282229051899947, 31.971087953496827 ], [ 35.281781604845776, 31.971709350975885 ], [ 35.281738807442046, 31.972517063502757 ], [ 35.281949308854713, 31.972795369865018 ], [ 35.285017560136353, 31.972633949951693 ], [ 35.290663928719404, 31.972338276102466 ], [ 35.293804052926049, 31.972173213162893 ], [ 35.29367412520628, 31.971149746698693 ] ] ] ] } },
{ "type": "Feature", "properties": { "Area": 8018581.4521500003 }, "geometry": { "type": "MultiPolygon", "coordinates": [ [ [ [ 35.470508348898505, 31.941911220249629 ], [ 35.470437423266056, 31.943333415959145 ], [ 35.470267843261908, 31.946134464632792 ], [ 35.470126199644611, 31.946989228841375 ], [ 35.46981121337317, 31.947964972654834 ], [ 35.469485089788222, 31.948920448025479 ], [ 35.469527859563065, 31.949657026864852 ], [ 35.469464151770019, 31.950952387940131 ], [ 35.469328097294223, 31.951629031079523 ], [ 35.469326589775882, 31.952485755783755 ], [ 35.469437648436916, 31.953693952124535 ], [ 35.469589461225247, 31.954647301191908 ], [ 35.469834457972354, 31.955129258552187 ], [ 35.470317257266963, 31.955658626325246 ], [ 35.470521409236746, 31.956933134647905 ], [ 35.470647909770307, 31.957929370998091 ], [ 35.470832243772861, 31.958347199284436 ], [ 35.471174068186926, 31.958642951944764 ], [ 35.471675624848217, 31.959077020963335 ], [ 35.472016816385427, 31.959893568490791 ], [ 35.472034656609878, 31.961599644280785 ], [ 35.472191979363387, 31.965291662734472 ], [ 35.472285565017181, 31.967920805089541 ], [ 35.476116554447543, 31.971545827669832 ], [ 35.485762785957938, 31.971393486797936 ], [ 35.4946199973826, 31.964620686348447 ], [ 35.496509587918609, 31.955901485326791 ], [ 35.498904421211776, 31.944665019222377 ], [ 35.499633155972688, 31.941553201628498 ], [ 35.499806811424712, 31.940720311990152 ], [ 35.500148915073865, 31.939392160053593 ], [ 35.500357162336364, 31.938270045048451 ], [ 35.497215778886719, 31.937761038260451 ], [ 35.493105492603746, 31.938795696917726 ], [ 35.489203900032003, 31.939803264135591 ], [ 35.485720976296285, 31.94065422216002 ], [ 35.483851505491202, 31.941188728349228 ], [ 35.48299518529371, 31.941296009112811 ], [ 35.481232723691889, 31.941264917820682 ], [ 35.479875949501391, 31.941345649415982 ], [ 35.478292410259975, 31.941746435880358 ], [ 35.476518508376223, 31.94187312120798 ], [ 35.475034876266477, 31.942032981546138 ], [ 35.473796052464962, 31.942106633229258 ], [ 35.472518411163556, 31.942129627782972 ], [ 35.471388428566861, 31.942070008668534 ], [ 35.470508348898505, 31.941911220249629 ] ] ] ] } },
{ "type": "Feature", "properties": { "Area": 382437.98584199999 }, "geometry": { "type": "MultiPolygon", "coordinates": [ [ [ [ 34.998581388602467, 31.965361635548319 ], [ 34.996927445264127, 31.964129097450726 ], [ 34.995289426123058, 31.964495589398915 ], [ 34.993385443423513, 31.965005908279629 ], [ 34.991716663252994, 31.965223503935214 ], [ 34.990940308283093, 31.965287582346974 ], [ 34.989181673644161, 31.968307372565615 ], [ 34.989270271103372, 31.969158607030138 ], [ 34.990493635545242, 31.968947621363714 ], [ 34.991827085012247, 31.968807262268101 ], [ 34.993009065626282, 31.969555484710636 ], [ 34.994203514339596, 31.969773339090132 ], [ 34.995472377669969, 31.969250692271192 ], [ 34.996793895050203, 31.968681900972992 ], [ 34.997858091442119, 31.968085623099007 ], [ 34.998937825470598, 31.967037891909634 ], [ 34.99888272601072, 31.96602439178551 ], [ 34.998581388602467, 31.965361635548319 ] ] ] ] } },
{ "type": "Feature", "properties": { "Area": 1636239.3711000001 }, "geometry": { "type": "MultiPolygon", "coordinates": [ [ [ [ 35.440890052107697, 31.943638747220199 ], [ 35.441050982538194, 31.943951264236471 ], [ 35.441146489863904, 31.944463429383493 ], [ 35.441260234872509, 31.944869597250833 ], [ 35.441563811684148, 31.945321628576515 ], [ 35.442137200466931, 31.946009316822067 ], [ 35.442630541099334, 31.946541026067525 ], [ 35.44298949855785, 31.946867823273603 ], [ 35.443323584257975, 31.947097721270104 ], [ 35.443981877313767, 31.947569933160771 ], [ 35.444597022414122, 31.948033768704629 ], [ 35.445166276722162, 31.948388343356918 ], [ 35.445964249970359, 31.948866479872756 ], [ 35.446874122090698, 31.949473469712228 ], [ 35.447447948626454, 31.94980040724435 ], [ 35.447837226121869, 31.949894351942234 ], [ 35.448458056916394, 31.949995177844304 ], [ 35.448911035178249, 31.950054051537176 ], [ 35.449542090546196, 31.950145834311126 ], [ 35.450023448686139, 31.950249176256857 ], [ 35.450809080834752, 31.950484380071796 ], [ 35.451619062046994, 31.950615259484128 ], [ 35.453134241262923, 31.950811263011968 ], [ 35.454547463164737, 31.951009140227161 ], [ 35.456212309575619, 31.951540737267795 ], [ 35.45777414373665, 31.952227516996619 ], [ 35.459675553106088, 31.953126084664902 ], [ 35.461205949758835, 31.954018610943894 ], [ 35.462514795452812, 31.95522438515253 ], [ 35.463234144880921, 31.956491093653522 ], [ 35.463291036214969, 31.957682496300034 ], [ 35.463365402722069, 31.958386321249435 ], [ 35.463506612502762, 31.958997010380777 ], [ 35.463865501572791, 31.959314729580125 ], [ 35.464383015840838, 31.959557159959072 ], [ 35.465202203360413, 31.959460226036249 ], [ 35.466556176277543, 31.959458564790157 ], [ 35.467922763994792, 31.959359918221772 ], [ 35.468594582824629, 31.959170832571672 ], [ 35.468835436785149, 31.9589544601019 ], [ 35.469086876650316, 31.958568411863805 ], [ 35.468939136583536, 31.958113868708388 ], [ 35.468583401197158, 31.95751659573715 ], [ 35.468339873425407, 31.957085923618038 ], [ 35.467991293490392, 31.956387180187033 ], [ 35.467707706975311, 31.955527102095978 ], [ 35.467843490866784, 31.955386475988476 ], [ 35.468332816427633, 31.954849445410186 ], [ 35.468432765212235, 31.95460405752296 ], [ 35.468302680232746, 31.954020404768372 ], [ 35.468112631168175, 31.953388403978284 ], [ 35.468011504567407, 31.952526819795303 ], [ 35.46806592473245, 31.951443968510315 ], [ 35.468123059050988, 31.950096767605935 ], [ 35.468042819725881, 31.949198503472079 ], [ 35.467290464112857, 31.9488213019523 ], [ 35.466557239137373, 31.948544383109329 ], [ 35.465840324724923, 31.94848160696737 ], [ 35.464947768254603, 31.948253479166713 ], [ 35.464126127259505, 31.947913037065462 ], [ 35.463637260295243, 31.947726346181781 ], [ 35.463167884086502, 31.947476486778175 ], [ 35.462647481489995, 31.94712132999781 ], [ 35.462058134520333, 31.946812528880724 ], [ 35.461026767475737, 31.946458401094844 ], [ 35.459881047022101, 31.946401529748037 ], [ 35.458605020008953, 31.946493708164823 ], [ 35.457252326834912, 31.946531354008492 ], [ 35.455936558016141, 31.946717147883987 ], [ 35.454493767422107, 31.946805669788727 ], [ 35.452913975862238, 31.946955879527685 ], [ 35.451905046441212, 31.946822014316556 ], [ 35.450608940927637, 31.946578789660549 ], [ 35.449271565473431, 31.946349722169767 ], [ 35.448004938331742, 31.945999887291364 ], [ 35.446848671618547, 31.945697737938886 ], [ 35.445746648567969, 31.945344747915541 ], [ 35.444252817426225, 31.944674599478454 ], [ 35.443536364908979, 31.944453878916754 ], [ 35.442372183555648, 31.94382479591134 ], [ 35.441932388985308, 31.943738256015418 ], [ 35.441293554086535, 31.943428323375688 ], [ 35.440890052107697, 31.943638747220199 ] ] ] ] } },
{ "type": "Feature", "properties": { "Area": 1914806.21777 }, "geometry": { "type": "MultiPolygon", "coordinates": [ [ [ [ 35.240898650204699, 31.95495506526192 ], [ 35.240580399159796, 31.955542463948209 ], [ 35.24061857680087, 31.956382832631771 ], [ 35.241169762063144, 31.957189235550214 ], [ 35.241619392023843, 31.957787684587913 ], [ 35.242337576967003, 31.958313906765497 ], [ 35.243484798747652, 31.958749248290861 ], [ 35.243947439979763, 31.958416560582169 ], [ 35.245106469416598, 31.957872850412631 ], [ 35.245886209053609, 31.957775652822871 ], [ 35.247204257172221, 31.958033923553547 ], [ 35.248144958720623, 31.957897766928394 ], [ 35.2489331951476, 31.957604402833052 ], [ 35.24971470696233, 31.957090091424373 ], [ 35.250873586791229, 31.957006254534743 ], [ 35.251736469674427, 31.956952954057456 ], [ 35.252695608848285, 31.95607895890733 ], [ 35.253306196321667, 31.955258636464436 ], [ 35.253623657372295, 31.954583279155084 ], [ 35.253569220114052, 31.953224939904604 ], [ 35.25347462566404, 31.951868870407836 ], [ 35.253443083546813, 31.950358903770638 ], [ 35.253305973116753, 31.948911541006712 ], [ 35.253108779603266, 31.947278201083645 ], [ 35.252863182733527, 31.946293059974742 ], [ 35.252479715796106, 31.945208206983093 ], [ 35.251974217567444, 31.94364148973251 ], [ 35.251375735732566, 31.942143568103972 ], [ 35.250645183646043, 31.941191854897458 ], [ 35.25014804208476, 31.940375326155479 ], [ 35.249060696456986, 31.938967186171286 ], [ 35.248720090811361, 31.939235032760198 ], [ 35.247105217562627, 31.938663495212019 ], [ 35.245688611278908, 31.93836185460431 ], [ 35.245037034198532, 31.937935955648822 ], [ 35.244649140890999, 31.937778260978643 ], [ 35.244416742080446, 31.938765261792359 ], [ 35.244560954099541, 31.939419034424137 ], [ 35.244958771006573, 31.939957744277528 ], [ 35.244740844390336, 31.941546704133291 ], [ 35.245385052506215, 31.941697552316931 ], [ 35.245295689472236, 31.940661617873754 ], [ 35.246706235470036, 31.941006664741654 ], [ 35.24628680907869, 31.942405184968418 ], [ 35.244706068043975, 31.943269750578303 ], [ 35.244573843284847, 31.943596701337388 ], [ 35.244052168016374, 31.94443104646335 ], [ 35.243718265354261, 31.944998167960019 ], [ 35.243288882234296, 31.945664517705147 ], [ 35.24308358792905, 31.945949780107807 ], [ 35.242991291971471, 31.946147644335294 ], [ 35.243018353186393, 31.946444672125651 ], [ 35.243068970994798, 31.946955874274497 ], [ 35.243176244326776, 31.947397731891819 ], [ 35.243167666660504, 31.947828915738175 ], [ 35.243117063412292, 31.94814287618502 ], [ 35.242874778812435, 31.948510440201353 ], [ 35.24305899022638, 31.948773038387749 ], [ 35.242900801578948, 31.949882884635748 ], [ 35.242458362029012, 31.951018179610404 ], [ 35.241134850185063, 31.951695495414501 ], [ 35.239954419267043, 31.952744192940457 ], [ 35.23983810458477, 31.953695641513821 ], [ 35.239799775711866, 31.954162905654535 ], [ 35.240067150777946, 31.954501011817271 ], [ 35.240898650204699, 31.95495506526192 ] ] ] ] } },
{ "type": "Feature", "properties": { "Area": 643293.90039199998 }, "geometry": { "type": "MultiPolygon", "coordinates": [ [ [ [ 35.056168186955368, 31.949665818337923 ], [ 35.05433514417934, 31.948815959050616 ], [ 35.052710391834268, 31.948652829264887 ], [ 35.051312066113432, 31.948382297624022 ], [ 35.049841483146686, 31.948435752601938 ], [ 35.048813802698639, 31.948388843326782 ], [ 35.047793145813635, 31.94809900786786 ], [ 35.046664434639744, 31.947314158790636 ], [ 35.045250261376943, 31.946480469630608 ], [ 35.043968314182379, 31.946505347539439 ], [ 35.0425816712795, 31.947145568243172 ], [ 35.041339337679801, 31.948128085264667 ], [ 35.040620569410564, 31.948994593884532 ], [ 35.040780400994329, 31.949914087689802 ], [ 35.041877050954518, 31.950500548386781 ], [ 35.042903175452921, 31.950975873955098 ], [ 35.043710633446324, 31.951373133177832 ], [ 35.043947468172625, 31.952129266209297 ], [ 35.044004425017306, 31.953210388556794 ], [ 35.044718596977113, 31.954141848543131 ], [ 35.045990395388898, 31.95421784114443 ], [ 35.047467596723074, 31.953923767409496 ], [ 35.048661838576585, 31.953633838818142 ], [ 35.049563700175121, 31.953547014745645 ], [ 35.050004436533428, 31.952879081189312 ], [ 35.050067841626237, 31.952221960689315 ], [ 35.050492171945344, 31.951475660162998 ], [ 35.051379724666702, 31.950834753134867 ], [ 35.052554287568711, 31.950822072142504 ], [ 35.054410160240309, 31.950553169472492 ], [ 35.055098528774046, 31.950528617078355 ], [ 35.056168186955368, 31.949665818337923 ] ] ] ] } },
{ "type": "Feature", "properties": { "Area": 999053.65673799999 }, "geometry": { "type": "MultiPolygon", "coordinates": [ [ [ [ 35.031356939355895, 31.944069670158715 ], [ 35.031367791887014, 31.943481250184767 ], [ 35.031153592288206, 31.943058232030346 ], [ 35.030726841256403, 31.942744831832382 ], [ 35.022275019373183, 31.943781917755469 ], [ 35.02191543913635, 31.944445926887671 ], [ 35.021608780954324, 31.945086902082647 ], [ 35.021224993029378, 31.945369857314258 ], [ 35.020701989373947, 31.945520719602339 ], [ 35.019912113300222, 31.945249030084227 ], [ 35.019481493946799, 31.944818350660913 ], [ 35.019007475776476, 31.94427600676206 ], [ 35.018174601501748, 31.943946189281029 ], [ 35.017526191490091, 31.943924946030876 ], [ 35.016768780435271, 31.943871411312333 ], [ 35.016427011740106, 31.943234562433521 ], [ 35.016022620759472, 31.942758255610048 ], [ 35.015013534882947, 31.942386446931312 ], [ 35.01464069123228, 31.942083782210648 ], [ 35.014534983131078, 31.941174481326897 ], [ 35.013935343493806, 31.940992093118297 ], [ 35.012963967201479, 31.941494522252849 ], [ 35.012210477998174, 31.942108309822043 ], [ 35.011634978614545, 31.942789435626359 ], [ 35.011864623524126, 31.9432908551365 ], [ 35.013131451371265, 31.94320766043197 ], [ 35.013506769651016, 31.943592060265001 ], [ 35.013591087856604, 31.944212748628583 ], [ 35.014105395754079, 31.944755173047749 ], [ 35.014766629033595, 31.944730798524752 ], [ 35.015721271177455, 31.94458511173006 ], [ 35.015935716701598, 31.945016610541188 ], [ 35.015540951270495, 31.945891348436618 ], [ 35.015005474957597, 31.946557894129239 ], [ 35.014527573486603, 31.946867743053932 ], [ 35.014436720065142, 31.947491550347806 ], [ 35.014984013268993, 31.947755585008082 ], [ 35.015838465341986, 31.947888746961276 ], [ 35.016362792553792, 31.948315631867136 ], [ 35.016764941336774, 31.94868822524932 ], [ 35.016211888364488, 31.949217786653758 ], [ 35.015719553797176, 31.949469000575856 ], [ 35.015631133323083, 31.950198775296712 ], [ 35.015845283820319, 31.950619000790308 ], [ 35.016298058827672, 31.950887398407417 ], [ 35.016973464229856, 31.951392849448371 ], [ 35.017562978509439, 31.951714989506872 ], [ 35.018283689107697, 31.952380008583962 ], [ 35.019152947210053, 31.953064967497337 ], [ 35.020403748151331, 31.952877968663067 ], [ 35.021010186255211, 31.952345648240307 ], [ 35.022376435481817, 31.951937852077943 ], [ 35.023808443261913, 31.951448407758189 ], [ 35.024112312204622, 31.950715551587486 ], [ 35.023911511411107, 31.949787524541247 ], [ 35.023937194383578, 31.949245908557991 ], [ 35.024749122321687, 31.948824897667965 ], [ 35.025962414710541, 31.948257337553013 ], [ 35.026130491365386, 31.947483703577397 ], [ 35.025723853308676, 31.946937533977724 ], [ 35.025906364216745, 31.946219720262931 ], [ 35.026521709008634, 31.946000202498126 ], [ 35.027453400441161, 31.945496487406487 ], [ 35.028839830695681, 31.944836140747785 ], [ 35.029828583908596, 31.944468322923701 ], [ 35.031356939355895, 31.944069670158715 ] ] ] ] } },
{ "type": "Feature", "properties": { "Area": 1796022.8208000001 }, "geometry": { "type": "MultiPolygon", "coordinates": [ [ [ [ 35.108127447859438, 31.950222544534629 ], [ 35.107644237108659, 31.949412233696229 ], [ 35.107697911318851, 31.947711223561537 ], [ 35.10805582380425, 31.947116860337527 ], [ 35.108339400735623, 31.946647566894676 ], [ 35.109312090564003, 31.946024918108197 ], [ 35.110199671217629, 31.945229726235656 ], [ 35.110779535268435, 31.944595501369008 ], [ 35.111167924953371, 31.943572224780187 ], [ 35.11234518871909, 31.943568574396309 ], [ 35.113459413336656, 31.943811740402168 ], [ 35.114697154595795, 31.943646348068736 ], [ 35.116130074492595, 31.943460224934459 ], [ 35.117385495371224, 31.943638072816999 ], [ 35.118775000267725, 31.943574199035432 ], [ 35.120632160276536, 31.94370112821143 ], [ 35.121788853626832, 31.943602685918155 ], [ 35.123113112856402, 31.942750759393942 ], [ 35.12393615784444, 31.942263738450471 ], [ 35.124573321214712, 31.941738831836496 ], [ 35.124935859595865, 31.941376641256724 ], [ 35.12454642916186, 31.940541652136016 ], [ 35.124877883011308, 31.940579060054297 ], [ 35.125914219997497, 31.940690177290826 ], [ 35.126792177439604, 31.940693534923632 ], [ 35.127533003284221, 31.939675495014924 ], [ 35.12744726206823, 31.939054879706244 ], [ 35.126770221295089, 31.938504922457252 ], [ 35.125591498781247, 31.938357651214286 ], [ 35.124579287778616, 31.93789427384209 ], [ 35.12361662481802, 31.937281556280347 ], [ 35.122651171309208, 31.937035756836242 ], [ 35.121037635076945, 31.936805871852968 ], [ 35.119811153025026, 31.936878333775482 ], [ 35.119417481416576, 31.936952471010194 ], [ 35.118934352087969, 31.936378928727205 ], [ 35.11785044255992, 31.935605449363905 ], [ 35.11673106897068, 31.935308209012952 ], [ 35.115620906655536, 31.935406074371691 ], [ 35.114681721653426, 31.934866578089707 ], [ 35.114039163160619, 31.93515470450663 ], [ 35.112449329587186, 31.936565472738586 ], [ 35.11089479575358, 31.937499974119028 ], [ 35.109981377836867, 31.938108589152094 ], [ 35.109254307550593, 31.938751719063639 ], [ 35.108855408760142, 31.939550091911045 ], [ 35.108128484521387, 31.940193215318402 ], [ 35.107166561785817, 31.940685100394784 ], [ 35.106229785492872, 31.941140361243313 ], [ 35.105593400870063, 31.94115283141813 ], [ 35.104211744480999, 31.941471330616896 ], [ 35.103293251004473, 31.942413565410497 ], [ 35.102394165951821, 31.943571117788004 ], [ 35.101729711441074, 31.944439144797911 ], [ 35.101512749457527, 31.944869023109167 ], [ 35.102026943394343, 31.945387983226496 ], [ 35.10272331156056, 31.946156777673426 ], [ 35.103327907960235, 31.946078914936983 ], [ 35.10370958017991, 31.947660215156155 ], [ 35.103376456858868, 31.94928434716897 ], [ 35.103992875532995, 31.949903143690154 ], [ 35.105039471073603, 31.950690801325909 ], [ 35.106415665583945, 31.95128594184731 ], [ 35.107201389275254, 31.951241454854209 ], [ 35.107778202681935, 31.951051386403311 ], [ 35.108101640398949, 31.95088141430687 ], [ 35.108127447859438, 31.950222544534629 ] ] ] ] } },
{ "type": "Feature", "properties": { "Area": 894217.18310499995 }, "geometry": { "type": "MultiPolygon", "coordinates": [ [ [ [ 35.07468574581592, 31.949817409323455 ], [ 35.07511469485209, 31.949517429376215 ], [ 35.076179543281313, 31.949714090239222 ], [ 35.076868320646405, 31.94938505740927 ], [ 35.077592779741614, 31.948582039490791 ], [ 35.078224788937817, 31.94782063449254 ], [ 35.078544061850501, 31.947585351851899 ], [ 35.078761937612242, 31.947538785869117 ], [ 35.079961906403888, 31.947280131530675 ], [ 35.080907004785679, 31.94680027329532 ], [ 35.08122272792216, 31.946492835115176 ], [ 35.081043270687601, 31.945864771346994 ], [ 35.080683882613165, 31.945584295070041 ], [ 35.079792348601224, 31.945567078073037 ], [ 35.079090967143486, 31.945592315214512 ], [ 35.078492611283174, 31.945444051013176 ], [ 35.077833164512533, 31.944052343693812 ], [ 35.076822223382855, 31.943635932992485 ], [ 35.075210906752289, 31.943473104527872 ], [ 35.073652659287568, 31.943297910288827 ], [ 35.072875875229364, 31.942555364098403 ], [ 35.072162781289464, 31.941657879657686 ], [ 35.071538836139936, 31.940599284618393 ], [ 35.070700334777555, 31.940053932770969 ], [ 35.069581415769186, 31.939626077878891 ], [ 35.068274919159251, 31.940231156333493 ], [ 35.067649552784211, 31.941061846995975 ], [ 35.067260106432634, 31.94259057001619 ], [ 35.067209507049085, 31.944169821452991 ], [ 35.067290310910053, 31.945620141966067 ], [ 35.067763420209943, 31.947084975650327 ], [ 35.068600075415844, 31.948018125206801 ], [ 35.069157824294997, 31.949037208561265 ], [ 35.069542523726923, 31.949624361466483 ], [ 35.070798492423478, 31.949761524955722 ], [ 35.072374163114937, 31.950306516716214 ], [ 35.072492099423449, 31.950581693012285 ], [ 35.07373172173093, 31.950487156650524 ], [ 35.07468574581592, 31.949817409323455 ] ] ] ] } },
{ "type": "Feature", "properties": { "Area": 59271119.250500001 }, "geometry": { "type": "MultiPolygon", "coordinates": [ [ [ [ 35.441959304803191, 31.937884865302948 ], [ 35.441862274792342, 31.93806484611898 ], [ 35.441631931309438, 31.938452493377021 ], [ 35.441452755093337, 31.93875380865822 ], [ 35.441328745435904, 31.93911025693512 ], [ 35.441277896441797, 31.939385968943437 ], [ 35.441252767449498, 31.939639087587757 ], [ 35.441260555286249, 31.939905108419339 ], [ 35.441296007091104, 31.940197568448301 ], [ 35.441340937817515, 31.940448865475418 ], [ 35.441039737800253, 31.941755930922643 ], [ 35.441252000889094, 31.942754858330016 ], [ 35.443122427681587, 31.943248481304774 ], [ 35.446747667675346, 31.944552063515385 ], [ 35.45036798748108, 31.945645315887187 ], [ 35.451490201083303, 31.945939608559669 ], [ 35.452918207235705, 31.946072094051729 ], [ 35.454340018864286, 31.945990394961139 ], [ 35.455386128401607, 31.945760623828253 ], [ 35.456929264516333, 31.945570438306717 ], [ 35.458601545537, 31.945591901761645 ], [ 35.460335789912847, 31.945610400162327 ], [ 35.461822500414392, 31.945635576855526 ], [ 35.462822663857089, 31.946179706156084 ], [ 35.46476321856607, 31.947215081923343 ], [ 35.465700944423162, 31.94752428132016 ], [ 35.468270171162239, 31.948256200634201 ], [ 35.468561035229129, 31.947565145492927 ], [ 35.46914618117529, 31.946284479866339 ], [ 35.468971681518333, 31.944385399627564 ], [ 35.468979482718936, 31.942378848538972 ], [ 35.468909501326685, 31.942062232294528 ], [ 35.468967268215899, 31.940884117846672 ], [ 35.468450709444291, 31.939960833683692 ], [ 35.468102574132978, 31.939221505910918 ], [ 35.467150900750696, 31.939674948954817 ], [ 35.465721283602583, 31.939529099220138 ], [ 35.463978806465889, 31.939127983430389 ], [ 35.461919703614122, 31.938299687877482 ], [ 35.460059257396289, 31.937292286986096 ], [ 35.458393203683229, 31.935935580374792 ], [ 35.457755039340682, 31.934906531424367 ], [ 35.457377549872156, 31.932219311005337 ], [ 35.457204135550626, 31.929531118644608 ], [ 35.457262071104225, 31.927879553037318 ], [ 35.457329711879837, 31.926575166888711 ], [ 35.457318111915846, 31.926140063672317 ], [ 35.457297473779754, 31.925360597315223 ], [ 35.456982292795821, 31.92501909779045 ], [ 35.455952840506242, 31.924604050339049 ], [ 35.455640710217772, 31.924348777586662 ], [ 35.455515931894183, 31.923483280369197 ], [ 35.455103762822326, 31.923317258339662 ], [ 35.454481901578937, 31.92289406651193 ], [ 35.454266954614326, 31.922465562838578 ], [ 35.454364121630661, 31.92229008104297 ], [ 35.454542104517728, 31.921330986610865 ], [ 35.454005187121126, 31.920299462079196 ], [ 35.453892006466987, 31.919866812143312 ], [ 35.454382758092521, 31.919162993650808 ], [ 35.454246414689671, 31.917862390252761 ], [ 35.453918647069102, 31.909355507855189 ], [ 35.452256525642611, 31.893033002154791 ], [ 35.452309533006087, 31.89253633353287 ], [ 35.452537248728802, 31.891905178002983 ], [ 35.452926709863902, 31.891295687760405 ], [ 35.45364641636327, 31.890539566808737 ], [ 35.454136849800655, 31.889896620070949 ], [ 35.454868831328909, 31.889228959217771 ], [ 35.455454446270167, 31.888915548245219 ], [ 35.456140519237415, 31.889227010715413 ], [ 35.456362397552802, 31.889375935286935 ], [ 35.456515680476109, 31.889625323170467 ], [ 35.456566474296096, 31.889840532276786 ], [ 35.456687347272741, 31.890014456683474 ], [ 35.457034284118116, 31.890296150425886 ], [ 35.457279181029079, 31.890587064458515 ], [ 35.458774906566198, 31.890068350966018 ], [ 35.459448677283717, 31.889864091045762 ], [ 35.459982588478972, 31.889670817974807 ], [ 35.460398873290117, 31.889525125229863 ], [ 35.460826197127318, 31.88937039064059 ], [ 35.461242779824737, 31.889213985404357 ], [ 35.461594547226682, 31.889031218961318 ], [ 35.46178302838689, 31.888689272616347 ], [ 35.46203204929121, 31.888440767266239 ], [ 35.462146212085848, 31.888159280273335 ], [ 35.462293495614652, 31.887910417005756 ], [ 35.462406788928199, 31.887554531247734 ], [ 35.46245953900825, 31.887104640665154 ], [ 35.462540184624849, 31.886708802685533 ], [ 35.462358640852841, 31.886337733410695 ], [ 35.462095597314359, 31.885936956244503 ], [ 35.478235049185535, 31.865761004596536 ], [ 35.497066402194022, 31.866041460874023 ], [ 35.497827807012598, 31.861632606506976 ], [ 35.500771469317868, 31.861786417903783 ], [ 35.503780707452144, 31.861946206805975 ], [ 35.50411441898131, 31.859659860802957 ], [ 35.504215015896925, 31.858399888073748 ], [ 35.504639886976072, 31.855670303256854 ], [ 35.504847524503994, 31.852803137314996 ], [ 35.505260511433121, 31.850443324660883 ], [ 35.505740463391191, 31.846294918008841 ], [ 35.50610504127107, 31.844292563690772 ], [ 35.505359364508266, 31.843112373943512 ], [ 35.50396980269705, 31.841074707508792 ], [ 35.503082350966658, 31.839678398919496 ], [ 35.502233688051014, 31.838376121143767 ], [ 35.501200035973604, 31.836771029574653 ], [ 35.500847860310408, 31.836223426823643 ], [ 35.500049678991893, 31.835048399070789 ], [ 35.499720328635235, 31.83456330426268 ], [ 35.498634765509784, 31.833164604212303 ], [ 35.497858044555649, 31.832025585444921 ], [ 35.497304792571718, 31.831190978154023 ], [ 35.496151174319031, 31.829907959320817 ], [ 35.495279763243516, 31.829291638110696 ], [ 35.493786678939088, 31.828319940147409 ], [ 35.492846372907849, 31.827777032276021 ], [ 35.491890298352963, 31.827255007794442 ], [ 35.491271280260641, 31.827061947922637 ], [ 35.491085827814551, 31.826866781674262 ], [ 35.490607281157175, 31.826357761757478 ], [ 35.490084299645893, 31.826156025365098 ], [ 35.489015849239117, 31.825629158485199 ], [ 35.487856933479769, 31.825144757351534 ], [ 35.48688355584752, 31.824938373747614 ], [ 35.486302380730024, 31.824807206318301 ], [ 35.485824626560351, 31.824764863229902 ], [ 35.485462740120362, 31.824562187714012 ], [ 35.485374357513415, 31.824370180433327 ], [ 35.48537215401003, 31.82418756477545 ], [ 35.485454852594735, 31.823974324871351 ], [ 35.485557945735025, 31.823629147238535 ], [ 35.485756426534913, 31.823228521566239 ], [ 35.48578307989245, 31.822820384601609 ], [ 35.482212378687109, 31.820184176234442 ], [ 35.479756616240834, 31.818374579230163 ], [ 35.478623380610912, 31.817542268864837 ], [ 35.477634212065489, 31.816815040524734 ], [ 35.476267942233598, 31.816864185244043 ], [ 35.475524608185999, 31.817014009428849 ], [ 35.474690346964742, 31.816768907648633 ], [ 35.473722072357113, 31.816972745058138 ], [ 35.473209558012215, 31.817106285033187 ], [ 35.472185378076603, 31.817097171212517 ], [ 35.470876144387908, 31.817011990653352 ], [ 35.469777257517848, 31.817019923184606 ], [ 35.469474895813377, 31.816892605977106 ], [ 35.46884362638454, 31.816587296536149 ], [ 35.468062774049301, 31.816313858007938 ], [ 35.467553927889384, 31.81634591159963 ], [ 35.467099442918752, 31.816402087684097 ], [ 35.466607778776527, 31.816558103855957 ], [ 35.465896025375251, 31.816675679043254 ], [ 35.464693984103128, 31.816971802007124 ], [ 35.463633360916013, 31.817030894894621 ], [ 35.462947661602875, 31.817084708687972 ], [ 35.462197458398037, 31.817146540490146 ], [ 35.460917898614078, 31.817286091597552 ], [ 35.459686807594075, 31.81740918693966 ], [ 35.458243838065393, 31.817358526932079 ], [ 35.456988022527355, 31.817251678423464 ], [ 35.456075851367423, 31.817226430562716 ], [ 35.455356043157614, 31.817118504852807 ], [ 35.454936312835784, 31.816971093207879 ], [ 35.454461030064529, 31.816723460543859 ], [ 35.453815835310316, 31.816560142273225 ], [ 35.452838035192052, 31.816427907239362 ], [ 35.451683360216734, 31.816244716772424 ], [ 35.450828030907047, 31.8160564274 ], [ 35.450238622699757, 31.816078985776556 ], [ 35.44956342411016, 31.816110161386515 ], [ 35.447899925679422, 31.816405886688624 ], [ 35.447635145541831, 31.816627341853124 ], [ 35.447604992712648, 31.817211899339284 ], [ 35.447665189948957, 31.818141798425433 ], [ 35.44768789632441, 31.819500702701561 ], [ 35.447759026914994, 31.820822877188302 ], [ 35.447736102440793, 31.822401689492743 ], [ 35.447780374686694, 31.824179339364317 ], [ 35.447703407247843, 31.825666943820014 ], [ 35.447822237930964, 31.826987898474293 ], [ 35.447909845161988, 31.828359076803835 ], [ 35.447899889087111, 31.829281780984374 ], [ 35.447740477230631, 31.829794438229538 ], [ 35.44750896836684, 31.830130248849191 ], [ 35.446959604900911, 31.830352809309591 ], [ 35.446405575891241, 31.8306227223521 ], [ 35.44599990003605, 31.830756513222468 ], [ 35.445358259748538, 31.830913295625251 ], [ 35.444155495561596, 31.831218244384242 ], [ 35.443405718088577, 31.83130251061549 ], [ 35.442795091709371, 31.831327892837134 ], [ 35.44214126349172, 31.831369698528651 ], [ 35.441428422065506, 31.83137666489203 ], [ 35.440775020633268, 31.831456790551623 ], [ 35.44011153845139, 31.83153242238275 ], [ 35.438738342693746, 31.831939655131297 ], [ 35.437931533338961, 31.832189705439276 ], [ 35.437516583967145, 31.832450306165001 ], [ 35.437140513665263, 31.83281398123437 ], [ 35.436555964286349, 31.833634587176483 ], [ 35.435714060475476, 31.834910518919742 ], [ 35.434840870270911, 31.836225956621277 ], [ 35.434185069526251, 31.837352175135074 ], [ 35.433605441476814, 31.838583090565653 ], [ 35.433039995225407, 31.840082271848292 ], [ 35.432507675078824, 31.841634373373775 ], [ 35.43274567975682, 31.842628776344871 ], [ 35.432832701721857, 31.843578358476041 ], [ 35.432852499153462, 31.844310495013417 ], [ 35.433001943814759, 31.845067762469171 ], [ 35.432934345806729, 31.845637163100999 ], [ 35.432498267295436, 31.846330662663423 ], [ 35.431904031834968, 31.846888042120696 ], [ 35.431255291233306, 31.847301787128437 ], [ 35.431038413395122, 31.847519739765303 ], [ 35.430763573654005, 31.847865742049358 ], [ 35.430676925860411, 31.848211972737158 ], [ 35.430606671433402, 31.8485790289695 ], [ 35.430617917741444, 31.849060923287482 ], [ 35.430738089294948, 31.849665497836877 ], [ 35.430960670202012, 31.850292435536794 ], [ 35.431459836287736, 31.850742459305142 ], [ 35.432763985824884, 31.851197802071933 ], [ 35.433479108690392, 31.851317135577879 ], [ 35.433998878161255, 31.851746821032577 ], [ 35.434594418775433, 31.851773926732445 ], [ 35.435333720187359, 31.851655912682457 ], [ 35.436184319554158, 31.851484145567952 ], [ 35.437050392845229, 31.851295998845515 ], [ 35.437971058982846, 31.851154528290877 ], [ 35.43852401734415, 31.851186766569096 ], [ 35.43892397198816, 31.851427268582267 ], [ 35.439163612352857, 31.851726684092309 ], [ 35.439400484954191, 31.852170960248277 ], [ 35.439491597704034, 31.852620014554937 ], [ 35.439680155831795, 31.853085234160051 ], [ 35.44021192497253, 31.85354418117446 ], [ 35.440460105093486, 31.853692522260676 ], [ 35.440140015522147, 31.854674980008294 ], [ 35.439876380080321, 31.855396929835265 ], [ 35.439432718331311, 31.856352559504725 ], [ 35.43899060849084, 31.857468258853793 ], [ 35.438766002234345, 31.857896476884079 ], [ 35.438585495690141, 31.858463269105162 ], [ 35.438225531552341, 31.858837625721332 ], [ 35.437679904634372, 31.858981229005988 ], [ 35.43681903706554, 31.859166552272608 ], [ 35.436165636082279, 31.859260745530225 ], [ 35.435910475466578, 31.859427484500639 ], [ 35.435538850473222, 31.860163148864213 ], [ 35.435107531949896, 31.861262469025164 ], [ 35.434690625633053, 31.862185905406076 ], [ 35.434457212539002, 31.862803514984765 ], [ 35.434545164184172, 31.863381088018905 ], [ 35.434976698542997, 31.864020038943387 ], [ 35.435457806579741, 31.864738935277799 ], [ 35.435568612039937, 31.865009845204607 ], [ 35.435803978883214, 31.865769768723506 ], [ 35.435998705648302, 31.866717458117019 ], [ 35.435946602361803, 31.867274993727353 ], [ 35.435996389227931, 31.867837980143744 ], [ 35.436117725287694, 31.868883876142508 ], [ 35.436219002729679, 31.870094955083598 ], [ 35.435780583843496, 31.871077051661093 ], [ 35.435486705180082, 31.871556116795002 ], [ 35.43532979589169, 31.871870349551976 ], [ 35.434999976423086, 31.872108804366317 ], [ 35.434625064391696, 31.872143302176216 ], [ 35.434491001539918, 31.872549365881881 ], [ 35.434417613717045, 31.872719718035455 ], [ 35.434254370923895, 31.8729460329989 ], [ 35.433950945637854, 31.873110036838519 ], [ 35.433688381581582, 31.873171383745692 ], [ 35.433419428687031, 31.873120013564687 ], [ 35.433133191069608, 31.872956509491303 ], [ 35.432657677876705, 31.872708798647356 ], [ 35.432440668874392, 31.872493877427615 ], [ 35.432276857202368, 31.872289569665632 ], [ 35.432066915333053, 31.872194690525106 ], [ 35.431781631349509, 31.872148418865194 ], [ 35.431498108861035, 31.872214307856417 ], [ 35.431270243664692, 31.872419316094287 ], [ 35.431015645183912, 31.872631698893915 ], [ 35.430806552540837, 31.872816381781263 ], [ 35.429633933249406, 31.872180423466165 ], [ 35.428418277960212, 31.871563130193834 ], [ 35.427415388284423, 31.870495667005674 ], [ 35.426506176205578, 31.870129764729459 ], [ 35.425819717115594, 31.869694140411287 ], [ 35.425353396541631, 31.869062546659976 ], [ 35.425043725235788, 31.868685445049959 ], [ 35.424222437573647, 31.86882946862557 ], [ 35.423711144510825, 31.869351155592568 ], [ 35.422813578623725, 31.86943161020519 ], [ 35.422137293769943, 31.869380915098901 ], [ 35.420708293829961, 31.869216516355774 ], [ 35.420167381182033, 31.868586721226858 ], [ 35.41956132239175, 31.868341437091537 ], [ 35.41873675948564, 31.868356920667484 ], [ 35.417462599978101, 31.868381043998845 ], [ 35.417019868158754, 31.868646696309963 ], [ 35.416513266104729, 31.86935942087878 ], [ 35.415842047217296, 31.86950088537662 ], [ 35.415387385235448, 31.869317893669141 ], [ 35.41447333371719, 31.868758020663812 ], [ 35.413948443875832, 31.868767904995835 ], [ 35.413270371066851, 31.868652346931714 ], [ 35.412591332421137, 31.868473659031128 ], [ 35.411623696048693, 31.868749169176755 ], [ 35.410442565653518, 31.869474803602007 ], [ 35.408827450259196, 31.870786184756735 ], [ 35.407179390102669, 31.8724566369659 ], [ 35.406673816410823, 31.872474915123718 ], [ 35.406118026221435, 31.872636435705076 ], [ 35.405843986945705, 31.872820053414671 ], [ 35.405375865119851, 31.872900831198795 ], [ 35.404957705953535, 31.872949400938097 ], [ 35.404204077183266, 31.873182243800382 ], [ 35.403403657351824, 31.873542538246117 ], [ 35.402178984560585, 31.8742738002334 ], [ 35.401563377765235, 31.874813033181692 ], [ 35.400944195554757, 31.875460487643466 ], [ 35.400183782319253, 31.876013464992408 ], [ 35.39966509380195, 31.876165318330226 ], [ 35.399264199624717, 31.876265697777473 ], [ 35.3989904351577, 31.876277389884411 ], [ 35.39864133157063, 31.876270596387023 ], [ 35.398136740126418, 31.876216693151239 ], [ 35.39766927087976, 31.876146949549891 ], [ 35.396986177051502, 31.876015530561165 ], [ 35.396631366482275, 31.875963648937578 ], [ 35.396387198940971, 31.876152837477338 ], [ 35.396319799655828, 31.876379522752632 ], [ 35.396270171990402, 31.876655781535653 ], [ 35.396145716170217, 31.877000917307747 ], [ 35.396133790079745, 31.87738195627951 ], [ 35.395718307997534, 31.878018932273562 ], [ 35.395124777022737, 31.878643210359652 ], [ 35.394557850138526, 31.879199245360166 ], [ 35.394112656765003, 31.880093844022067 ], [ 35.393693949005467, 31.880942746728564 ], [ 35.393817947186804, 31.88141601979839 ], [ 35.393725080451766, 31.881710941935779 ], [ 35.393402312066016, 31.882075533733246 ], [ 35.393005738705277, 31.882529289348859 ], [ 35.392725428301361, 31.882904525556945 ], [ 35.39258349635066, 31.883112155274429 ], [ 35.392623574483395, 31.883330224631173 ], [ 35.392653042278205, 31.883528018640252 ], [ 35.392716111468864, 31.883844690899817 ], [ 35.3929376827056, 31.883980199710724 ], [ 35.392940775142783, 31.884201141983095 ], [ 35.39285965592952, 31.884590737452818 ], [ 35.392808590356644, 31.884816832744988 ], [ 35.393072743296806, 31.884938187179145 ], [ 35.393289461043167, 31.885121611937063 ], [ 35.393207863875062, 31.885438498744513 ], [ 35.392959318159384, 31.88616934483138 ], [ 35.392815129652504, 31.8866497796893 ], [ 35.393135722150596, 31.886990869758652 ], [ 35.393378692915242, 31.887088018442338 ], [ 35.393739660504799, 31.887223318454705 ], [ 35.394128617162274, 31.887396339520144 ], [ 35.394483416223004, 31.887502337355102 ], [ 35.394907294420314, 31.887469575342038 ], [ 35.39524130992686, 31.887587438635805 ], [ 35.395528464010582, 31.887805135722573 ], [ 35.395918504172933, 31.888099895796099 ], [ 35.396351163371861, 31.888397972139757 ], [ 35.396671060476301, 31.888633653620499 ], [ 35.397006038410112, 31.888814074765826 ], [ 35.397210882652367, 31.888918601153794 ], [ 35.397405280308043, 31.889002852051114 ], [ 35.397625691509937, 31.889048171987167 ], [ 35.397850364130875, 31.888998793629742 ], [ 35.398128483934542, 31.888919460539249 ], [ 35.398357185332628, 31.888743819909688 ], [ 35.398531905488248, 31.888580097747944 ], [ 35.398610298086027, 31.888396231531857 ], [ 35.398698824522576, 31.888162185857951 ], [ 35.398738307356211, 31.887931596941083 ], [ 35.398815367677003, 31.887664313966987 ], [ 35.399267642480226, 31.887784240296789 ], [ 35.399544478064122, 31.888038017026666 ], [ 35.39975100494803, 31.888234973623426 ], [ 35.40001127186823, 31.888462283719836 ], [ 35.400394422012191, 31.888615003454625 ], [ 35.400726529158518, 31.888606599998514 ], [ 35.401005972611109, 31.888607859010634 ], [ 35.401296455327625, 31.888674482482045 ], [ 35.401507249608336, 31.888778992721246 ], [ 35.401712641153239, 31.888905492930853 ], [ 35.401994171552261, 31.889110220343913 ], [ 35.40220016598898, 31.889286319081499 ], [ 35.402541035185095, 31.889512371208394 ], [ 35.402886665329625, 31.889724323992358 ], [ 35.403189524560105, 31.889860815058899 ], [ 35.403229402538507, 31.890049571844283 ], [ 35.403162723998314, 31.890301059235092 ], [ 35.403165899259044, 31.890549055532762 ], [ 35.403178876218064, 31.890746872603636 ], [ 35.40318187669876, 31.890990360043254 ], [ 35.403425106333188, 31.891121307357654 ], [ 35.403758177890957, 31.891173203842929 ], [ 35.403896075699038, 31.891475098068224 ], [ 35.403979070843384, 31.891667732358844 ], [ 35.404388358554769, 31.891754453112082 ], [ 35.404887679891765, 31.891774521152758 ], [ 35.405060357908688, 31.89189035831853 ], [ 35.405213196401178, 31.892072736001207 ], [ 35.405217822088474, 31.892453748683945 ], [ 35.405124561256336, 31.892707533551118 ], [ 35.405089479594892, 31.892904862595032 ], [ 35.405268519328672, 31.893059016856601 ], [ 35.405516263026669, 31.893135279993444 ], [ 35.405862736667068, 31.892966766887373 ], [ 35.406016851736652, 31.892823921859144 ], [ 35.406360929911301, 31.892920885149298 ], [ 35.406288505843868, 31.893109819256306 ], [ 35.406044241304464, 31.893341862609233 ], [ 35.405853923505454, 31.893546201688363 ], [ 35.405814039144936, 31.893812866099431 ], [ 35.405987668948207, 31.894060028305326 ], [ 35.406276320387647, 31.894261916516957 ], [ 35.406630548300534, 31.894239371486307 ], [ 35.406860767824156, 31.894230550394767 ], [ 35.407238786493259, 31.894437366773246 ], [ 35.40730089453173, 31.894666104995686 ], [ 35.407543663953412, 31.894806063269606 ], [ 35.407972857252616, 31.895224160162883 ], [ 35.408195573321279, 31.895406985833123 ], [ 35.408209762628836, 31.895700055205708 ], [ 35.408485076408894, 31.89584108673473 ], [ 35.408867485774429, 31.895937417964696 ], [ 35.409586898756949, 31.89598698606023 ], [ 35.40982948984194, 31.896043521692203 ], [ 35.409931129448438, 31.896442977147949 ], [ 35.410292586996476, 31.896622756460399 ], [ 35.410785503452665, 31.896572920440054 ], [ 35.411433072844325, 31.896400521113073 ], [ 35.41183463858853, 31.896345757051154 ], [ 35.412024206199639, 31.896472829833822 ], [ 35.412091302737558, 31.896710575675812 ], [ 35.412147542159971, 31.896894229921912 ], [ 35.412336986701924, 31.897039338856484 ], [ 35.413001688286407, 31.896993158543818 ], [ 35.41393249467081, 31.896736299170716 ], [ 35.415303366534694, 31.896072320129178 ], [ 35.41618850159054, 31.895640792061936 ], [ 35.416563567673172, 31.89562889375415 ], [ 35.41720765783149, 31.895603016859877 ], [ 35.418378790033778, 31.895718287399276 ], [ 35.419785052145379, 31.895732257606145 ], [ 35.420164944457419, 31.896090087335796 ], [ 35.420907629563274, 31.896694172032781 ], [ 35.421323351795913, 31.896902573015311 ], [ 35.422824533974648, 31.897236494071961 ], [ 35.42397153960551, 31.897543955089354 ], [ 35.424822295812788, 31.897737501294714 ], [ 35.425361600262342, 31.897539855079621 ], [ 35.426126885250369, 31.896941629365564 ], [ 35.42693384185668, 31.896299362269353 ], [ 35.427703352280801, 31.895612628379681 ], [ 35.428213345713964, 31.895186184352923 ], [ 35.428708394891601, 31.894865165026154 ], [ 35.429247868161369, 31.894679338410672 ], [ 35.430264882781564, 31.894515207330013 ], [ 35.43128899234339, 31.894417001148899 ], [ 35.433156979641687, 31.894074342564426 ], [ 35.433601219606182, 31.893987305574942 ], [ 35.434083236157257, 31.893948671679087 ], [ 35.435443832932549, 31.896321377461266 ], [ 35.436320189933518, 31.898288569179662 ], [ 35.437435873990445, 31.900760898611736 ], [ 35.43797001126535, 31.903949543271057 ], [ 35.438182303525799, 31.906315302524586 ], [ 35.438089850214851, 31.9084922392694 ], [ 35.437712579187419, 31.911250244450009 ], [ 35.437391495155858, 31.913303598594545 ], [ 35.436682777971527, 31.916649515228745 ], [ 35.436505670687971, 31.916975057069671 ], [ 35.436098399268353, 31.918671781959983 ], [ 35.436141194268103, 31.920321466822582 ], [ 35.436337691462327, 31.921728507282658 ], [ 35.436349368602087, 31.922497285305653 ], [ 35.437004724577243, 31.923790194828221 ], [ 35.437912022798827, 31.925265255722781 ], [ 35.438625676186319, 31.926335976654158 ], [ 35.439301027450036, 31.927411836898809 ], [ 35.440135810002268, 31.928412434068736 ], [ 35.440199951749733, 31.928943823042946 ], [ 35.4403014183479, 31.929856723618151 ], [ 35.44043672064376, 31.93062527053381 ], [ 35.440674161627065, 31.931403209053443 ], [ 35.441009368405524, 31.932030474423822 ], [ 35.441239903202423, 31.932753751973411 ], [ 35.44108996742775, 31.933306957221529 ], [ 35.441838595242679, 31.934124521296056 ], [ 35.442333471427155, 31.934892956565715 ], [ 35.442514083619187, 31.935921814866916 ], [ 35.442247637038491, 31.936916565373103 ], [ 35.442162048378869, 31.937303942488324 ], [ 35.442068431615041, 31.937589880355016 ], [ 35.441959304803191, 31.937884865302948 ] ] ] ] } },
{ "type": "Feature", "properties": { "Area": 124077.005859 }, "geometry": { "type": "MultiPolygon", "coordinates": [ [ [ [ 35.03881016037132, 31.944550241449111 ], [ 35.038813982904657, 31.943708739537954 ], [ 35.038284746701336, 31.943119613553133 ], [ 35.037336941519186, 31.94252824453844 ], [ 35.036292234766627, 31.942342557428315 ], [ 35.03537627562153, 31.942420250679781 ], [ 35.034674036843825, 31.94291869478527 ], [ 35.034123717158046, 31.944011973505265 ], [ 35.034226258466234, 31.945311289123087 ], [ 35.034714558760491, 31.945867122655589 ], [ 35.036605464168282, 31.94539054546518 ], [ 35.03881016037132, 31.944550241449111 ] ] ] ] } },
{ "type": "Feature", "properties": { "Area": 167774.02099600001 }, "geometry": { "type": "MultiPolygon", "coordinates": [ [ [ [ 35.009137073471955, 31.932849297731867 ], [ 35.008497486078873, 31.932679222337704 ], [ 35.004102373755487, 31.937366322321594 ], [ 35.004260325847945, 31.938213714659728 ], [ 35.005081827594687, 31.938636041720613 ], [ 35.005796563935114, 31.938608979547489 ], [ 35.006283387584865, 31.93813910462864 ], [ 35.006704151975825, 31.937726615769051 ], [ 35.007772212833949, 31.937290329207308 ], [ 35.008427553885525, 31.937059124334279 ], [ 35.009149256464816, 31.936778981832269 ], [ 35.009329534988133, 31.936465314040987 ], [ 35.009395623403101, 31.935920943923783 ], [ 35.00928671416213, 31.935381377758961 ], [ 35.009202900954818, 31.934773650152554 ], [ 35.009182811825902, 31.934036947883545 ], [ 35.009300484594426, 31.933399093388278 ], [ 35.009137073471955, 31.932849297731867 ] ] ] ] } },
{ "type": "Feature", "properties": { "Area": 12578497.460500002 }, "geometry": { "type": "MultiPolygon", "coordinates": [ [ [ [ 35.079189559652662, 31.936621024407998 ], [ 35.080741901476365, 31.936687926871915 ], [ 35.082870340713306, 31.936452690291624 ], [ 35.083865973229173, 31.936278348127029 ], [ 35.084453287125719, 31.935856176986015 ], [ 35.086367808675639, 31.934900352487062 ], [ 35.086986467145763, 31.934891907643191 ], [ 35.087259276129465, 31.934889904964017 ], [ 35.089251841151366, 31.934780690450072 ], [ 35.090961589477956, 31.934477301540081 ], [ 35.091915917260756, 31.933590986546864 ], [ 35.092372806316881, 31.93330619026473 ], [ 35.094413820231615, 31.933272464691328 ], [ 35.09627128184534, 31.933359168418765 ], [ 35.097677216868526, 31.933969648339378 ], [ 35.099160533045215, 31.934842267701725 ], [ 35.100316000427554, 31.934286910597944 ], [ 35.1005248190245, 31.934028372407145 ], [ 35.100636706831025, 31.933713391076981 ], [ 35.101009620646778, 31.932994494968632 ], [ 35.101523564226596, 31.932341093808063 ], [ 35.102162483288652, 31.931775718447813 ], [ 35.102564789519448, 31.931505495984641 ], [ 35.10293895965637, 31.931275831606666 ], [ 35.103090704287219, 31.930766425116914 ], [ 35.103570193936847, 31.930318715360407 ], [ 35.104176869644576, 31.929293940019548 ], [ 35.104585978291219, 31.928829261658787 ], [ 35.104998192693962, 31.928238329689247 ], [ 35.106273193358327, 31.9273448289035 ], [ 35.106929680032522, 31.926824533577133 ], [ 35.10707943263003, 31.926609902630986 ], [ 35.107447937739195, 31.926080929075727 ], [ 35.107733537078069, 31.925672509718737 ], [ 35.108136580024144, 31.924971087342396 ], [ 35.108453712450043, 31.924420089927967 ], [ 35.108642364670779, 31.923330157530856 ], [ 35.108898201872421, 31.922611148668484 ], [ 35.10936073257966, 31.921877639400282 ], [ 35.110019827115821, 31.921337038584841 ], [ 35.111085040644774, 31.920924678952304 ], [ 35.112552050344576, 31.920999584397794 ], [ 35.113608116051985, 31.920970470597815 ], [ 35.114641131882642, 31.920858476995921 ], [ 35.11576653734123, 31.920878430696121 ], [ 35.116446872308387, 31.921060958426139 ], [ 35.116670951920284, 31.921354768572666 ], [ 35.117460344479717, 31.922051967285693 ], [ 35.118243971429798, 31.922566538548519 ], [ 35.118871268228894, 31.922772126431653 ], [ 35.119605588082713, 31.922480654343442 ], [ 35.120191043638052, 31.922190770333302 ], [ 35.120874684684615, 31.922026075747507 ], [ 35.121641376373034, 31.921916668087171 ], [ 35.122335026228221, 31.92163868097586 ], [ 35.122740866201674, 31.921179014074291 ], [ 35.123299942398532, 31.920429733913036 ], [ 35.123951031217729, 31.920060401396167 ], [ 35.124598339843239, 31.920045027716885 ], [ 35.125360602868852, 31.920260250172799 ], [ 35.126089117147771, 31.920728520629876 ], [ 35.126671761233716, 31.920797642191928 ], [ 35.127157879381315, 31.920325046506402 ], [ 35.127898693283818, 31.919318273784405 ], [ 35.128579787973941, 31.918589898124463 ], [ 35.129038311699397, 31.91809698762156 ], [ 35.129718851643013, 31.917828534050976 ], [ 35.130734008188085, 31.917462198213087 ], [ 35.131078687846255, 31.916761795351395 ], [ 35.131232270953653, 31.915999281380568 ], [ 35.131390370345059, 31.915372042917866 ], [ 35.131282368565216, 31.914903033741307 ], [ 35.130814280168032, 31.91457923514038 ], [ 35.129708067426968, 31.914613535346579 ], [ 35.129132530615557, 31.914787923652383 ], [ 35.128172060818237, 31.915176261580918 ], [ 35.127399823378816, 31.915078286578954 ], [ 35.126824676608052, 31.914779208473437 ], [ 35.12618852327094, 31.91473598202596 ], [ 35.125230295152775, 31.915193626597343 ], [ 35.124465431448705, 31.915359984706569 ], [ 35.123541631240933, 31.915158745031142 ], [ 35.123062881722966, 31.914776856384453 ], [ 35.122630030974591, 31.914429941033944 ], [ 35.121390548427307, 31.914042481527794 ], [ 35.120452911330815, 31.9138192284396 ], [ 35.119245562128619, 31.914076007867099 ], [ 35.118255617034706, 31.914857106972352 ], [ 35.117459283797629, 31.91457249095906 ], [ 35.116052431253792, 31.913883318292239 ], [ 35.114180265385741, 31.913163927667188 ], [ 35.113287860698563, 31.912664470988471 ], [ 35.111389554930717, 31.912358167404854 ], [ 35.107949956142711, 31.912074911476097 ], [ 35.106596170802945, 31.912232259185249 ], [ 35.104835322914887, 31.912708293506142 ], [ 35.104843019876924, 31.909855725171223 ], [ 35.103821537229486, 31.91009784908406 ], [ 35.103171198555962, 31.909923732040525 ], [ 35.10244132852754, 31.909818875432745 ], [ 35.101955819398398, 31.90982693956753 ], [ 35.101089413957908, 31.909653764790793 ], [ 35.100756722006537, 31.909059982433579 ], [ 35.100531713337084, 31.908488269119111 ], [ 35.100094975940905, 31.908173401026822 ], [ 35.099605443508445, 31.907949233736915 ], [ 35.098956232843072, 31.907820187123328 ], [ 35.098654300614825, 31.907502607637397 ], [ 35.098526117309859, 31.90735595483579 ], [ 35.0980629958528, 31.907011748520034 ], [ 35.097672489623797, 31.906871638758489 ], [ 35.097328526835113, 31.906909113243813 ], [ 35.096525342102836, 31.906522905086312 ], [ 35.09568594202981, 31.906597717441173 ], [ 35.094849798546058, 31.906850636918051 ], [ 35.094157059153211, 31.907220348575713 ], [ 35.093326895984916, 31.907712245997487 ], [ 35.092490733281579, 31.90796740442282 ], [ 35.09178857472557, 31.907918311262783 ], [ 35.090874217364444, 31.90781378825757 ], [ 35.090031317534816, 31.907766814145102 ], [ 35.089048993996556, 31.907724217081611 ], [ 35.088071329246915, 31.907918344924322 ], [ 35.086535649685942, 31.908243276736055 ], [ 35.086245620733123, 31.907950478985498 ], [ 35.085690705413711, 31.908372127176552 ], [ 35.084930406893939, 31.908062540777113 ], [ 35.084387118328927, 31.907793736915998 ], [ 35.084114836223897, 31.907706115514337 ], [ 35.083627731744521, 31.907551780205985 ], [ 35.083169162454396, 31.907556979986452 ], [ 35.082710560483903, 31.907586978180198 ], [ 35.081688309353467, 31.907761286850896 ], [ 35.080611900427812, 31.90791467992009 ], [ 35.080017601759351, 31.907876899515237 ], [ 35.079505012514055, 31.90788316046584 ], [ 35.079155239604773, 31.907933543716258 ], [ 35.078778340141952, 31.908009826565333 ], [ 35.078160799563804, 31.908177742567108 ], [ 35.077812980159671, 31.908368470047787 ], [ 35.07757363334175, 31.908599886836729 ], [ 35.077228564422967, 31.908950688766936 ], [ 35.076884359669549, 31.909391672749255 ], [ 35.076775185130195, 31.909618709430205 ], [ 35.076492890042822, 31.910202918594525 ], [ 35.075963069305629, 31.910831404569766 ], [ 35.075707507080153, 31.910955146440763 ], [ 35.075079182019095, 31.911256618686615 ], [ 35.074542856500763, 31.911447708762282 ], [ 35.074194852148572, 31.911638426020289 ], [ 35.073660939383302, 31.911989588062344 ], [ 35.073475754781242, 31.912222743594175 ], [ 35.073482436022928, 31.912637588120955 ], [ 35.073677911273919, 31.913071790665562 ], [ 35.073984441999855, 31.913711834777516 ], [ 35.074183299042843, 31.914328658645026 ], [ 35.074540249645409, 31.914715115905295 ], [ 35.074949372696359, 31.915008061415449 ], [ 35.074981632009184, 31.91532993150091 ], [ 35.074825327636411, 31.915700082275162 ], [ 35.074615462945566, 31.916093850927084 ], [ 35.074244783219463, 31.916537054706801 ], [ 35.07371114002089, 31.916911326064632 ], [ 35.07336285005475, 31.917054694983474 ], [ 35.072825560280407, 31.917200685566709 ], [ 35.072232991076419, 31.917300398097503 ], [ 35.071506269665043, 31.917402785815181 ], [ 35.070862151058975, 31.917618547370537 ], [ 35.070246476811889, 31.917926208608922 ], [ 35.06959990888214, 31.918004433585281 ], [ 35.06917395688648, 31.918376545406723 ], [ 35.069043364195913, 31.918655970566277 ], [ 35.068777498234205, 31.918912705764495 ], [ 35.068377018078984, 31.91914731449635 ], [ 35.067839080806287, 31.919270737720201 ], [ 35.067273587311064, 31.919370456153832 ], [ 35.06649176779446, 31.919403428243456 ], [ 35.065819180973214, 31.919526696687356 ], [ 35.065254344604497, 31.91962640683975 ], [ 35.064715480714334, 31.919702470263633 ], [ 35.064204829193642, 31.919803362574999 ], [ 35.063560050449503, 31.919996540749938 ], [ 35.06286170458457, 31.920213328748623 ], [ 35.062269143621776, 31.920288194678175 ], [ 35.061865323664307, 31.920317051454308 ], [ 35.061408160859912, 31.920439410712167 ], [ 35.060788497435382, 31.920517621048131 ], [ 35.06016920297558, 31.920570465102035 ], [ 35.059607921082254, 31.920924354530751 ], [ 35.061706473552725, 31.922617640110246 ], [ 35.062666281985763, 31.923862097725152 ], [ 35.063202891439005, 31.925278551148402 ], [ 35.063466497996266, 31.926633826697582 ], [ 35.06348428486357, 31.927429701450162 ], [ 35.063441870927619, 31.929022491415456 ], [ 35.062726218507606, 31.931753077315349 ], [ 35.06312188525817, 31.931685881609333 ], [ 35.063746710097789, 31.931955429461279 ], [ 35.064240325981949, 31.932454793120961 ], [ 35.06476190140026, 31.933043803723347 ], [ 35.065745112577467, 31.93376746226021 ], [ 35.066637691045479, 31.933892433334378 ], [ 35.067258424491961, 31.933929741344564 ], [ 35.068121235620133, 31.933850069938913 ], [ 35.068927373960847, 31.933654786828214 ], [ 35.069489620933261, 31.933347639836647 ], [ 35.070161414585122, 31.933153897026834 ], [ 35.071081518959126, 31.933326211414073 ], [ 35.071599375119327, 31.933662681028206 ], [ 35.0717465027872, 31.934420361760825 ], [ 35.071648120165726, 31.935041949606443 ], [ 35.07201161821817, 31.935865801224313 ], [ 35.072372610118656, 31.936482231072674 ], [ 35.073002294715444, 31.937094428986352 ], [ 35.073443970398422, 31.937686702785193 ], [ 35.074100936174375, 31.938298359649067 ], [ 35.074995556207647, 31.938538819428405 ], [ 35.076452071268072, 31.938496894974882 ], [ 35.077923540602782, 31.937669823939508 ], [ 35.078415009959954, 31.937035094643768 ], [ 35.079189559652662, 31.936621024407998 ] ] ] ] } },
{ "type": "Feature", "properties": { "Area": 1083745.1440399999 }, "geometry": { "type": "MultiPolygon", "coordinates": [ [ [ [ 35.242410437865587, 31.932963239013461 ], [ 35.243086221405584, 31.934092563183668 ], [ 35.243715909222843, 31.933643714899848 ], [ 35.244117567500155, 31.93434700864151 ], [ 35.244875473989822, 31.933896423553588 ], [ 35.244717976727578, 31.932697054417957 ], [ 35.24482095716305, 31.931655984222292 ], [ 35.244739685072126, 31.930949209220543 ], [ 35.244676934613445, 31.930276246442673 ], [ 35.244750654334631, 31.929582949338585 ], [ 35.244670297351284, 31.928695809846626 ], [ 35.244488895796607, 31.927592265368098 ], [ 35.244450131932837, 31.927358368086352 ], [ 35.245308413066482, 31.925365636076691 ], [ 35.245780535536106, 31.923718533975386 ], [ 35.24554605789983, 31.923641391782159 ], [ 35.244939955047109, 31.923444313473635 ], [ 35.244517470634008, 31.923386392927739 ], [ 35.244366950538954, 31.922604674785745 ], [ 35.244218439610343, 31.921878755887885 ], [ 35.244005416747356, 31.921733967552324 ], [ 35.243676876584544, 31.92150974168371 ], [ 35.243132601885691, 31.921361672044245 ], [ 35.242410763351458, 31.921707963781557 ], [ 35.242009862548279, 31.922292575590124 ], [ 35.241760504629433, 31.922988741879742 ], [ 35.241572035176738, 31.923914290348701 ], [ 35.241219808348731, 31.92478634040819 ], [ 35.240858406502745, 31.925033881574418 ], [ 35.239714049693141, 31.924481840027951 ], [ 35.238631294873549, 31.924719427910809 ], [ 35.238359104843099, 31.924067935836188 ], [ 35.238188622885794, 31.922323522394482 ], [ 35.237100525326348, 31.922342970879473 ], [ 35.236934870517331, 31.923439288948671 ], [ 35.237142943705415, 31.924089673414045 ], [ 35.23614630240737, 31.923953526112705 ], [ 35.2353872701241, 31.923394584931827 ], [ 35.234550949417091, 31.923413386267661 ], [ 35.234460264177613, 31.923978736414426 ], [ 35.234185592865281, 31.924757184761564 ], [ 35.233590935522287, 31.925173287399165 ], [ 35.232402172708262, 31.925153827750311 ], [ 35.231442393787603, 31.925095981068122 ], [ 35.230363855637563, 31.925153697181294 ], [ 35.23007092061367, 31.925747267114847 ], [ 35.230237468151536, 31.926355398242787 ], [ 35.231008340726063, 31.927317931861321 ], [ 35.232137373225946, 31.928064509826015 ], [ 35.233049994238456, 31.928332598594722 ], [ 35.234092414254782, 31.92888472370711 ], [ 35.235081990036164, 31.929485325792331 ], [ 35.235903459945, 31.930332271356988 ], [ 35.236399427993391, 31.930665820535737 ], [ 35.237119719623422, 31.93082232811491 ], [ 35.238267245111416, 31.930831609109436 ], [ 35.239063316929077, 31.930815048844774 ], [ 35.239645943043087, 31.930881397660752 ], [ 35.239676400365923, 31.931457989918087 ], [ 35.23987112390089, 31.932099918230541 ], [ 35.240267088636848, 31.932701207642911 ], [ 35.240781548050762, 31.932924825156888 ], [ 35.240119590018082, 31.933269958846257 ], [ 35.240203515203795, 31.934086644989922 ], [ 35.24060213199035, 31.934681732413015 ], [ 35.241113515149834, 31.934619021921286 ], [ 35.241213190271083, 31.933469173989838 ], [ 35.241498561602995, 31.933085254237444 ], [ 35.241832860569751, 31.933160683482313 ], [ 35.242410437865587, 31.932963239013461 ] ] ] ] } },
{ "type": "Feature", "properties": { "Area": 23112446.393599998 }, "geometry": { "type": "MultiPolygon", "coordinates": [ [ [ [ 35.179160667670544, 31.926031430367328 ], [ 35.179995701633381, 31.926012429789303 ], [ 35.181223137595623, 31.925986732240585 ], [ 35.182397041460767, 31.925959886300401 ], [ 35.183309434440076, 31.925779676968546 ], [ 35.183978232146103, 31.925107366541436 ], [ 35.184511384306582, 31.924395013090002 ], [ 35.184924400739497, 31.923751966410791 ], [ 35.185766758558351, 31.922535762313192 ], [ 35.186484869333519, 31.921240625625352 ], [ 35.187034731530282, 31.920180498815384 ], [ 35.187986057190365, 31.919018403408163 ], [ 35.188929236544247, 31.918019191128675 ], [ 35.189878471994753, 31.917249936821708 ], [ 35.190963091153719, 31.916949073201366 ], [ 35.192043201093391, 31.916959891889672 ], [ 35.192932286419349, 31.917355085662273 ], [ 35.193455724467334, 31.918195516480772 ], [ 35.19381677774853, 31.91898294963292 ], [ 35.194179149893728, 31.919851545655995 ], [ 35.194773315699088, 31.920772576622731 ], [ 35.195861247800515, 31.922442713572398 ], [ 35.19664297121183, 31.923324293232366 ], [ 35.197558209462109, 31.924156275093168 ], [ 35.198797488029015, 31.924520445665436 ], [ 35.199848754828025, 31.924923488543694 ], [ 35.200915558841942, 31.925396977826409 ], [ 35.201304129124317, 31.926228916932306 ], [ 35.201195382033937, 31.927130170611097 ], [ 35.20120013613441, 31.928212354568199 ], [ 35.201326827281825, 31.929317650468846 ], [ 35.201989706375016, 31.929808592773892 ], [ 35.203085498401379, 31.929888645251374 ], [ 35.203552757237723, 31.93063828665283 ], [ 35.204189055464383, 31.931155144508292 ], [ 35.204984147588469, 31.9315649074505 ], [ 35.206593172190132, 31.931656762595072 ], [ 35.207371226872993, 31.931027727734545 ], [ 35.207953961790842, 31.930185075181587 ], [ 35.208998381902013, 31.930358641850955 ], [ 35.210624415058156, 31.930553590934107 ], [ 35.211329780054371, 31.930557499825913 ], [ 35.212784626349716, 31.930563612040675 ], [ 35.213992926667288, 31.93034145341521 ], [ 35.214782033009186, 31.930093390958213 ], [ 35.214991131411487, 31.929386572597441 ], [ 35.215045996532098, 31.928037220262532 ], [ 35.215024605144322, 31.925929217902024 ], [ 35.215364477676687, 31.924642967940823 ], [ 35.216109118756989, 31.923335261886152 ], [ 35.217636937824764, 31.921457634007513 ], [ 35.219518727328911, 31.921523933162437 ], [ 35.21971168174926, 31.921434855243788 ], [ 35.221226124249284, 31.921068298911269 ], [ 35.222470599746671, 31.920707963229113 ], [ 35.223371049327731, 31.920121648333325 ], [ 35.223417654431387, 31.919395111842462 ], [ 35.223506643418553, 31.918311222250583 ], [ 35.223885272812218, 31.917402579822006 ], [ 35.225267385935453, 31.916670757678219 ], [ 35.226154394833685, 31.916075406689679 ], [ 35.226719156834243, 31.915105286889716 ], [ 35.227179578728453, 31.913782345415985 ], [ 35.227153530525293, 31.911986033509123 ], [ 35.227139974211191, 31.910601738912689 ], [ 35.227168226581661, 31.909277745902536 ], [ 35.226984852698543, 31.908555193357309 ], [ 35.226511907609911, 31.908531603723066 ], [ 35.224735326951695, 31.908709446877051 ], [ 35.223700937862354, 31.908869681766522 ], [ 35.22231841800189, 31.908670356091328 ], [ 35.22158088989233, 31.908034109428758 ], [ 35.220961500006311, 31.907501552683726 ], [ 35.220278662059009, 31.905872158752452 ], [ 35.220119523836367, 31.905491721979075 ], [ 35.219758744158874, 31.902411476166794 ], [ 35.22007395217755, 31.900735173114398 ], [ 35.220163719421201, 31.898278255638825 ], [ 35.220323191944765, 31.896834753496293 ], [ 35.220475423919261, 31.895573871189253 ], [ 35.22088615264294, 31.894414410432361 ], [ 35.221855811814827, 31.893412128256504 ], [ 35.22295449842786, 31.892696149137613 ], [ 35.224168499384589, 31.892210671545545 ], [ 35.225373111688455, 31.891893712410351 ], [ 35.226390832926697, 31.891905376793687 ], [ 35.226482928519538, 31.891637631541442 ], [ 35.22670428907518, 31.891144407332476 ], [ 35.226664697471413, 31.890651792334673 ], [ 35.226624612850358, 31.89016763198341 ], [ 35.226522303759168, 31.889846938253413 ], [ 35.22642887515083, 31.889363914336499 ], [ 35.224995501717949, 31.888687785755405 ], [ 35.223853895031922, 31.888414599847 ], [ 35.222695939038239, 31.888946848846167 ], [ 35.221684035433405, 31.88895769971019 ], [ 35.22076618396725, 31.888482108370496 ], [ 35.220396983625392, 31.888017151644689 ], [ 35.220037368135756, 31.887565720015793 ], [ 35.218746696104368, 31.886476917875452 ], [ 35.217107796046292, 31.885682358433868 ], [ 35.215065341960923, 31.885228815211367 ], [ 35.214139401765358, 31.885680366161598 ], [ 35.213768823526543, 31.885846668174896 ], [ 35.213221690193151, 31.885923926194693 ], [ 35.212684452564091, 31.885863089138937 ], [ 35.21197447503706, 31.885873279017051 ], [ 35.211395616479372, 31.885754947594481 ], [ 35.210828481038121, 31.885579685184439 ], [ 35.210537636055214, 31.885318733721427 ], [ 35.209301480640796, 31.884988493746675 ], [ 35.208317510196153, 31.884561851542298 ], [ 35.207375482908709, 31.883727688054904 ], [ 35.206489303203711, 31.883414321193055 ], [ 35.205365658213438, 31.883749137729325 ], [ 35.205261952373895, 31.884362380205637 ], [ 35.204319293026195, 31.884890515013783 ], [ 35.203761586462974, 31.885190934238985 ], [ 35.203161097472019, 31.88588420847438 ], [ 35.202366870801519, 31.886881279387914 ], [ 35.201449934933173, 31.8873502108111 ], [ 35.20019261295149, 31.887735142297878 ], [ 35.198745026840676, 31.888064816206452 ], [ 35.197209091396374, 31.88815661218737 ], [ 35.19570320250758, 31.888338010570319 ], [ 35.194801899753209, 31.888888059280291 ], [ 35.193879092374893, 31.889646083228456 ], [ 35.192826327706385, 31.890108177243821 ], [ 35.191704919489901, 31.890039869748858 ], [ 35.190696749896453, 31.889265886344276 ], [ 35.189657903946056, 31.888331817287675 ], [ 35.188757947273444, 31.887544867058228 ], [ 35.187872450785441, 31.887253352695684 ], [ 35.186741799220847, 31.887358601618448 ], [ 35.183978183105985, 31.887913374240316 ], [ 35.182818363101646, 31.888400168455938 ], [ 35.182326477676185, 31.888636249557809 ], [ 35.181792859905443, 31.887973314131454 ], [ 35.180956683770169, 31.887338503033593 ], [ 35.179868992131134, 31.886710401801139 ], [ 35.175792645618245, 31.886453093475097 ], [ 35.175167052865127, 31.886459151254911 ], [ 35.174526636299262, 31.885829978992469 ], [ 35.172992362753988, 31.884469543212177 ], [ 35.171409231084517, 31.882239377347229 ], [ 35.170692734586808, 31.882528901129668 ], [ 35.170103571264448, 31.882787454989128 ], [ 35.169504259663569, 31.883234823164372 ], [ 35.168999783764406, 31.883557086552454 ], [ 35.16858459343414, 31.884021410693034 ], [ 35.168113572347522, 31.884503190399588 ], [ 35.167701751835253, 31.885193532643683 ], [ 35.16730686986741, 31.88604789796744 ], [ 35.166797930838847, 31.887136702911757 ], [ 35.165846750550998, 31.88928839887582 ], [ 35.165346471840387, 31.88973183146631 ], [ 35.164375638241985, 31.890596154374922 ], [ 35.163892385754693, 31.891350716107798 ], [ 35.162338372796171, 31.892502292725979 ], [ 35.162239345611361, 31.893074354975028 ], [ 35.161973322170148, 31.893678488977283 ], [ 35.161820525910883, 31.893721838203891 ], [ 35.161923316581074, 31.896112270896545 ], [ 35.162468155755086, 31.896951148252143 ], [ 35.163867253408036, 31.897448168910092 ], [ 35.164808201031512, 31.897898813801394 ], [ 35.165428016704738, 31.898068660955317 ], [ 35.165718845136055, 31.898160623093496 ], [ 35.165796309595379, 31.8989548153166 ], [ 35.165182383281547, 31.899682850123536 ], [ 35.164952690789924, 31.90108004206343 ], [ 35.165107338620892, 31.901758148498843 ], [ 35.165375750649403, 31.902155033485524 ], [ 35.166323332832121, 31.902271994248078 ], [ 35.167286240066169, 31.902897918962903 ], [ 35.167445493118009, 31.903262640143446 ], [ 35.167213404756922, 31.904108031697152 ], [ 35.167164580506032, 31.904755639102614 ], [ 35.167165673289631, 31.90573411733677 ], [ 35.16713839379716, 31.906203620869228 ], [ 35.167120430818329, 31.90650854443799 ], [ 35.16658204217817, 31.907024678919193 ], [ 35.165869382885184, 31.907122538108933 ], [ 35.165646175980157, 31.907214343438305 ], [ 35.165591353280178, 31.910710579531401 ], [ 35.167074327013296, 31.911052588825775 ], [ 35.166676380241825, 31.911440254844965 ], [ 35.165746392074055, 31.911688540125468 ], [ 35.165707081714409, 31.915621598315983 ], [ 35.166322602757333, 31.916082276799525 ], [ 35.166436793965261, 31.9172028239749 ], [ 35.166616342178969, 31.918489663562518 ], [ 35.166394332208142, 31.919221763306997 ], [ 35.16643358490348, 31.92059197913224 ], [ 35.166222351021709, 31.921218117619564 ], [ 35.166057453806651, 31.922050561140423 ], [ 35.166202174661514, 31.922866752287181 ], [ 35.166618830090272, 31.923720788033922 ], [ 35.167298932467581, 31.924374244493325 ], [ 35.168375053781297, 31.924236462901433 ], [ 35.169441367760541, 31.924247469838736 ], [ 35.169814048525531, 31.924385099408145 ], [ 35.170600234495303, 31.924175637738884 ], [ 35.171787995872343, 31.92415114805075 ], [ 35.172613234669733, 31.924224630051963 ], [ 35.17319995902605, 31.924611430896377 ], [ 35.173525325301398, 31.924955329319872 ], [ 35.174237798006736, 31.925319610316436 ], [ 35.175119859431398, 31.925473689674789 ], [ 35.176141462402953, 31.925325684271058 ], [ 35.176731367295496, 31.925647087497595 ], [ 35.17710925246665, 31.926120624748041 ], [ 35.177638925981242, 31.926213173946621 ], [ 35.178593449897484, 31.926076971088378 ], [ 35.179160667670544, 31.926031430367328 ] ] ] ] } },
{ "type": "Feature", "properties": { "Area": 278729.03320300003 }, "geometry": { "type": "MultiPolygon", "coordinates": [ [ [ [ 35.169814048525531, 31.924385099408145 ], [ 35.169477133433737, 31.924476880200597 ], [ 35.170824916093103, 31.925581409520188 ], [ 35.171145783550109, 31.927393024741487 ], [ 35.171172634724456, 31.928535524663207 ], [ 35.171822199551507, 31.92835983802242 ], [ 35.172663462593334, 31.928550560330414 ], [ 35.173351307335857, 31.929014603743873 ], [ 35.173801218819705, 31.929516350021736 ], [ 35.173971136519484, 31.929824700374116 ], [ 35.17444243046409, 31.929629793891582 ], [ 35.175076283737056, 31.928985140751205 ], [ 35.175717629882008, 31.928658377512551 ], [ 35.176814759979294, 31.928008182943866 ], [ 35.178004235686601, 31.927354616218196 ], [ 35.178826854583455, 31.926866674402337 ], [ 35.179160667670544, 31.926031430367328 ], [ 35.178593449897484, 31.926076971088378 ], [ 35.177638925981242, 31.926213173946621 ], [ 35.17710925246665, 31.926120624748041 ], [ 35.176731367295496, 31.925647087497595 ], [ 35.176141462402953, 31.925325684271058 ], [ 35.175119859431398, 31.925473689674789 ], [ 35.174237798006736, 31.925319610316436 ], [ 35.173525325301398, 31.924955329319872 ], [ 35.17319995902605, 31.924611430896377 ], [ 35.172613234669733, 31.924224630051963 ], [ 35.171787995872343, 31.92415114805075 ], [ 35.170600234495303, 31.924175637738884 ], [ 35.169814048525531, 31.924385099408145 ] ] ] ] } },
{ "type": "Feature", "properties": { "Area": 271431.85351699998 }, "geometry": { "type": "MultiPolygon", "coordinates": [ [ [ [ 35.152656045971604, 31.926866603097189 ], [ 35.153528032033272, 31.926675882140739 ], [ 35.154075692319701, 31.926468681664769 ], [ 35.154278825655844, 31.926025179290182 ], [ 35.154236008517557, 31.925462088544236 ], [ 35.153765994359865, 31.925091592259321 ], [ 35.153220051695747, 31.92489579130098 ], [ 35.152440491238409, 31.924994675117539 ], [ 35.151597551452809, 31.925266000908348 ], [ 35.150864554707546, 31.925120275704806 ], [ 35.150114279445233, 31.924860120468189 ], [ 35.149591457599442, 31.924974878081148 ], [ 35.149237009460791, 31.925339398167957 ], [ 35.148953872341131, 31.925806530399871 ], [ 35.148675684199027, 31.926007627268884 ], [ 35.148142496748903, 31.925766155481632 ], [ 35.14767882214538, 31.925602494471455 ], [ 35.147115341096359, 31.925729623742338 ], [ 35.146778637413277, 31.926233363358726 ], [ 35.146774643311829, 31.926544489390768 ], [ 35.146651457331402, 31.926961525111256 ], [ 35.146147647350958, 31.927294968423194 ], [ 35.145208873223297, 31.927511534905193 ], [ 35.144364440371042, 31.927724193591526 ], [ 35.144247227582014, 31.92833737546917 ], [ 35.145135090189179, 31.928687247789117 ], [ 35.146685929867914, 31.92864343439329 ], [ 35.147903590989444, 31.928733036362551 ], [ 35.149395005291467, 31.929426964513461 ], [ 35.151975949936656, 31.928682363681368 ], [ 35.152253539133504, 31.928373041074824 ], [ 35.152208884575501, 31.927280130028155 ], [ 35.152656045971604, 31.926866603097189 ] ] ] ] } },
{ "type": "Feature", "properties": { "Area": 34174.825683700001 }, "geometry": { "type": "MultiPolygon", "coordinates": [ [ [ [ 35.165746392074055, 31.911688540125468 ], [ 35.165592081995243, 31.911729638733302 ], [ 35.165076855460683, 31.911684389270299 ], [ 35.164690163514628, 31.91238092652749 ], [ 35.164427493532536, 31.913160920114063 ], [ 35.164725204966821, 31.913875143515856 ], [ 35.165090679727818, 31.914527386882149 ], [ 35.165514680709897, 31.915478375432091 ], [ 35.165707081714409, 31.915621598315983 ], [ 35.165746392074055, 31.911688540125468 ] ] ] ] } },
{ "type": "Feature", "properties": { "Area": 3853045.2075200002 }, "geometry": { "type": "MultiPolygon", "coordinates": [ [ [ [ 35.060390262589195, 31.902005041616949 ], [ 35.059489094331369, 31.90239856455559 ], [ 35.057950723944984, 31.9033747145624 ], [ 35.056434086956521, 31.9041682521209 ], [ 35.0556407734909, 31.904749564743113 ], [ 35.055292747534388, 31.905355068363299 ], [ 35.054527900534445, 31.905993898415982 ], [ 35.054405409550178, 31.906455937434679 ], [ 35.054264567481979, 31.907231901193573 ], [ 35.054158608246219, 31.907785832452117 ], [ 35.053782092589316, 31.908324224969789 ], [ 35.0531085671253, 31.908858317611344 ], [ 35.052490616235843, 31.909445455052371 ], [ 35.052383865408679, 31.910472839643138 ], [ 35.053378144047208, 31.910788535160599 ], [ 35.055392591347839, 31.91043582118898 ], [ 35.057218846891232, 31.910096948369517 ], [ 35.05816886204434, 31.909788607744161 ], [ 35.058613297388206, 31.909745154593566 ], [ 35.058530044419079, 31.910161587662042 ], [ 35.058111343187733, 31.9106441442338 ], [ 35.057291977233348, 31.911270527536644 ], [ 35.056898963301052, 31.911694491390961 ], [ 35.056780714500398, 31.912295755788051 ], [ 35.057763906764322, 31.912228130287833 ], [ 35.059067950515292, 31.912028973238279 ], [ 35.060568002228763, 31.911133931799277 ], [ 35.078287320878587, 31.901282874329553 ], [ 35.078697635535434, 31.901514936472292 ], [ 35.080214367991317, 31.902198430779055 ], [ 35.081630199088323, 31.902134424124075 ], [ 35.082910389220444, 31.901588360651136 ], [ 35.084380924557792, 31.900601134568134 ], [ 35.085695659653787, 31.899364053622389 ], [ 35.086994514380883, 31.898508528046676 ], [ 35.08816834210316, 31.898022622318592 ], [ 35.089736210003991, 31.898105210428884 ], [ 35.091038941517766, 31.898354380319006 ], [ 35.092231124829979, 31.898512693389115 ], [ 35.093714037171615, 31.897962753869709 ], [ 35.094658876404353, 31.897494061319563 ], [ 35.095171015281323, 31.897120245715044 ], [ 35.095060525078317, 31.896414473826066 ], [ 35.095177769340886, 31.8953166043419 ], [ 35.095438861991617, 31.89450518701242 ], [ 35.096096166520546, 31.893420741825285 ], [ 35.096040342219737, 31.892855926948577 ], [ 35.095138350544225, 31.89247187964482 ], [ 35.094400240368685, 31.892614407673836 ], [ 35.093476040377915, 31.892853151613853 ], [ 35.0910427210043, 31.892708404132165 ], [ 35.089950044755923, 31.89321526470038 ], [ 35.088384869473629, 31.89368561251683 ], [ 35.087062387172509, 31.893700180594706 ], [ 35.085037644952102, 31.893190455977741 ], [ 35.083129741371117, 31.893022940056088 ], [ 35.081359652175067, 31.892932747637033 ], [ 35.079129789120827, 31.892817841806568 ], [ 35.077149628837461, 31.892962985051813 ], [ 35.075316706998329, 31.893520831380844 ], [ 35.073763377204045, 31.893967901805322 ], [ 35.072556771612142, 31.894258057804564 ], [ 35.071205338529808, 31.894183375778677 ], [ 35.069535703317698, 31.893836104214486 ], [ 35.068155676653113, 31.893220265294879 ], [ 35.066931779766122, 31.893359857579128 ], [ 35.068618821365575, 31.893988438146877 ], [ 35.067838677644019, 31.894262658594769 ], [ 35.066354365794211, 31.894248655259311 ], [ 35.06445344240143, 31.894279267782551 ], [ 35.063073726520365, 31.894775435069977 ], [ 35.062112412804304, 31.895345893126024 ], [ 35.061521736098534, 31.895907742755355 ], [ 35.061858987257224, 31.896457106185366 ], [ 35.062607890812153, 31.896760618143595 ], [ 35.063173770343703, 31.897186232205154 ], [ 35.063369932177842, 31.897658779758011 ], [ 35.063198504388403, 31.898295501822901 ], [ 35.062840487115452, 31.898894252092671 ], [ 35.061564619856533, 31.899904556984687 ], [ 35.060564100763656, 31.900791160178329 ], [ 35.060438631879997, 31.901386220881683 ], [ 35.060390262589195, 31.902005041616949 ] ] ] ] } },
{ "type": "Feature", "properties": { "Area": 523095.43212900002 }, "geometry": { "type": "MultiPolygon", "coordinates": [ [ [ [ 35.147479381292001, 31.90121432870416 ], [ 35.146420927095548, 31.901477633669561 ], [ 35.145450187083313, 31.901983335528499 ], [ 35.144278569266092, 31.903011428873267 ], [ 35.143233824009307, 31.904230646089982 ], [ 35.141980724120771, 31.905248533101179 ], [ 35.141205345277676, 31.906463356056783 ], [ 35.139994277961996, 31.908009937374413 ], [ 35.138981024532264, 31.908920260416689 ], [ 35.138132550102604, 31.909457532343524 ], [ 35.137327549498288, 31.909942403092767 ], [ 35.13670144930304, 31.910872638730822 ], [ 35.136741332912237, 31.911226061441855 ], [ 35.136975029728369, 31.911526605059784 ], [ 35.137387696495814, 31.911742696933693 ], [ 35.138210732800154, 31.911699728074066 ], [ 35.139619703195272, 31.91144118028593 ], [ 35.140415149727843, 31.910918526526022 ], [ 35.141350037806028, 31.910113553948559 ], [ 35.142297829679791, 31.909748219005575 ], [ 35.143589885391329, 31.909615825009833 ], [ 35.144058638477077, 31.909963813604634 ], [ 35.1453997382743, 31.910119443939315 ], [ 35.14647471513328, 31.909485844700058 ], [ 35.146768458525294, 31.908903739229213 ], [ 35.146840144750563, 31.908118058968878 ], [ 35.14647441180621, 31.907596526696118 ], [ 35.14634455370647, 31.90683893649852 ], [ 35.146394144042993, 31.905730844509439 ], [ 35.146858448954674, 31.904983106249709 ], [ 35.147532657217106, 31.904025222795827 ], [ 35.147924549102505, 31.903082428755059 ], [ 35.148278378295622, 31.902244453517397 ], [ 35.148077397556527, 31.901361705029377 ], [ 35.147479381292001, 31.90121432870416 ] ] ] ] } },
{ "type": "Feature", "properties": { "Area": 56862.918456899999 }, "geometry": { "type": "MultiPolygon", "coordinates": [ [ [ [ 35.165646175980157, 31.907214343438305 ], [ 35.165042805079111, 31.907461595637958 ], [ 35.164451716503713, 31.907566248122258 ], [ 35.163933540795995, 31.907897504013185 ], [ 35.163843268783793, 31.908077276113765 ], [ 35.163372727308513, 31.909007693169908 ], [ 35.163609463069513, 31.909717954472388 ], [ 35.164348347972442, 31.910145427758181 ], [ 35.164721426031612, 31.91036198210994 ], [ 35.165591353280178, 31.910710579531401 ], [ 35.165646175980157, 31.907214343438305 ] ] ] ] } },
{ "type": "Feature", "properties": { "Area": 522050.64208999998 }, "geometry": { "type": "MultiPolygon", "coordinates": [ [ [ [ 35.250837630213546, 31.89568645793652 ], [ 35.251143221166366, 31.896729643783566 ], [ 35.251652842635345, 31.897523060494908 ], [ 35.251641445560914, 31.898492525481288 ], [ 35.251965824424772, 31.899418464806306 ], [ 35.252976074450437, 31.899822212385949 ], [ 35.253974287580888, 31.90024850219157 ], [ 35.254590975309583, 31.901019882893063 ], [ 35.254616379457616, 31.901871532373825 ], [ 35.254984127052452, 31.902888755934633 ], [ 35.255619014551499, 31.903368722459977 ], [ 35.256370838223866, 31.903226943672575 ], [ 35.256903139818476, 31.902512029933163 ], [ 35.257543299624899, 31.901806087059967 ], [ 35.258379226281811, 31.900889256640156 ], [ 35.258527013670204, 31.899964824618856 ], [ 35.258110440898818, 31.899108268863163 ], [ 35.257383357901716, 31.89826029606326 ], [ 35.25642603146607, 31.897395504252248 ], [ 35.256348787293021, 31.896612076194067 ], [ 35.256344643188577, 31.895115049667368 ], [ 35.256609450473491, 31.894025988176253 ], [ 35.256524633310214, 31.892990615666438 ], [ 35.255671844094302, 31.891995573547753 ], [ 35.25406337321575, 31.892355251262419 ], [ 35.253191830706925, 31.893006593560461 ], [ 35.251843774478203, 31.893970929000684 ], [ 35.251501273983187, 31.893744472987592 ], [ 35.250914838454243, 31.893865308020104 ], [ 35.250924450107057, 31.894257598166629 ], [ 35.250415722417458, 31.894880042260873 ], [ 35.250837630213546, 31.89568645793652 ] ] ] ] } },
{ "type": "Feature", "properties": { "Area": 110580.59033200001 }, "geometry": { "type": "MultiPolygon", "coordinates": [ [ [ [ 35.161820525910883, 31.893721838203891 ], [ 35.160848906628551, 31.893990929169249 ], [ 35.160269758589138, 31.894510405821244 ], [ 35.160309685561501, 31.894947240878196 ], [ 35.159572719719186, 31.895620533211986 ], [ 35.15913798636096, 31.895986181645295 ], [ 35.159099016343426, 31.896978737986682 ], [ 35.159696636167759, 31.897586553495135 ], [ 35.160953386729958, 31.898006901004042 ], [ 35.161615916895784, 31.897946252584248 ], [ 35.162001596757634, 31.897935108997853 ], [ 35.162904928941614, 31.89791060689863 ], [ 35.16373777545919, 31.897788566133773 ], [ 35.164808201031512, 31.897898813801394 ], [ 35.163867253408036, 31.897448168910092 ], [ 35.162468155755086, 31.896951148252143 ], [ 35.161923316581074, 31.896112270896545 ], [ 35.161820525910883, 31.893721838203891 ] ] ] ] } },
{ "type": "Feature", "properties": { "Area": 33960.935546499997 }, "geometry": { "type": "MultiPolygon", "coordinates": [ [ [ [ 35.165346471840387, 31.88973183146631 ], [ 35.164482785029236, 31.889924892016211 ], [ 35.163506448893038, 31.889763380509436 ], [ 35.162873505710273, 31.890272142907264 ], [ 35.16249370081966, 31.891604464688609 ], [ 35.162338372796171, 31.892502292725979 ], [ 35.163892385754693, 31.891350716107798 ], [ 35.164375638241985, 31.890596154374922 ], [ 35.165346471840387, 31.88973183146631 ] ] ] ] } },
{ "type": "Feature", "properties": { "Area": 530154.51806599996 }, "geometry": { "type": "MultiPolygon", "coordinates": [ [ [ [ 35.045519330784643, 31.892062763784146 ], [ 35.045732392783201, 31.891481917446182 ], [ 35.046655474708018, 31.891187719057214 ], [ 35.048371689088768, 31.891256910231295 ], [ 35.04990047866216, 31.891408141984847 ], [ 35.050884423093194, 31.891353533697757 ], [ 35.05150958937697, 31.891030194272513 ], [ 35.05133372310609, 31.890514252235821 ], [ 35.050530147495309, 31.889769841198202 ], [ 35.050238016409715, 31.888958409465559 ], [ 35.050291547345822, 31.888450071131349 ], [ 35.050820188256957, 31.887564668752383 ], [ 35.051441285757022, 31.887089705317877 ], [ 35.051666136323966, 31.886441225846486 ], [ 35.051363139578122, 31.88570925649454 ], [ 35.050483677189789, 31.885139481797896 ], [ 35.049803134503328, 31.884922218213593 ], [ 35.048442976935583, 31.885020884956667 ], [ 35.047636047010144, 31.885128675103243 ], [ 35.046692188646034, 31.884665886413973 ], [ 35.046104388509775, 31.884400244982825 ], [ 35.045465727425366, 31.884230356108844 ], [ 35.044716842883204, 31.884485874045566 ], [ 35.044401871876104, 31.884793225625213 ], [ 35.044525112267515, 31.885343493502177 ], [ 35.043902107301214, 31.885285780874316 ], [ 35.043429163715651, 31.885262073692573 ], [ 35.043134225210991, 31.885821394581914 ], [ 35.042704682010431, 31.886382798162828 ], [ 35.042364762465432, 31.886783113448022 ], [ 35.042057393537128, 31.887078632324986 ], [ 35.043369400090903, 31.889616680504943 ], [ 35.045519330784643, 31.892062763784146 ] ] ] ] } },
{ "type": "Feature", "properties": { "Area": 152044.105958 }, "geometry": { "type": "MultiPolygon", "coordinates": [ [ [ [ 35.171409231084517, 31.882239377347229 ], [ 35.170920495932847, 31.881537516032704 ], [ 35.170677090630889, 31.881045956343065 ], [ 35.170026639199016, 31.880495668061148 ], [ 35.169040280522673, 31.880435651630261 ], [ 35.168094703167796, 31.880399875783048 ], [ 35.167285952862343, 31.881374178505556 ], [ 35.167342521999011, 31.882385367721579 ], [ 35.167868791603993, 31.883330182879419 ], [ 35.167679016497246, 31.884221808692249 ], [ 35.166563521285276, 31.884856705294556 ], [ 35.165982514420513, 31.885295043894864 ], [ 35.165983268138071, 31.886264506773554 ], [ 35.165813356576187, 31.887385537241101 ], [ 35.165951484853501, 31.888431696569285 ], [ 35.165598680267387, 31.889303541716792 ], [ 35.165346471840387, 31.88973183146631 ], [ 35.165846750550998, 31.88928839887582 ], [ 35.166797930838847, 31.887136702911757 ], [ 35.16730686986741, 31.88604789796744 ], [ 35.167701751835253, 31.885193532643683 ], [ 35.168113572347522, 31.884503190399588 ], [ 35.16858459343414, 31.884021410693034 ], [ 35.168999783764406, 31.883557086552454 ], [ 35.169504259663569, 31.883234823164372 ], [ 35.170103571264448, 31.882787454989128 ], [ 35.170692734586808, 31.882528901129668 ], [ 35.171409231084517, 31.882239377347229 ] ] ] ] } },
{ "type": "Feature", "properties": { "Area": 958913.76757799997 }, "geometry": { "type": "MultiPolygon", "coordinates": [ [ [ [ 35.079591129955901, 31.884213199358637 ], [ 35.078574395739992, 31.884038032230769 ], [ 35.077514685230085, 31.883773195221426 ], [ 35.076286834001294, 31.883290614748933 ], [ 35.075149971338647, 31.883176172329332 ], [ 35.073753660730652, 31.882950979830287 ], [ 35.07260641887617, 31.882940213897058 ], [ 35.071065130499704, 31.882823624170026 ], [ 35.070305976605766, 31.882700515738922 ], [ 35.069630461349426, 31.882186324792858 ], [ 35.068730435078251, 31.88184661950228 ], [ 35.068170792688441, 31.881605346490879 ], [ 35.067558497359684, 31.881906236779052 ], [ 35.066872922138415, 31.882508592629428 ], [ 35.066366390914354, 31.883197376235525 ], [ 35.065641128804913, 31.883822791459856 ], [ 35.065046123455204, 31.884251634770184 ], [ 35.063931420398532, 31.884445427689442 ], [ 35.062835714215929, 31.884848906220888 ], [ 35.062382598294107, 31.885032147656666 ], [ 35.062054320398047, 31.885867659209161 ], [ 35.06182851904223, 31.886967068393286 ], [ 35.062047963212123, 31.888068103594897 ], [ 35.062265156741688, 31.888594786484273 ], [ 35.063108238610624, 31.888831327848919 ], [ 35.064865879411393, 31.888460139399712 ], [ 35.066169226604487, 31.888271616509449 ], [ 35.067423163529355, 31.888210973337792 ], [ 35.068636849155375, 31.888680660228481 ], [ 35.069792033142377, 31.888956945019633 ], [ 35.07092045786186, 31.888782842735417 ], [ 35.072478256117051, 31.888509412390132 ], [ 35.074112703730648, 31.888568589245882 ], [ 35.075771563569852, 31.888532514590992 ], [ 35.077525204330222, 31.888508349357991 ], [ 35.078297222208562, 31.888080750860514 ], [ 35.079090628587458, 31.88734203923325 ], [ 35.079718157201526, 31.886397994848799 ], [ 35.080023936416879, 31.885596797551372 ], [ 35.079893813243281, 31.885217903727739 ], [ 35.079591129955901, 31.884213199358637 ] ] ] ] } },
{ "type": "Feature", "properties": { "Area": 405134.42919900001 }, "geometry": { "type": "MultiPolygon", "coordinates": [ [ [ [ 35.114441681611403, 31.884553200366412 ], [ 35.113115857239833, 31.884408526944988 ], [ 35.112175034247997, 31.884554958264022 ], [ 35.111137849352581, 31.885106569752924 ], [ 35.110313501450925, 31.886010605889961 ], [ 35.109922444394904, 31.886963995997455 ], [ 35.109828778507236, 31.887958188439399 ], [ 35.110427124584589, 31.888613018819882 ], [ 35.11134984155305, 31.888778280552234 ], [ 35.112179331241414, 31.888529755838604 ], [ 35.113259565104912, 31.888067785912853 ], [ 35.114027411596261, 31.888018733674549 ], [ 35.115277482163791, 31.888336382152008 ], [ 35.116426557950845, 31.888405382985614 ], [ 35.117333772749113, 31.888029495580621 ], [ 35.118005596306041, 31.88699003682024 ], [ 35.11852261918083, 31.886171980698631 ], [ 35.119111420086924, 31.885052422647032 ], [ 35.119370818545733, 31.884207134959937 ], [ 35.119429980962998, 31.8834440045636 ], [ 35.11947450612665, 31.882613790976695 ], [ 35.119290641958585, 31.882318883716902 ], [ 35.119067597555954, 31.882070168466921 ], [ 35.118055758259722, 31.882080194554653 ], [ 35.117179048474455, 31.882570527610408 ], [ 35.115955077825447, 31.883184050879112 ], [ 35.115240346113922, 31.883682937643879 ], [ 35.11468777231871, 31.884190389478697 ], [ 35.114441681611403, 31.884553200366412 ] ] ] ] } },
{ "type": "Feature", "properties": { "Area": 211167.44775399999 }, "geometry": { "type": "MultiPolygon", "coordinates": [ [ [ [ 35.175792645618245, 31.886453093475097 ], [ 35.175896797275904, 31.88610647761147 ], [ 35.176129411269919, 31.885294886337725 ], [ 35.176409352300304, 31.884701997747651 ], [ 35.176650109614947, 31.883141891477432 ], [ 35.176569317601519, 31.882712942750057 ], [ 35.17645604618798, 31.882108130686635 ], [ 35.176412431470816, 31.881071584422319 ], [ 35.176150554788791, 31.880408684060203 ], [ 35.175337423163377, 31.879827386354481 ], [ 35.174503278016878, 31.879916248382319 ], [ 35.173789701188369, 31.880449283585154 ], [ 35.173251841432794, 31.881427634680033 ], [ 35.172747238128032, 31.882189553326658 ], [ 35.172104766303725, 31.882376520740991 ], [ 35.171409231084517, 31.882239377347229 ], [ 35.172992362753988, 31.884469543212177 ], [ 35.174526636299262, 31.885829978992469 ], [ 35.175167052865127, 31.886459151254911 ], [ 35.175792645618245, 31.886453093475097 ] ] ] ] } },
{ "type": "Feature", "properties": { "Area": 1360084.6748 }, "geometry": { "type": "MultiPolygon", "coordinates": [ [ [ [ 35.065919826413349, 31.876361617172115 ], [ 35.066491483852317, 31.876049981206826 ], [ 35.066771950726341, 31.8754454979779 ], [ 35.067286302990723, 31.875019940789596 ], [ 35.067975806287549, 31.87507422833259 ], [ 35.068848533986476, 31.875402637284811 ], [ 35.070049161788589, 31.875884133910141 ], [ 35.070989114861305, 31.876211471882112 ], [ 35.07151841511309, 31.875830440946398 ], [ 35.072565174000111, 31.87514163348035 ], [ 35.073182307729624, 31.874529593569591 ], [ 35.073399441471231, 31.873603754451704 ], [ 35.074090842731579, 31.873243170596073 ], [ 35.073774317810077, 31.8725242027873 ], [ 35.073113980329161, 31.871592386705203 ], [ 35.072726941230584, 31.870771324143956 ], [ 35.072670148957123, 31.870183950553837 ], [ 35.072794064313221, 31.869318324920183 ], [ 35.072538988810649, 31.868366069422844 ], [ 35.071782639455456, 31.867864768835474 ], [ 35.070851126256962, 31.867352007061172 ], [ 35.070362554696601, 31.866776014487467 ], [ 35.069998043798357, 31.866276806497122 ], [ 35.069146474998014, 31.866213903070083 ], [ 35.067750086561048, 31.866448576403943 ], [ 35.066678245100555, 31.866725295768791 ], [ 35.065596218015962, 31.866632809405335 ], [ 35.065050660338343, 31.866424792513342 ], [ 35.063726812240276, 31.866831975568441 ], [ 35.062958338543723, 31.866849159762999 ], [ 35.061854171913801, 31.86644548653096 ], [ 35.060685162659183, 31.866124022189574 ], [ 35.059799799002867, 31.865820342822882 ], [ 35.058889071772761, 31.865584828966206 ], [ 35.05842009281691, 31.865202142168066 ], [ 35.056884402532958, 31.865292243857649 ], [ 35.055841511850339, 31.865625269684308 ], [ 35.055856165625237, 31.86616581951839 ], [ 35.05623852430778, 31.866813890190333 ], [ 35.056529352753536, 31.867086467740691 ], [ 35.056294898146689, 31.867389997916099 ], [ 35.055655431593962, 31.867680090815913 ], [ 35.055377712757171, 31.867880422194133 ], [ 35.05557362263248, 31.868343965204527 ], [ 35.057317045914786, 31.870252793591561 ], [ 35.05876175516552, 31.871474176828819 ], [ 35.059831255015396, 31.87221884040374 ], [ 35.060750772990012, 31.872898506819766 ], [ 35.06139548655198, 31.873287018812221 ], [ 35.06200711680453, 31.873931383679768 ], [ 35.062648025999465, 31.874655815268436 ], [ 35.063255982565202, 31.874688619097288 ], [ 35.064195693704782, 31.874497456979707 ], [ 35.064884167978384, 31.875011691492478 ], [ 35.065031304199834, 31.875446983937863 ], [ 35.065420814633178, 31.87634923627343 ], [ 35.065919826413349, 31.876361617172115 ] ] ] ] } },
{ "type": "Feature", "properties": { "Area": 868155.81836000003 }, "geometry": { "type": "MultiPolygon", "coordinates": [ [ [ [ 35.28147852930617, 31.869411524099526 ], [ 35.28114381719034, 31.869395380940119 ], [ 35.280407323500135, 31.869124147715716 ], [ 35.278895469332639, 31.869101933168849 ], [ 35.278360934459499, 31.869255555967545 ], [ 35.277955549444108, 31.869236063651272 ], [ 35.26999582366787, 31.868835160426638 ], [ 35.268988506665195, 31.868943331843354 ], [ 35.268557540189178, 31.869413064210974 ], [ 35.268820896264963, 31.870109593059553 ], [ 35.269224903582078, 31.870988669753125 ], [ 35.268777171346265, 31.871343428246675 ], [ 35.267817944109837, 31.871308964517471 ], [ 35.266785081889807, 31.871043436365092 ], [ 35.266000508189016, 31.871429350249592 ], [ 35.266094399955733, 31.872324932227798 ], [ 35.26697264876983, 31.873711626282812 ], [ 35.268007237814949, 31.873562311360722 ], [ 35.269182332151921, 31.873155895707843 ], [ 35.270191018959643, 31.873052231218821 ], [ 35.271361866246501, 31.873416859999033 ], [ 35.272452819851033, 31.873807448293551 ], [ 35.273915160466402, 31.87442215417531 ], [ 35.273835964274696, 31.875390534280125 ], [ 35.273868466199325, 31.876012213488611 ], [ 35.275040538491126, 31.876399353182698 ], [ 35.276385102715913, 31.876255997582646 ], [ 35.277150025325319, 31.875662610970277 ], [ 35.277970127023032, 31.875113715499008 ], [ 35.278986974854959, 31.875287288333773 ], [ 35.280075805998301, 31.876045306762649 ], [ 35.280872592085174, 31.876074139345889 ], [ 35.281559125144696, 31.875574337890992 ], [ 35.281992881756011, 31.874734811170814 ], [ 35.281695719653619, 31.873831474164348 ], [ 35.281082213002428, 31.873166184468161 ], [ 35.28176972445867, 31.871690716564689 ], [ 35.282538854722752, 31.871081512632156 ], [ 35.282760743141424, 31.86947668648466 ], [ 35.28147852930617, 31.869411524099526 ] ] ] ] } },
{ "type": "Feature", "properties": { "Area": 420179.3833 }, "geometry": { "type": "MultiPolygon", "coordinates": [ [ [ [ 35.198062321924496, 31.872985680309284 ], [ 35.197956534034958, 31.872146411605346 ], [ 35.197335570057284, 31.871203404959061 ], [ 35.19660625981934, 31.870724266325205 ], [ 35.195656043360707, 31.870041633542051 ], [ 35.194562989378809, 31.869571475881109 ], [ 35.193348910829705, 31.869125534972863 ], [ 35.191890908137047, 31.869087635965354 ], [ 35.190444896213741, 31.869475835357282 ], [ 35.189118683918714, 31.870265346198639 ], [ 35.188362928122466, 31.871180044904719 ], [ 35.18803748103214, 31.872051394590791 ], [ 35.187817395407414, 31.872828628839972 ], [ 35.18816139690918, 31.873524207738786 ], [ 35.188788437700758, 31.874200656843204 ], [ 35.190261959168012, 31.874779689576226 ], [ 35.191120658598983, 31.874611816741162 ], [ 35.191859525450347, 31.874042049493692 ], [ 35.192876095289485, 31.87373326969384 ], [ 35.193538089790216, 31.87376489187951 ], [ 35.194742357109881, 31.87387715375386 ], [ 35.195845588754892, 31.873772395228727 ], [ 35.196815225564045, 31.873714965186238 ], [ 35.197430012757366, 31.873505889063715 ], [ 35.198062321924496, 31.872985680309284 ] ] ] ] } },
{ "type": "Feature", "properties": { "Area": 445316.43408199999 }, "geometry": { "type": "MultiPolygon", "coordinates": [ [ [ [ 35.129451757553902, 31.871894526214394 ], [ 35.130412377696061, 31.871988653313558 ], [ 35.131031790608631, 31.871951248146463 ], [ 35.131649604912973, 31.871846201987598 ], [ 35.132230533216166, 31.871396746518194 ], [ 35.132393542665696, 31.870505720526033 ], [ 35.132173595606787, 31.869876007340061 ], [ 35.131302505919528, 31.869135447221868 ], [ 35.130408487779931, 31.869003601556376 ], [ 35.129603922761945, 31.868721873360752 ], [ 35.12825249427096, 31.868635961384722 ], [ 35.127414714398704, 31.86859600204566 ], [ 35.12678505530117, 31.868274906791733 ], [ 35.126092519142098, 31.868115535097893 ], [ 35.125181142660729, 31.867835404017665 ], [ 35.124670685889697, 31.867926958762652 ], [ 35.123908307596189, 31.868151935527514 ], [ 35.123111959817408, 31.868133392472522 ], [ 35.122179417682858, 31.868083756121468 ], [ 35.121065345601878, 31.868291578703356 ], [ 35.120322086688475, 31.868723403223047 ], [ 35.119862537011301, 31.869653672065596 ], [ 35.119640935647752, 31.870385695853397 ], [ 35.120154973426381, 31.870915861076156 ], [ 35.120635859382134, 31.871227872842631 ], [ 35.121130928966458, 31.871562437751503 ], [ 35.121847837952124, 31.871629414914281 ], [ 35.122906838308943, 31.871374768049659 ], [ 35.124117306501198, 31.871246463906111 ], [ 35.124747773034571, 31.871601391265166 ], [ 35.125425447733306, 31.872176165230293 ], [ 35.12593000943378, 31.872832556936281 ], [ 35.126715898814794, 31.872966058958866 ], [ 35.127469927726999, 31.87289268022645 ], [ 35.128123214204479, 31.872636052964477 ], [ 35.128707694112897, 31.872312871629372 ], [ 35.129451757553902, 31.871894526214394 ] ] ] ] } },
{ "type": "Feature", "properties": { "Area": 71610.895507199995 }, "geometry": { "type": "MultiPolygon", "coordinates": [ [ [ [ 35.205082452545689, 31.864273611300426 ], [ 35.208579927053918, 31.862616433394081 ], [ 35.20879123793226, 31.86203531009895 ], [ 35.208776519400125, 31.861528595311132 ], [ 35.208707150133087, 31.860999900258054 ], [ 35.208200762189051, 31.860758113444085 ], [ 35.207533565649406, 31.860530983408914 ], [ 35.206916078083005, 31.860647671351078 ], [ 35.206713021963097, 31.861550631832312 ], [ 35.206510281572896, 31.86199365898225 ], [ 35.20633494738744, 31.862447958226088 ], [ 35.205691854260138, 31.862599022813221 ], [ 35.205345293723489, 31.862744445831208 ], [ 35.205184317385232, 31.863254543997041 ], [ 35.205079972603393, 31.863833969723228 ], [ 35.205082452545689, 31.864273611300426 ] ] ] ] } },
{ "type": "Feature", "properties": { "Area": 1109353.31494 }, "geometry": { "type": "MultiPolygon", "coordinates": [ [ [ [ 35.20945628822664, 31.852953295268097 ], [ 35.20980129021514, 31.852300017571256 ], [ 35.210218109480259, 31.851783137487807 ], [ 35.210333959653198, 31.851124795721901 ], [ 35.210127563258816, 31.850531287817176 ], [ 35.209359392389501, 31.850109150580444 ], [ 35.207960441348163, 31.849770447308888 ], [ 35.207180085010158, 31.849833594985753 ], [ 35.206416393456912, 31.849540514389407 ], [ 35.20559855333159, 31.848808350734519 ], [ 35.204707762182849, 31.848782992082473 ], [ 35.203762989148132, 31.848767772537553 ], [ 35.202958864566362, 31.848946441313778 ], [ 35.20185262576662, 31.849384939393094 ], [ 35.200951919906458, 31.849497647112628 ], [ 35.200279196543597, 31.849559064387947 ], [ 35.199276974338979, 31.849406844078395 ], [ 35.198712408635508, 31.849017905512287 ], [ 35.198344639392289, 31.848437898456101 ], [ 35.197720009427869, 31.847828567562161 ], [ 35.197351228270456, 31.847674672741483 ], [ 35.196567096136313, 31.847611498753533 ], [ 35.19589899324869, 31.847810422427994 ], [ 35.195366744904227, 31.848062898521437 ], [ 35.194908428170457, 31.848535762888215 ], [ 35.194789510945284, 31.849089816427085 ], [ 35.19465174452678, 31.849911035775758 ], [ 35.194414281429154, 31.85056202652606 ], [ 35.19420903765544, 31.850935142752313 ], [ 35.193751029948523, 31.85141702106402 ], [ 35.193233772410018, 31.851716835447636 ], [ 35.192409265977062, 31.852127657037698 ], [ 35.191719631571139, 31.852533977608779 ], [ 35.191507246324349, 31.853103800414896 ], [ 35.191513425492758, 31.853782428415077 ], [ 35.191619851632062, 31.854206863038609 ], [ 35.192305107434883, 31.8545603347251 ], [ 35.193265884129822, 31.85513872099563 ], [ 35.193977897372058, 31.855502895190146 ], [ 35.194630501896448, 31.855674294656346 ], [ 35.195185829424702, 31.856226143314036 ], [ 35.195452666998627, 31.857511269976055 ], [ 35.195387565270259, 31.858053490544805 ], [ 35.195530755705619, 31.859270970644378 ], [ 35.195586511091562, 31.859788399214406 ], [ 35.19585966069122, 31.860832285392618 ], [ 35.196400625480798, 31.861810241658237 ], [ 35.197892181932097, 31.862066784289375 ], [ 35.198609596800196, 31.861681850575678 ], [ 35.199177282300077, 31.860806537045612 ], [ 35.199309422656171, 31.859778456836406 ], [ 35.199254495644944, 31.858834351793639 ], [ 35.198881631724312, 31.857147914537254 ], [ 35.198638500803732, 31.856195909535685 ], [ 35.198482559081022, 31.8550240869031 ], [ 35.198486737041286, 31.854229912842726 ], [ 35.198764792940864, 31.853589625900842 ], [ 35.199385398497235, 31.853139300265955 ], [ 35.20043439310836, 31.853035063064077 ], [ 35.201287250630486, 31.853130906211643 ], [ 35.202355059335737, 31.853211528870744 ], [ 35.203184805819738, 31.853447706279958 ], [ 35.20413589940204, 31.853667532892274 ], [ 35.204987610796913, 31.853743060034134 ], [ 35.205482390760046, 31.853581290921852 ], [ 35.206066976418256, 31.853280298656649 ], [ 35.206936342010728, 31.853041862796687 ], [ 35.207507877860067, 31.852754955246105 ], [ 35.208377088546023, 31.852953897320855 ], [ 35.20945628822664, 31.852953295268097 ] ] ] ] } },
{ "type": "Feature", "properties": { "Area": 577025.03417899995 }, "geometry": { "type": "MultiPolygon", "coordinates": [ [ [ [ 35.139030095421532, 31.859095537624881 ], [ 35.138325847826465, 31.858061451811157 ], [ 35.137462242508342, 31.857101679130739 ], [ 35.136730310376144, 31.856493684155915 ], [ 35.135244345267715, 31.855950659894667 ], [ 35.133918871550627, 31.855840021916443 ], [ 35.132345382321766, 31.855999215163745 ], [ 35.131453693921479, 31.856422566912109 ], [ 35.130501699970345, 31.857098953275241 ], [ 35.129762787826266, 31.857219705213893 ], [ 35.128306934588565, 31.857237442903404 ], [ 35.12667700414751, 31.857330022260694 ], [ 35.125679378026092, 31.85783612420374 ], [ 35.125402902795472, 31.85853261597174 ], [ 35.125521702091881, 31.859394500255121 ], [ 35.125724847264173, 31.859896268523322 ], [ 35.12574038232016, 31.860461612224352 ], [ 35.125851497223948, 31.86104617879829 ], [ 35.126747210867627, 31.861222585422272 ], [ 35.127988312147266, 31.861219955194443 ], [ 35.129324644120551, 31.861260769616688 ], [ 35.130108524101281, 31.861313085034475 ], [ 35.130685449420177, 31.861670770399265 ], [ 35.131459501849243, 31.861838054978342 ], [ 35.131709390941047, 31.861732796780004 ], [ 35.132525778595671, 31.861390002075304 ], [ 35.133517745117153, 31.861161155981552 ], [ 35.134704542855886, 31.860696806199538 ], [ 35.136384817860211, 31.860466058409902 ], [ 35.13718852782511, 31.860263010421477 ], [ 35.137909059715597, 31.860007495071084 ], [ 35.138351617331487, 31.859431682206974 ], [ 35.139030095421532, 31.859095537624881 ] ] ] ] } },
{ "type": "Feature", "properties": { "Area": 678229.20361299999 }, "geometry": { "type": "MultiPolygon", "coordinates": [ [ [ [ 35.254942425121058, 31.860717686863214 ], [ 35.255867656102843, 31.860985609920697 ], [ 35.25669634990237, 31.861624443196821 ], [ 35.257722175498245, 31.861658399389828 ], [ 35.258619395564054, 31.861430308132469 ], [ 35.259918995628745, 31.860687992865998 ], [ 35.261882451244155, 31.860470681427547 ], [ 35.264003834565059, 31.860148428099087 ], [ 35.264643812871078, 31.859442445088785 ], [ 35.264508869301388, 31.858085819278866 ], [ 35.263464280092165, 31.856530652590337 ], [ 35.262085212377784, 31.855984551307262 ], [ 35.259982903513652, 31.856031142701262 ], [ 35.257666589668766, 31.855724948221791 ], [ 35.254593532796768, 31.855794962840694 ], [ 35.252729292687626, 31.856157544264963 ], [ 35.251324579843988, 31.856996208481334 ], [ 35.250759840363635, 31.858438215824997 ], [ 35.250573429933795, 31.859408314016385 ], [ 35.251138583805755, 31.860733233030523 ], [ 35.25252919039599, 31.861231538553692 ], [ 35.253601093046633, 31.860989325357831 ], [ 35.254942425121058, 31.860717686863214 ] ] ] ] } },
{ "type": "Feature", "properties": { "Area": 2213020.5844800002 }, "geometry": { "type": "MultiPolygon", "coordinates": [ [ [ [ 35.22879426826487, 31.860033801941366 ], [ 35.228972790999819, 31.860206242438643 ], [ 35.249640768350517, 31.852989874949433 ], [ 35.250559848846486, 31.851702181705836 ], [ 35.250997850095558, 31.850102399862642 ], [ 35.25069501637212, 31.848978603777063 ], [ 35.250358463406478, 31.848087040456264 ], [ 35.249300463481106, 31.847431336256076 ], [ 35.248072080735341, 31.847401327198398 ], [ 35.246769182674427, 31.847591152468453 ], [ 35.245845024673201, 31.848257121069686 ], [ 35.24522589669688, 31.849226225989824 ], [ 35.244561813610765, 31.850486746024142 ], [ 35.244004780008027, 31.850799179607712 ], [ 35.243109466026965, 31.85108296830731 ], [ 35.242084602155344, 31.8510832761432 ], [ 35.241405014721813, 31.850452757861881 ], [ 35.241329932373198, 31.849290545193579 ], [ 35.241389902410575, 31.848574699429705 ], [ 35.241152221989658, 31.847841466946587 ], [ 35.240091782659952, 31.847105085637274 ], [ 35.23941992321015, 31.846280096784568 ], [ 35.233249470276647, 31.843750881470338 ], [ 35.232428888874942, 31.843765156097337 ], [ 35.231929870896572, 31.843773719776884 ], [ 35.230862267732341, 31.84701208519526 ], [ 35.23066368463698, 31.847624807965392 ], [ 35.230583854977603, 31.847871700714286 ], [ 35.230485225977695, 31.848191307395872 ], [ 35.230407377775023, 31.848443272405646 ], [ 35.230251275383651, 31.848680034892396 ], [ 35.230066625507732, 31.848963021784012 ], [ 35.229813163086909, 31.849350860016372 ], [ 35.229625870404838, 31.849638355921897 ], [ 35.229374848365737, 31.8499067001664 ], [ 35.229148745482462, 31.850147420487222 ], [ 35.229013578417479, 31.850291739657987 ], [ 35.22868614281591, 31.850655916806431 ], [ 35.22843281460613, 31.850964841974015 ], [ 35.227044836846225, 31.853307038006726 ], [ 35.228068451342757, 31.858657521805306 ], [ 35.228140863027697, 31.859037404027749 ], [ 35.228255025036205, 31.859334986413529 ], [ 35.228331188775172, 31.859534501882322 ], [ 35.228495355258083, 31.859743582588383 ], [ 35.22879426826487, 31.860033801941366 ] ] ] ] } },
{ "type": "Feature", "properties": { "Area": 4087548.4257800002 }, "geometry": { "type": "MultiPolygon", "coordinates": [ [ [ [ 35.139949822881405, 31.836617870815388 ], [ 35.139477235365213, 31.836168405243498 ], [ 35.138549114050249, 31.834749796453586 ], [ 35.137985935839517, 31.834747812849457 ], [ 35.137191950415129, 31.834822360852439 ], [ 35.136385715754493, 31.835392905344555 ], [ 35.135742668122298, 31.836028352033555 ], [ 35.135239653182268, 31.836349921141892 ], [ 35.134239443637085, 31.836267645039939 ], [ 35.133406483842208, 31.835916032015852 ], [ 35.132628954287938, 31.835611227366439 ], [ 35.131642965431475, 31.835088731811592 ], [ 35.130245010474283, 31.834762701452433 ], [ 35.129364364892069, 31.834630855843429 ], [ 35.128499024245279, 31.834557632395718 ], [ 35.127301128037985, 31.834640895450629 ], [ 35.125721415204993, 31.834570036527769 ], [ 35.124704000699722, 31.834373254807385 ], [ 35.124188294751043, 31.834257947120992 ], [ 35.124091883299492, 31.833706641037764 ], [ 35.123934942316538, 31.832913492631164 ], [ 35.123841239315524, 31.832477735307783 ], [ 35.12335045615729, 31.83180950360401 ], [ 35.123133046732356, 31.831283483529113 ], [ 35.123410758494074, 31.830608976613753 ], [ 35.123539288190045, 31.829903373796977 ], [ 35.123522944537235, 31.82933971755131 ], [ 35.123244609981384, 31.829033480644867 ], [ 35.122783072276036, 31.82891707443747 ], [ 35.122088351712009, 31.829140394438156 ], [ 35.121563046310257, 31.829645643948169 ], [ 35.1211912902927, 31.829901860282913 ], [ 35.119349198137819, 31.830050008683347 ], [ 35.119012749250182, 31.82959548486366 ], [ 35.119076051710117, 31.828960862079526 ], [ 35.119210187865953, 31.828473961870056 ], [ 35.119089939031909, 31.828038183000142 ], [ 35.118262406001598, 31.827849367845293 ], [ 35.117763142110867, 31.827848465309796 ], [ 35.117219147786066, 31.827675054511207 ], [ 35.117076464322636, 31.827413424946148 ], [ 35.117351677322745, 31.82714982713992 ], [ 35.112111859355487, 31.826125372416371 ], [ 35.109818862159301, 31.825691936131289 ], [ 35.109281095924324, 31.825587824473356 ], [ 35.109047380478188, 31.826406063699295 ], [ 35.10836198929556, 31.828604331175026 ], [ 35.108019196312064, 31.829705999560595 ], [ 35.107859225410365, 31.830218232269427 ], [ 35.107261713038433, 31.832138118185238 ], [ 35.108063960891585, 31.833008433023139 ], [ 35.109602251997416, 31.833032697718131 ], [ 35.110964293830598, 31.833028068611338 ], [ 35.111983882264738, 31.833317963268023 ], [ 35.113048073003355, 31.833744283969395 ], [ 35.113223067660726, 31.834212798803389 ], [ 35.112936488499621, 31.834587417315515 ], [ 35.111187862575576, 31.83475129654899 ], [ 35.109846509597361, 31.83499943816156 ], [ 35.109700786627847, 31.835299189086054 ], [ 35.108796129024981, 31.834946797980091 ], [ 35.108327589375904, 31.835364669890424 ], [ 35.109096631236305, 31.836139133066933 ], [ 35.109413303346187, 31.835894747830096 ], [ 35.109916256493939, 31.836529223101763 ], [ 35.111057049235555, 31.836805687523448 ], [ 35.112245761348483, 31.836871373146224 ], [ 35.113118287503397, 31.837199479870414 ], [ 35.113701222429349, 31.837774251062058 ], [ 35.114575818544417, 31.838194787022836 ], [ 35.115517114044337, 31.838093428260731 ], [ 35.116501721600017, 31.838095239504142 ], [ 35.117160805093242, 31.838992452314837 ], [ 35.118157615318275, 31.839905109365024 ], [ 35.119168356564494, 31.839870280782968 ], [ 35.120222347195885, 31.839469103571986 ], [ 35.12109325778011, 31.839265637258052 ], [ 35.122122177839806, 31.839383544890747 ], [ 35.123140592163779, 31.839626003033931 ], [ 35.124151402332082, 31.84007812414584 ], [ 35.12478591040464, 31.841054755693552 ], [ 35.12489002152671, 31.84188056045177 ], [ 35.124208667269016, 31.842575106830246 ], [ 35.122970045472776, 31.842670139758116 ], [ 35.121953681461648, 31.842498137248729 ], [ 35.120763544630925, 31.841911169987412 ], [ 35.119528720827525, 31.841649948439319 ], [ 35.118156386756603, 31.841758372737416 ], [ 35.117205711780244, 31.842493844795762 ], [ 35.117004540968431, 31.843489103195193 ], [ 35.116854792174067, 31.844391395165605 ], [ 35.116788611655878, 31.844899756935451 ], [ 35.115665131081393, 31.845730353857068 ], [ 35.114505660538846, 31.84620243751726 ], [ 35.11301621924143, 31.846973569082152 ], [ 35.112179942027595, 31.847452063240251 ], [ 35.111985717528107, 31.848203823625788 ], [ 35.111433810712427, 31.848733810628779 ], [ 35.110638923319748, 31.849234306851294 ], [ 35.108551144635548, 31.849832468233735 ], [ 35.108229484338423, 31.85038121467754 ], [ 35.108114523332937, 31.851075536982989 ], [ 35.107942853987417, 31.851689215059096 ], [ 35.107294892699976, 31.852150909999118 ], [ 35.106155504659462, 31.85240649306817 ], [ 35.105197820215302, 31.852404622567935 ], [ 35.104158565885399, 31.852875014013396 ], [ 35.10398049719624, 31.853729920946787 ], [ 35.104452784822861, 31.854227426521245 ], [ 35.10503050862885, 31.855092508270225 ], [ 35.104835902891075, 31.855361777674538 ], [ 35.103993293778636, 31.855632791503922 ], [ 35.103302294719747, 31.856003121553574 ], [ 35.102903822444539, 31.856692703688996 ], [ 35.103439154728953, 31.857522812618491 ], [ 35.10399111436741, 31.85794880015634 ], [ 35.105403512933918, 31.858285838582894 ], [ 35.106125731774029, 31.858064323196579 ], [ 35.106743319953672, 31.857485937229775 ], [ 35.106744784693674, 31.856566072467132 ], [ 35.107263138497522, 31.856300429685824 ], [ 35.108521843227713, 31.855975035112074 ], [ 35.110404015289106, 31.855738582303243 ], [ 35.110337924544027, 31.855302273401144 ], [ 35.110743507287097, 31.854867439866403 ], [ 35.111491808321048, 31.85460927621131 ], [ 35.112382943322075, 31.85415224534696 ], [ 35.112892162222579, 31.853577696160077 ], [ 35.112977044007636, 31.853218152522295 ], [ 35.113566071945932, 31.853068081604381 ], [ 35.114407330507717, 31.852775021126238 ], [ 35.115139794730688, 31.85196219919089 ], [ 35.115957342430583, 31.851761549345863 ], [ 35.116648606704203, 31.851896175283773 ], [ 35.117811892860885, 31.851998991920336 ], [ 35.118652182145006, 31.851657992903547 ], [ 35.118945007187683, 31.85152460634027 ], [ 35.118706107527657, 31.851185695655108 ], [ 35.11786955839122, 31.85070828663499 ], [ 35.117315518568418, 31.850189919773705 ], [ 35.117350012276901, 31.849496661228205 ], [ 35.118431150477036, 31.848608529645109 ], [ 35.118952241335904, 31.847975344644663 ], [ 35.119758878307586, 31.847382366470846 ], [ 35.120558410245053, 31.847515352274726 ], [ 35.121335761615761, 31.847349023471022 ], [ 35.12197578667574, 31.846599229146431 ], [ 35.122557806821156, 31.845721446919615 ], [ 35.123452074460516, 31.844919389303222 ], [ 35.124503901352966, 31.844392482869175 ], [ 35.125393710844406, 31.843944377425899 ], [ 35.12710955055843, 31.843090382372253 ], [ 35.127786513462141, 31.842894079794419 ], [ 35.128660945412641, 31.84264265411921 ], [ 35.130017681424476, 31.842430960415971 ], [ 35.131182019096407, 31.842115994666624 ], [ 35.132230321639803, 31.841990337137936 ], [ 35.133199392095783, 31.84142836553972 ], [ 35.133992611911317, 31.841353842159236 ], [ 35.135126298408167, 31.841375319275443 ], [ 35.13657401729126, 31.84152941061835 ], [ 35.138004011853731, 31.84154594688939 ], [ 35.138884566857101, 31.841215543760338 ], [ 35.140243182482394, 31.839654939391391 ], [ 35.1417789653024, 31.838192481666965 ], [ 35.141334194196645, 31.837834910948935 ], [ 35.140392724720989, 31.837036882829782 ], [ 35.139949822881405, 31.836617870815388 ] ] ] ] } },
{ "type": "Feature", "properties": { "Area": 593547.19628899998 }, "geometry": { "type": "MultiPolygon", "coordinates": [ [ [ [ 35.181266607288464, 31.855868151589817 ], [ 35.181446320251801, 31.855511397618667 ], [ 35.182053653395876, 31.855047626856209 ], [ 35.182814310142177, 31.854766499874327 ], [ 35.183918310710411, 31.854695663222564 ], [ 35.184907192305992, 31.854847438737025 ], [ 35.185528275264353, 31.854857114299062 ], [ 35.18581002897313, 31.854344803473349 ], [ 35.186118855185136, 31.85383024129726 ], [ 35.186704493679315, 31.853540611071001 ], [ 35.187092969496071, 31.853464008908517 ], [ 35.187541588690017, 31.853108973397617 ], [ 35.187348213490267, 31.852501339350752 ], [ 35.187022918594252, 31.851979360916925 ], [ 35.186778030399331, 31.851430901491327 ], [ 35.186628554529825, 31.850939946615853 ], [ 35.186756794459519, 31.850245554746564 ], [ 35.186851967593675, 31.849804234419874 ], [ 35.18739286340903, 31.849388901968116 ], [ 35.188040406815006, 31.848926798455079 ], [ 35.188585067564922, 31.848637717709728 ], [ 35.189045879761728, 31.848246604886441 ], [ 35.189234151511855, 31.847772038805594 ], [ 35.188677682657442, 31.847644023989488 ], [ 35.187524380558003, 31.847878352425912 ], [ 35.186452291727157, 31.848120009251929 ], [ 35.185647648863238, 31.848275459116657 ], [ 35.18477253449386, 31.848328873395666 ], [ 35.184195217354308, 31.84843362092154 ], [ 35.183680569281613, 31.848812307226712 ], [ 35.183139495121537, 31.849227623897786 ], [ 35.182448147984317, 31.849117595876503 ], [ 35.182065036053089, 31.848916871819156 ], [ 35.181609049461571, 31.84901937425434 ], [ 35.181242139020519, 31.84939525880533 ], [ 35.181122486438078, 31.849918298904271 ], [ 35.180762073777998, 31.85003941599248 ], [ 35.179859376437626, 31.850070809197689 ], [ 35.179316440269709, 31.849955719904344 ], [ 35.178623949663397, 31.849798888409026 ], [ 35.177148272872763, 31.84972699812073 ], [ 35.177080176361066, 31.851123693953145 ], [ 35.177348093215443, 31.852325440472345 ], [ 35.177755015042138, 31.852411200228882 ], [ 35.17823125750467, 31.852560664736021 ], [ 35.178415087952033, 31.852846469938015 ], [ 35.178550493722867, 31.853326158569015 ], [ 35.178600261821629, 31.85364800937873 ], [ 35.178562139642032, 31.854189663466165 ], [ 35.178500375640454, 31.854849114252346 ], [ 35.178597459780548, 31.855411086873207 ], [ 35.179008810662559, 31.855654663741319 ], [ 35.179364058248012, 31.855797336009978 ], [ 35.181266607288464, 31.855868151589817 ] ] ] ] } },
{ "type": "Feature", "properties": { "Area": 191157.02294900001 }, "geometry": { "type": "MultiPolygon", "coordinates": [ [ [ [ 35.154477280185219, 31.846672497678039 ], [ 35.154403816003075, 31.846067114604136 ], [ 35.154199582989868, 31.845209167114032 ], [ 35.153891362266933, 31.844339905053481 ], [ 35.153483937619029, 31.8437715887829 ], [ 35.152907199261108, 31.843416260489679 ], [ 35.151854109930895, 31.84385321830964 ], [ 35.151122838757551, 31.844697817638412 ], [ 35.150975419298724, 31.846141249656309 ], [ 35.150535647931846, 31.847280189753203 ], [ 35.150177795101165, 31.848901078942745 ], [ 35.150986274070675, 31.849363045584326 ], [ 35.15122583714944, 31.850182120981053 ], [ 35.151853131657504, 31.84994790562164 ], [ 35.152223184288609, 31.849191083703253 ], [ 35.152911823977377, 31.848761867292659 ], [ 35.153780476315362, 31.848490539283301 ], [ 35.154032222280676, 31.847893176158276 ], [ 35.154373116858274, 31.847280629159236 ], [ 35.154477280185219, 31.846672497678039 ] ] ] ] } },
{ "type": "Feature", "properties": { "Area": 1262700.68848 }, "geometry": { "type": "MultiPolygon", "coordinates": [ [ [ [ 35.142247037619335, 31.834820420990443 ], [ 35.142533304111716, 31.835233148976318 ], [ 35.143273406211264, 31.835770660736522 ], [ 35.143916944288954, 31.836073082166493 ], [ 35.144783595336889, 31.836203129560342 ], [ 35.14563385317151, 31.836679805383952 ], [ 35.146762510494106, 31.837003854012366 ], [ 35.147760794310123, 31.837027411702135 ], [ 35.148612809809279, 31.837089789050179 ], [ 35.149200648230888, 31.837837439060259 ], [ 35.150066194532798, 31.837921794707569 ], [ 35.150578813646675, 31.837473914542812 ], [ 35.151081636299345, 31.837117902364703 ], [ 35.151778514761844, 31.83743777933509 ], [ 35.1519148885818, 31.837965407646379 ], [ 35.152164397050548, 31.838673448727139 ], [ 35.151897817125743, 31.839255020847801 ], [ 35.151105916320844, 31.839388275560637 ], [ 35.149849797542856, 31.839321233165194 ], [ 35.149006020169352, 31.839524908195017 ], [ 35.1484814819378, 31.839998140656039 ], [ 35.148512774112234, 31.840663255555384 ], [ 35.148795587941571, 31.841129513863024 ], [ 35.149760816725532, 31.841859288545127 ], [ 35.151029371255078, 31.841889700113271 ], [ 35.152207547951207, 31.842070555186737 ], [ 35.152952851719064, 31.842655358444805 ], [ 35.153588745798821, 31.843195022062151 ], [ 35.154451430691786, 31.84317563605304 ], [ 35.154843223614165, 31.84272938253066 ], [ 35.154867626828228, 31.84216292892485 ], [ 35.155769771724579, 31.842109730625562 ], [ 35.156122566271357, 31.841722640892087 ], [ 35.156408577978361, 31.840874463369516 ], [ 35.156682834458898, 31.840084899770744 ], [ 35.157452115690532, 31.839632015227949 ], [ 35.158128262718314, 31.839237711265518 ], [ 35.158362707540711, 31.838471238803617 ], [ 35.158087149824297, 31.838268790172044 ], [ 35.15717319795327, 31.837921248787932 ], [ 35.156687586483073, 31.83790697651526 ], [ 35.156232519382534, 31.837560726868126 ], [ 35.155671855596985, 31.83682382894763 ], [ 35.154836469539703, 31.835908709816163 ], [ 35.154256206920522, 31.835436147591125 ], [ 35.153264021117863, 31.835157875548532 ], [ 35.152097682717091, 31.834917852203994 ], [ 35.150769203450579, 31.834209924109363 ], [ 35.150050508293823, 31.833142074367824 ], [ 35.15092356515062, 31.833007732892536 ], [ 35.151440584557811, 31.833181551964078 ], [ 35.152156967506357, 31.833694765615675 ], [ 35.152680955995692, 31.834109822820462 ], [ 35.15350674919145, 31.834691274337082 ], [ 35.154007015140209, 31.834739383283623 ], [ 35.154669453682125, 31.834321982486912 ], [ 35.155491297843973, 31.834281154847716 ], [ 35.156219370131566, 31.834275796107647 ], [ 35.15639635165693, 31.833880183753038 ], [ 35.156331919486114, 31.833040327362259 ], [ 35.156459394379517, 31.832300872211839 ], [ 35.156244070681517, 31.831844237816821 ], [ 35.155716266524578, 31.831774708580507 ], [ 35.154685978159385, 31.831823347494261 ], [ 35.153956335050886, 31.832020900074134 ], [ 35.153495226536599, 31.831927151274837 ], [ 35.152741173570504, 31.831493403799488 ], [ 35.151939784473022, 31.831304254635775 ], [ 35.150936538085183, 31.831118397661658 ], [ 35.150155654558908, 31.831156395154959 ], [ 35.149103295895074, 31.831133396440976 ], [ 35.148735623865903, 31.831026707094242 ], [ 35.146768516189532, 31.83079191849702 ], [ 35.143467405510563, 31.829659143485411 ], [ 35.140881720527709, 31.829447639344536 ], [ 35.139141487109512, 31.82891580440927 ], [ 35.13913374454026, 31.830067892783344 ], [ 35.13958467969163, 31.830750698396617 ], [ 35.139776071172385, 31.831322332594137 ], [ 35.140189965544145, 31.832120100852929 ], [ 35.140933331862243, 31.832655373520858 ], [ 35.14153574579796, 31.83343913998397 ], [ 35.141630980297677, 31.83393124960195 ], [ 35.142247037619335, 31.834820420990443 ] ] ] ] } },
{ "type": "Feature", "properties": { "Area": 54656.8862305 }, "geometry": { "type": "MultiPolygon", "coordinates": [ [ [ [ 35.094487152901245, 31.840960043473661 ], [ 35.095159515017578, 31.840790965475868 ], [ 35.096104740198435, 31.840333530366937 ], [ 35.096730889695216, 31.839583850599304 ], [ 35.097298261880454, 31.839123267989471 ], [ 35.097650822106715, 31.838711539876964 ], [ 35.09797313863649, 31.83818536554735 ], [ 35.09823608428497, 31.83746637425093 ], [ 35.098451085349026, 31.836955327431799 ], [ 35.098406568250631, 31.836334153507092 ], [ 35.097719467362992, 31.836721930760234 ], [ 35.095589384774463, 31.839359112567543 ], [ 35.094487152901245, 31.840960043473661 ] ] ] ] } },
{ "type": "Feature", "properties": { "Area": 979178.98046999995 }, "geometry": { "type": "MultiPolygon", "coordinates": [ [ [ [ 35.256592826041889, 31.834362697484853 ], [ 35.25676388800197, 31.834472538077293 ], [ 35.256981247855563, 31.834725525284881 ], [ 35.258094026251825, 31.836356250513774 ], [ 35.258324648931556, 31.83669490384656 ], [ 35.260272221636093, 31.836705336255825 ], [ 35.262538777909462, 31.83737505851267 ], [ 35.264268978562612, 31.837899009739417 ], [ 35.266069159882584, 31.838879456067946 ], [ 35.268355913594824, 31.838779689009431 ], [ 35.269204140950905, 31.838715004172983 ], [ 35.270303147908741, 31.838483345037936 ], [ 35.27072600449192, 31.83819622986713 ], [ 35.271343096721274, 31.838079232068068 ], [ 35.272002668969428, 31.837591893792684 ], [ 35.272360377896113, 31.836938438326683 ], [ 35.272730073096021, 31.836206065004102 ], [ 35.27265190121868, 31.835848755797436 ], [ 35.271861221892102, 31.835567354839601 ], [ 35.27065346519926, 31.835318294638224 ], [ 35.27029898918672, 31.835187149361772 ], [ 35.269932354643061, 31.834666530319772 ], [ 35.269409538182195, 31.834321847494664 ], [ 35.268867919614387, 31.834229685243862 ], [ 35.267840545993558, 31.834149036759328 ], [ 35.26704380177479, 31.834131394925222 ], [ 35.266468707000179, 31.833832944648091 ], [ 35.266284472257496, 31.833538811388848 ], [ 35.265980604309661, 31.833291518402923 ], [ 35.265441029616163, 31.833281069174291 ], [ 35.264712805384981, 31.833284798375573 ], [ 35.263779519249283, 31.833191108587155 ], [ 35.262999678089955, 31.833265871420263 ], [ 35.262433378929849, 31.833277967571124 ], [ 35.262045956042584, 31.832953483797692 ], [ 35.261739919337764, 31.832647562478922 ], [ 35.262063637859626, 31.832190863103275 ], [ 35.26282250812136, 31.831852893050812 ], [ 35.263565490383705, 31.831456306682444 ], [ 35.264559167196069, 31.831294074331307 ], [ 35.265997500789624, 31.83114683814474 ], [ 35.266798481393757, 31.830875897804447 ], [ 35.267666294155035, 31.83059195534225 ], [ 35.268480115262555, 31.830286615614096 ], [ 35.268329225492145, 31.829759118929665 ], [ 35.267538099535315, 31.829453454232507 ], [ 35.265839416325747, 31.829456540470058 ], [ 35.264992860052061, 31.828668969310684 ], [ 35.264183271990298, 31.828367801648309 ], [ 35.261475442399956, 31.829601739143509 ], [ 35.259583034445775, 31.83051455322072 ], [ 35.25929012139639, 31.830603172346201 ], [ 35.259041103119209, 31.830677680803571 ], [ 35.257214434718051, 31.831176715216845 ], [ 35.256983562264885, 31.831239375545241 ], [ 35.256605468156337, 31.83160477377896 ], [ 35.255332350454466, 31.831487487864823 ], [ 35.254814911931504, 31.831794317313381 ], [ 35.254294829122735, 31.832101145682234 ], [ 35.254361967911265, 31.832336723276114 ], [ 35.254726857011256, 31.833164575055047 ], [ 35.256379494887135, 31.834226382594892 ], [ 35.256592826041889, 31.834362697484853 ] ] ] ] } },
{ "type": "Feature", "properties": { "Area": 555078.82763700001 }, "geometry": { "type": "MultiPolygon", "coordinates": [ [ [ [ 35.204199179306507, 31.829515905919333 ], [ 35.203792006314096, 31.82897311341458 ], [ 35.203276072590967, 31.828373390386858 ], [ 35.202483998842858, 31.828966336799773 ], [ 35.202203733432718, 31.829537305847104 ], [ 35.20213010429211, 31.830241862180593 ], [ 35.202347289330454, 31.831216973467434 ], [ 35.20274670254198, 31.831967192002303 ], [ 35.203208515315531, 31.832534224887198 ], [ 35.203768375958873, 31.833223567701594 ], [ 35.204406976958381, 31.832922018704952 ], [ 35.205667177182484, 31.833136761345347 ], [ 35.206705388725602, 31.833587663313047 ], [ 35.207530194090083, 31.834121418145763 ], [ 35.208675404115375, 31.835019272291362 ], [ 35.209500399202163, 31.835563723491351 ], [ 35.209949507543378, 31.835231153750001 ], [ 35.210117494402468, 31.834524898295228 ], [ 35.210227671244418, 31.833222307978055 ], [ 35.209777334497922, 31.832113636459894 ], [ 35.209134741030418, 31.831356121915409 ], [ 35.208931844828392, 31.830403567567441 ], [ 35.209278090112676, 31.829808908125148 ], [ 35.209848978904134, 31.829497188608578 ], [ 35.210044354762239, 31.828801640713177 ], [ 35.209650518070248, 31.828233502219575 ], [ 35.209498783526563, 31.82720992674431 ], [ 35.209685749868775, 31.826687982573869 ], [ 35.210403007824645, 31.826314816784766 ], [ 35.210728444966662, 31.825894320751743 ], [ 35.210683976623933, 31.824835794839121 ], [ 35.210352031589181, 31.824092924638379 ], [ 35.209385047145524, 31.823768869465194 ], [ 35.208599476685947, 31.824105394914543 ], [ 35.20835885912544, 31.824343825158905 ], [ 35.20805634903914, 31.824554074409658 ], [ 35.207773970419183, 31.824705703159012 ], [ 35.207444058728164, 31.824846623143866 ], [ 35.206571013529775, 31.82575467562371 ], [ 35.205971599431685, 31.826953560402487 ], [ 35.205402869570285, 31.828246007167763 ], [ 35.204906743981795, 31.829258318722403 ], [ 35.204199179306507, 31.829515905919333 ] ] ] ] } },
{ "type": "Feature", "properties": { "Area": 600164.83105599997 }, "geometry": { "type": "MultiPolygon", "coordinates": [ [ [ [ 35.144352683847124, 31.824886608361773 ], [ 35.144989979486603, 31.826835432718756 ], [ 35.14594926871527, 31.827540434621046 ], [ 35.14714890150767, 31.827944550532667 ], [ 35.149036811411463, 31.828038387353821 ], [ 35.149648583590206, 31.827573080264276 ], [ 35.149950566027016, 31.826816796588474 ], [ 35.1507678039737, 31.82663846770685 ], [ 35.151830575322563, 31.826545909450807 ], [ 35.152452535179506, 31.82611835726637 ], [ 35.152434728629729, 31.825496648074932 ], [ 35.152814705922346, 31.82510901391738 ], [ 35.153592876592491, 31.824505097922575 ], [ 35.154247057892341, 31.824270880422777 ], [ 35.155278273943786, 31.823558833343139 ], [ 35.155768106187558, 31.823248452164879 ], [ 35.15571341437947, 31.822741712954453 ], [ 35.155610181499185, 31.821961022793051 ], [ 35.155428992564204, 31.821296977367741 ], [ 35.155250081160894, 31.820700006467238 ], [ 35.154639206034226, 31.820552657320235 ], [ 35.154055790845597, 31.820898507063035 ], [ 35.153526761543048, 31.820772039855797 ], [ 35.153045951741639, 31.819997959693197 ], [ 35.152248327449705, 31.819452025230408 ], [ 35.1511298966292, 31.819475798932693 ], [ 35.149998625507337, 31.82000683950724 ], [ 35.148827079761269, 31.820527143107082 ], [ 35.148680249849946, 31.821543897668857 ], [ 35.148551606196655, 31.822227544715421 ], [ 35.147990377254644, 31.822401464051001 ], [ 35.147051867879128, 31.822581975245406 ], [ 35.146165404923103, 31.823187492848987 ], [ 35.145233681399532, 31.824096224988537 ], [ 35.144352683847124, 31.824886608361773 ] ] ] ] } },
{ "type": "Feature", "properties": { "Area": 598395.51611299999 }, "geometry": { "type": "MultiPolygon", "coordinates": [ [ [ [ 35.180027953369475, 31.819819981054543 ], [ 35.180175250148942, 31.81948182097625 ], [ 35.180396463756274, 31.819205112190279 ], [ 35.180654785536056, 31.819015775224052 ], [ 35.181242317952943, 31.818259469064017 ], [ 35.181364148667264, 31.818101669971174 ], [ 35.181572315280903, 31.817836793308292 ], [ 35.181733452546993, 31.817552180279979 ], [ 35.181831876477915, 31.817275446996149 ], [ 35.181906685124829, 31.817064092531602 ], [ 35.182437944160526, 31.815513027946768 ], [ 35.182438519757405, 31.815172585037498 ], [ 35.182094216984623, 31.814062139759756 ], [ 35.181853004369074, 31.813179988917188 ], [ 35.182353335461976, 31.811832395066403 ], [ 35.182583909892386, 31.810940180438664 ], [ 35.17981743420178, 31.810861329438552 ], [ 35.179261108404681, 31.811680200970294 ], [ 35.178797206250927, 31.812416232378347 ], [ 35.178378755143854, 31.812874393054809 ], [ 35.177230463570758, 31.813728642892986 ], [ 35.176355039050904, 31.814232917583222 ], [ 35.175645580734013, 31.814857844339862 ], [ 35.175400727458289, 31.815254596563147 ], [ 35.175225177734987, 31.816191338300698 ], [ 35.175102616508418, 31.817070036199411 ], [ 35.17510867340615, 31.817748668781704 ], [ 35.175912415835697, 31.817570738650659 ], [ 35.176882456619303, 31.817549533398367 ], [ 35.177522537325693, 31.817766110627275 ], [ 35.177753264235591, 31.818280768941094 ], [ 35.177841186338711, 31.81899210990581 ], [ 35.177530140140789, 31.819436762137045 ], [ 35.176979439064674, 31.81996703652446 ], [ 35.176418108526043, 31.820152354237099 ], [ 35.176210253954707, 31.820411022319632 ], [ 35.176207523030968, 31.821251982838771 ], [ 35.176182603180592, 31.821793641897276 ], [ 35.176268553362284, 31.822448054796322 ], [ 35.1760313650218, 31.823088304810039 ], [ 35.175779324072614, 31.823715023459211 ], [ 35.176169186867654, 31.824123190639639 ], [ 35.177481698819655, 31.824289750656291 ], [ 35.178396533459384, 31.824224557794526 ], [ 35.179350992318582, 31.824100183266381 ], [ 35.179719115745421, 31.823780103893235 ], [ 35.179680231178637, 31.822917716974956 ], [ 35.179221684135989, 31.821969573321116 ], [ 35.179189020211133, 31.82131348198179 ], [ 35.179372710302644, 31.82067716091866 ], [ 35.179847999041286, 31.820082605961446 ], [ 35.180027953369475, 31.819819981054543 ] ] ] ] } },
{ "type": "Feature", "properties": { "Area": 901755.94042999996 }, "geometry": { "type": "MultiPolygon", "coordinates": [ [ [ [ 35.262016026088553, 31.817986995395 ], [ 35.262145849471956, 31.818165049006222 ], [ 35.262515117500342, 31.818848584685131 ], [ 35.262702426796459, 31.819111158475305 ], [ 35.263759517921116, 31.81896186695737 ], [ 35.265077535564807, 31.818838933912012 ], [ 35.265901572618176, 31.818901103120069 ], [ 35.267003539075809, 31.819233117430031 ], [ 35.268053396728654, 31.819613621882166 ], [ 35.269094983012053, 31.819716807608934 ], [ 35.269716042063308, 31.819311228247358 ], [ 35.269905862454102, 31.81889290467732 ], [ 35.269778328416585, 31.818239139811777 ], [ 35.269790347662443, 31.817731287694539 ], [ 35.270298364118247, 31.817582786464961 ], [ 35.270845455781135, 31.817385789163065 ], [ 35.271223040452796, 31.817387846036485 ], [ 35.271292579714498, 31.817016929738688 ], [ 35.271263988445199, 31.816501207672466 ], [ 35.270652297129828, 31.815892225034766 ], [ 35.269871280287731, 31.815022357944425 ], [ 35.268684800753284, 31.814125636320924 ], [ 35.268450181489406, 31.813947078410816 ], [ 35.267331379542149, 31.8130384733219 ], [ 35.26574471400113, 31.812290724179906 ], [ 35.264428210420512, 31.811547900837187 ], [ 35.262849713860916, 31.81059268919952 ], [ 35.261755731012052, 31.80963836768186 ], [ 35.260935826799177, 31.808365454097839 ], [ 35.260314544966185, 31.806974081774751 ], [ 35.259571219789834, 31.805099712589815 ], [ 35.259138841987763, 31.80415409755722 ], [ 35.258856068331276, 31.803946796289928 ], [ 35.258658515800562, 31.804155430522883 ], [ 35.25842155059474, 31.804405791147961 ], [ 35.258481242892302, 31.805471060898817 ], [ 35.259004062559058, 31.810654143964083 ], [ 35.257984051809068, 31.811998313490921 ], [ 35.2582747266555, 31.81241698090373 ], [ 35.258463653265132, 31.81266603298975 ], [ 35.25867720442325, 31.81297594821369 ], [ 35.258811654773986, 31.813187822250082 ], [ 35.258948269229791, 31.813430695818987 ], [ 35.259108511647597, 31.813723160049118 ], [ 35.259194163649489, 31.814012837965329 ], [ 35.259287752919349, 31.814329003813338 ], [ 35.259525696990714, 31.815132098405616 ], [ 35.259767898254488, 31.815319124153984 ], [ 35.260164798676463, 31.815623320366225 ], [ 35.26022405309849, 31.815915263653388 ], [ 35.260276520464132, 31.816171700106295 ], [ 35.260337264901786, 31.81647040642688 ], [ 35.260704650502682, 31.81680448716509 ], [ 35.261690854251299, 31.817614007864996 ], [ 35.262016026088553, 31.817986995395 ] ] ] ] } },
{ "type": "Feature", "properties": { "Area": 234895.20996199999 }, "geometry": { "type": "MultiPolygon", "coordinates": [ [ [ [ 35.263360862570636, 31.787359980923618 ], [ 35.264485607105925, 31.788557774300759 ], [ 35.264712606597243, 31.788799472651483 ], [ 35.266571410782817, 31.790786570323668 ], [ 35.267941876504551, 31.79026620890496 ], [ 35.2681984830907, 31.789398060346933 ], [ 35.268132268188197, 31.787629361020947 ], [ 35.267941417234702, 31.786218641074065 ], [ 35.267599727550326, 31.785201423134929 ], [ 35.264983293461896, 31.784690900841248 ], [ 35.263624849565311, 31.784816670271752 ], [ 35.262569304622559, 31.785234257856473 ], [ 35.263311372082356, 31.786842573352011 ], [ 35.263360862570636, 31.787359980923618 ] ] ] ] } },
{ "type": "Feature", "properties": { "Area": 13653583.535399999 }, "geometry": { "type": "MultiPolygon", "coordinates": [ [ [ [ 35.25544459623903, 31.731524627681232 ], [ 35.25438180472888, 31.731514339527113 ], [ 35.253435670257133, 31.731361956681965 ], [ 35.25346116439357, 31.731870927078244 ], [ 35.253699530737642, 31.732721389958019 ], [ 35.253807313515679, 31.733254001804458 ], [ 35.253736907540642, 31.733559529853451 ], [ 35.253695122948173, 31.733738224512603 ], [ 35.253844767755666, 31.733925299834436 ], [ 35.253946989288849, 31.734227942593378 ], [ 35.253972750740168, 31.734612908574398 ], [ 35.253972056029902, 31.734856407562116 ], [ 35.254015485357684, 31.735288713590549 ], [ 35.254043163446148, 31.735556438639584 ], [ 35.254070676811992, 31.735824163735462 ], [ 35.254061422859643, 31.736094721420738 ], [ 35.254030967678879, 31.736494364185624 ], [ 35.254037142807746, 31.73694303057329 ], [ 35.254072276194535, 31.737276136530642 ], [ 35.254130532307308, 31.737989700000586 ], [ 35.254146297782555, 31.738179081637853 ], [ 35.25566006582703, 31.738968161022179 ], [ 35.258103908987742, 31.740165482813335 ], [ 35.258801108854001, 31.740520289015748 ], [ 35.259093272556036, 31.740760844151414 ], [ 35.259303908947011, 31.740879120874862 ], [ 35.259531864542417, 31.741005844562729 ], [ 35.259774871235365, 31.741208654568627 ], [ 35.259958057589699, 31.741469546546057 ], [ 35.260176713924309, 31.741758605415843 ], [ 35.260655442080065, 31.742920085301385 ], [ 35.261703614101577, 31.744951025739454 ], [ 35.261820502089982, 31.745176998163483 ], [ 35.262688897310341, 31.745758857844773 ], [ 35.26383510402642, 31.746507423644324 ], [ 35.264053816060887, 31.746846077082608 ], [ 35.264197588028566, 31.747066961782629 ], [ 35.264341935287931, 31.747411849762887 ], [ 35.264554594563442, 31.748584711882064 ], [ 35.264455569174153, 31.74947927611661 ], [ 35.263665185991883, 31.750799158007446 ], [ 35.262510344779862, 31.751622059663656 ], [ 35.261324006946637, 31.752750464672065 ], [ 35.259839909157499, 31.753225151202837 ], [ 35.259460219161795, 31.753126112990703 ], [ 35.259888426806917, 31.755215387725411 ], [ 35.25984335927275, 31.755969574485277 ], [ 35.260636924068145, 31.757567181338256 ], [ 35.259216248407014, 31.758613939398142 ], [ 35.258248567609385, 31.760191451125582 ], [ 35.258164940646282, 31.760745556509704 ], [ 35.257962609672823, 31.761378059402546 ], [ 35.25719996630972, 31.761350758883481 ], [ 35.256936116267163, 31.760536954346588 ], [ 35.256126843510948, 31.760873785896813 ], [ 35.256126522467007, 31.761482530282791 ], [ 35.256092867196038, 31.762058032675331 ], [ 35.255585988755421, 31.762565524179301 ], [ 35.255110095544083, 31.763043127744428 ], [ 35.253355027663694, 31.763288439372239 ], [ 35.253078746443826, 31.76356360739624 ], [ 35.252694412861437, 31.767158995200635 ], [ 35.25483309597454, 31.765631526859167 ], [ 35.254743499887901, 31.766478730754841 ], [ 35.254722002048169, 31.766679962877774 ], [ 35.254568873271538, 31.767167581912819 ], [ 35.254331024808288, 31.768382344392645 ], [ 35.25466822367391, 31.768493814727684 ], [ 35.255059935579048, 31.768755193774172 ], [ 35.255311899468573, 31.769537441418233 ], [ 35.255431026099679, 31.76990714901347 ], [ 35.255709433443407, 31.7707728055105 ], [ 35.255914641664724, 31.771398375510042 ], [ 35.256427508430185, 31.772960607895339 ], [ 35.256726909255484, 31.773873036192185 ], [ 35.256854469772762, 31.774260775560805 ], [ 35.257177176686341, 31.775242522058267 ], [ 35.257666787500938, 31.776735429082567 ], [ 35.257775682499663, 31.77706511913658 ], [ 35.259550232199601, 31.776986015485672 ], [ 35.26393854307927, 31.777485688344257 ], [ 35.2675338059816, 31.778016606369537 ], [ 35.269269593530105, 31.778163974030988 ], [ 35.269786601659831, 31.778206547042736 ], [ 35.270295755178736, 31.777872603465916 ], [ 35.27144908404523, 31.777112764092152 ], [ 35.271731465182178, 31.775486482888059 ], [ 35.27186205625754, 31.774733376326278 ], [ 35.272487215278289, 31.772695445594351 ], [ 35.273725645650948, 31.771367379241369 ], [ 35.277067874210047, 31.77022355883468 ], [ 35.280696274753453, 31.769177554810977 ], [ 35.282485678957997, 31.768723858319877 ], [ 35.284767873591491, 31.768994118575996 ], [ 35.286213101093409, 31.7691916036488 ], [ 35.287129616466672, 31.769116046001251 ], [ 35.287247363795025, 31.768537099626474 ], [ 35.287394673005956, 31.767817220998097 ], [ 35.287468902283727, 31.767455308435775 ], [ 35.287327384940021, 31.766161256970033 ], [ 35.286940218072736, 31.764420952416909 ], [ 35.28615401087005, 31.763143097399617 ], [ 35.284550781603713, 31.761882099876519 ], [ 35.281833122915195, 31.761338165878204 ], [ 35.281661027374952, 31.759460745456781 ], [ 35.281184870945076, 31.757640436765254 ], [ 35.282040863184591, 31.756712146208145 ], [ 35.281830821757296, 31.756593907055073 ], [ 35.279693815111266, 31.755399117609226 ], [ 35.278013946650901, 31.754125680994438 ], [ 35.276947434784425, 31.75200526767005 ], [ 35.276548240171863, 31.749951543215676 ], [ 35.277885080608009, 31.747569344855549 ], [ 35.27886854303047, 31.746304499603909 ], [ 35.282043802127149, 31.745217571514477 ], [ 35.283457189807336, 31.74467559512259 ], [ 35.285225487535357, 31.744400550115618 ], [ 35.286132642173605, 31.74389493795136 ], [ 35.287064094083867, 31.743093949094387 ], [ 35.28840069445198, 31.741766234420794 ], [ 35.288957188153859, 31.741379763593947 ], [ 35.28855098335265, 31.740203687172958 ], [ 35.288034023058664, 31.739621773137443 ], [ 35.287536021835535, 31.739029135153281 ], [ 35.287156045223817, 31.738575641090353 ], [ 35.285948752264211, 31.738216244545978 ], [ 35.285906298461725, 31.736621130767375 ], [ 35.286028092366053, 31.735617748410682 ], [ 35.286143042928543, 31.734334797638351 ], [ 35.286158458562909, 31.733489306222388 ], [ 35.286828124949864, 31.732478242449474 ], [ 35.28761563551619, 31.731805854500795 ], [ 35.288251422185454, 31.730919372797583 ], [ 35.288670381519381, 31.729477831483528 ], [ 35.286756732807163, 31.729868567853586 ], [ 35.285417456743296, 31.730036831706222 ], [ 35.284322266163038, 31.729912391863031 ], [ 35.283220570451057, 31.729501046361772 ], [ 35.28262101376918, 31.729009345123149 ], [ 35.281522918500045, 31.728742841957981 ], [ 35.279469699276028, 31.727200780721496 ], [ 35.278614687362982, 31.726569424185953 ], [ 35.277588117280771, 31.725798374003791 ], [ 35.276909319067805, 31.725524261932808 ], [ 35.276059616798385, 31.725108764983915 ], [ 35.27537808029345, 31.724690350523279 ], [ 35.275026106133176, 31.724049670015194 ], [ 35.274509168869955, 31.723485736439226 ], [ 35.273662239305743, 31.723212262981527 ], [ 35.272810873063648, 31.72272741548452 ], [ 35.271803757957109, 31.722744861716269 ], [ 35.271034286010185, 31.722183865484684 ], [ 35.270264823330031, 31.721622864546784 ], [ 35.269499591808668, 31.721205588918362 ], [ 35.268733707713864, 31.7207883089931 ], [ 35.268219562045729, 31.720366953049162 ], [ 35.267285541055628, 31.719953130366722 ], [ 35.266526793548145, 31.719824425292025 ], [ 35.265771273963885, 31.719837755383299 ], [ 35.265185764438087, 31.719920329686122 ], [ 35.264771793125099, 31.720142043122408 ], [ 35.264444296040878, 31.720506319383468 ], [ 35.26420814621364, 31.72115745265997 ], [ 35.263968602546292, 31.721662600234108 ], [ 35.263811604794007, 31.722096124619174 ], [ 35.263395267879119, 31.722247377684479 ], [ 35.262720747620868, 31.722115229067494 ], [ 35.262384439678549, 31.722121019065302 ], [ 35.261718716442594, 31.722349600672494 ], [ 35.261391199657467, 31.722713868987601 ], [ 35.260819534992152, 31.723371345576446 ], [ 35.260416018055288, 31.724023109194114 ], [ 35.260003049402236, 31.724316954466804 ], [ 35.259681417710013, 31.72489765935245 ], [ 35.259443532185998, 31.725476636268823 ], [ 35.259364359796791, 31.725692550390331 ], [ 35.258613074758401, 31.727399056310926 ], [ 35.257036061662497, 31.729349963670234 ], [ 35.25607036466311, 31.730753859442952 ], [ 35.25544459623903, 31.731524627681232 ] ] ] ] } },
{ "type": "Feature", "properties": { "Area": 53698078.223099999 }, "geometry": { "type": "MultiPolygon", "coordinates": [ [ [ [ 35.287536021835535, 31.739029135153281 ], [ 35.287893941762931, 31.73768345916681 ], [ 35.288587788392498, 31.737143022106604 ], [ 35.289291534175462, 31.736979659214878 ], [ 35.289825231166169, 31.737120779732798 ], [ 35.290628488602785, 31.737408829594436 ], [ 35.291246799352407, 31.737397700281232 ], [ 35.291935628529316, 31.736629532172014 ], [ 35.292685931285163, 31.734801084167586 ], [ 35.293026397304772, 31.734267630924826 ], [ 35.293581159552787, 31.735238420150157 ], [ 35.294148647828351, 31.736741287282101 ], [ 35.295327411959867, 31.737928070611773 ], [ 35.295920354109732, 31.738273729651109 ], [ 35.296370394282746, 31.739005028357923 ], [ 35.29690871625705, 31.739297738680598 ], [ 35.298282737298123, 31.73946244800177 ], [ 35.299787934262199, 31.739548132848352 ], [ 35.301122218319136, 31.73986446413204 ], [ 35.302187750976685, 31.740034437981024 ], [ 35.303514470743536, 31.740046376996428 ], [ 35.304611303794744, 31.739724236551673 ], [ 35.304996403525791, 31.739190153044017 ], [ 35.305330095150659, 31.738390064462443 ], [ 35.305672231511338, 31.737930978797262 ], [ 35.306236829673729, 31.737503279221681 ], [ 35.30701964444809, 31.736997617345498 ], [ 35.307180521299848, 31.736354358528729 ], [ 35.307427705750115, 31.735630990826344 ], [ 35.307659805244484, 31.735284155726376 ], [ 35.307939639524903, 31.734866260995911 ], [ 35.308410514420878, 31.734253185516465 ], [ 35.309058130628813, 31.733637708610409 ], [ 35.310195048192014, 31.733125535507913 ], [ 35.311109988804134, 31.732578591727211 ], [ 35.312240686052107, 31.731841507453353 ], [ 35.313813548200031, 31.7310955794485 ], [ 35.315396772747881, 31.73076503627582 ], [ 35.316499662025358, 31.730668249750423 ], [ 35.31720542385964, 31.730616898147311 ], [ 35.318041459997566, 31.730451004699283 ], [ 35.318782910299007, 31.730060856223073 ], [ 35.319558854708497, 31.729304860491798 ], [ 35.319974966884864, 31.728223958066586 ], [ 35.320325147907894, 31.727428323363661 ], [ 35.320119120483874, 31.725749946754874 ], [ 35.320098922815355, 31.725416845083917 ], [ 35.320087539604486, 31.724747233421809 ], [ 35.320144008867963, 31.724020630941737 ], [ 35.320278886288889, 31.723242100836295 ], [ 35.320366769911452, 31.72285535354499 ], [ 35.320476063393755, 31.72245167702312 ], [ 35.321496129920355, 31.718715400625449 ], [ 35.321792579277286, 31.71809679794265 ], [ 35.321828908336897, 31.717753498286442 ], [ 35.321931911196224, 31.717469320980261 ], [ 35.322147012560706, 31.717186167400776 ], [ 35.322205163840913, 31.716632603895544 ], [ 35.323226257339037, 31.714451436004772 ], [ 35.322863461260809, 31.713047143245923 ], [ 35.32279915361886, 31.712772702546051 ], [ 35.322718068743526, 31.712267178421751 ], [ 35.322662254922008, 31.711670882143711 ], [ 35.322669002842055, 31.7108834483465 ], [ 35.322735337539854, 31.710289293227362 ], [ 35.322901995743869, 31.709517493104322 ], [ 35.323088021157581, 31.708941263378556 ], [ 35.323229796446739, 31.708566863543506 ], [ 35.323853794273845, 31.707229851214937 ], [ 35.324301815832669, 31.706082953431917 ], [ 35.323982711870343, 31.705317807501526 ], [ 35.322125095629652, 31.704668512717593 ], [ 35.319501747687646, 31.703773566282781 ], [ 35.318792242043699, 31.703428119500519 ], [ 35.317574324303834, 31.702730835466088 ], [ 35.316529486753176, 31.701757759363613 ], [ 35.315704702477781, 31.700781100691859 ], [ 35.315305216620978, 31.699983310304127 ], [ 35.314833498314712, 31.698726764141348 ], [ 35.314706119373284, 31.697633379218615 ], [ 35.314756123055645, 31.696435000313311 ], [ 35.315012070185553, 31.695456269151002 ], [ 35.315392847477916, 31.694678654519656 ], [ 35.315544041769215, 31.694317218305191 ], [ 35.316144639939111, 31.693519681520939 ], [ 35.316825692080471, 31.692754199418577 ], [ 35.317669001860239, 31.692071427300387 ], [ 35.318039626588295, 31.691782504788993 ], [ 35.318410669686486, 31.691433269425207 ], [ 35.319883604076182, 31.690565602022485 ], [ 35.320294086125799, 31.690267054629761 ], [ 35.321343785817888, 31.689932410948941 ], [ 35.324514414455358, 31.688149995970143 ], [ 35.324337710401096, 31.687221817288496 ], [ 35.324159801554032, 31.686379315409528 ], [ 35.324049749611341, 31.685376106901892 ], [ 35.324081518206697, 31.684191830785981 ], [ 35.324288156031272, 31.683414351675015 ], [ 35.325093156071993, 31.68188664141627 ], [ 35.325315407937921, 31.68159671038045 ], [ 35.326742425665906, 31.679433154712854 ], [ 35.325062863842888, 31.678978754418633 ], [ 35.324756607243764, 31.678908022712495 ], [ 35.323749589805225, 31.678623757422663 ], [ 35.323308183108274, 31.678528347611252 ], [ 35.320581626116258, 31.677667334346346 ], [ 35.319362162204762, 31.677191019881235 ], [ 35.318713072334496, 31.677036033255384 ], [ 35.318330760325139, 31.676745527143702 ], [ 35.317587708070135, 31.676282860732108 ], [ 35.317193744382465, 31.676026181061587 ], [ 35.316728081930229, 31.675613429693474 ], [ 35.316249492059058, 31.675134739786863 ], [ 35.31586300388404, 31.674645821736075 ], [ 35.315494425718533, 31.674111230462877 ], [ 35.315242911869483, 31.673775508209609 ], [ 35.314041355105978, 31.671364647194711 ], [ 35.313912677534397, 31.671089691782992 ], [ 35.313790907088823, 31.670802893452095 ], [ 35.313532930789101, 31.669436803040572 ], [ 35.313908587195051, 31.667604022716038 ], [ 35.314283265912337, 31.666072799806972 ], [ 35.313993957833951, 31.665940588496287 ], [ 35.314196767890046, 31.66551315971908 ], [ 35.314362652404846, 31.665210331332094 ], [ 35.314676992093474, 31.664915829400755 ], [ 35.315006753699315, 31.664289881069813 ], [ 35.315425882710102, 31.66386508084398 ], [ 35.31576480603276, 31.663606629051568 ], [ 35.316730096514654, 31.662777202156224 ], [ 35.317097040091141, 31.662398662448002 ], [ 35.316166276440363, 31.661648685332889 ], [ 35.315371449290652, 31.660900837816776 ], [ 35.314644994656419, 31.660283131805272 ], [ 35.313767137654374, 31.659376957142982 ], [ 35.312698546083354, 31.657923623612707 ], [ 35.312531223824735, 31.657689846233772 ], [ 35.312241553592358, 31.657219434485079 ], [ 35.312036825668251, 31.656832935909495 ], [ 35.311731691355057, 31.656090287694092 ], [ 35.311608981864097, 31.65568004558305 ], [ 35.311459334074833, 31.654906828152992 ], [ 35.311421120948388, 31.654481296016495 ], [ 35.311404790779577, 31.653025372675732 ], [ 35.311382489981106, 31.650527243892917 ], [ 35.31158223157653, 31.648880057060229 ], [ 35.312030310218077, 31.647606931768713 ], [ 35.312801183133246, 31.646429353448056 ], [ 35.313969919721238, 31.645177589637591 ], [ 35.31495367376435, 31.644507674537049 ], [ 35.316176215944537, 31.643802595870547 ], [ 35.318283013222661, 31.64328385540697 ], [ 35.320915362765426, 31.642996830319568 ], [ 35.323286080808565, 31.640216916810363 ], [ 35.322321721242446, 31.638421419115005 ], [ 35.321896588829304, 31.637624228604771 ], [ 35.321751529001048, 31.636876381728765 ], [ 35.321192438585477, 31.629438797565857 ], [ 35.321142698801204, 31.627591154410425 ], [ 35.321296075174224, 31.626181291542473 ], [ 35.321493692535412, 31.625253320096228 ], [ 35.32341392609117, 31.619155519135646 ], [ 35.323469215980865, 31.61873497407732 ], [ 35.323497067655452, 31.618105335107419 ], [ 35.323475527772253, 31.617742919036232 ], [ 35.322820690380517, 31.614158621741485 ], [ 35.314582960195139, 31.613275404411254 ], [ 35.310355627441965, 31.612824104116484 ], [ 35.30537523346463, 31.612289839049552 ], [ 35.304436181867217, 31.612164880781389 ], [ 35.303045605954303, 31.611867220008605 ], [ 35.301698710281812, 31.611445504485342 ], [ 35.299997472034924, 31.61070049665997 ], [ 35.298810058342681, 31.610011453774479 ], [ 35.29771312467323, 31.609222001256374 ], [ 35.296941028966977, 31.60854785563988 ], [ 35.295312710319955, 31.607007963793379 ], [ 35.293582040742145, 31.605305222886678 ], [ 35.292519147861832, 31.604365766203895 ], [ 35.291754989925671, 31.604174644761105 ], [ 35.290839346545376, 31.604328584814557 ], [ 35.290173353624425, 31.604888190235734 ], [ 35.289169637656322, 31.60634255413207 ], [ 35.287640790403898, 31.607601097593545 ], [ 35.285903121084473, 31.608488864137517 ], [ 35.284432874112156, 31.608855612819518 ], [ 35.282758793754738, 31.609057315833798 ], [ 35.281038735024566, 31.609020030372367 ], [ 35.280119622374563, 31.609036924921998 ], [ 35.279863683688305, 31.609372457335919 ], [ 35.279117599261838, 31.610594358840537 ], [ 35.277634319279379, 31.612057365697851 ], [ 35.275785941073586, 31.613323840548656 ], [ 35.27436240928661, 31.613998208136216 ], [ 35.272817259163794, 31.614573983653699 ], [ 35.271939404895448, 31.614794843986143 ], [ 35.270940982492824, 31.615673558131569 ], [ 35.270765871056696, 31.615347850945653 ], [ 35.270140059275327, 31.615020685336738 ], [ 35.269328476086223, 31.614888639319233 ], [ 35.268426279614836, 31.615168109034524 ], [ 35.267862040963067, 31.615778276156668 ], [ 35.267567722448277, 31.616189333794392 ], [ 35.266459377289429, 31.616526948868181 ], [ 35.265634014979554, 31.616739848991447 ], [ 35.264289131894557, 31.616993572374145 ], [ 35.263379231520027, 31.617124766145466 ], [ 35.261895316130165, 31.617319907322127 ], [ 35.258999650213561, 31.618088326157238 ], [ 35.25614992342593, 31.618932755399605 ], [ 35.25381772506686, 31.619771848725726 ], [ 35.253862679144007, 31.62163361524474 ], [ 35.253026533542958, 31.626268383849521 ], [ 35.254293721626183, 31.627321382860597 ], [ 35.255129608317766, 31.628680047026965 ], [ 35.256618187388128, 31.62970418751318 ], [ 35.258064918463418, 31.630932374288108 ], [ 35.259362858448284, 31.632541645070273 ], [ 35.259003010185417, 31.632861396679811 ], [ 35.258112831209054, 31.633486313417873 ], [ 35.258816020464835, 31.633899744486349 ], [ 35.258615907664037, 31.634753215879257 ], [ 35.259423812368709, 31.636202611912886 ], [ 35.259558468080947, 31.637192346178473 ], [ 35.259262035097031, 31.639508564974879 ], [ 35.259140703957442, 31.640457825226402 ], [ 35.25857628297716, 31.644528837217262 ], [ 35.259772055985493, 31.646018083542245 ], [ 35.259678113856701, 31.648995951317147 ], [ 35.258985580463374, 31.651231732541063 ], [ 35.262280613503648, 31.65102454396521 ], [ 35.262530922736104, 31.651946580840207 ], [ 35.262612819792082, 31.652249229847076 ], [ 35.2618926105323, 31.653340241669714 ], [ 35.260573248288935, 31.661582120418242 ], [ 35.261797542912291, 31.66162328642131 ], [ 35.264126105794119, 31.661307131192668 ], [ 35.265184144766167, 31.662077155911533 ], [ 35.267956980057129, 31.663119704507537 ], [ 35.269081443437564, 31.663854716588347 ], [ 35.269094941909898, 31.665739590661953 ], [ 35.270506507060503, 31.667008793982536 ], [ 35.270811005991966, 31.668657905832131 ], [ 35.270184841772767, 31.669740457772985 ], [ 35.269166157660152, 31.669832855604845 ], [ 35.268902298292815, 31.670448506106677 ], [ 35.268118520638289, 31.671201949796504 ], [ 35.267604598140707, 31.672890930600158 ], [ 35.267126586330825, 31.673612087459023 ], [ 35.268200906301445, 31.673854492025168 ], [ 35.268492493514458, 31.674004843009385 ], [ 35.269022595564898, 31.674279641515877 ], [ 35.26998582064828, 31.674451629786869 ], [ 35.270698489891423, 31.674943899939404 ], [ 35.271546412181898, 31.674928801275644 ], [ 35.272173538450467, 31.674917760093706 ], [ 35.272756297114384, 31.674623218802441 ], [ 35.273246656525771, 31.675056409368342 ], [ 35.273778025383201, 31.675678401679296 ], [ 35.274273833448639, 31.676332539786873 ], [ 35.275724431730907, 31.676842976097845 ], [ 35.277165828134038, 31.676943620707 ], [ 35.278570317606693, 31.677044834151893 ], [ 35.279272316531518, 31.677095717048772 ], [ 35.280714430881389, 31.677258887328204 ], [ 35.281533795690031, 31.677557697633912 ], [ 35.282207418441089, 31.677956359341319 ], [ 35.282673381019059, 31.678894566972382 ], [ 35.284190201966084, 31.679088653277347 ], [ 35.285527912725335, 31.679475043358529 ], [ 35.287573651172394, 31.680164208274743 ], [ 35.288425550132175, 31.680306819353437 ], [ 35.289732380865829, 31.680944013843639 ], [ 35.29112455514278, 31.681367510121742 ], [ 35.292110011629312, 31.681052314592787 ], [ 35.292761647782719, 31.680954915502227 ], [ 35.293865487470676, 31.680892143575331 ], [ 35.294366013004492, 31.6807954058463 ], [ 35.295518541884931, 31.680646345441581 ], [ 35.296423196547487, 31.680629913554977 ], [ 35.297286174759307, 31.68095902856242 ], [ 35.298803225822439, 31.681317529234502 ], [ 35.299505818185452, 31.681261768743585 ], [ 35.300057633329153, 31.681208935838743 ], [ 35.300761631485543, 31.68123940719267 ], [ 35.301369532078567, 31.681401843933699 ], [ 35.302038404170375, 31.682034886257863 ], [ 35.302584879689554, 31.682385626223251 ], [ 35.302976138425812, 31.682746066071246 ], [ 35.303045157605233, 31.684122467262352 ], [ 35.303057898314172, 31.684638768702168 ], [ 35.302879065365488, 31.685543578884257 ], [ 35.302286929768222, 31.685984815643121 ], [ 35.301989330707279, 31.686161468794236 ], [ 35.301500975459469, 31.68672944557008 ], [ 35.301468282855346, 31.687460535386297 ], [ 35.301387184747924, 31.688235627276036 ], [ 35.300788661766163, 31.688419833611189 ], [ 35.30033700039511, 31.688470903397896 ], [ 35.299742602467916, 31.688824762854711 ], [ 35.299504173746286, 31.689345197413843 ], [ 35.299110163488386, 31.689697213326035 ], [ 35.298765709364737, 31.690003535037789 ], [ 35.297975565867723, 31.690576793885871 ], [ 35.297780865138314, 31.690837346633856 ], [ 35.297589425286652, 31.691228665362036 ], [ 35.297146823472566, 31.691621857656052 ], [ 35.296796170339015, 31.691673405061451 ], [ 35.294986646598616, 31.691706268052712 ], [ 35.294491212117428, 31.692014939934051 ], [ 35.294198525595675, 31.692365177970395 ], [ 35.293808229357495, 31.692843434140066 ], [ 35.293463747801567, 31.693151432409422 ], [ 35.292835337105807, 31.694193509472072 ], [ 35.292598050348097, 31.694756767943073 ], [ 35.292068425759695, 31.695713096657649 ], [ 35.291922935914762, 31.695930204803272 ], [ 35.291738828951999, 31.696621375302804 ], [ 35.291404780093885, 31.697357740460248 ], [ 35.291074143883783, 31.698224870880185 ], [ 35.290993978925712, 31.699042792292229 ], [ 35.290766460361681, 31.700034419896447 ], [ 35.290795060965493, 31.70119497083741 ], [ 35.290908605611428, 31.701708949215291 ], [ 35.290964019512806, 31.701922537671958 ], [ 35.291076372380481, 31.702393678708738 ], [ 35.29093601552551, 31.70282722634466 ], [ 35.29085535049488, 31.703644583766728 ], [ 35.290966676682061, 31.704073451195306 ], [ 35.291383583543507, 31.704667825527324 ], [ 35.291547243044505, 31.705181205192631 ], [ 35.291503474608966, 31.705438826280247 ], [ 35.29141630931025, 31.705999724326375 ], [ 35.291220529224418, 31.706217429308353 ], [ 35.29092832020546, 31.706610496709406 ], [ 35.290733566376041, 31.706871038139578 ], [ 35.290295142835411, 31.707438372890135 ], [ 35.289848689214011, 31.70770302785818 ], [ 35.289758058217707, 31.708092575299041 ], [ 35.289509404399197, 31.708541412179486 ], [ 35.290779433362204, 31.708518575438045 ], [ 35.292214707122618, 31.708407118258958 ], [ 35.294993449706219, 31.708711239578314 ], [ 35.297082902364764, 31.70921477398738 ], [ 35.297632761621621, 31.709346832346526 ], [ 35.29881248282318, 31.709987968851049 ], [ 35.299627892421597, 31.71043321459009 ], [ 35.301223813767365, 31.710871664484603 ], [ 35.302843236144383, 31.711696744378482 ], [ 35.30405699028811, 31.713580103765306 ], [ 35.304464582533903, 31.715053744829 ], [ 35.304893418585955, 31.71634248839576 ], [ 35.304676503641872, 31.717591156631343 ], [ 35.304799510784775, 31.718382432318869 ], [ 35.308766921865185, 31.718311043558579 ], [ 35.309415135899492, 31.718179743118032 ], [ 35.309770147379602, 31.718110120531527 ], [ 35.310684132508037, 31.717575016269748 ], [ 35.311100090101796, 31.717465883256274 ], [ 35.312091276483393, 31.716987633453531 ], [ 35.312399344976924, 31.717099540310603 ], [ 35.313127959156951, 31.717363839104951 ], [ 35.31375878279227, 31.717595525621959 ], [ 35.314246091691828, 31.717884261961796 ], [ 35.314244844667009, 31.71836449755925 ], [ 35.314220915179057, 31.718622108745009 ], [ 35.314171255714761, 31.719148605731824 ], [ 35.314063961968195, 31.719310467191974 ], [ 35.313341195721662, 31.720396687216013 ], [ 35.312442145430246, 31.720600368317701 ], [ 35.311372677312406, 31.720845333043087 ], [ 35.310322815703813, 31.721085199606669 ], [ 35.309469156278276, 31.720911172948693 ], [ 35.309050391677509, 31.720885025629016 ], [ 35.308377636848221, 31.720906431413635 ], [ 35.306455955382177, 31.721252377849783 ], [ 35.304929475428303, 31.722562962072363 ], [ 35.30383869586489, 31.723732274862247 ], [ 35.303702634267488, 31.726467235044943 ], [ 35.303204203804086, 31.726740431358852 ], [ 35.300348178926832, 31.728302809874183 ], [ 35.29281823170664, 31.728794690142816 ], [ 35.289247406065009, 31.729449265907565 ], [ 35.288714592595525, 31.729323924500594 ], [ 35.288670381519381, 31.729477831483528 ], [ 35.288251422185454, 31.730919372797583 ], [ 35.28761563551619, 31.731805854500795 ], [ 35.286828124949864, 31.732478242449474 ], [ 35.286158458562909, 31.733489306222388 ], [ 35.286143042928543, 31.734334797638351 ], [ 35.286028092366053, 31.735617748410682 ], [ 35.285906298461725, 31.736621130767375 ], [ 35.285948752264211, 31.738216244545978 ], [ 35.287156045223817, 31.738575641090353 ], [ 35.287536021835535, 31.739029135153281 ] ] ] ] } },
{ "type": "Feature", "properties": { "Area": 115680.794922 }, "geometry": { "type": "MultiPolygon", "coordinates": [ [ [ [ 35.157177192498018, 31.731364342052814 ], [ 35.159264584315849, 31.72950954639192 ], [ 35.160842277386671, 31.728375457668999 ], [ 35.160969253488332, 31.727965160117563 ], [ 35.160818519138409, 31.727354670239318 ], [ 35.159992347319502, 31.727048320463439 ], [ 35.159211129400809, 31.727205869434286 ], [ 35.158879063071872, 31.727590164093954 ], [ 35.158499933807363, 31.72745249634167 ], [ 35.157424962127628, 31.728169637729682 ], [ 35.157675152036731, 31.728661236815555 ], [ 35.156615792842814, 31.730079563620414 ], [ 35.156369156334598, 31.729734514174275 ], [ 35.15589249181555, 31.729771534943765 ], [ 35.15515699497508, 31.731646532481122 ], [ 35.157177192498018, 31.731364342052814 ] ] ] ] } },
{ "type": "Feature", "properties": { "Area": 21935617.914500002 }, "geometry": { "type": "MultiPolygon", "coordinates": [ [ [ [ 35.288670381519381, 31.729477831483528 ], [ 35.288714592595525, 31.729323924500594 ], [ 35.289247406065009, 31.729449265907565 ], [ 35.29281823170664, 31.728794690142816 ], [ 35.300348178926832, 31.728302809874183 ], [ 35.303204203804086, 31.726740431358852 ], [ 35.303702634267488, 31.726467235044943 ], [ 35.30383869586489, 31.723732274862247 ], [ 35.304929475428303, 31.722562962072363 ], [ 35.306455955382177, 31.721252377849783 ], [ 35.308377636848221, 31.720906431413635 ], [ 35.309050391677509, 31.720885025629016 ], [ 35.309469156278276, 31.720911172948693 ], [ 35.310322815703813, 31.721085199606669 ], [ 35.311372677312406, 31.720845333043087 ], [ 35.312442145430246, 31.720600368317701 ], [ 35.313341195721662, 31.720396687216013 ], [ 35.314063961968195, 31.719310467191974 ], [ 35.314171255714761, 31.719148605731824 ], [ 35.314220915179057, 31.718622108745009 ], [ 35.314244844667009, 31.71836449755925 ], [ 35.314246091691828, 31.717884261961796 ], [ 35.31375878279227, 31.717595525621959 ], [ 35.313127959156951, 31.717363839104951 ], [ 35.312399344976924, 31.717099540310603 ], [ 35.312091276483393, 31.716987633453531 ], [ 35.311100090101796, 31.717465883256274 ], [ 35.310684132508037, 31.717575016269748 ], [ 35.309770147379602, 31.718110120531527 ], [ 35.309415135899492, 31.718179743118032 ], [ 35.308766921865185, 31.718311043558579 ], [ 35.304799510784775, 31.718382432318869 ], [ 35.304676503641872, 31.717591156631343 ], [ 35.304893418585955, 31.71634248839576 ], [ 35.304464582533903, 31.715053744829 ], [ 35.30405699028811, 31.713580103765306 ], [ 35.302843236144383, 31.711696744378482 ], [ 35.301223813767365, 31.710871664484603 ], [ 35.299627892421597, 31.71043321459009 ], [ 35.29881248282318, 31.709987968851049 ], [ 35.297632761621621, 31.709346832346526 ], [ 35.297082902364764, 31.70921477398738 ], [ 35.294993449706219, 31.708711239578314 ], [ 35.292214707122618, 31.708407118258958 ], [ 35.290779433362204, 31.708518575438045 ], [ 35.289509404399197, 31.708541412179486 ], [ 35.289758058217707, 31.708092575299041 ], [ 35.289848689214011, 31.70770302785818 ], [ 35.290295142835411, 31.707438372890135 ], [ 35.290733566376041, 31.706871038139578 ], [ 35.29092832020546, 31.706610496709406 ], [ 35.291220529224418, 31.706217429308353 ], [ 35.29141630931025, 31.705999724326375 ], [ 35.291503474608966, 31.705438826280247 ], [ 35.291547243044505, 31.705181205192631 ], [ 35.291383583543507, 31.704667825527324 ], [ 35.290966676682061, 31.704073451195306 ], [ 35.29085535049488, 31.703644583766728 ], [ 35.29093601552551, 31.70282722634466 ], [ 35.291076372380481, 31.702393678708738 ], [ 35.290964019512806, 31.701922537671958 ], [ 35.290908605611428, 31.701708949215291 ], [ 35.290795060965493, 31.70119497083741 ], [ 35.290766460361681, 31.700034419896447 ], [ 35.290993978925712, 31.699042792292229 ], [ 35.291074143883783, 31.698224870880185 ], [ 35.291404780093885, 31.697357740460248 ], [ 35.291738828951999, 31.696621375302804 ], [ 35.291922935914762, 31.695930204803272 ], [ 35.292068425759695, 31.695713096657649 ], [ 35.292598050348097, 31.694756767943073 ], [ 35.292835337105807, 31.694193509472072 ], [ 35.293463747801567, 31.693151432409422 ], [ 35.293808229357495, 31.692843434140066 ], [ 35.294198525595675, 31.692365177970395 ], [ 35.294491212117428, 31.692014939934051 ], [ 35.294986646598616, 31.691706268052712 ], [ 35.296796170339015, 31.691673405061451 ], [ 35.297146823472566, 31.691621857656052 ], [ 35.297589425286652, 31.691228665362036 ], [ 35.297780865138314, 31.690837346633856 ], [ 35.297975565867723, 31.690576793885871 ], [ 35.298765709364737, 31.690003535037789 ], [ 35.299110163488386, 31.689697213326035 ], [ 35.299504173746286, 31.689345197413843 ], [ 35.299742602467916, 31.688824762854711 ], [ 35.30033700039511, 31.688470903397896 ], [ 35.300788661766163, 31.688419833611189 ], [ 35.301387184747924, 31.688235627276036 ], [ 35.301468282855346, 31.687460535386297 ], [ 35.301500975459469, 31.68672944557008 ], [ 35.301989330707279, 31.686161468794236 ], [ 35.302286929768222, 31.685984815643121 ], [ 35.302879065365488, 31.685543578884257 ], [ 35.303057898314172, 31.684638768702168 ], [ 35.303045157605233, 31.684122467262352 ], [ 35.302976138425812, 31.682746066071246 ], [ 35.302584879689554, 31.682385626223251 ], [ 35.302038404170375, 31.682034886257863 ], [ 35.301369532078567, 31.681401843933699 ], [ 35.300761631485543, 31.68123940719267 ], [ 35.300057633329153, 31.681208935838743 ], [ 35.299505818185452, 31.681261768743585 ], [ 35.298803225822439, 31.681317529234502 ], [ 35.297286174759307, 31.68095902856242 ], [ 35.296423196547487, 31.680629913554977 ], [ 35.295518541884931, 31.680646345441581 ], [ 35.294366013004492, 31.6807954058463 ], [ 35.293865487470676, 31.680892143575331 ], [ 35.292761647782719, 31.680954915502227 ], [ 35.292110011629312, 31.681052314592787 ], [ 35.29112455514278, 31.681367510121742 ], [ 35.289732380865829, 31.680944013843639 ], [ 35.288425550132175, 31.680306819353437 ], [ 35.287573651172394, 31.680164208274743 ], [ 35.285527912725335, 31.679475043358529 ], [ 35.284190201966084, 31.679088653277347 ], [ 35.282673381019059, 31.678894566972382 ], [ 35.282207418441089, 31.677956359341319 ], [ 35.281533795690031, 31.677557697633912 ], [ 35.280714430881389, 31.677258887328204 ], [ 35.279272316531518, 31.677095717048772 ], [ 35.278570317606693, 31.677044834151893 ], [ 35.277165828134038, 31.676943620707 ], [ 35.275724431730907, 31.676842976097845 ], [ 35.274273833448639, 31.676332539786873 ], [ 35.273778025383201, 31.675678401679296 ], [ 35.273246656525771, 31.675056409368342 ], [ 35.272756297114384, 31.674623218802441 ], [ 35.272173538450467, 31.674917760093706 ], [ 35.271546412181898, 31.674928801275644 ], [ 35.270698489891423, 31.674943899939404 ], [ 35.26998582064828, 31.674451629786869 ], [ 35.269022595564898, 31.674279641515877 ], [ 35.268492493514458, 31.674004843009385 ], [ 35.26794605298079, 31.674655016053372 ], [ 35.267453179262041, 31.675094351520919 ], [ 35.266623290735836, 31.675469592701511 ], [ 35.266460471559064, 31.675686680974781 ], [ 35.265967585767015, 31.676126574307613 ], [ 35.265555505259869, 31.676419875512458 ], [ 35.265141070122482, 31.676643846373981 ], [ 35.264816080595615, 31.677080273182021 ], [ 35.26465511358203, 31.677369506637316 ], [ 35.264668996956793, 31.677944432712291 ], [ 35.264682878687239, 31.678516540437705 ], [ 35.265486409499019, 31.679357137863519 ], [ 35.265472948603957, 31.679938840671394 ], [ 35.265824030943357, 31.680579552604385 ], [ 35.265754210312934, 31.681153954889581 ], [ 35.26571482802035, 31.681407056772581 ], [ 35.264552074727909, 31.681377736509006 ], [ 35.263549917462399, 31.681235599444758 ], [ 35.26293636418459, 31.681674972961325 ], [ 35.262251054356248, 31.681738979122528 ], [ 35.261560670072285, 31.681591048054507 ], [ 35.261245701147203, 31.68149085750164 ], [ 35.260496689527209, 31.681398185379326 ], [ 35.260104964781902, 31.682180715899001 ], [ 35.259600281072707, 31.683120554922713 ], [ 35.259192418105457, 31.683666916332509 ], [ 35.259135759026158, 31.685681457386661 ], [ 35.259058664073009, 31.686855027881577 ], [ 35.258650799998932, 31.687432952135339 ], [ 35.257965829581877, 31.68816656149146 ], [ 35.257001548616195, 31.688963976016769 ], [ 35.256240266006387, 31.689428178673204 ], [ 35.255831533047115, 31.689976783815037 ], [ 35.255810423364217, 31.690547214595238 ], [ 35.256249031022946, 31.691261192091954 ], [ 35.256892055027365, 31.692065832984451 ], [ 35.256284056534554, 31.692602120746606 ], [ 35.256062854087865, 31.693733472384025 ], [ 35.255521391202201, 31.695413955071583 ], [ 35.255034324051948, 31.696536392227021 ], [ 35.25394939110501, 31.698149443268687 ], [ 35.252982980161327, 31.699551068008269 ], [ 35.252682312538859, 31.699795245939917 ], [ 35.253013037707241, 31.702510821691945 ], [ 35.253072503895808, 31.704967780675023 ], [ 35.253876070312806, 31.707194480064295 ], [ 35.254668731225401, 31.708995617083364 ], [ 35.255239868393758, 31.710473861973771 ], [ 35.254828973415378, 31.711777199069701 ], [ 35.254757540603158, 31.712281699827432 ], [ 35.254691167618113, 31.712999824273506 ], [ 35.254537021216215, 31.713577632738978 ], [ 35.254127618705631, 31.714015190392111 ], [ 35.253991322165994, 31.715309398161345 ], [ 35.254101318374737, 31.716008852572436 ], [ 35.253117108034878, 31.717137671951694 ], [ 35.252898857656007, 31.718424581701417 ], [ 35.253129325272681, 31.719063115884612 ], [ 35.253220622050343, 31.719316726065252 ], [ 35.253877236754292, 31.72056271572659 ], [ 35.254080314345074, 31.721134183577767 ], [ 35.254269909558786, 31.72207597804119 ], [ 35.253813402405122, 31.723292524430626 ], [ 35.253568529956908, 31.724126265496189 ], [ 35.253998037476144, 31.725442234240376 ], [ 35.254748649481968, 31.727241690896104 ], [ 35.2553463115227, 31.728175993455036 ], [ 35.254973605940357, 31.729204248572064 ], [ 35.254415062587505, 31.729892691636415 ], [ 35.25425298843404, 31.730499811405597 ], [ 35.25544459623903, 31.731524627681232 ], [ 35.25607036466311, 31.730753859442952 ], [ 35.257036061662497, 31.729349963670234 ], [ 35.258613074758401, 31.727399056310926 ], [ 35.259364359796791, 31.725692550390331 ], [ 35.259443532185998, 31.725476636268823 ], [ 35.259681417710013, 31.72489765935245 ], [ 35.260003049402236, 31.724316954466804 ], [ 35.260416018055288, 31.724023109194114 ], [ 35.260819534992152, 31.723371345576446 ], [ 35.261391199657467, 31.722713868987601 ], [ 35.261718716442594, 31.722349600672494 ], [ 35.262384439678549, 31.722121019065302 ], [ 35.262720747620868, 31.722115229067494 ], [ 35.263395267879119, 31.722247377684479 ], [ 35.263811604794007, 31.722096124619174 ], [ 35.263968602546292, 31.721662600234108 ], [ 35.26420814621364, 31.72115745265997 ], [ 35.264444296040878, 31.720506319383468 ], [ 35.264771793125099, 31.720142043122408 ], [ 35.265185764438087, 31.719920329686122 ], [ 35.265771273963885, 31.719837755383299 ], [ 35.266526793548145, 31.719824425292025 ], [ 35.267285541055628, 31.719953130366722 ], [ 35.268219562045729, 31.720366953049162 ], [ 35.268733707713864, 31.7207883089931 ], [ 35.269499591808668, 31.721205588918362 ], [ 35.270264823330031, 31.721622864546784 ], [ 35.271034286010185, 31.722183865484684 ], [ 35.271803757957109, 31.722744861716269 ], [ 35.272810873063648, 31.72272741548452 ], [ 35.273662239305743, 31.723212262981527 ], [ 35.274509168869955, 31.723485736439226 ], [ 35.275026106133176, 31.724049670015194 ], [ 35.27537808029345, 31.724690350523279 ], [ 35.276059616798385, 31.725108764983915 ], [ 35.276909319067805, 31.725524261932808 ], [ 35.277588117280771, 31.725798374003791 ], [ 35.278614687362982, 31.726569424185953 ], [ 35.279469699276028, 31.727200780721496 ], [ 35.281522918500045, 31.728742841957981 ], [ 35.28262101376918, 31.729009345123149 ], [ 35.283220570451057, 31.729501046361772 ], [ 35.284322266163038, 31.729912391863031 ], [ 35.285417456743296, 31.730036831706222 ], [ 35.286756732807163, 31.729868567853586 ], [ 35.288670381519381, 31.729477831483528 ] ] ] ] } },
{ "type": "Feature", "properties": { "Area": 2538789.5185500002 }, "geometry": { "type": "MultiPolygon", "coordinates": [ [ [ [ 35.136039497139983, 31.716175522985107 ], [ 35.135364146378222, 31.71746762219761 ], [ 35.135347220912806, 31.718284350330485 ], [ 35.135540742135376, 31.719419657646533 ], [ 35.13552445026739, 31.720718875089609 ], [ 35.134714547546601, 31.721553208902822 ], [ 35.133203558075557, 31.721860130074624 ], [ 35.131191149201477, 31.722051760701866 ], [ 35.130016291969184, 31.722353200048655 ], [ 35.129637541658695, 31.723671932036904 ], [ 35.13041853300188, 31.724655402328217 ], [ 35.131888477906458, 31.725257666849046 ], [ 35.133767979794563, 31.725625661390726 ], [ 35.136114592864473, 31.725949350484349 ], [ 35.136669620988478, 31.726050540796297 ], [ 35.137264957984968, 31.726040146209687 ], [ 35.138073442206206, 31.726063115552208 ], [ 35.139136038766047, 31.726008989339633 ], [ 35.140154144571795, 31.725919885239268 ], [ 35.1418517154885, 31.725744868893866 ], [ 35.14325040079089, 31.725538685906166 ], [ 35.142948416535454, 31.724966430677341 ], [ 35.141787843709103, 31.723885338879278 ], [ 35.141412061666294, 31.72251434389176 ], [ 35.142236555222155, 31.721230741253478 ], [ 35.142982668161387, 31.720525969641585 ], [ 35.142831994647928, 31.719022063573867 ], [ 35.142948544415233, 31.716524560597794 ], [ 35.143795637422606, 31.715102861750129 ], [ 35.14483898121437, 31.713504824333377 ], [ 35.146094733686681, 31.710908639648707 ], [ 35.146198064458495, 31.710417742013878 ], [ 35.145937160350627, 31.709049064452731 ], [ 35.145724793012384, 31.708619460540334 ], [ 35.145578770686058, 31.708324600819946 ], [ 35.145177605705285, 31.707740466786419 ], [ 35.144804228197984, 31.706756711725337 ], [ 35.144847491525056, 31.70637739085306 ], [ 35.145143172335771, 31.705898983839671 ], [ 35.145103896851943, 31.705193830717544 ], [ 35.144427208282501, 31.70478542666509 ], [ 35.143824161328538, 31.705456457187374 ], [ 35.143612621482667, 31.705807514831733 ], [ 35.143221366391067, 31.706483716058173 ], [ 35.142981399614641, 31.706942981070405 ], [ 35.142345176706755, 31.707891871155319 ], [ 35.141847924646427, 31.708062416247806 ], [ 35.141311677954, 31.707881781970244 ], [ 35.140636053999494, 31.70711769105975 ], [ 35.139179028681731, 31.706989004229378 ], [ 35.13757276534033, 31.707187143590978 ], [ 35.136247012049871, 31.7069728161432 ], [ 35.135058698681696, 31.707249494769822 ], [ 35.133814230783337, 31.707010948960601 ], [ 35.132811308450968, 31.706263544699929 ], [ 35.131786036118228, 31.705662670549724 ], [ 35.130160451856604, 31.705707954579008 ], [ 35.129782005800642, 31.705910650208729 ], [ 35.129501691898433, 31.705423486365529 ], [ 35.12900796273162, 31.706320537192255 ], [ 35.128715880869166, 31.706729015382635 ], [ 35.128438650155857, 31.707114391794843 ], [ 35.128261946649275, 31.708934897445349 ], [ 35.128685771283365, 31.710111500938577 ], [ 35.128924716709164, 31.711417634501338 ], [ 35.129577717297259, 31.712150772521969 ], [ 35.129959951802334, 31.712396750351406 ], [ 35.128287726479236, 31.714102514265953 ], [ 35.128099321217313, 31.714691985955316 ], [ 35.131087184399917, 31.716527311643514 ], [ 35.134959955090537, 31.715226306631301 ], [ 35.135420283254092, 31.715344924230823 ], [ 35.136039497139983, 31.716175522985107 ] ] ] ] } },
{ "type": "Feature", "properties": { "Area": 25764641.626899999 }, "geometry": { "type": "MultiPolygon", "coordinates": [ [ [ [ 35.163066814204321, 31.696892041813399 ], [ 35.165262010540943, 31.697585469513239 ], [ 35.168173426787561, 31.699822359341411 ], [ 35.169302114586067, 31.701120214420136 ], [ 35.169734716639574, 31.70259655139656 ], [ 35.170836824501066, 31.704167195212332 ], [ 35.172385777152208, 31.705870401453776 ], [ 35.174006454916018, 31.70818291863074 ], [ 35.174753500540874, 31.709681294131176 ], [ 35.175562482609578, 31.711396686707033 ], [ 35.176200716396721, 31.713115418007611 ], [ 35.176414658038844, 31.713745069299229 ], [ 35.18161017764853, 31.715207664026224 ], [ 35.181535426844725, 31.716859163204511 ], [ 35.18410060436733, 31.719327283050813 ], [ 35.187119717260522, 31.720312434439531 ], [ 35.191113752816285, 31.720888969020343 ], [ 35.194250238545877, 31.721563389221501 ], [ 35.195631055726814, 31.721888720857542 ], [ 35.196172107310332, 31.720168479554502 ], [ 35.199293328898506, 31.719834958204931 ], [ 35.200448147205464, 31.719555425804273 ], [ 35.200513679446338, 31.717507102045737 ], [ 35.200527058582814, 31.716873553016669 ], [ 35.204366565113581, 31.716660549418396 ], [ 35.204379258443403, 31.717196586375533 ], [ 35.205070011802704, 31.721577318100422 ], [ 35.207196744192458, 31.718374596506621 ], [ 35.211782467258153, 31.716732482891775 ], [ 35.214694384788494, 31.715448835610506 ], [ 35.217692846926802, 31.714735532767737 ], [ 35.220443401978955, 31.713441061070522 ], [ 35.222379308246801, 31.712518660639038 ], [ 35.223933615634763, 31.71337800791003 ], [ 35.225660250385246, 31.712951043604797 ], [ 35.22684662069922, 31.712264870220285 ], [ 35.227575003043192, 31.711397836081506 ], [ 35.229440165821686, 31.710178857617631 ], [ 35.232653785439773, 31.708375611403323 ], [ 35.233885673909192, 31.708112668281402 ], [ 35.235329098352302, 31.707539087149758 ], [ 35.237215599919473, 31.707042033680032 ], [ 35.238696830931737, 31.706285216083181 ], [ 35.240051268688568, 31.705057199398702 ], [ 35.240055485316887, 31.703154291531565 ], [ 35.239527645539283, 31.70165736416439 ], [ 35.238024343449297, 31.701320702400022 ], [ 35.234164844373439, 31.701224149255804 ], [ 35.233549282219741, 31.697685648956604 ], [ 35.237032114338781, 31.696138691565977 ], [ 35.238073770805023, 31.695338026413825 ], [ 35.238163359371114, 31.694238305915636 ], [ 35.23757063731076, 31.694047945072885 ], [ 35.235889325031906, 31.693764287740418 ], [ 35.234913226508475, 31.692947220764417 ], [ 35.233662708399955, 31.692017477834856 ], [ 35.233780165601914, 31.691861881134152 ], [ 35.234752274401764, 31.691626607897476 ], [ 35.235120083393944, 31.691020023432266 ], [ 35.235107087033569, 31.690589955216531 ], [ 35.235344477390043, 31.690317087148745 ], [ 35.235544921730948, 31.689957424256537 ], [ 35.235777296288347, 31.689479948550488 ], [ 35.235695385871509, 31.688976057963725 ], [ 35.235341144408132, 31.688716297826598 ], [ 35.235120816736014, 31.688244568864995 ], [ 35.235037408510713, 31.687682057616747 ], [ 35.235128685082863, 31.687117249649422 ], [ 35.235426758178299, 31.686489261632399 ], [ 35.235657116942079, 31.685921600969316 ], [ 35.235924416213358, 31.685441297836512 ], [ 35.236263757672347, 31.685050034231345 ], [ 35.236875413861483, 31.684416890954434 ], [ 35.237254040617259, 31.684231913826558 ], [ 35.237454969299463, 31.683901557740239 ], [ 35.237691666351779, 31.683599938597382 ], [ 35.23793053637165, 31.683387940217195 ], [ 35.238170745058888, 31.683235125228681 ], [ 35.238373162953359, 31.682936332160409 ], [ 35.238612029725402, 31.682724332484288 ], [ 35.238923456437682, 31.682658300438149 ], [ 35.239412831248259, 31.68253021639573 ], [ 35.23917714964535, 31.681555714219964 ], [ 35.238369856120897, 31.680191876430271 ], [ 35.237894629182733, 31.678847674526068 ], [ 35.237135216189287, 31.677163093446172 ], [ 35.235680982932067, 31.676501158392135 ], [ 35.233147644918347, 31.675832690594746 ], [ 35.228630727865777, 31.674351767306725 ], [ 35.227308228937098, 31.673594452867821 ], [ 35.226977813323266, 31.674084895913953 ], [ 35.226776209549797, 31.67441523613245 ], [ 35.22629496827193, 31.674689822017971 ], [ 35.225843830725168, 31.674758665186733 ], [ 35.225428125116935, 31.674853992932398 ], [ 35.224949039563775, 31.675218758934211 ], [ 35.22418283521575, 31.675231844297119 ], [ 35.223768747332073, 31.675200906588586 ], [ 35.223284357377281, 31.675450680536891 ], [ 35.222575327992232, 31.675462620445071 ], [ 35.221263021040706, 31.675298775792143 ], [ 35.220276471270211, 31.675083584438678 ], [ 35.219183832957704, 31.675007621771378 ], [ 35.218576766529452, 31.674783917788901 ], [ 35.217582119043087, 31.674318441505807 ], [ 35.216584163096371, 31.673677659514635 ], [ 35.215725781740659, 31.673029529743168 ], [ 35.214863108588069, 31.672206096206107 ], [ 35.214350472880895, 31.671878650768694 ], [ 35.215338217866289, 31.671451315444571 ], [ 35.21567439080102, 31.670453043985525 ], [ 35.215647562261609, 31.669324034848689 ], [ 35.215274136975005, 31.668749133714766 ], [ 35.214849754637072, 31.667730071201593 ], [ 35.214543836787676, 31.666639976508339 ], [ 35.210284294188682, 31.666842034978991 ], [ 35.209710268680851, 31.666870243249971 ], [ 35.209054016410377, 31.666685388289125 ], [ 35.208300064591356, 31.666518006459949 ], [ 35.207454013983508, 31.666332021620498 ], [ 35.206302002602683, 31.665885061265996 ], [ 35.20564065548745, 31.665626349254861 ], [ 35.205181966530695, 31.66557111419916 ], [ 35.203463864969521, 31.665354667665412 ], [ 35.201549025554591, 31.665956065375553 ], [ 35.200424497868362, 31.667015153631688 ], [ 35.201287820965085, 31.667793592640098 ], [ 35.202233368754854, 31.668873021764128 ], [ 35.203029324033068, 31.670397170128201 ], [ 35.203380264252722, 31.671692464434066 ], [ 35.203483400388542, 31.672682815936792 ], [ 35.203503659161449, 31.673539015591111 ], [ 35.203411209476073, 31.674704099916656 ], [ 35.203153818497597, 31.675666828627126 ], [ 35.202889176919399, 31.67632067108093 ], [ 35.202670335722203, 31.677215196204315 ], [ 35.20265350981105, 31.678207800488401 ], [ 35.202701784522404, 31.678547124163309 ], [ 35.202995581537188, 31.679123751346204 ], [ 35.203014190406705, 31.679910620091285 ], [ 35.202920904891954, 31.681041883330423 ], [ 35.203104462932785, 31.682030543607073 ], [ 35.203446717521743, 31.682983130550362 ], [ 35.203498292059209, 31.683462241144007 ], [ 35.203704278199503, 31.683697851896103 ], [ 35.204191234107753, 31.683998283832377 ], [ 35.204388489225892, 31.684285750073975 ], [ 35.204201120305257, 31.684643109732225 ], [ 35.203532050522703, 31.686034780833833 ], [ 35.202716130623699, 31.687189709619069 ], [ 35.202402510125076, 31.687756182133217 ], [ 35.202177386630552, 31.688161449016714 ], [ 35.20121525884268, 31.689150085925913 ], [ 35.200845799270461, 31.68854977981011 ], [ 35.19957504719094, 31.688256072068629 ], [ 35.197314328001632, 31.688385608259726 ], [ 35.19614840131176, 31.688089617509249 ], [ 35.19445447801079, 31.687712972882608 ], [ 35.192926151076549, 31.687649151306179 ], [ 35.190240442999674, 31.687650572733794 ], [ 35.187176927618744, 31.687251689529354 ], [ 35.185418720642915, 31.686382278421412 ], [ 35.183760791872054, 31.685283450059892 ], [ 35.182651439628792, 31.685122059432793 ], [ 35.181082488873841, 31.685599765198937 ], [ 35.176307860754029, 31.686312959347127 ], [ 35.174317801019221, 31.686797815983574 ], [ 35.17122308024279, 31.687299268889976 ], [ 35.169655006442696, 31.687821926825311 ], [ 35.167125394274919, 31.687729900312206 ], [ 35.165439957521166, 31.687059206722182 ], [ 35.165693792296608, 31.688135308308397 ], [ 35.165762754166309, 31.689543348212787 ], [ 35.16527072969523, 31.692516495993154 ], [ 35.164131931378535, 31.694776974313474 ], [ 35.163066814204321, 31.696892041813399 ] ] ] ] } },
{ "type": "Feature", "properties": { "Area": 882023.01367200003 }, "geometry": { "type": "MultiPolygon", "coordinates": [ [ [ [ 35.252682312538859, 31.699795245939917 ], [ 35.251867126691202, 31.700461231556332 ], [ 35.250955774928748, 31.701000424129955 ], [ 35.249877978421253, 31.702289333919456 ], [ 35.249471634409041, 31.703540797363654 ], [ 35.24940651129743, 31.704529475050595 ], [ 35.249504924421153, 31.705573896842335 ], [ 35.249466545280562, 31.706990944046012 ], [ 35.249211488657913, 31.709261443592208 ], [ 35.248953177578812, 31.710957013296799 ], [ 35.248361217683041, 31.712304357865548 ], [ 35.247805156481704, 31.713962261819251 ], [ 35.247665925020094, 31.715160078679329 ], [ 35.248285072328528, 31.7165267331272 ], [ 35.249239598007748, 31.716976198428458 ], [ 35.249948382187569, 31.716835596757718 ], [ 35.250378913313398, 31.716723838281684 ], [ 35.250768271965732, 31.718018415035605 ], [ 35.25135709077874, 31.718612292787299 ], [ 35.252201389521822, 31.718786712256279 ], [ 35.253129325272681, 31.719063115884612 ], [ 35.252898857656007, 31.718424581701417 ], [ 35.253117108034878, 31.717137671951694 ], [ 35.254101318374737, 31.716008852572436 ], [ 35.253991322165994, 31.715309398161345 ], [ 35.254127618705631, 31.714015190392111 ], [ 35.254537021216215, 31.713577632738978 ], [ 35.254691167618113, 31.712999824273506 ], [ 35.254757540603158, 31.712281699827432 ], [ 35.254828973415378, 31.711777199069701 ], [ 35.255239868393758, 31.710473861973771 ], [ 35.254668731225401, 31.708995617083364 ], [ 35.253876070312806, 31.707194480064295 ], [ 35.253072503895808, 31.704967780675023 ], [ 35.253013037707241, 31.702510821691945 ], [ 35.252682312538859, 31.699795245939917 ] ] ] ] } },
{ "type": "Feature", "properties": { "Area": 258338.15917900001 }, "geometry": { "type": "MultiPolygon", "coordinates": [ [ [ [ 35.104669315087349, 31.709640110567584 ], [ 35.105392109727198, 31.708566344643135 ], [ 35.106638877805977, 31.706719076639452 ], [ 35.1054681200267, 31.705595369757287 ], [ 35.10433987378822, 31.704664455949111 ], [ 35.102484692596171, 31.703651223009462 ], [ 35.100843491769879, 31.70367808386467 ], [ 35.09912829034932, 31.703406688066469 ], [ 35.098083188702269, 31.704079954737526 ], [ 35.104669315087349, 31.709640110567584 ] ] ] ] } },
{ "type": "Feature", "properties": { "Area": 150043.52441400001 }, "geometry": { "type": "MultiPolygon", "coordinates": [ [ [ [ 35.161157072145599, 31.705513112714939 ], [ 35.163598376225004, 31.705471642656452 ], [ 35.164357572364054, 31.703952827287047 ], [ 35.163794834693412, 31.70172789410945 ], [ 35.161814036772675, 31.702002313055715 ], [ 35.159841610304937, 31.70266957328219 ], [ 35.159585547642372, 31.7038869832028 ], [ 35.159780050030058, 31.704905016166009 ], [ 35.161157072145599, 31.705513112714939 ] ] ] ] } },
{ "type": "Feature", "properties": { "Area": 252713.30420099999 }, "geometry": { "type": "MultiPolygon", "coordinates": [ [ [ [ 35.165693792296608, 31.688135308308397 ], [ 35.162630945250093, 31.688283712025807 ], [ 35.162833207295748, 31.689642195078694 ], [ 35.162521822987692, 31.690910324643319 ], [ 35.161758648965474, 31.692285398064978 ], [ 35.161040836784395, 31.693172354112487 ], [ 35.162567092567819, 31.693964803280409 ], [ 35.162454743300586, 31.69495229524798 ], [ 35.161784872877128, 31.69548867563465 ], [ 35.161638532740135, 31.696539848618926 ], [ 35.161357025208176, 31.697624795193313 ], [ 35.162627399649921, 31.697305623516389 ], [ 35.162638821330503, 31.696827081790982 ], [ 35.163066814204321, 31.696892041813399 ], [ 35.164131931378535, 31.694776974313474 ], [ 35.16527072969523, 31.692516495993154 ], [ 35.165762754166309, 31.689543348212787 ], [ 35.165693792296608, 31.688135308308397 ] ] ] ] } },
{ "type": "Feature", "properties": { "Area": 3602905.4736299999 }, "geometry": { "type": "MultiPolygon", "coordinates": [ [ [ [ 35.235120083393944, 31.691020023432266 ], [ 35.2383594038292, 31.691308358516967 ], [ 35.239999480998122, 31.692894045478091 ], [ 35.244457691530542, 31.691401846734212 ], [ 35.244509385156725, 31.690891156038369 ], [ 35.247520533820229, 31.687027421525528 ], [ 35.248505106896786, 31.685102753773638 ], [ 35.247613957726571, 31.684148784356026 ], [ 35.24690508879759, 31.683566199223346 ], [ 35.246706548872012, 31.682548297021132 ], [ 35.24730999346157, 31.679658214648438 ], [ 35.247464181209807, 31.678836910973878 ], [ 35.246781892002772, 31.677548050326756 ], [ 35.245590282883256, 31.675860280224715 ], [ 35.243700756736985, 31.6742245721891 ], [ 35.240204486133194, 31.671826101225264 ], [ 35.235686221235213, 31.670011740281762 ], [ 35.23247688325614, 31.667770246396696 ], [ 35.23094486265164, 31.66872372417868 ], [ 35.228736081388249, 31.6689090453898 ], [ 35.227210369225133, 31.667593744061865 ], [ 35.227094073607425, 31.667025595049328 ], [ 35.226112831914179, 31.666645858704644 ], [ 35.225847679258607, 31.666415930072048 ], [ 35.225279384579217, 31.666987576168818 ], [ 35.224905953123375, 31.667361343673527 ], [ 35.222087324460404, 31.667978974006292 ], [ 35.221688111470286, 31.667131283424805 ], [ 35.221457685795897, 31.666643748108587 ], [ 35.220969823196597, 31.666607174510009 ], [ 35.219228613309539, 31.666477183335967 ], [ 35.218075937656842, 31.666391072140552 ], [ 35.217343254553249, 31.666428913901449 ], [ 35.216619797355705, 31.666466186910625 ], [ 35.214543836787676, 31.666639976508339 ], [ 35.214849754637072, 31.667730071201593 ], [ 35.215274136975005, 31.668749133714766 ], [ 35.215647562261609, 31.669324034848689 ], [ 35.21567439080102, 31.670453043985525 ], [ 35.215338217866289, 31.671451315444571 ], [ 35.214350472880895, 31.671878650768694 ], [ 35.214863108588069, 31.672206096206107 ], [ 35.215725781740659, 31.673029529743168 ], [ 35.216584163096371, 31.673677659514635 ], [ 35.217582119043087, 31.674318441505807 ], [ 35.218576766529452, 31.674783917788901 ], [ 35.219183832957704, 31.675007621771378 ], [ 35.220276471270211, 31.675083584438678 ], [ 35.221263021040706, 31.675298775792143 ], [ 35.222575327992232, 31.675462620445071 ], [ 35.223284357377281, 31.675450680536891 ], [ 35.223768747332073, 31.675200906588586 ], [ 35.22418283521575, 31.675231844297119 ], [ 35.224949039563775, 31.675218758934211 ], [ 35.225428125116935, 31.674853992932398 ], [ 35.225843830725168, 31.674758665186733 ], [ 35.22629496827193, 31.674689822017971 ], [ 35.226776209549797, 31.67441523613245 ], [ 35.226977813323266, 31.674084895913953 ], [ 35.227308228937098, 31.673594452867821 ], [ 35.228630727865777, 31.674351767306725 ], [ 35.233147644918347, 31.675832690594746 ], [ 35.235680982932067, 31.676501158392135 ], [ 35.237135216189287, 31.677163093446172 ], [ 35.237894629182733, 31.678847674526068 ], [ 35.238369856120897, 31.680191876430271 ], [ 35.23917714964535, 31.681555714219964 ], [ 35.239412831248259, 31.68253021639573 ], [ 35.238923456437682, 31.682658300438149 ], [ 35.238612029725402, 31.682724332484288 ], [ 35.238373162953359, 31.682936332160409 ], [ 35.238170745058888, 31.683235125228681 ], [ 35.23793053637165, 31.683387940217195 ], [ 35.237691666351779, 31.683599938597382 ], [ 35.237454969299463, 31.683901557740239 ], [ 35.237254040617259, 31.684231913826558 ], [ 35.236875413861483, 31.684416890954434 ], [ 35.236263757672347, 31.685050034231345 ], [ 35.235924416213358, 31.685441297836512 ], [ 35.235657116942079, 31.685921600969316 ], [ 35.235426758178299, 31.686489261632399 ], [ 35.235128685082863, 31.687117249649422 ], [ 35.235037408510713, 31.687682057616747 ], [ 35.235120816736014, 31.688244568864995 ], [ 35.235341144408132, 31.688716297826598 ], [ 35.235695385871509, 31.688976057963725 ], [ 35.235777296288347, 31.689479948550488 ], [ 35.235544921730948, 31.689957424256537 ], [ 35.235344477390043, 31.690317087148745 ], [ 35.235107087033569, 31.690589955216531 ], [ 35.235120083393944, 31.691020023432266 ] ] ] ] } },
{ "type": "Feature", "properties": { "Area": 1145692.01367 }, "geometry": { "type": "MultiPolygon", "coordinates": [ [ [ [ 35.124166494867566, 31.689537498810139 ], [ 35.125017691472948, 31.68895689956906 ], [ 35.125857466386762, 31.688228045396322 ], [ 35.125917859418564, 31.686569799338386 ], [ 35.124955766630698, 31.685233333024048 ], [ 35.126713724725548, 31.684906366158508 ], [ 35.126629273391181, 31.684208505206524 ], [ 35.127104470824136, 31.684083661719917 ], [ 35.127019852507104, 31.683385800833047 ], [ 35.127549233757627, 31.682693947691565 ], [ 35.127876382517442, 31.682239835223658 ], [ 35.127750944297958, 31.681680046582279 ], [ 35.127331503258681, 31.681351180735103 ], [ 35.126447861598329, 31.681221566050091 ], [ 35.122361924451766, 31.68147941491118 ], [ 35.121645614460952, 31.680530314238801 ], [ 35.1209780167746, 31.680221558015912 ], [ 35.119227985311944, 31.680604817349931 ], [ 35.117269542914848, 31.680750046399723 ], [ 35.115578096455067, 31.680843574887472 ], [ 35.114104448134789, 31.681494693949539 ], [ 35.113014197265812, 31.68286304509008 ], [ 35.112125931395219, 31.684249006238247 ], [ 35.111547739708662, 31.685676897637549 ], [ 35.111415222818273, 31.686691386393047 ], [ 35.112086488630176, 31.687138291327066 ], [ 35.112347493174681, 31.687339142301312 ], [ 35.114297827800691, 31.687378863364369 ], [ 35.1158895682454, 31.687068274460238 ], [ 35.117602165742824, 31.687211493000653 ], [ 35.117842886299847, 31.68779560665369 ], [ 35.117367821901922, 31.687920979282438 ], [ 35.117238648626383, 31.688243303677677 ], [ 35.117315119540883, 31.688591696743504 ], [ 35.117657193848778, 31.688644350004257 ], [ 35.118206810513534, 31.688811001709237 ], [ 35.118722150261767, 31.688978191687646 ], [ 35.118966009751453, 31.689206636823958 ], [ 35.119244782445719, 31.689463287707952 ], [ 35.119588784847835, 31.689575121188522 ], [ 35.119891991086838, 31.689423698324433 ], [ 35.119851713249538, 31.689133387631024 ], [ 35.120005412808503, 31.688470063566758 ], [ 35.120708383767109, 31.689089987132991 ], [ 35.120338172675574, 31.689533342794991 ], [ 35.120825269218457, 31.689962606727672 ], [ 35.121231145444227, 31.689811811563384 ], [ 35.121415841552867, 31.690419555376113 ], [ 35.121757759602488, 31.690472761191597 ], [ 35.121941191846901, 31.691024137554663 ], [ 35.122123067984646, 31.691286919662598 ], [ 35.122881477169692, 31.690365825454478 ], [ 35.123196419147206, 31.690739168017053 ], [ 35.123739552202736, 31.690615507772389 ], [ 35.124213987812659, 31.690460800850971 ], [ 35.124237601361116, 31.690022853261869 ], [ 35.124166494867566, 31.689537498810139 ] ] ] ] } },
{ "type": "Feature", "properties": { "Area": 746658.61425999994 }, "geometry": { "type": "MultiPolygon", "coordinates": [ [ [ [ 35.200424497868362, 31.667015153631688 ], [ 35.199031695957551, 31.668324486050945 ], [ 35.197342420034531, 31.669913926132278 ], [ 35.197506976806771, 31.670522124503105 ], [ 35.198362105361682, 31.673298757320218 ], [ 35.19945123005094, 31.676801949801213 ], [ 35.200214827810882, 31.680173224550479 ], [ 35.200667543637998, 31.682981388843089 ], [ 35.200889665162819, 31.683372010873693 ], [ 35.200612242905834, 31.685361155529108 ], [ 35.201829033328004, 31.687033561450946 ], [ 35.202402510125076, 31.687756182133217 ], [ 35.202716130623699, 31.687189709619069 ], [ 35.203532050522703, 31.686034780833833 ], [ 35.204201120305257, 31.684643109732225 ], [ 35.204388489225892, 31.684285750073975 ], [ 35.204191234107753, 31.683998283832377 ], [ 35.203704278199503, 31.683697851896103 ], [ 35.203498292059209, 31.683462241144007 ], [ 35.203446717521743, 31.682983130550362 ], [ 35.203104462932785, 31.682030543607073 ], [ 35.202920904891954, 31.681041883330423 ], [ 35.203014190406705, 31.679910620091285 ], [ 35.202995581537188, 31.679123751346204 ], [ 35.202701784522404, 31.678547124163309 ], [ 35.20265350981105, 31.678207800488401 ], [ 35.202670335722203, 31.677215196204315 ], [ 35.202889176919399, 31.67632067108093 ], [ 35.203153818497597, 31.675666828627126 ], [ 35.203411209476073, 31.674704099916656 ], [ 35.203503659161449, 31.673539015591111 ], [ 35.203483400388542, 31.672682815936792 ], [ 35.203380264252722, 31.671692464434066 ], [ 35.203029324033068, 31.670397170128201 ], [ 35.202233368754854, 31.668873021764128 ], [ 35.201287820965085, 31.667793592640098 ], [ 35.200424497868362, 31.667015153631688 ] ] ] ] } },
{ "type": "Feature", "properties": { "Area": 3116830.9223600002 }, "geometry": { "type": "MultiPolygon", "coordinates": [ [ [ [ 35.268492493514458, 31.674004843009385 ], [ 35.268200906301445, 31.673854492025168 ], [ 35.267126586330825, 31.673612087459023 ], [ 35.267604598140707, 31.672890930600158 ], [ 35.268118520638289, 31.671201949796504 ], [ 35.268902298292815, 31.670448506106677 ], [ 35.269166157660152, 31.669832855604845 ], [ 35.270184841772767, 31.669740457772985 ], [ 35.270811005991966, 31.668657905832131 ], [ 35.270506507060503, 31.667008793982536 ], [ 35.269094941909898, 31.665739590661953 ], [ 35.269081443437564, 31.663854716588347 ], [ 35.267956980057129, 31.663119704507537 ], [ 35.265184144766167, 31.662077155911533 ], [ 35.264126105794119, 31.661307131192668 ], [ 35.261797542912291, 31.66162328642131 ], [ 35.260573248288935, 31.661582120418242 ], [ 35.259878119157953, 31.662620124184819 ], [ 35.25731878622225, 31.666013884908693 ], [ 35.25569479668583, 31.666094588010278 ], [ 35.255143163401065, 31.666970173328213 ], [ 35.252638861620376, 31.667738286690074 ], [ 35.2510073058343, 31.66824280558146 ], [ 35.249662948632029, 31.668473826750663 ], [ 35.248046394126192, 31.669408938856183 ], [ 35.246233498098277, 31.670184579077997 ], [ 35.24548538624061, 31.6711469900909 ], [ 35.246035582966293, 31.671962991446257 ], [ 35.247305960678815, 31.672682364245546 ], [ 35.24823368211112, 31.673159468765029 ], [ 35.249018432484029, 31.673725111188521 ], [ 35.250139637190379, 31.674242153778351 ], [ 35.250597041616167, 31.67522388423675 ], [ 35.252109553281571, 31.676581747216471 ], [ 35.252937517014885, 31.677759483259351 ], [ 35.253490268616936, 31.679161656350534 ], [ 35.254351505223681, 31.680546232846371 ], [ 35.254320603051568, 31.681306621205227 ], [ 35.255728646968507, 31.682102512650694 ], [ 35.257481238251735, 31.681361147192973 ], [ 35.258841071485179, 31.680539322574063 ], [ 35.260136320532865, 31.680051761556008 ], [ 35.260667680915901, 31.680757229593038 ], [ 35.260496689527209, 31.681398185379326 ], [ 35.261245701147203, 31.68149085750164 ], [ 35.261560670072285, 31.681591048054507 ], [ 35.262251054356248, 31.681738979122528 ], [ 35.26293636418459, 31.681674972961325 ], [ 35.263549917462399, 31.681235599444758 ], [ 35.264552074727909, 31.681377736509006 ], [ 35.26571482802035, 31.681407056772581 ], [ 35.265754210312934, 31.681153954889581 ], [ 35.265824030943357, 31.680579552604385 ], [ 35.265472948603957, 31.679938840671394 ], [ 35.265486409499019, 31.679357137863519 ], [ 35.264682878687239, 31.678516540437705 ], [ 35.264668996956793, 31.677944432712291 ], [ 35.26465511358203, 31.677369506637316 ], [ 35.264816080595615, 31.677080273182021 ], [ 35.265141070122482, 31.676643846373981 ], [ 35.265555505259869, 31.676419875512458 ], [ 35.265967585767015, 31.676126574307613 ], [ 35.266460471559064, 31.675686680974781 ], [ 35.266623290735836, 31.675469592701511 ], [ 35.267453179262041, 31.675094351520919 ], [ 35.26794605298079, 31.674655016053372 ], [ 35.268492493514458, 31.674004843009385 ] ] ] ] } },
{ "type": "Feature", "properties": { "Area": 282251.444823 }, "geometry": { "type": "MultiPolygon", "coordinates": [ [ [ [ 35.075668314938056, 31.676099053661158 ], [ 35.077697870897424, 31.676101648714017 ], [ 35.079401207146994, 31.675952268034738 ], [ 35.080762564836668, 31.675600743734464 ], [ 35.0815566838424, 31.674677109607732 ], [ 35.081775596129738, 31.673854941267926 ], [ 35.080474832866742, 31.673019468834465 ], [ 35.079080349396186, 31.672175999832664 ], [ 35.078063625133161, 31.671392074309562 ], [ 35.076580293043747, 31.670731115550236 ], [ 35.075229664724631, 31.670989602629199 ], [ 35.07454700843823, 31.672545173509267 ], [ 35.074995431521415, 31.673674638645565 ], [ 35.075074408722159, 31.675064702319233 ], [ 35.075424831604366, 31.676057660676982 ], [ 35.075668314938056, 31.676099053661158 ] ] ] ] } },
{ "type": "Feature", "properties": { "Area": 6326526.5273399996 }, "geometry": { "type": "MultiPolygon", "coordinates": [ [ [ [ 35.219074770839548, 31.664660522887687 ], [ 35.218264929255142, 31.663145493333644 ], [ 35.217354068844109, 31.661253943027663 ], [ 35.216845865742414, 31.657954884820285 ], [ 35.216715056038048, 31.656692296047467 ], [ 35.217002514503918, 31.655338916718041 ], [ 35.214109332872681, 31.655276603503978 ], [ 35.21328621153129, 31.656190358880838 ], [ 35.212098964308126, 31.656788480956934 ], [ 35.211011003943923, 31.656840962587012 ], [ 35.21012236280329, 31.656583412352315 ], [ 35.208429624386859, 31.656450453116314 ], [ 35.207703274209798, 31.656449346743685 ], [ 35.206824855099846, 31.656006892299654 ], [ 35.205973133004441, 31.655602196772417 ], [ 35.205401312145071, 31.655190729675365 ], [ 35.204894237697005, 31.654538576238885 ], [ 35.204108103827537, 31.653952368837153 ], [ 35.203910914215413, 31.653556677747762 ], [ 35.203762982055643, 31.653239335561061 ], [ 35.203592316955508, 31.652960322048042 ], [ 35.203326600644608, 31.652644669525444 ], [ 35.20292036777473, 31.652272648716739 ], [ 35.202324860312451, 31.651800855529341 ], [ 35.201532830806308, 31.651358929369952 ], [ 35.199115251507187, 31.650449102075243 ], [ 35.195990305835991, 31.650218960717439 ], [ 35.192275667425342, 31.65103146292099 ], [ 35.188375746457751, 31.653134055649755 ], [ 35.187301212457974, 31.653795091532441 ], [ 35.186298843635051, 31.654328741016442 ], [ 35.185070440014968, 31.654864039560362 ], [ 35.184448881349859, 31.655614177504251 ], [ 35.183299984365817, 31.656310114802341 ], [ 35.181056392894355, 31.65683111124736 ], [ 35.178694724932754, 31.657097269554853 ], [ 35.176849633768811, 31.656966115382467 ], [ 35.174549739397257, 31.656685458760357 ], [ 35.172511659531303, 31.656332114016134 ], [ 35.169981236878613, 31.655829798325673 ], [ 35.167869033652579, 31.655542871467748 ], [ 35.16603224380092, 31.655768360987963 ], [ 35.164390047950867, 31.656278534204482 ], [ 35.16309446449084, 31.657137141555058 ], [ 35.163041487436757, 31.657722204832552 ], [ 35.164151964397199, 31.659026871787603 ], [ 35.167152128551827, 31.661620623167074 ], [ 35.170617975372167, 31.663539161536303 ], [ 35.175027349207085, 31.665529410718481 ], [ 35.178556949837478, 31.666804046806064 ], [ 35.180418440849934, 31.667998806523286 ], [ 35.178899839605414, 31.668532298643779 ], [ 35.178528775074291, 31.669185506315728 ], [ 35.178150853452266, 31.669595773861261 ], [ 35.177025627110247, 31.669734761638949 ], [ 35.176717369433383, 31.670224515907901 ], [ 35.177063469516476, 31.671044152371209 ], [ 35.177829646787245, 31.671028531644932 ], [ 35.178482874302709, 31.671312750625908 ], [ 35.17950068780133, 31.671175983775509 ], [ 35.180756735268474, 31.670459810489486 ], [ 35.181661495009685, 31.669691142272779 ], [ 35.182586128971742, 31.669125388656571 ], [ 35.18370361742452, 31.670375773130317 ], [ 35.184840499415849, 31.671217496969494 ], [ 35.187842397585499, 31.671341926706692 ], [ 35.191663585620326, 31.671100554707877 ], [ 35.193409044019234, 31.67053818393806 ], [ 35.193644505480059, 31.670462109847811 ], [ 35.195972468823612, 31.667186290574357 ], [ 35.200847377472066, 31.664317486235337 ], [ 35.202854799840921, 31.662526775615564 ], [ 35.203321053182478, 31.662401083969588 ], [ 35.203873141649588, 31.662251717231428 ], [ 35.204430006275309, 31.662312029971833 ], [ 35.209055605069139, 31.662213867518542 ], [ 35.212501465882305, 31.662864723249722 ], [ 35.213111060284071, 31.662917103487008 ], [ 35.213919208125702, 31.663205076375014 ], [ 35.214809906619607, 31.663523475099836 ], [ 35.217799179930594, 31.664371505387045 ], [ 35.219074770839548, 31.664660522887687 ] ] ] ] } },
{ "type": "Feature", "properties": { "Area": 104219.6875 }, "geometry": { "type": "MultiPolygon", "coordinates": [ [ [ [ 35.166163284700175, 31.666861811744035 ], [ 35.167355203084625, 31.66718232233405 ], [ 35.168114185700141, 31.666948057573453 ], [ 35.168517206779761, 31.666479205960634 ], [ 35.168094061098735, 31.665313999932838 ], [ 35.168744643240906, 31.664576915161391 ], [ 35.168732939181389, 31.664162057615204 ], [ 35.166463980487208, 31.662383053747824 ], [ 35.165823977186811, 31.66302994461245 ], [ 35.16569468155739, 31.66413468057317 ], [ 35.166059508733994, 31.665600872013201 ], [ 35.166163284700175, 31.666861811744035 ] ] ] ] } },
{ "type": "Feature", "properties": { "Area": 94332541.041500002 }, "geometry": { "type": "MultiPolygon", "coordinates": [ [ [ [ 35.115557523557172, 31.58168164667314 ], [ 35.114214634764153, 31.581845860887697 ], [ 35.11242707872006, 31.58256100877594 ], [ 35.111309438032855, 31.583808159710131 ], [ 35.109573615041043, 31.584421281251025 ], [ 35.107900072915811, 31.58607664708946 ], [ 35.106077220593463, 31.58704702011417 ], [ 35.104275811214848, 31.58840462302723 ], [ 35.103838364312772, 31.589365895511921 ], [ 35.103488978978881, 31.59002567411266 ], [ 35.100578723712658, 31.589140076943799 ], [ 35.098444118195467, 31.589366610149142 ], [ 35.097303311661477, 31.589475574294152 ], [ 35.09581003240487, 31.588314287604845 ], [ 35.094295248803753, 31.587132672766646 ], [ 35.093429004991435, 31.586447631671835 ], [ 35.092832988424703, 31.58597475969043 ], [ 35.089085647458766, 31.583008234658443 ], [ 35.087712805650952, 31.58166151446256 ], [ 35.088259872318631, 31.580148565239675 ], [ 35.089758763074563, 31.579770006357709 ], [ 35.091880856965638, 31.578968665467926 ], [ 35.094247102635528, 31.57697985146828 ], [ 35.095051939785961, 31.574923717624209 ], [ 35.094846467001105, 31.573420802154693 ], [ 35.093824663952489, 31.572016951839696 ], [ 35.09380514844608, 31.571259364547586 ], [ 35.093640015618234, 31.570881000015202 ], [ 35.093396007306559, 31.570395469759987 ], [ 35.09306301074168, 31.569727232907248 ], [ 35.092649016529045, 31.569079780089901 ], [ 35.092493374024841, 31.568893069612489 ], [ 35.096080897260194, 31.567618886065734 ], [ 35.103759734613028, 31.567551320619334 ], [ 35.106268674397668, 31.567717298608997 ], [ 35.108478262925736, 31.567861020033803 ], [ 35.10803054269055, 31.567424403592099 ], [ 35.107073955546809, 31.567279943397974 ], [ 35.106188643440063, 31.566972066816056 ], [ 35.104736283938237, 31.566565664925527 ], [ 35.103472224746902, 31.566155449623942 ], [ 35.102708408240488, 31.565685871746222 ], [ 35.10195182083222, 31.565535895442327 ], [ 35.101389642782628, 31.565653250575938 ], [ 35.100583847967329, 31.566097333683985 ], [ 35.099581294276753, 31.56616528330493 ], [ 35.098199977119286, 31.566136523609238 ], [ 35.097067643109519, 31.565992406110638 ], [ 35.096003137649397, 31.566118333548669 ], [ 35.094737868968458, 31.56565448233048 ], [ 35.092907919777673, 31.565201400785799 ], [ 35.092344479897903, 31.565265166478195 ], [ 35.090967860119264, 31.565447708641571 ], [ 35.089027361136125, 31.565641565421153 ], [ 35.086280169565491, 31.566277693726754 ], [ 35.085022108044399, 31.566135608012718 ], [ 35.08376296432013, 31.565942215032052 ], [ 35.082254669161358, 31.565858487291717 ], [ 35.080980751848621, 31.565892775016909 ], [ 35.080907364222028, 31.565255758322088 ], [ 35.080402568519609, 31.565148736319866 ], [ 35.080173277347576, 31.565170496823946 ], [ 35.078186677907901, 31.565365271561816 ], [ 35.073160567328266, 31.566026467556252 ], [ 35.071787195901479, 31.5660893086283 ], [ 35.069418393889642, 31.565943094093253 ], [ 35.066350408449509, 31.566608329170769 ], [ 35.065418346012692, 31.566623102052539 ], [ 35.063840698003546, 31.566585302477186 ], [ 35.062762500092681, 31.566480961169383 ], [ 35.061762277504769, 31.566619075285253 ], [ 35.060547990453998, 31.566823453770649 ], [ 35.059255334364913, 31.566722787079787 ], [ 35.058510889253384, 31.566107541004307 ], [ 35.057587590957816, 31.565888344333576 ], [ 35.056305696077516, 31.56627861551442 ], [ 35.054775457127448, 31.567169120993743 ], [ 35.054124244029424, 31.5676508573519 ], [ 35.053353226428293, 31.567710824908243 ], [ 35.051655289173574, 31.568256693152016 ], [ 35.049957328505442, 31.568804793400357 ], [ 35.04820958193099, 31.569784016333816 ], [ 35.046857209881807, 31.570236673370136 ], [ 35.046225611562441, 31.570859873978865 ], [ 35.045454441287681, 31.57167059935237 ], [ 35.045602365149897, 31.571988691904995 ], [ 35.045140051135505, 31.574004920237076 ], [ 35.044224421151981, 31.575049943389818 ], [ 35.043529668113884, 31.575613865854152 ], [ 35.041610774747205, 31.575795755760602 ], [ 35.040908362934893, 31.575831497668311 ], [ 35.04019114884683, 31.575766320215177 ], [ 35.038795545519534, 31.576208126040243 ], [ 35.038416856400858, 31.576175505813023 ], [ 35.038014257159361, 31.575889202983952 ], [ 35.037788611102521, 31.575229418088103 ], [ 35.0372218256271, 31.575545459204196 ], [ 35.036087201401514, 31.576116092687528 ], [ 35.034885453073187, 31.576933513316106 ], [ 35.033716414522253, 31.577222809938132 ], [ 35.032790077354065, 31.576657902290943 ], [ 35.032132323680877, 31.576839645725805 ], [ 35.03161688860007, 31.576696905857784 ], [ 35.030914217254143, 31.576511634872666 ], [ 35.029378974577178, 31.576249691310803 ], [ 35.029009261598738, 31.57599609791157 ], [ 35.028819058538609, 31.575604651636887 ], [ 35.028679192249463, 31.575318116404254 ], [ 35.027218867328379, 31.57453429383682 ], [ 35.025888849252915, 31.573964266563735 ], [ 35.025031143641456, 31.574217279917459 ], [ 35.025148529014814, 31.573342632642582 ], [ 35.024760636029789, 31.572796457935826 ], [ 35.024589926686886, 31.571779925222135 ], [ 35.0245265508903, 31.571012120670144 ], [ 35.023910990454745, 31.570919938867775 ], [ 35.022588114661239, 31.570862261144256 ], [ 35.022016716903238, 31.570744767980006 ], [ 35.022539459633748, 31.569981179248952 ], [ 35.02265369937421, 31.56895546626378 ], [ 35.021658001805122, 31.568924172413624 ], [ 35.020336807789796, 31.569449870046363 ], [ 35.019205551727175, 31.569384541764052 ], [ 35.017768717785451, 31.568131109610551 ], [ 35.016994626878677, 31.567739355337693 ], [ 35.015529083318654, 31.567773836960662 ], [ 35.014063589142829, 31.567783500466259 ], [ 35.013250342231935, 31.567473960748924 ], [ 35.012566048911431, 31.566885030146409 ], [ 35.011257339039659, 31.565974426951495 ], [ 35.010456166385389, 31.566284358760548 ], [ 35.009585934321883, 31.566480883054439 ], [ 35.00845735471929, 31.565864760255806 ], [ 35.007701493670922, 31.566381610339771 ], [ 35.006582888735316, 31.566972299261636 ], [ 35.005241937983911, 31.567164682675767 ], [ 35.004245912593518, 31.567452852349962 ], [ 35.003269011915428, 31.567952983373136 ], [ 35.002334411256797, 31.568371441927397 ], [ 35.001682694840518, 31.568805561519376 ], [ 35.001168678896803, 31.569036976418353 ], [ 35.000273934928593, 31.569131937991383 ], [ 34.9995672435454, 31.56918379235416 ], [ 34.999052664205621, 31.569293445632088 ], [ 34.998621770104819, 31.569218912304294 ], [ 34.997847114761612, 31.569265011057304 ], [ 34.996728720642686, 31.569494302750833 ], [ 34.99558249947826, 31.570021719227171 ], [ 34.994478675068585, 31.570940943738023 ], [ 34.993451092214791, 31.572127462596562 ], [ 34.991731160438682, 31.572095865697602 ], [ 34.990607264998062, 31.573704951305913 ], [ 34.989470103840553, 31.575411518568519 ], [ 34.98790370012501, 31.576227882838396 ], [ 34.986607147928638, 31.577215478799843 ], [ 34.985124843424309, 31.578365642449398 ], [ 34.98370911599671, 31.579677675804756 ], [ 34.982845981001169, 31.580833952997576 ], [ 34.981875134784993, 31.581103953461145 ], [ 34.981228681966186, 31.581393678021527 ], [ 34.979579313906441, 31.581658528718368 ], [ 34.978769269851277, 31.581930479259814 ], [ 34.978881677791016, 31.582828033915451 ], [ 34.979254747744903, 31.58396786047668 ], [ 34.979780286622642, 31.585646254627406 ], [ 34.980088737731876, 31.586557116474964 ], [ 34.980864535389117, 31.588026824695483 ], [ 34.981108199555855, 31.588430835190817 ], [ 34.98085025463817, 31.588561154613206 ], [ 34.980497045619735, 31.588738090866492 ], [ 34.979736308622996, 31.589636365700184 ], [ 34.979413725807824, 31.590698870947485 ], [ 34.979298404181613, 31.591760613126944 ], [ 34.979596651546196, 31.592813500963747 ], [ 34.980101684900788, 31.593865623771194 ], [ 34.980526999923029, 31.594386632423937 ], [ 34.981454859882206, 31.595842510184241 ], [ 34.982447021856515, 31.597062880808899 ], [ 34.983363676659536, 31.597988880005026 ], [ 34.983935415472502, 31.598919914499664 ], [ 34.98402375114604, 31.599861386743747 ], [ 34.982601393854182, 31.601117024557592 ], [ 34.982336695785726, 31.60165091859233 ], [ 34.98228315510508, 31.602357660579969 ], [ 34.982434583219053, 31.603002192007992 ], [ 34.982101905861072, 31.60359402466613 ], [ 34.982162900485811, 31.606474454084154 ], [ 34.982465084512413, 31.607705457648972 ], [ 34.983536303729032, 31.60939379615348 ], [ 34.985421054607919, 31.610422345115897 ], [ 34.987241049385574, 31.611629437500802 ], [ 34.98870110068188, 31.612136390146617 ], [ 34.989748860682987, 31.612709146248282 ], [ 34.990391097778172, 31.613697762257186 ], [ 34.991037062680348, 31.614862807774976 ], [ 34.991474528339921, 31.615973954452386 ], [ 34.992458087975997, 31.616781628667553 ], [ 34.99316105021262, 31.617156501862858 ], [ 34.992129301577528, 31.617551610210079 ], [ 34.991395774659864, 31.618739718084054 ], [ 34.991354130531604, 31.620032691416295 ], [ 34.991936044106353, 31.621435490220527 ], [ 34.992718571673556, 31.622541568550965 ], [ 34.99419690478139, 31.623869181147452 ], [ 34.995458468794112, 31.624791712317993 ], [ 34.997078447527741, 31.626295385637725 ], [ 34.998067245843536, 31.627337507822062 ], [ 34.999196291164743, 31.628497089429363 ], [ 35.000737047155255, 31.629530494207629 ], [ 35.002204925498802, 31.630389029681258 ], [ 35.003409522753273, 31.631840106601885 ], [ 35.004252614269113, 31.632533044134313 ], [ 35.00503792999821, 31.633756291731267 ], [ 35.004995934076511, 31.634990081923402 ], [ 35.004803526970491, 31.635699431450025 ], [ 35.00515504985335, 31.635989138916887 ], [ 35.006331870563699, 31.63614654047371 ], [ 35.007580427340415, 31.636420156097916 ], [ 35.008350663931353, 31.636937655159411 ], [ 35.009311548048714, 31.63789453338747 ], [ 35.01107754330252, 31.638540921026074 ], [ 35.012885785774003, 31.639159728193317 ], [ 35.014619751413051, 31.639542788850161 ], [ 35.016363980256486, 31.640398753083087 ], [ 35.018173494915906, 31.641076108015156 ], [ 35.020052383505991, 31.641752410155309 ], [ 35.021092304069448, 31.641970353442449 ], [ 35.022344758937216, 31.642419129014986 ], [ 35.02381303348858, 31.64328023419672 ], [ 35.024446916225273, 31.643856063778259 ], [ 35.025289067028694, 31.644490239645346 ], [ 35.026270642266269, 31.645180406990249 ], [ 35.027728852165417, 31.645569668507324 ], [ 35.02939639330566, 31.646070805406534 ], [ 35.030505016229029, 31.646231272751685 ], [ 35.032173793965399, 31.646790995820883 ], [ 35.03369865353433, 31.64706247387938 ], [ 35.035151752338493, 31.64721490611419 ], [ 35.036396740789051, 31.647312372980018 ], [ 35.037847256701255, 31.647347529622483 ], [ 35.03867950393294, 31.647226298211894 ], [ 35.038979732093068, 31.647636469260824 ], [ 35.03999967162683, 31.648319253107438 ], [ 35.041213872736016, 31.649267197928982 ], [ 35.041854484960744, 31.649847458748624 ], [ 35.04225368126847, 31.650860301497385 ], [ 35.042830645918791, 31.651390310630834 ], [ 35.043864706738326, 31.652715090857857 ], [ 35.044911622245941, 31.654632849546108 ], [ 35.045618574024225, 31.655374944563984 ], [ 35.046320797366725, 31.655900020451735 ], [ 35.046830470539128, 31.65621460953756 ], [ 35.046839957984488, 31.65664525785316 ], [ 35.04697515207809, 31.657071551956577 ], [ 35.047556271132116, 31.65781517175197 ], [ 35.047981420697248, 31.657848949429919 ], [ 35.049021183862905, 31.658704728469829 ], [ 35.050099009227736, 31.659169928423886 ], [ 35.052116765320939, 31.659513929884803 ], [ 35.05299678208722, 31.659554433021835 ], [ 35.054622249082932, 31.659205754102533 ], [ 35.056439875837015, 31.65901622956175 ], [ 35.057254227079227, 31.658802416370399 ], [ 35.057751635603594, 31.658672783277936 ], [ 35.059074167955764, 31.658811265410375 ], [ 35.060658981038145, 31.659484943195213 ], [ 35.061668417397186, 31.659682793470601 ], [ 35.062268750697164, 31.660013204698441 ], [ 35.062751278723759, 31.659809696065025 ], [ 35.06302234648259, 31.659989804258153 ], [ 35.064261527711224, 31.660028372420168 ], [ 35.065372250610082, 31.660368910644497 ], [ 35.066204754535356, 31.660908110353766 ], [ 35.067381334745605, 31.661177681170351 ], [ 35.068836494663529, 31.66123503740128 ], [ 35.070316303614383, 31.660534843430828 ], [ 35.07128858747857, 31.660004893018534 ], [ 35.072769449078159, 31.659349200680676 ], [ 35.073909245487222, 31.658471624217597 ], [ 35.074273084373601, 31.657823222271997 ], [ 35.075591123110129, 31.657287390515627 ], [ 35.078364944751037, 31.655923282051241 ], [ 35.079491885429668, 31.655472333742065 ], [ 35.079787790922367, 31.655448949194039 ], [ 35.082583887132976, 31.655232384046055 ], [ 35.085126123442116, 31.654744399709934 ], [ 35.087328449884517, 31.653621370938481 ], [ 35.088569016978468, 31.652482779648498 ], [ 35.089176368887742, 31.65223813663431 ], [ 35.091098608690913, 31.651467077471761 ], [ 35.094199067249043, 31.649786134716027 ], [ 35.094923465942458, 31.64929806337646 ], [ 35.095117454980134, 31.648365933206239 ], [ 35.095543995108322, 31.648174088970478 ], [ 35.096858577018359, 31.647555175159543 ], [ 35.09885354411125, 31.646277327620034 ], [ 35.1007871181544, 31.645055201305592 ], [ 35.101651787601917, 31.644118530044356 ], [ 35.101949674309466, 31.643302022946756 ], [ 35.102051175475388, 31.642218181848431 ], [ 35.102062925008781, 31.641717095465321 ], [ 35.102072984666876, 31.641254900391754 ], [ 35.102082697509701, 31.64080848755367 ], [ 35.101870516159977, 31.639783578990041 ], [ 35.101403421258311, 31.638708862242755 ], [ 35.101328084983585, 31.638168812658883 ], [ 35.10112986189241, 31.637790998514703 ], [ 35.101265945190733, 31.637313122528106 ], [ 35.102236907252944, 31.636857336230538 ], [ 35.102990650251684, 31.637124549536821 ], [ 35.103329065189392, 31.637637750933216 ], [ 35.104171030673079, 31.637664343075542 ], [ 35.10483262474807, 31.638014331541555 ], [ 35.105728039783287, 31.638745533414276 ], [ 35.107291453194179, 31.637977896071067 ], [ 35.108662332581503, 31.637175148159031 ], [ 35.111345195680272, 31.636587540096663 ], [ 35.111824788302833, 31.63629083834644 ], [ 35.113000039755377, 31.634537565752105 ], [ 35.113821693309269, 31.633403497344123 ], [ 35.114903541794426, 31.631592646406204 ], [ 35.114492572360895, 31.629243008552667 ], [ 35.113348060456481, 31.62658790560284 ], [ 35.11253210661215, 31.624155111718977 ], [ 35.11286604126763, 31.62252128939792 ], [ 35.113616737319148, 31.621428880331948 ], [ 35.113623604102287, 31.620971189848209 ], [ 35.113636613645134, 31.620122884322871 ], [ 35.112800085178797, 31.61756155960617 ], [ 35.112431176408165, 31.616428892344899 ], [ 35.111334355594394, 31.615376299653953 ], [ 35.110838925034599, 31.615314498299657 ], [ 35.110469070848012, 31.61515583708583 ], [ 35.110110132940243, 31.614460573978885 ], [ 35.109372570884659, 31.612688992386111 ], [ 35.10823421741253, 31.612710123475438 ], [ 35.107071631765592, 31.613705802567459 ], [ 35.106007752986919, 31.615080893326557 ], [ 35.105017668032865, 31.615786962410095 ], [ 35.103755651088264, 31.616227323735387 ], [ 35.102488844338843, 31.616669923381494 ], [ 35.09966383640699, 31.616276455131636 ], [ 35.098394162035909, 31.616470999389016 ], [ 35.097494347430185, 31.617232323900005 ], [ 35.096044156732965, 31.617014654819823 ], [ 35.097063075311681, 31.617656401557852 ], [ 35.096203590914193, 31.617842249358347 ], [ 35.095603627748233, 31.618172047086894 ], [ 35.094630335904114, 31.618506031009218 ], [ 35.093699381646424, 31.618681654518134 ], [ 35.092388562958149, 31.61854297767378 ], [ 35.090929643317175, 31.618047920049452 ], [ 35.08913165148924, 31.617037914629062 ], [ 35.087841079503534, 31.615740315255938 ], [ 35.086974094547308, 31.614554698309213 ], [ 35.086847512444017, 31.613074962117789 ], [ 35.087418165067177, 31.611426766375626 ], [ 35.087996747054326, 31.610138756803661 ], [ 35.088297380491667, 31.608974498357341 ], [ 35.088986712683543, 31.608516863200538 ], [ 35.090438851254653, 31.606472625552893 ], [ 35.09161968734292, 31.604340763292907 ], [ 35.091856723399353, 31.603569877781322 ], [ 35.09200581905381, 31.603085256568736 ], [ 35.092363841893011, 31.601920473961343 ], [ 35.092085228874829, 31.600711729826283 ], [ 35.092040019196304, 31.600518352679249 ], [ 35.0928748047371, 31.60062223489253 ], [ 35.093991796657157, 31.60044339553075 ], [ 35.094963188469606, 31.600026554738641 ], [ 35.095746473978174, 31.59953345179375 ], [ 35.096243096904651, 31.59876728729466 ], [ 35.097068861763397, 31.598113567218189 ], [ 35.097570629205201, 31.597584141492689 ], [ 35.098063623928383, 31.596656194391382 ], [ 35.098326141572556, 31.595853751730175 ], [ 35.098782074276464, 31.595365994292084 ], [ 35.099482671684569, 31.595151250852769 ], [ 35.099761394258003, 31.595449095259127 ], [ 35.101574728947284, 31.596307903817852 ], [ 35.102715286300658, 31.596652089304179 ], [ 35.103230928009069, 31.596501436007216 ], [ 35.10348395407442, 31.596215293570257 ], [ 35.103566839839679, 31.595688330920925 ], [ 35.103929101856295, 31.595015034848874 ], [ 35.104159164182676, 31.594643759299995 ], [ 35.104312660303016, 31.594435886665327 ], [ 35.10475468538629, 31.593831417877663 ], [ 35.10494586812905, 31.593634283498396 ], [ 35.105160287583438, 31.593414056541086 ], [ 35.106086517051502, 31.592461048439969 ], [ 35.106666271229663, 31.592056780409941 ], [ 35.107079266067892, 31.591797245201199 ], [ 35.107553180900489, 31.591528172488825 ], [ 35.108705258515364, 31.591035268198642 ], [ 35.10959995348518, 31.590763683900107 ], [ 35.110403188598347, 31.590578830789859 ], [ 35.110926896232222, 31.590383058809245 ], [ 35.111013433061466, 31.589779434746855 ], [ 35.111332284318308, 31.588150669499861 ], [ 35.111841419217299, 31.586193986599341 ], [ 35.112159737180356, 31.585246691884699 ], [ 35.112936755532694, 31.583871901650106 ], [ 35.113649364893725, 31.583030290237794 ], [ 35.114285809766493, 31.582464818214667 ], [ 35.11477238407064, 31.582141051409533 ], [ 35.115557523557172, 31.58168164667314 ] ] ] ] } },
{ "type": "Feature", "properties": { "Area": 422292.77929699997 }, "geometry": { "type": "MultiPolygon", "coordinates": [ [ [ [ 35.173839320428982, 31.649274266378008 ], [ 35.175162186349262, 31.649004018291155 ], [ 35.175818812405026, 31.648956819311245 ], [ 35.176245011590574, 31.648809798172845 ], [ 35.17664644116455, 31.648306535763027 ], [ 35.168629679888959, 31.649421720185813 ], [ 35.169939013262074, 31.651945030965635 ], [ 35.170241536897763, 31.65265250777437 ], [ 35.170783625065532, 31.65281273156516 ], [ 35.170842698896884, 31.653456448766125 ], [ 35.170499468902925, 31.653682950094023 ], [ 35.171639485568853, 31.654532122055585 ], [ 35.17263889448671, 31.654235324886631 ], [ 35.173384905839164, 31.654010607271417 ], [ 35.175042979479272, 31.655114084937026 ], [ 35.176283571406096, 31.654788567732844 ], [ 35.177707814810056, 31.655700314061743 ], [ 35.179357562063053, 31.655595243523809 ], [ 35.180261095911881, 31.655232419479823 ], [ 35.181724936861173, 31.654729337990091 ], [ 35.182535305341545, 31.653962899485464 ], [ 35.181582887459555, 31.653559714795097 ], [ 35.180210966781992, 31.653508732778612 ], [ 35.17953977764752, 31.653073457053907 ], [ 35.178544737323818, 31.652590201369843 ], [ 35.17671536257847, 31.652535706377716 ], [ 35.175203189347883, 31.652741669814258 ], [ 35.174132321567825, 31.651982168076188 ], [ 35.173005664283686, 31.651110474853095 ], [ 35.173105406808297, 31.650382811797588 ], [ 35.173839320428982, 31.649274266378008 ] ] ] ] } },
{ "type": "Feature", "properties": { "Area": 104209.495605 }, "geometry": { "type": "MultiPolygon", "coordinates": [ [ [ [ 35.161662851618345, 31.655673405416238 ], [ 35.162180056053018, 31.655127953183811 ], [ 35.162405883137154, 31.654465725362435 ], [ 35.162151292076835, 31.653890142897453 ], [ 35.161215332467599, 31.652999808028458 ], [ 35.160568813254145, 31.652145076559659 ], [ 35.160028035667828, 31.651698469650928 ], [ 35.159154582758759, 31.651424787151711 ], [ 35.15882865957466, 31.651926330238719 ], [ 35.15898992474505, 31.652624764589877 ], [ 35.159250285289872, 31.653486131956676 ], [ 35.159027032417896, 31.654234031758566 ], [ 35.158903035919899, 31.655142610013954 ], [ 35.160069685645034, 31.655575912425633 ], [ 35.161662851618345, 31.655673405416238 ] ] ] ] } },
{ "type": "Feature", "properties": { "Area": 74322.864257299996 }, "geometry": { "type": "MultiPolygon", "coordinates": [ [ [ [ 35.208164951305832, 31.654067300150118 ], [ 35.208843541573444, 31.654754381784105 ], [ 35.209590346977663, 31.655485422572337 ], [ 35.210435793844411, 31.655432401107678 ], [ 35.211224694962851, 31.654850662530013 ], [ 35.211208179844071, 31.654287565454752 ], [ 35.210070777892511, 31.653542460449604 ], [ 35.209119894938389, 31.653182319420939 ], [ 35.208196677700279, 31.652398296794725 ], [ 35.207210565979835, 31.652223587268285 ], [ 35.206571574285313, 31.652904503267351 ], [ 35.206608483144457, 31.653237063064882 ], [ 35.208164951305832, 31.654067300150118 ] ] ] ] } },
{ "type": "Feature", "properties": { "Area": 71043.238770199998 }, "geometry": { "type": "MultiPolygon", "coordinates": [ [ [ [ 35.026605204779173, 31.65521403491044 ], [ 35.02843965199331, 31.655353546384891 ], [ 35.029216212019456, 31.654664694235812 ], [ 35.028989103808428, 31.653313288223131 ], [ 35.02777893863589, 31.652272793118986 ], [ 35.026693392559523, 31.652416147277037 ], [ 35.026619637188972, 31.653603677279389 ], [ 35.026250000249654, 31.654795303686683 ], [ 35.026605204779173, 31.65521403491044 ] ] ] ] } },
{ "type": "Feature", "properties": { "Area": 51883.838867300001 }, "geometry": { "type": "MultiPolygon", "coordinates": [ [ [ [ 35.21479329393712, 31.650468514673559 ], [ 35.213802700818086, 31.651514184494896 ], [ 35.213286946286992, 31.651800561739858 ], [ 35.213299837266113, 31.652237398770236 ], [ 35.213886370505477, 31.652984771994298 ], [ 35.215105624263721, 31.653324563442297 ], [ 35.216030942917754, 31.653247824373565 ], [ 35.216229049486799, 31.652680198752389 ], [ 35.215722392839901, 31.651909155392119 ], [ 35.215144728823645, 31.651001709745138 ], [ 35.21479329393712, 31.650468514673559 ] ] ] ] } },
{ "type": "Feature", "properties": { "Area": 3413262.9917000001 }, "geometry": { "type": "MultiPolygon", "coordinates": [ [ [ [ 35.215700333249806, 31.647952249911338 ], [ 35.216882954118411, 31.647029988171557 ], [ 35.217154973801982, 31.64624252499042 ], [ 35.215232201961541, 31.645326751465305 ], [ 35.214680651585113, 31.644802027391201 ], [ 35.214814536637419, 31.644497638775196 ], [ 35.214949892087958, 31.64409404527553 ], [ 35.215408587529872, 31.643653222364762 ], [ 35.215771941506638, 31.643502128897001 ], [ 35.216281970528534, 31.64394681215709 ], [ 35.217346997963965, 31.644733017676693 ], [ 35.218489490686494, 31.645700704970935 ], [ 35.220589366899368, 31.645580959255177 ], [ 35.221633608225616, 31.645903237317381 ], [ 35.222356722389407, 31.644921237624846 ], [ 35.226897556564786, 31.642602737146849 ], [ 35.228037771595147, 31.642093543579005 ], [ 35.22831321209685, 31.640936856273356 ], [ 35.228233979442372, 31.639628045926024 ], [ 35.227425377465671, 31.638185780829776 ], [ 35.227049122607539, 31.637274404955939 ], [ 35.226909181111893, 31.636160631272325 ], [ 35.227380354819921, 31.635277850597774 ], [ 35.227359089847539, 31.633194554494665 ], [ 35.226480457917532, 31.632713904588154 ], [ 35.223511173761729, 31.628400665357415 ], [ 35.219732577658199, 31.625140378775995 ], [ 35.219151638114639, 31.624589183649267 ], [ 35.217849629763791, 31.624607364830183 ], [ 35.217063053567124, 31.624359433064658 ], [ 35.215538307504431, 31.626426531954788 ], [ 35.214243148698664, 31.630739794801443 ], [ 35.214100029159908, 31.632347374514833 ], [ 35.21351590650179, 31.633049742411369 ], [ 35.212391069869092, 31.633908277387011 ], [ 35.210547738174832, 31.63674980647626 ], [ 35.209948266583226, 31.63784221318781 ], [ 35.208999922121563, 31.638945903246462 ], [ 35.208296984094105, 31.640179784916157 ], [ 35.208217980959922, 31.641631219099349 ], [ 35.20777674132885, 31.642617077686278 ], [ 35.206728014276926, 31.64396369123995 ], [ 35.206131913071331, 31.645171065877971 ], [ 35.206145446337061, 31.646550911227486 ], [ 35.206795326760172, 31.648090825912472 ], [ 35.206964725639459, 31.650214137735336 ], [ 35.20830908166063, 31.649771628795705 ], [ 35.210790246477949, 31.64961370303104 ], [ 35.212539691436881, 31.649689133971332 ], [ 35.214472699563004, 31.648704278166161 ], [ 35.215700333249806, 31.647952249911338 ] ] ] ] } },
{ "type": "Feature", "properties": { "Area": 143166.915527 }, "geometry": { "type": "MultiPolygon", "coordinates": [ [ [ [ 35.163935322551261, 31.646473493253829 ], [ 35.165249666498013, 31.646858884286903 ], [ 35.16586747241621, 31.645454989397777 ], [ 35.167042878602111, 31.645189289997468 ], [ 35.167464032134582, 31.64487996183685 ], [ 35.168017674902288, 31.643580878742526 ], [ 35.168580740407073, 31.642153280531442 ], [ 35.168801738792574, 31.641425653776732 ], [ 35.168003259907145, 31.641682458923896 ], [ 35.16660558971185, 31.642621678620529 ], [ 35.165522358067967, 31.642333321858295 ], [ 35.165302474653458, 31.643085744313286 ], [ 35.164725907082136, 31.643593990118987 ], [ 35.163527763957021, 31.643526536438372 ], [ 35.163935322551261, 31.646473493253829 ] ] ] ] } },
{ "type": "Feature", "properties": { "Area": 51870.532226900003 }, "geometry": { "type": "MultiPolygon", "coordinates": [ [ [ [ 35.192284805068688, 31.638988251663637 ], [ 35.191293917156408, 31.640033185007098 ], [ 35.190778157031446, 31.640319471825922 ], [ 35.190791105815933, 31.6407568755799 ], [ 35.191377222491795, 31.641502098867946 ], [ 35.192596408913204, 31.641844360560725 ], [ 35.193521632388766, 31.641767220846909 ], [ 35.193719851309098, 31.641200192809954 ], [ 35.193213442704199, 31.64042905874669 ], [ 35.192636068380374, 31.639520945977527 ], [ 35.192284805068688, 31.638988251663637 ] ] ] ] } },
{ "type": "Feature", "properties": { "Area": 35036896.667499997 }, "geometry": { "type": "MultiPolygon", "coordinates": [ [ [ [ 35.162368001583239, 31.636867047440838 ], [ 35.163592173890024, 31.636724837667273 ], [ 35.164635519032707, 31.636910048261647 ], [ 35.165162618149914, 31.637223607963222 ], [ 35.165461774188408, 31.637906295483614 ], [ 35.165333228711731, 31.638472173888463 ], [ 35.165203874186275, 31.638999722785126 ], [ 35.166069488348178, 31.639672435349851 ], [ 35.16767073785963, 31.639482951474381 ], [ 35.168797157581757, 31.639182274435566 ], [ 35.169502340245245, 31.639048317277318 ], [ 35.170211249891835, 31.639076692147466 ], [ 35.170973275080904, 31.639348015716344 ], [ 35.171456208754201, 31.639824436339975 ], [ 35.171843640853673, 31.640221354335814 ], [ 35.172315878475359, 31.640213582551514 ], [ 35.173116255405922, 31.640118522068317 ], [ 35.173865141260642, 31.639821652956268 ], [ 35.174701573988969, 31.639244095682717 ], [ 35.175968481236382, 31.638897731234508 ], [ 35.17648912527536, 31.638929411182222 ], [ 35.177298922615101, 31.639240163843812 ], [ 35.177881318264866, 31.639915554249278 ], [ 35.178270072921158, 31.640394184135868 ], [ 35.178841743458413, 31.64058707248422 ], [ 35.179593701403434, 31.640452505300807 ], [ 35.180480476408981, 31.63999328918506 ], [ 35.181891797072261, 31.639765825826956 ], [ 35.182938963705382, 31.64011322236907 ], [ 35.184557327582091, 31.640649527346515 ], [ 35.185269193965055, 31.640799570232517 ], [ 35.186228341312265, 31.640738270996014 ], [ 35.187476283615652, 31.640394044377551 ], [ 35.18965590728812, 31.639605750049256 ], [ 35.191387201070839, 31.638446483279676 ], [ 35.193792304898899, 31.638482216248629 ], [ 35.194223565268487, 31.638048230745611 ], [ 35.195053602665013, 31.635768276549662 ], [ 35.196080177665337, 31.632492335620295 ], [ 35.19668647047186, 31.630118785876075 ], [ 35.197481070441796, 31.628688816135721 ], [ 35.199765114026263, 31.627233538812558 ], [ 35.198040508459904, 31.626650072475417 ], [ 35.196389307383669, 31.626865863110407 ], [ 35.194949439969314, 31.626656081805667 ], [ 35.194117280263534, 31.626480718076756 ], [ 35.193497452632585, 31.62592545757505 ], [ 35.190965376268942, 31.625829393693358 ], [ 35.190579894893418, 31.625459025244108 ], [ 35.190055923784662, 31.625028328074634 ], [ 35.189747669042539, 31.624774644209705 ], [ 35.188906624404645, 31.623715419838216 ], [ 35.188750068602971, 31.622374443165985 ], [ 35.18823372465809, 31.621792677164439 ], [ 35.187261842885576, 31.620519232310834 ], [ 35.187302530769401, 31.619551425535736 ], [ 35.187717866223707, 31.618522792242707 ], [ 35.187893505688905, 31.617983387809719 ], [ 35.188280230444512, 31.617586617095419 ], [ 35.188443124738164, 31.61740119178301 ], [ 35.188654935689797, 31.617160533129375 ], [ 35.188692387374665, 31.616738352699173 ], [ 35.18839462520409, 31.615974549709652 ], [ 35.18922987410086, 31.615750876526484 ], [ 35.189609815737704, 31.615460069873006 ], [ 35.189765002258824, 31.615031138598098 ], [ 35.189641259564148, 31.614467459242881 ], [ 35.189245463738082, 31.614050300714769 ], [ 35.188631627943501, 31.613776848860606 ], [ 35.188388904410211, 31.612836061379877 ], [ 35.188035210046287, 31.611850165913985 ], [ 35.187302738274802, 31.611201854835389 ], [ 35.186923950577437, 31.611540002875014 ], [ 35.186592811301317, 31.611545593834904 ], [ 35.186094062535176, 31.611459282583599 ], [ 35.185473239458126, 31.610854379157637 ], [ 35.183769985130766, 31.610800003749183 ], [ 35.182815887938212, 31.61027958295892 ], [ 35.182060774268606, 31.610184193751373 ], [ 35.181763324137989, 31.609801976185633 ], [ 35.181323165912602, 31.608551123488372 ], [ 35.180677499785183, 31.60741465521075 ], [ 35.180345264303639, 31.606615315016771 ], [ 35.180456722575471, 31.606022359455981 ], [ 35.180759479816352, 31.605532590129851 ], [ 35.180681103459278, 31.604888869084807 ], [ 35.180098113271448, 31.604093990490838 ], [ 35.179638305299882, 31.603242766447956 ], [ 35.17968150630486, 31.602380365568663 ], [ 35.17954073863239, 31.601738322428808 ], [ 35.179084046435541, 31.600994756958062 ], [ 35.178388478468079, 31.600790570104223 ], [ 35.177440049471215, 31.600484302767125 ], [ 35.176421089971129, 31.59985897777084 ], [ 35.17564558555317, 31.59890508202189 ], [ 35.175181465810191, 31.597837392329414 ], [ 35.17541947848391, 31.59748571854179 ], [ 35.176849819852684, 31.595382430573114 ], [ 35.17664937897878, 31.593985620688429 ], [ 35.176335756726274, 31.592877382922381 ], [ 35.175275345411279, 31.591371027244158 ], [ 35.173972637250245, 31.59088597005502 ], [ 35.173313429179281, 31.590513791094384 ], [ 35.172952769925018, 31.589421879349434 ], [ 35.172879912954023, 31.588719531866932 ], [ 35.173512881732627, 31.588243951048565 ], [ 35.174227316715275, 31.587815170709344 ], [ 35.174388933569155, 31.587431351180292 ], [ 35.174105561149041, 31.587106611853439 ], [ 35.173007472239895, 31.586334122371461 ], [ 35.17206910827575, 31.585481623047095 ], [ 35.171837218589324, 31.584371702435039 ], [ 35.172413183256182, 31.58299988029599 ], [ 35.171931303962594, 31.58221231472908 ], [ 35.171774518955353, 31.581953551215729 ], [ 35.171350429709079, 31.582096050301612 ], [ 35.170790681182133, 31.582288115169746 ], [ 35.170023650781239, 31.581671822136006 ], [ 35.168873706062683, 31.580297848698343 ], [ 35.167613107268096, 31.578269977642723 ], [ 35.166752745770246, 31.576969907973911 ], [ 35.1662717152022, 31.575503100046802 ], [ 35.165932819920727, 31.574661441348518 ], [ 35.165242031096653, 31.573798254956941 ], [ 35.164941058415366, 31.573228293360145 ], [ 35.164981481248866, 31.572215393013419 ], [ 35.165128858312229, 31.571666988559713 ], [ 35.164105374493026, 31.570234387361452 ], [ 35.163028413753679, 31.569213238824702 ], [ 35.162599265250378, 31.568620683022402 ], [ 35.161526037296277, 31.567791170344684 ], [ 35.160586205906569, 31.567177579664502 ], [ 35.159489457491937, 31.566731900464426 ], [ 35.157887829300222, 31.566510933251891 ], [ 35.156510029754195, 31.566315395108347 ], [ 35.155450736325143, 31.566060215477822 ], [ 35.154100536731654, 31.565673014336273 ], [ 35.153390204447525, 31.565357641773673 ], [ 35.152749854878358, 31.565285235053523 ], [ 35.151571224262824, 31.565388468732685 ], [ 35.151028261983058, 31.565397825647164 ], [ 35.149616802352206, 31.565119339739621 ], [ 35.148750219840998, 31.56494197335374 ], [ 35.148209843185938, 31.565034742497129 ], [ 35.147663838830802, 31.564906548451528 ], [ 35.146763583152186, 31.5648988181463 ], [ 35.146607035354975, 31.566283683075103 ], [ 35.144900397237691, 31.566650412698234 ], [ 35.144100882537685, 31.567360825041902 ], [ 35.14336774239748, 31.568234728036106 ], [ 35.142622107687806, 31.568566934709718 ], [ 35.141179313934643, 31.568591594575587 ], [ 35.139488408225489, 31.568727718906334 ], [ 35.138170864384904, 31.568750153661085 ], [ 35.137217449225162, 31.568229389724429 ], [ 35.13626948491023, 31.567922815805694 ], [ 35.135827478988787, 31.567821682751262 ], [ 35.135308755471314, 31.567079614934439 ], [ 35.134660796349749, 31.566177392451102 ], [ 35.133894437738931, 31.565596956504116 ], [ 35.133392783706604, 31.565605133943407 ], [ 35.13258730507156, 31.566049419139333 ], [ 35.131836893242991, 31.566147637592302 ], [ 35.131025013359832, 31.566343894819202 ], [ 35.130657621456699, 31.566604662292121 ], [ 35.13022820047015, 31.566422348762536 ], [ 35.128627938855956, 31.567250004079717 ], [ 35.128897189625306, 31.568898331614722 ], [ 35.12906244594366, 31.569910214803787 ], [ 35.132193240874606, 31.573379711362872 ], [ 35.132912999677934, 31.574917239908054 ], [ 35.132004954329275, 31.57613425265507 ], [ 35.131794870461235, 31.576414840339787 ], [ 35.131583299972647, 31.576700499833517 ], [ 35.131788435293899, 31.577497079756782 ], [ 35.132887074205506, 31.578261469463783 ], [ 35.133573429180728, 31.57875957054468 ], [ 35.133126228821489, 31.579364701518369 ], [ 35.133197806499851, 31.580049034397341 ], [ 35.134128510380236, 31.580693821910373 ], [ 35.133762942346394, 31.581092133652504 ], [ 35.132751370419321, 31.583517596876398 ], [ 35.132039907856146, 31.586075119559947 ], [ 35.131237655543991, 31.588266765238142 ], [ 35.129900888382195, 31.59058435605769 ], [ 35.127377540179616, 31.593729248889662 ], [ 35.125392175182185, 31.596930226893893 ], [ 35.12383473572163, 31.599952760640093 ], [ 35.126056037878882, 31.602779799873534 ], [ 35.127578118983074, 31.605496466063961 ], [ 35.128896444153817, 31.607598597390812 ], [ 35.129305749620265, 31.607841778458869 ], [ 35.132549945925327, 31.609607353266981 ], [ 35.135653332428568, 31.611122502241088 ], [ 35.13718279398001, 31.613081488944847 ], [ 35.137329778980138, 31.614086580999949 ], [ 35.136414152150216, 31.61464074337302 ], [ 35.13634237466924, 31.615068526848752 ], [ 35.136535873219088, 31.615960347636754 ], [ 35.137383126052335, 31.616852512641014 ], [ 35.136576177462828, 31.617605706521527 ], [ 35.136040520427755, 31.618694421113876 ], [ 35.133972698375231, 31.619768769779082 ], [ 35.131675547586489, 31.621327142074218 ], [ 35.13114092958925, 31.622460929139752 ], [ 35.132785820105283, 31.623698541190013 ], [ 35.133403903274775, 31.62540622470301 ], [ 35.133475377824595, 31.626491881176754 ], [ 35.133580235409838, 31.628079780372751 ], [ 35.133420226781979, 31.629502942386242 ], [ 35.134446937241108, 31.628620247868241 ], [ 35.136408300878031, 31.626541951211891 ], [ 35.138066854535104, 31.625201866715258 ], [ 35.13971640428305, 31.62419149932439 ], [ 35.141052629021786, 31.623999959514453 ], [ 35.142105831955334, 31.623445268257328 ], [ 35.14199456682335, 31.62434031265833 ], [ 35.140088437286103, 31.625856187165191 ], [ 35.138748046524647, 31.627014961961859 ], [ 35.137553465781473, 31.628047538158583 ], [ 35.137287280026648, 31.628565969228511 ], [ 35.136650830381306, 31.629805129648311 ], [ 35.136150103834353, 31.630778873720452 ], [ 35.136906485772819, 31.631792178981048 ], [ 35.137863203946097, 31.632281377191493 ], [ 35.138421828954961, 31.632567444348439 ], [ 35.139138544988455, 31.632417878134298 ], [ 35.139998734445534, 31.632236251504338 ], [ 35.142400829998799, 31.631569498969291 ], [ 35.143623031306475, 31.630851979076443 ], [ 35.143344243312313, 31.631540079286673 ], [ 35.145346739170236, 31.632180215270232 ], [ 35.147197367910628, 31.632347901920898 ], [ 35.149088515641708, 31.632243893516343 ], [ 35.150302895233985, 31.632162118781203 ], [ 35.15158036913806, 31.631759634064714 ], [ 35.154531886521326, 31.631552265033335 ], [ 35.157561169603582, 31.631920356796037 ], [ 35.159726156218909, 31.632580618671323 ], [ 35.160251104201571, 31.632828813125428 ], [ 35.160660421820559, 31.634512616496618 ], [ 35.16053867997001, 31.634918412322214 ], [ 35.162368001583239, 31.636867047440838 ] ] ] ] } },
{ "type": "Feature", "properties": { "Area": 88465.570312600001 }, "geometry": { "type": "MultiPolygon", "coordinates": [ [ [ [ 35.225977119212892, 31.612688684742697 ], [ 35.226137442036993, 31.612424862169519 ], [ 35.226362951118105, 31.612075914715287 ], [ 35.226464784178035, 31.611676822063821 ], [ 35.226469508323547, 31.611460373731163 ], [ 35.226476839898055, 31.611128937190355 ], [ 35.226430483193973, 31.610761998984668 ], [ 35.226290604439235, 31.610417623434742 ], [ 35.226111356010804, 31.610001105226154 ], [ 35.225863470156561, 31.609690003761632 ], [ 35.225523036276464, 31.60933044190784 ], [ 35.225126641223156, 31.609062202057991 ], [ 35.224822308002558, 31.608864404475558 ], [ 35.224488374137806, 31.608836837852529 ], [ 35.224057485211432, 31.608945692412345 ], [ 35.223719954765365, 31.609043821772172 ], [ 35.223474644512827, 31.609199430382951 ], [ 35.223258638532855, 31.609333614899246 ], [ 35.223400137472794, 31.609610917385787 ], [ 35.223538049803352, 31.610059574568837 ], [ 35.223637580243285, 31.610425378532611 ], [ 35.223925479056852, 31.610762970444799 ], [ 35.224036877424872, 31.611176120137895 ], [ 35.224268818156467, 31.611625325584107 ], [ 35.224361997185618, 31.612300018497518 ], [ 35.224623385575633, 31.612602101964239 ], [ 35.224981733680707, 31.612767198615277 ], [ 35.225492023760971, 31.612728786065485 ], [ 35.225977119212892, 31.612688684742697 ] ] ] ] } },
{ "type": "Feature", "properties": { "Area": 112840464.82200001 }, "geometry": { "type": "MultiPolygon", "coordinates": [ [ [ [ 35.187072671989007, 31.468704482779 ], [ 35.187610773478703, 31.468827999864622 ], [ 35.188262795714849, 31.469063137319136 ], [ 35.188839540011742, 31.469174816855794 ], [ 35.189207922755777, 31.469599310538449 ], [ 35.189359135207866, 31.469905405480809 ], [ 35.189513936921607, 31.470394132279644 ], [ 35.18931389823738, 31.471074468051736 ], [ 35.18968441856633, 31.471559274012524 ], [ 35.189977374433383, 31.471799997703762 ], [ 35.1905556079533, 31.471975365218938 ], [ 35.191344654894621, 31.471961919716513 ], [ 35.192205881594958, 31.471946785201922 ], [ 35.192778395829727, 31.471876378640776 ], [ 35.193637655386958, 31.471800920798422 ], [ 35.194214422859318, 31.471912576084677 ], [ 35.194870081572546, 31.472332002689871 ], [ 35.195309374902024, 31.472694479320289 ], [ 35.195812988339313, 31.472746372355051 ], [ 35.196166348910282, 31.472494431588608 ], [ 35.197024136388656, 31.47235807374237 ], [ 35.198539568004499, 31.472699740523272 ], [ 35.199185245625287, 31.472688494797215 ], [ 35.19981927309162, 31.472186282123992 ], [ 35.200310085491822, 31.471686316509544 ], [ 35.200869623763388, 31.471061214402187 ], [ 35.201515289859508, 31.471049956922705 ], [ 35.202382255959151, 31.471280517614588 ], [ 35.203039425589573, 31.471760779655103 ], [ 35.2039036074747, 31.471870139276653 ], [ 35.205051412628748, 31.471850409688752 ], [ 35.205983664843487, 31.471834054758027 ], [ 35.207202495994459, 31.471752300425457 ], [ 35.208134746884419, 31.471736493511106 ], [ 35.208561074811776, 31.471544266182942 ], [ 35.209482280602693, 31.47103410438487 ], [ 35.210110636819401, 31.470286077293306 ], [ 35.210814955019899, 31.469721238569932 ], [ 35.211589484409018, 31.469351988249048 ], [ 35.212460727928949, 31.469508075034245 ], [ 35.213333484595388, 31.469984888523289 ], [ 35.214583506434742, 31.471254761240004 ], [ 35.215170374349022, 31.471797534833915 ], [ 35.215110418047992, 31.472291885242942 ], [ 35.214695663392604, 31.472975660352045 ], [ 35.214202112628918, 31.473351672141767 ], [ 35.213639677818989, 31.473855641817419 ], [ 35.213870594063316, 31.47452809222094 ], [ 35.214377364774769, 31.474703921040472 ], [ 35.215168411255384, 31.474751205746848 ], [ 35.215603332593169, 31.474928726773236 ], [ 35.216118046924663, 31.47547206568947 ], [ 35.215990537091834, 31.476150744903482 ], [ 35.217141532846107, 31.476254915676385 ], [ 35.217858091398199, 31.476181564198992 ], [ 35.218651308406862, 31.476352836163816 ], [ 35.219446182230818, 31.47658441648878 ], [ 35.219866549275643, 31.476146952715197 ], [ 35.219856448428317, 31.475716304414345 ], [ 35.220566381066895, 31.475394920510489 ], [ 35.221285912318926, 31.475445558500184 ], [ 35.221946025530606, 31.476047477104824 ], [ 35.222812430589443, 31.476280717740124 ], [ 35.223830174641911, 31.476814933289756 ], [ 35.225206875899751, 31.477345700753656 ], [ 35.226438223349987, 31.477816165029051 ], [ 35.227733798545394, 31.477978274307667 ], [ 35.228447370474434, 31.477780855144498 ], [ 35.229226152415087, 31.47733709240924 ], [ 35.229792850148868, 31.477020194565839 ], [ 35.230513072771906, 31.477129402982108 ], [ 35.230597907323492, 31.477682916687233 ], [ 35.230699374356853, 31.478910021046829 ], [ 35.231155653814454, 31.480009096699014 ], [ 35.231244822694336, 31.480746931180523 ], [ 35.231470713465782, 31.481173587013391 ], [ 35.232917058397469, 31.481639997258569 ], [ 35.233286346639254, 31.482064363074294 ], [ 35.233236641379577, 31.482987676855757 ], [ 35.233180939871978, 31.483664665128956 ], [ 35.23313556474978, 31.484772863588745 ], [ 35.23271955231742, 31.48539581895125 ], [ 35.232678501965665, 31.486688338184468 ], [ 35.232778014213778, 31.487854562546399 ], [ 35.23279700306631, 31.488654978646935 ], [ 35.233401744286127, 31.489936078942755 ], [ 35.233987502493129, 31.490417324197161 ], [ 35.233937800479332, 31.491342891747017 ], [ 35.23402266719657, 31.491893583553491 ], [ 35.234465037538804, 31.492377677973781 ], [ 35.235200057639069, 31.493104081316602 ], [ 35.235284769079591, 31.493655335844366 ], [ 35.235662954387486, 31.494448899446944 ], [ 35.236456357924723, 31.494620060499486 ], [ 35.237908098705049, 31.495271297545703 ], [ 35.238495251027913, 31.495813398347046 ], [ 35.239155782793283, 31.496417480800186 ], [ 35.239524992845666, 31.496841827623854 ], [ 35.240107983297158, 31.497201291177955 ], [ 35.240555602745289, 31.497930561463715 ], [ 35.241001043865467, 31.498538640521623 ], [ 35.241368930677361, 31.498901541646923 ], [ 35.242248809984773, 31.499687047679011 ], [ 35.242337401378663, 31.500361740669671 ], [ 35.24264464786615, 31.501217871728887 ], [ 35.243087106310014, 31.501701371903156 ], [ 35.24331528986388, 31.502249758503208 ], [ 35.244247153248899, 31.502172811812347 ], [ 35.245112346546371, 31.502342205553383 ], [ 35.245480264381698, 31.502705658294456 ], [ 35.245770609509947, 31.502822245440065 ], [ 35.24634913784174, 31.502997359937844 ], [ 35.246853106169191, 31.50304905177094 ], [ 35.247427112417249, 31.503039277512386 ], [ 35.247995412107279, 31.502783176673521 ], [ 35.248427013039105, 31.502836577977487 ], [ 35.249074895229626, 31.502888211450401 ], [ 35.249941778308397, 31.503119012490718 ], [ 35.250245229665182, 31.50378967721679 ], [ 35.250826793010219, 31.50408652411496 ], [ 35.250699002891778, 31.504767489589653 ], [ 35.250425587859525, 31.505324498906727 ], [ 35.250506033616539, 31.505693113194738 ], [ 35.250869617507341, 31.505871666504174 ], [ 35.250805294274556, 31.506179456219257 ], [ 35.250601255575859, 31.506674436397542 ], [ 35.250037470021056, 31.507114868637338 ], [ 35.249324378806762, 31.507312407163816 ], [ 35.249185482114548, 31.507499595818761 ], [ 35.248476091561436, 31.507882013553168 ], [ 35.248052697876417, 31.50819612543917 ], [ 35.248147045991232, 31.509116573560814 ], [ 35.248235030776648, 31.509791261654335 ], [ 35.248254155938902, 31.510591672605976 ], [ 35.248625824081834, 31.511139999669876 ], [ 35.249217666934854, 31.511866933352561 ], [ 35.249806663736493, 31.512472111616969 ], [ 35.250614169535204, 31.513195016215274 ], [ 35.25121057422254, 31.514106823838119 ], [ 35.25130732418382, 31.51515127612689 ], [ 35.251979673449235, 31.516246245970883 ], [ 35.252715016157239, 31.51697310939586 ], [ 35.253533007429951, 31.518126637696856 ], [ 35.254331183315728, 31.518482570264332 ], [ 35.255269089020494, 31.518650739045587 ], [ 35.256133596958769, 31.518757490242113 ], [ 35.257434333732334, 31.519104180354784 ], [ 35.258806802165289, 31.519449699376324 ], [ 35.260254530000893, 31.519915796912038 ], [ 35.261335741110436, 31.520081603806254 ], [ 35.26214426107282, 31.520865310937474 ], [ 35.262150169946061, 31.521111069826013 ], [ 35.261952891064006, 31.521854080100535 ], [ 35.262037949816907, 31.522404750506183 ], [ 35.262058713347884, 31.523266033692899 ], [ 35.261867337584427, 31.524254802363377 ], [ 35.261021843785805, 31.524946242574636 ], [ 35.260748432791381, 31.52550552688033 ], [ 35.260402632377641, 31.526064278603716 ], [ 35.259907469391187, 31.526379587607966 ], [ 35.259047272023516, 31.526457744939144 ], [ 35.258478859339277, 31.526713894035549 ], [ 35.258059104253171, 31.527151480940297 ], [ 35.257719180781166, 31.527958238807287 ], [ 35.257442050578703, 31.528391254678155 ], [ 35.256525581616408, 31.529086639901855 ], [ 35.255447138247078, 31.529042544832809 ], [ 35.254441939341504, 31.529059852342858 ], [ 35.25328755994618, 31.528834829846065 ], [ 35.252424309693794, 31.528788935815655 ], [ 35.251640840814545, 31.529048517079136 ], [ 35.251144121609627, 31.529302915977464 ], [ 35.250583060730392, 31.529867356107896 ], [ 35.249874328478171, 31.530247525422279 ], [ 35.249443452527331, 31.530255005679155 ], [ 35.248718271140064, 31.529961022022107 ], [ 35.248144100696699, 31.529971365851278 ], [ 35.247506924825949, 31.530352624892505 ], [ 35.247019073844065, 31.530973955530389 ], [ 35.246387096800355, 31.531600968385941 ], [ 35.246043355010102, 31.532222247782475 ], [ 35.245622694905919, 31.53266035751675 ], [ 35.244905042880546, 31.532672987681497 ], [ 35.244544380964605, 31.532618425218597 ], [ 35.243893941426165, 31.532445016715165 ], [ 35.242890209770771, 31.53252367329171 ], [ 35.242170988522837, 31.532723427806005 ], [ 35.242074105135799, 31.533187358705092 ], [ 35.242303842066889, 31.533740253293118 ], [ 35.243097998338293, 31.535300259945686 ], [ 35.243109213523624, 31.535764722345764 ], [ 35.243185692282971, 31.539675454728538 ], [ 35.243213937215131, 31.541131410031941 ], [ 35.243169087115426, 31.542094738312535 ], [ 35.243096849658436, 31.542484257197408 ], [ 35.242317774697007, 31.543376782545664 ], [ 35.24195267672858, 31.543437766836512 ], [ 35.241225605256886, 31.543558604047252 ], [ 35.240705010843229, 31.543617374793307 ], [ 35.240687179472154, 31.543035670970969 ], [ 35.241101699466988, 31.542286996926133 ], [ 35.241417141409521, 31.541909246056509 ], [ 35.240759660789635, 31.541550939664514 ], [ 35.240113056338366, 31.54165483751942 ], [ 35.239584071357449, 31.542128468303932 ], [ 35.239279652824223, 31.542967858558288 ], [ 35.238964033337588, 31.543343349460887 ], [ 35.23849099161621, 31.54340153465699 ], [ 35.238127593069969, 31.543619771892619 ], [ 35.237493123843102, 31.544122168921085 ], [ 35.237214515887928, 31.544497082183089 ], [ 35.236864656581751, 31.544870321921081 ], [ 35.236730021683265, 31.545242942749709 ], [ 35.236243524516738, 31.545927925408389 ], [ 35.235900341770268, 31.546610052547649 ], [ 35.235768703760591, 31.547106115494195 ], [ 35.235711645539475, 31.547720530933582 ], [ 35.235364113861166, 31.548220591787089 ], [ 35.235013739650221, 31.548593826376742 ], [ 35.234449464829815, 31.549034750969501 ], [ 35.233891185817818, 31.549720868486158 ], [ 35.233330063600732, 31.550285231245685 ], [ 35.232487782285041, 31.551100487084828 ], [ 35.231291427777414, 31.552165518380168 ], [ 35.229859985259317, 31.552375497087713 ], [ 35.229366078550797, 31.552753817526543 ], [ 35.228302883218454, 31.552862245599222 ], [ 35.226720425534673, 31.55336138030037 ], [ 35.225749278518116, 31.553770207407343 ], [ 35.225557944195202, 31.55399683477928 ], [ 35.225504739533932, 31.554500764979256 ], [ 35.22564620005214, 31.55494491382893 ], [ 35.225325857714793, 31.555230183922319 ], [ 35.224677030639285, 31.555464211759116 ], [ 35.224355355046654, 31.555693112576439 ], [ 35.224172477196433, 31.556255683991665 ], [ 35.224188417029438, 31.556925321798008 ], [ 35.22446154102839, 31.557422999995055 ], [ 35.224927505346976, 31.557748727329802 ], [ 35.225651985441587, 31.557959421496072 ], [ 35.225600108240954, 31.558519154542012 ], [ 35.225155400526212, 31.559086279658104 ], [ 35.224519832315082, 31.559880028716247 ], [ 35.224205441410049, 31.560387944475476 ], [ 35.223624402867785, 31.56073187189352 ], [ 35.223236207864666, 31.560907794736465 ], [ 35.223044018808686, 31.561078051237246 ], [ 35.222926294363631, 31.561639483533177 ], [ 35.223199424959496, 31.562134909377406 ], [ 35.223015364374369, 31.562641111775562 ], [ 35.222565969969821, 31.562985015011353 ], [ 35.221611131478809, 31.564117559588873 ], [ 35.220738184263432, 31.565920853063034 ], [ 35.219789923156775, 31.567332962675316 ], [ 35.219234175636544, 31.568740510592605 ], [ 35.218343749124067, 31.569816091683478 ], [ 35.218031282941276, 31.570436725082153 ], [ 35.217852312590146, 31.571166131775158 ], [ 35.217738518415736, 31.571894404003487 ], [ 35.217224546784095, 31.572292970588041 ], [ 35.216432148041619, 31.571973447473109 ], [ 35.215171771564982, 31.571268973884155 ], [ 35.214168646448123, 31.570335055048179 ], [ 35.213626901383591, 31.569563996049567 ], [ 35.212889804200707, 31.568851005737791 ], [ 35.212488339750699, 31.568465482083944 ], [ 35.211237943996395, 31.568153282492524 ], [ 35.209929477311704, 31.568175892732967 ], [ 35.208688328614436, 31.56825147223978 ], [ 35.20614002568481, 31.568408232714631 ], [ 35.203654916865858, 31.5684510815762 ], [ 35.200780878201115, 31.568667481875043 ], [ 35.197711949287353, 31.568943556457775 ], [ 35.195428257926508, 31.569206086708167 ], [ 35.194600379571369, 31.569163750843035 ], [ 35.194654473444011, 31.569702058999791 ], [ 35.194962574045292, 31.569818197914653 ], [ 35.195291740781151, 31.569956884348738 ], [ 35.195901845431699, 31.570307528452979 ], [ 35.196431462003929, 31.570744969675232 ], [ 35.196771642096373, 31.57112659430361 ], [ 35.197093552454454, 31.571542600769838 ], [ 35.197186702551726, 31.5716677405551 ], [ 35.197510087041877, 31.572232554610377 ], [ 35.197694066405937, 31.57275226707068 ], [ 35.197833276156629, 31.573293396352152 ], [ 35.197911745325293, 31.573919072687826 ], [ 35.197862651663755, 31.574546433476041 ], [ 35.197686652374664, 31.57515631386989 ], [ 35.197628044962926, 31.575294973268843 ], [ 35.197450906759997, 31.575685586128436 ], [ 35.19732446595679, 31.576053091117675 ], [ 35.198978807078667, 31.577163035072541 ], [ 35.200159113886102, 31.578522647715232 ], [ 35.200857160041281, 31.579726100675114 ], [ 35.201124142117095, 31.580050780657512 ], [ 35.202096659043541, 31.579542373016341 ], [ 35.203115086056641, 31.579367086352075 ], [ 35.204676708899946, 31.578544136585265 ], [ 35.206325539434587, 31.577481043587088 ], [ 35.207789817018522, 31.576499666128896 ], [ 35.20851287374564, 31.575611866830986 ], [ 35.209795391840068, 31.574793935769769 ], [ 35.211174352933483, 31.574132122887573 ], [ 35.212936353852008, 31.573943751765398 ], [ 35.214902865905323, 31.574545603231766 ], [ 35.216676286708619, 31.57483235232473 ], [ 35.217799388126281, 31.575133238429352 ], [ 35.218821547895722, 31.575115653321248 ], [ 35.220202438716193, 31.574534347481652 ], [ 35.221221270752551, 31.574356661684867 ], [ 35.221884867481343, 31.574902203818972 ], [ 35.221905605884118, 31.575776450995729 ], [ 35.22145984949816, 31.576580302666262 ], [ 35.22084167986015, 31.577946152404532 ], [ 35.220676075914405, 31.578823805236425 ], [ 35.220412816034958, 31.579464165690435 ], [ 35.220330594186677, 31.579943857639488 ], [ 35.219704926062406, 31.580989538620656 ], [ 35.218961539686532, 31.581990136410443 ], [ 35.218882377882927, 31.582095551336593 ], [ 35.217963611684986, 31.58275852582824 ], [ 35.216077623554732, 31.583925504903583 ], [ 35.21332634791132, 31.584947093137544 ], [ 35.213019043342854, 31.585324208001943 ], [ 35.212668486348726, 31.586205243825994 ], [ 35.212228218171681, 31.58724805670068 ], [ 35.211688818850185, 31.588053005914578 ], [ 35.21059067334275, 31.588789213687217 ], [ 35.210696728272417, 31.58934442088999 ], [ 35.210812030883368, 31.590298703952868 ], [ 35.212236480587677, 31.591547710965351 ], [ 35.212997127836907, 31.59224942756574 ], [ 35.213759934818917, 31.593032307458074 ], [ 35.215444491160447, 31.593480851698011 ], [ 35.216831303046988, 31.59313914189898 ], [ 35.217415971426696, 31.592411953072514 ], [ 35.218535530868245, 31.591830693162688 ], [ 35.21967124342919, 31.591454596322318 ], [ 35.221015714703825, 31.591192323142529 ], [ 35.222807754299524, 31.590698868485752 ], [ 35.225687903949229, 31.589992709303477 ], [ 35.227645947740541, 31.589279892322498 ], [ 35.230297823283337, 31.588478410653977 ], [ 35.232069280236438, 31.588866405976109 ], [ 35.232543262980911, 31.588971144537755 ], [ 35.23309097202165, 31.590063973638575 ], [ 35.233615093858731, 31.590970231753808 ], [ 35.234045621475218, 31.591576074760304 ], [ 35.234586458715285, 31.592189217902025 ], [ 35.234697282770092, 31.592277123725118 ], [ 35.2354812892615, 31.592894714422737 ], [ 35.236385736090163, 31.593758592602882 ], [ 35.237156539081113, 31.59374486921233 ], [ 35.238409283603936, 31.594358938698093 ], [ 35.238382815470189, 31.595369600418252 ], [ 35.237788024417114, 31.596852200856482 ], [ 35.237878670500301, 31.597118791459931 ], [ 35.237121205851352, 31.598160643698353 ], [ 35.237046826592739, 31.598741239275256 ], [ 35.237194315138389, 31.599595719866375 ], [ 35.23753112153689, 31.600378565563155 ], [ 35.237832486915288, 31.601027266976416 ], [ 35.237896451973739, 31.601718305076293 ], [ 35.237756451052881, 31.602496764772919 ], [ 35.23746527860672, 31.603214387517319 ], [ 35.237234079828561, 31.60406163730336 ], [ 35.237744643446135, 31.604014157044475 ], [ 35.237891511415143, 31.604014118606237 ], [ 35.238186072028569, 31.604017986667372 ], [ 35.238626519138869, 31.604039288675462 ], [ 35.239064833724427, 31.604081445387301 ], [ 35.239355620278282, 31.604119131738372 ], [ 35.239784403750754, 31.604208636535823 ], [ 35.239928154581605, 31.604237343587091 ], [ 35.240502668096688, 31.604360625301556 ], [ 35.241020216742584, 31.60449124843673 ], [ 35.241416571017091, 31.604590339367157 ], [ 35.241847177000146, 31.604697874015443 ], [ 35.242417093636895, 31.604840876765625 ], [ 35.242898256061849, 31.604963048118496 ], [ 35.243436888722762, 31.605098164416471 ], [ 35.243828975715537, 31.605217541128003 ], [ 35.244168708285194, 31.605346515269876 ], [ 35.244633916156424, 31.605496304670226 ], [ 35.245069676394372, 31.605700777345088 ], [ 35.245589120494202, 31.605991462436403 ], [ 35.246170360961564, 31.60638922170715 ], [ 35.246529110422543, 31.606682773734608 ], [ 35.246942902927827, 31.607077202583955 ], [ 35.247244212361693, 31.607414173953742 ], [ 35.247516882527833, 31.607770318900979 ], [ 35.24776025228558, 31.608140564839506 ], [ 35.248067280158786, 31.608721035812067 ], [ 35.248168026020757, 31.609019180417196 ], [ 35.248345113173499, 31.60953712823914 ], [ 35.248417333428606, 31.60974791426883 ], [ 35.248565519646434, 31.610428207336408 ], [ 35.248719484308126, 31.611136117756903 ], [ 35.249331136100423, 31.610989914653139 ], [ 35.250410733164287, 31.6107973202942 ], [ 35.252540019677532, 31.610236251851674 ], [ 35.256983009960166, 31.608663000131013 ], [ 35.257419772777254, 31.60852923079409 ], [ 35.258087361361774, 31.608354779204134 ], [ 35.258973763422723, 31.608156556842779 ], [ 35.260162034268227, 31.608052329029782 ], [ 35.262108651142448, 31.608114594742663 ], [ 35.262471877206529, 31.608101465776993 ], [ 35.26306852534794, 31.607989587274236 ], [ 35.264530729822454, 31.607553193628174 ], [ 35.264857244083096, 31.607299389927206 ], [ 35.270123151968157, 31.605724161146828 ], [ 35.272190260016281, 31.602842184269967 ], [ 35.27303884384348, 31.601927464702356 ], [ 35.273433516200868, 31.601501120410997 ], [ 35.275097888334976, 31.600587634470195 ], [ 35.277166805222798, 31.600162595558995 ], [ 35.281290014358675, 31.600017008809779 ], [ 35.282660869918629, 31.598486385953084 ], [ 35.285372862822967, 31.596625160068808 ], [ 35.287381349364381, 31.595599125366316 ], [ 35.287791566140108, 31.595537982239914 ], [ 35.289513924159124, 31.595114659982379 ], [ 35.29217295401584, 31.595134279962735 ], [ 35.294426642813889, 31.595483875838624 ], [ 35.294942191912241, 31.595562988449377 ], [ 35.296874924704646, 31.596143307764432 ], [ 35.299390181549334, 31.597547809798115 ], [ 35.303958903102071, 31.601722787529209 ], [ 35.304383317922508, 31.602299086223617 ], [ 35.305173532927448, 31.602826056447 ], [ 35.305354596497246, 31.602933009969934 ], [ 35.305544047791713, 31.603030937939689 ], [ 35.305841536335805, 31.603154144829958 ], [ 35.306048080198586, 31.603222747851834 ], [ 35.3062588898879, 31.603277255492909 ], [ 35.306472998331536, 31.603336833140972 ], [ 35.306680795548239, 31.603346249231539 ], [ 35.307278379103941, 31.603412281869094 ], [ 35.30743415371731, 31.603427375281747 ], [ 35.319208602986812, 31.604688964234782 ], [ 35.319426225248542, 31.60398136816513 ], [ 35.319886074517328, 31.603032867640117 ], [ 35.32034386609196, 31.602025745962351 ], [ 35.319224487967958, 31.601398833420426 ], [ 35.31920854733567, 31.600752323021997 ], [ 35.319523039621778, 31.600234594680703 ], [ 35.320153883643265, 31.599912171336037 ], [ 35.320704034656181, 31.599843468040238 ], [ 35.321108772132725, 31.599484043680754 ], [ 35.321069252736329, 31.59789510521064 ], [ 35.321481026743584, 31.595008757346555 ], [ 35.321499926366137, 31.593008287790116 ], [ 35.32167805939217, 31.591827806550505 ], [ 35.321846857565944, 31.590296169041316 ], [ 35.321938331146946, 31.588414001281681 ], [ 35.322319605013881, 31.587113270200078 ], [ 35.322981760240005, 31.585984759508555 ], [ 35.323433537790386, 31.584740889586726 ], [ 35.323769721841273, 31.584383210910079 ], [ 35.323824115982696, 31.583793564080718 ], [ 35.323812486592942, 31.583322912710369 ], [ 35.324145715049994, 31.582847429249231 ], [ 35.324271532149993, 31.582374394303635 ], [ 35.324251219270124, 31.581551458823963 ], [ 35.324438878631518, 31.580783567458369 ], [ 35.325119724440441, 31.58041766945092 ], [ 35.325451543327858, 31.579883562289865 ], [ 35.32535913864168, 31.578945143065862 ], [ 35.325198094466664, 31.578005661201793 ], [ 35.325381561421118, 31.577061907625751 ], [ 35.32555896109038, 31.575884237183839 ], [ 35.325676731175797, 31.575056660777715 ], [ 35.325624122149598, 31.57294295502091 ], [ 35.326077359746755, 31.571757693490341 ], [ 35.326473759148854, 31.571044838615943 ], [ 35.326794629744917, 31.570098696035636 ], [ 35.327083844831122, 31.567858963357899 ], [ 35.327195855945817, 31.566799158535616 ], [ 35.327436430267717, 31.565383554672181 ], [ 35.327666909031556, 31.563555354035781 ], [ 35.327775298109437, 31.56237830831396 ], [ 35.327468886980462, 31.561148677409943 ], [ 35.327071349137881, 31.560199840363634 ], [ 35.326727622705441, 31.560250900005826 ], [ 35.325962831045679, 31.560362108800106 ], [ 35.325044065719673, 31.560399054075646 ], [ 35.324184920150046, 31.56034236777516 ], [ 35.323214014591763, 31.560403022863817 ], [ 35.322781968510277, 31.560500938522264 ], [ 35.322254814306753, 31.56061190484057 ], [ 35.32169308495051, 31.560712190997549 ], [ 35.321374193057395, 31.560754194748977 ], [ 35.320693273933465, 31.560825274720965 ], [ 35.320270366919658, 31.560864551961078 ], [ 35.319757760412273, 31.560898835759886 ], [ 35.319265526867476, 31.560905479397722 ], [ 35.318306639258822, 31.560841515488139 ], [ 35.317365943334813, 31.560576861991343 ], [ 35.316926694869082, 31.559342249554472 ], [ 35.316796512570527, 31.557964755552316 ], [ 35.316272541720295, 31.556876205270726 ], [ 35.316244599328918, 31.554973843948083 ], [ 35.316499431177384, 31.553670415708577 ], [ 35.316579376944716, 31.553231810264275 ], [ 35.317084289396078, 31.550252932769911 ], [ 35.316992777822115, 31.549826314923074 ], [ 35.31679730393283, 31.548468041131532 ], [ 35.316438389449118, 31.547344960720068 ], [ 35.316024159275031, 31.546053389849341 ], [ 35.315133524401972, 31.544854109184598 ], [ 35.314842751006537, 31.544697096509825 ], [ 35.314148217389828, 31.544428259863246 ], [ 35.314154931597379, 31.543979008384145 ], [ 35.314118833138423, 31.542518567816565 ], [ 35.314300337570998, 31.542109750412163 ], [ 35.314477867447124, 31.541540289874188 ], [ 35.314648525388606, 31.540725637994107 ], [ 35.314632460778718, 31.540076866244245 ], [ 35.314242298257227, 31.539758727714723 ], [ 35.313757956243698, 31.539524091910419 ], [ 35.312425131340895, 31.539600193102942 ], [ 35.313930810865998, 31.536502101275499 ], [ 35.313703850115068, 31.531780416783537 ], [ 35.312007149379617, 31.529939211544619 ], [ 35.310620673088806, 31.529008620376782 ], [ 35.310163732264364, 31.528651630825841 ], [ 35.308219708151015, 31.526941350571246 ], [ 35.307717536550157, 31.526427124213374 ], [ 35.306178660922036, 31.52459473101068 ], [ 35.305831360459784, 31.524120958136052 ], [ 35.305474100706647, 31.523561513883951 ], [ 35.304677946168439, 31.522547529409529 ], [ 35.304148247264905, 31.521476964985101 ], [ 35.301732742104107, 31.517755200843883 ], [ 35.301456521716936, 31.517092530833299 ], [ 35.300977096173177, 31.516375337402703 ], [ 35.30023975528065, 31.515824619268781 ], [ 35.299737774513865, 31.51539660247467 ], [ 35.299424699229633, 31.515029883915627 ], [ 35.299114534801618, 31.514774206116492 ], [ 35.298899103987452, 31.514175744019472 ], [ 35.297709847169202, 31.511881901005626 ], [ 35.296576142983461, 31.509484853670834 ], [ 35.29547343820618, 31.50727716783291 ], [ 35.293725425335005, 31.505290320557783 ], [ 35.2907788554094, 31.502285703221812 ], [ 35.290322966697907, 31.501775320802498 ], [ 35.288167982130801, 31.499277415041743 ], [ 35.28765200894307, 31.498672928412173 ], [ 35.286430433252839, 31.496683943848144 ], [ 35.28421277817187, 31.494299308207964 ], [ 35.283675143082533, 31.494076990566001 ], [ 35.282321415961576, 31.493187778272997 ], [ 35.281765632156883, 31.492681371069605 ], [ 35.281404847615981, 31.492315763147342 ], [ 35.28090839653143, 31.49175407620001 ], [ 35.280260704478124, 31.49084581637257 ], [ 35.279648461736052, 31.49044822267135 ], [ 35.278919658043286, 31.489879900128422 ], [ 35.277684880615425, 31.488713240176146 ], [ 35.27742106057724, 31.48844282646472 ], [ 35.276155718357074, 31.487040552245364 ], [ 35.275267526929326, 31.486790211238802 ], [ 35.274544929854443, 31.48653244560867 ], [ 35.273630164543668, 31.486136115612606 ], [ 35.273029558985023, 31.485830926531882 ], [ 35.272172778101151, 31.485328020121919 ], [ 35.271357217622082, 31.484736025492897 ], [ 35.270922984127097, 31.484349006207452 ], [ 35.269948706074977, 31.484156731555554 ], [ 35.268734194050495, 31.483736281469412 ], [ 35.267021082281389, 31.483265897542886 ], [ 35.265213156430391, 31.482871632079021 ], [ 35.263252823577375, 31.482232211860516 ], [ 35.261049664969086, 31.4816238714779 ], [ 35.258687181651617, 31.480702720133905 ], [ 35.256490987486842, 31.478894793547457 ], [ 35.254372804269572, 31.47644533360101 ], [ 35.252938416075651, 31.473710922978942 ], [ 35.252705530970736, 31.473266269520479 ], [ 35.251893803963682, 31.472001680768635 ], [ 35.250566423872392, 31.469935160117156 ], [ 35.24926000258688, 31.466187729557287 ], [ 35.249153425597079, 31.465412145644752 ], [ 35.248919817920829, 31.463707100183203 ], [ 35.2482242666917, 31.462034906169741 ], [ 35.247542642526575, 31.460923563512843 ], [ 35.246669571088887, 31.459944744888364 ], [ 35.246099972170086, 31.459661401289171 ], [ 35.245428093478019, 31.459312701223734 ], [ 35.244312662558869, 31.458536304427902 ], [ 35.243757287247774, 31.458027474342366 ], [ 35.24306979607487, 31.457241351727539 ], [ 35.242507735225267, 31.456425876732354 ], [ 35.242215907438911, 31.455934998791985 ], [ 35.241730246613415, 31.454978014145318 ], [ 35.241286034518048, 31.454054836329739 ], [ 35.240892399369613, 31.452546543233595 ], [ 35.240735139864363, 31.452267566652207 ], [ 35.240319130778211, 31.451530391310573 ], [ 35.239696247966442, 31.450558217350924 ], [ 35.239376962354534, 31.449961931953013 ], [ 35.239147456977008, 31.449433826607951 ], [ 35.238958990172534, 31.449193750071647 ], [ 35.238270811779657, 31.448491025356862 ], [ 35.237522926744852, 31.448118065018722 ], [ 35.236208960946193, 31.447333755896278 ], [ 35.235715574540215, 31.447047528151046 ], [ 35.23513510446061, 31.446858836055128 ], [ 35.234236907923467, 31.446692199285849 ], [ 35.233797175426091, 31.446593657028551 ], [ 35.23260881838214, 31.446276008904999 ], [ 35.232175005146267, 31.446171259287318 ], [ 35.23146754997088, 31.446201285869787 ], [ 35.231022624753486, 31.446322006691723 ], [ 35.230681203015486, 31.446260072446062 ], [ 35.229236377746084, 31.446334766692374 ], [ 35.227849561680969, 31.446359266510534 ], [ 35.227177768338279, 31.446370661424922 ], [ 35.226385014063808, 31.446460988848031 ], [ 35.225803302711967, 31.446498290327963 ], [ 35.224959409126264, 31.446513084354059 ], [ 35.224262136449049, 31.446525031749132 ], [ 35.223819482603837, 31.446553283683599 ], [ 35.222732031595349, 31.446804281666825 ], [ 35.220570911188048, 31.447256644340651 ], [ 35.219149576392581, 31.447383080395866 ], [ 35.218002722613349, 31.447351077732883 ], [ 35.217073987252874, 31.447254220184359 ], [ 35.216045137727022, 31.447064357868058 ], [ 35.215474411478873, 31.446930252741133 ], [ 35.214624402289459, 31.446685686434112 ], [ 35.214293833960966, 31.446578613247858 ], [ 35.213320376773936, 31.44623427640726 ], [ 35.2127872934553, 31.446016168334236 ], [ 35.212026045144974, 31.445578236634177 ], [ 35.211607861904106, 31.445324041195441 ], [ 35.211037821606645, 31.445353947133079 ], [ 35.210613906335382, 31.445361296303449 ], [ 35.210244725455361, 31.445344967013476 ], [ 35.209649373742138, 31.445418834975488 ], [ 35.209157411782527, 31.445501715237285 ], [ 35.208678763004187, 31.445581774762413 ], [ 35.208097699795395, 31.445422835161121 ], [ 35.207618063061084, 31.445467378907988 ], [ 35.207211076397698, 31.445442586624555 ], [ 35.206553589129967, 31.445526024117594 ], [ 35.20537388897931, 31.445609463350102 ], [ 35.204948492870152, 31.445634831546343 ], [ 35.204527370203792, 31.445648924723788 ], [ 35.204175284117483, 31.445580719356599 ], [ 35.202981610467674, 31.445598749647935 ], [ 35.202618511595617, 31.445591417328327 ], [ 35.201605323151512, 31.445455552490994 ], [ 35.201237950807766, 31.44546174448746 ], [ 35.200491032433227, 31.445715943698708 ], [ 35.200097354201318, 31.44583543131241 ], [ 35.198838730660896, 31.446168517947367 ], [ 35.197056084008508, 31.446365716432194 ], [ 35.196090061627459, 31.446330709399092 ], [ 35.195297132631836, 31.446222429070772 ], [ 35.194317028820564, 31.448771316306701 ], [ 35.193802860182018, 31.448717161623065 ], [ 35.193626755895437, 31.449202475237435 ], [ 35.192610700891613, 31.45075137765425 ], [ 35.191892429158536, 31.451419833619372 ], [ 35.190943727104084, 31.451765273167037 ], [ 35.189237482238532, 31.452450517069817 ], [ 35.188267963398559, 31.453287462712183 ], [ 35.188006722635883, 31.454413097198898 ], [ 35.18783031177194, 31.456411317249902 ], [ 35.187807400948387, 31.459554951859023 ], [ 35.187139924461093, 31.462382839774239 ], [ 35.187604065632833, 31.465876580264993 ], [ 35.187558955403851, 31.468064773002219 ], [ 35.187072671989007, 31.468704482779 ] ], [ [ 35.236023543361817, 31.564515573915845 ], [ 35.235778975845641, 31.565987938891173 ], [ 35.235239947521322, 31.567433318355416 ], [ 35.234967017712876, 31.568299743582553 ], [ 35.234508242570918, 31.569105899447269 ], [ 35.233828162928255, 31.569634215878711 ], [ 35.233001726264398, 31.570070119777689 ], [ 35.232672013135662, 31.570488435600637 ], [ 35.232308969730568, 31.571191410664778 ], [ 35.231398316301288, 31.572460988754909 ], [ 35.231036233819033, 31.573130703330968 ], [ 35.230825524881247, 31.573621138926526 ], [ 35.230614642354773, 31.574087336418952 ], [ 35.230136606934387, 31.574525967873324 ], [ 35.229773681469609, 31.574577334333149 ], [ 35.229337750619685, 31.57429896785986 ], [ 35.229029946951151, 31.573652499560662 ], [ 35.228751578345637, 31.572883708712517 ], [ 35.22852735924068, 31.572089541847244 ], [ 35.228366065957779, 31.571481373451594 ], [ 35.22827598817193, 31.570657869941339 ], [ 35.228332573722206, 31.569881123400162 ], [ 35.228533209011999, 31.569241884877545 ], [ 35.228924558548677, 31.568448164142318 ], [ 35.229437362518283, 31.567640890302478 ], [ 35.229929508015189, 31.567156600966179 ], [ 35.230596266647453, 31.566650854577169 ], [ 35.231325451510806, 31.566340684812729 ], [ 35.231714519471069, 31.56631129141099 ], [ 35.232409903219008, 31.56636694411139 ], [ 35.232876206413117, 31.566487466272914 ], [ 35.233266731427548, 31.566379154109416 ], [ 35.233476609937355, 31.565958045471525 ], [ 35.233577872610425, 31.565570781481235 ], [ 35.233710512269603, 31.565000317606497 ], [ 35.233767857446587, 31.564176219568353 ], [ 35.233775116305409, 31.563181904687195 ], [ 35.233751663470954, 31.56239277249675 ], [ 35.233792592482082, 31.56170677698325 ], [ 35.233803783315153, 31.561181434137243 ], [ 35.233984060220415, 31.560873628781959 ], [ 35.234374728747099, 31.560776586511768 ], [ 35.235017393931308, 31.560785452848318 ], [ 35.235655680611913, 31.560988783128167 ], [ 35.236077587199411, 31.561290242591713 ], [ 35.236483745309457, 31.561732058381491 ], [ 35.236750757162852, 31.562410649444001 ], [ 35.237073207840275, 31.563009184617727 ], [ 35.237238581596849, 31.563400892633116 ], [ 35.23734917893043, 31.563869837282333 ], [ 35.237077203729527, 31.564084665241403 ], [ 35.236023543361817, 31.564515573915845 ] ] ] ] } },
{ "type": "Feature", "properties": { "Area": 4164938.9423799999 }, "geometry": { "type": "MultiPolygon", "coordinates": [ [ [ [ 35.115557523557172, 31.58168164667314 ], [ 35.116321241307489, 31.581588042697891 ], [ 35.115621502274664, 31.580871136855581 ], [ 35.115116432433204, 31.580403504432045 ], [ 35.114727278951079, 31.579907204292233 ], [ 35.114569286645818, 31.579359771809624 ], [ 35.114555237776621, 31.57873296315228 ], [ 35.114371121206418, 31.578310082600353 ], [ 35.114185434614186, 31.577809978123 ], [ 35.114176905894269, 31.57743626015743 ], [ 35.114106023265705, 31.576860141274587 ], [ 35.114211640356714, 31.576407026615339 ], [ 35.114258869277698, 31.57590595887622 ], [ 35.114454896465702, 31.575575787350722 ], [ 35.114509680820028, 31.575261298979019 ], [ 35.112853432137193, 31.573962559083753 ], [ 35.109979008565709, 31.572226624165708 ], [ 35.108850163607137, 31.570991914908834 ], [ 35.108496978952047, 31.570158548153266 ], [ 35.108661871061052, 31.569057826649939 ], [ 35.108578300461268, 31.568213388110482 ], [ 35.108478262925736, 31.567861020033803 ], [ 35.106268674397668, 31.567717298608997 ], [ 35.103759734613028, 31.567551320619334 ], [ 35.096080897260194, 31.567618886065734 ], [ 35.092493374024841, 31.568893069612489 ], [ 35.092649016529045, 31.569079780089901 ], [ 35.09306301074168, 31.569727232907248 ], [ 35.093396007306559, 31.570395469759987 ], [ 35.093640015618234, 31.570881000015202 ], [ 35.09380514844608, 31.571259364547586 ], [ 35.093824663952489, 31.572016951839696 ], [ 35.094846467001105, 31.573420802154693 ], [ 35.095051939785961, 31.574923717624209 ], [ 35.094247102635528, 31.57697985146828 ], [ 35.091880856965638, 31.578968665467926 ], [ 35.089758763074563, 31.579770006357709 ], [ 35.088259872318631, 31.580148565239675 ], [ 35.087712805650952, 31.58166151446256 ], [ 35.089085647458766, 31.583008234658443 ], [ 35.092832988424703, 31.58597475969043 ], [ 35.093429004991435, 31.586447631671835 ], [ 35.094295248803753, 31.587132672766646 ], [ 35.09581003240487, 31.588314287604845 ], [ 35.097303311661477, 31.589475574294152 ], [ 35.098444118195467, 31.589366610149142 ], [ 35.100578723712658, 31.589140076943799 ], [ 35.103488978978881, 31.59002567411266 ], [ 35.103838364312772, 31.589365895511921 ], [ 35.104275811214848, 31.58840462302723 ], [ 35.106077220593463, 31.58704702011417 ], [ 35.107900072915811, 31.58607664708946 ], [ 35.109573615041043, 31.584421281251025 ], [ 35.111309438032855, 31.583808159710131 ], [ 35.11242707872006, 31.58256100877594 ], [ 35.114214634764153, 31.581845860887697 ], [ 35.115557523557172, 31.58168164667314 ] ] ] ] } },
{ "type": "Feature", "properties": { "Area": 206535.14160100001 }, "geometry": { "type": "MultiPolygon", "coordinates": [ [ [ [ 35.116321241307489, 31.581588042697891 ], [ 35.116589257451707, 31.581556098036955 ], [ 35.117617204053573, 31.580540507004905 ], [ 35.118855758673647, 31.57995850927875 ], [ 35.119227429591383, 31.579068162088102 ], [ 35.118651345967912, 31.577587584610811 ], [ 35.11612779056437, 31.57603296108168 ], [ 35.114509680820028, 31.575261298979019 ], [ 35.114454896465702, 31.575575787350722 ], [ 35.114258869277698, 31.57590595887622 ], [ 35.114211640356714, 31.576407026615339 ], [ 35.114106023265705, 31.576860141274587 ], [ 35.114176905894269, 31.57743626015743 ], [ 35.114185434614186, 31.577809978123 ], [ 35.114371121206418, 31.578310082600353 ], [ 35.114555237776621, 31.57873296315228 ], [ 35.114569286645818, 31.579359771809624 ], [ 35.114727278951079, 31.579907204292233 ], [ 35.115116432433204, 31.580403504432045 ], [ 35.115621502274664, 31.580871136855581 ], [ 35.116321241307489, 31.581588042697891 ] ] ] ] } },
{ "type": "Feature", "properties": { "Area": 1738968.8544900001 }, "geometry": { "type": "MultiPolygon", "coordinates": [ [ [ [ 35.190451100624408, 31.572428136883016 ], [ 35.189989391599383, 31.572564493588526 ], [ 35.1893828193544, 31.57281412914131 ], [ 35.188238335504472, 31.573117807197963 ], [ 35.187517054208307, 31.573240593854731 ], [ 35.18675726725661, 31.573300803899066 ], [ 35.186275977162644, 31.573356539832748 ], [ 35.185815400731201, 31.573537975100415 ], [ 35.185375552239023, 31.573766196293036 ], [ 35.184895394699488, 31.573900840814797 ], [ 35.184450154076288, 31.57392444624082 ], [ 35.184171002892278, 31.57389734630268 ], [ 35.183908167689623, 31.573775552021548 ], [ 35.183571428820976, 31.573655436191945 ], [ 35.183158657778989, 31.573488522362815 ], [ 35.182765471519176, 31.573337393236464 ], [ 35.182354828086936, 31.573234171737074 ], [ 35.181927209484321, 31.573225642292794 ], [ 35.181482461259279, 31.573265020196693 ], [ 35.181037548205651, 31.573303832853817 ], [ 35.180632443075872, 31.57343734771861 ], [ 35.180373313384962, 31.57365149343201 ], [ 35.179733472047545, 31.573229183733567 ], [ 35.17867642540233, 31.570868330219366 ], [ 35.178132734725892, 31.569261199232876 ], [ 35.17768444242148, 31.567935920125773 ], [ 35.174689920276094, 31.5654342587043 ], [ 35.172756750957916, 31.563437841202692 ], [ 35.171428150771987, 31.560969195837782 ], [ 35.171787334755102, 31.559312662026883 ], [ 35.172403054249955, 31.557215964801468 ], [ 35.172604718657603, 31.554585929482958 ], [ 35.172029381939026, 31.555130290787773 ], [ 35.171632165464757, 31.555481919954076 ], [ 35.171034811490898, 31.555897754235161 ], [ 35.17033736394265, 31.556401491640933 ], [ 35.169707228430269, 31.556874241611506 ], [ 35.169074980295719, 31.557259055309665 ], [ 35.168444019967211, 31.557705306261582 ], [ 35.167817101251302, 31.558322347254744 ], [ 35.167287505088609, 31.558764112008806 ], [ 35.166622942424311, 31.559237963934219 ], [ 35.165957739014829, 31.559652626830001 ], [ 35.165395998035798, 31.560182870157526 ], [ 35.164832806399033, 31.560625741693524 ], [ 35.164422957966991, 31.561150954529669 ], [ 35.164417164379529, 31.561615416624274 ], [ 35.164585051797758, 31.561955361859628 ], [ 35.164961437957935, 31.562346101593924 ], [ 35.165442937377684, 31.56247307484637 ], [ 35.166162944519741, 31.562517258367123 ], [ 35.167486341162146, 31.562438733408701 ], [ 35.168682510950838, 31.562377633044161 ], [ 35.169084847364601, 31.562522044211249 ], [ 35.16938191242842, 31.562954460536073 ], [ 35.169510832682484, 31.563689520968861 ], [ 35.169778572151131, 31.564219443126227 ], [ 35.17017840522476, 31.56493597469693 ], [ 35.170786113433415, 31.565649741394413 ], [ 35.171568299806999, 31.56633536656669 ], [ 35.172118324065863, 31.567336019635324 ], [ 35.1727636649576, 31.568310765015426 ], [ 35.17345749915247, 31.570008142502694 ], [ 35.173655842937926, 31.570974319020358 ], [ 35.173744049718273, 31.572025582733499 ], [ 35.173974229388868, 31.572294507749934 ], [ 35.174197689107018, 31.572990128043699 ], [ 35.174518577673091, 31.573735373522204 ], [ 35.174997178579702, 31.574410195884386 ], [ 35.175500366443714, 31.575441260495719 ], [ 35.175958470074683, 31.575911462774634 ], [ 35.176736067031115, 31.576391878922298 ], [ 35.177143841027231, 31.576766242351262 ], [ 35.17737173257018, 31.577623630396229 ], [ 35.177451030374584, 31.578339505946047 ], [ 35.177824778121497, 31.578587598218324 ], [ 35.178531707816603, 31.578772062700843 ], [ 35.179206124405589, 31.579285699132551 ], [ 35.179778379775236, 31.579598646455572 ], [ 35.180411887359753, 31.579855799554345 ], [ 35.181537683273277, 31.579676759267748 ], [ 35.182595213165314, 31.579281812500291 ], [ 35.183842184423035, 31.578938181357373 ], [ 35.184652752998296, 31.578710023403982 ], [ 35.185704551069435, 31.578047307486951 ], [ 35.186942840596849, 31.577327114245815 ], [ 35.187874564414734, 31.576934361080188 ], [ 35.189304237019741, 31.576319011750872 ], [ 35.190244772445581, 31.576303336536007 ], [ 35.191184656857359, 31.576232978484832 ], [ 35.192244726812227, 31.575946176267607 ], [ 35.193290217139477, 31.575015090750274 ], [ 35.19345783627513, 31.574525277116368 ], [ 35.193699527547459, 31.573991503276471 ], [ 35.193580741047086, 31.573533230593316 ], [ 35.193258839452405, 31.573117215411752 ], [ 35.191606711168888, 31.572491952201506 ], [ 35.190451100624408, 31.572428136883016 ] ] ] ] } },
{ "type": "Feature", "properties": { "Area": 509099.16308500001 }, "geometry": { "type": "MultiPolygon", "coordinates": [ [ [ [ 35.236023543361817, 31.564515573915845 ], [ 35.237077203729527, 31.564084665241403 ], [ 35.23734917893043, 31.563869837282333 ], [ 35.237238581596849, 31.563400892633116 ], [ 35.237073207840275, 31.563009184617727 ], [ 35.236750757162852, 31.562410649444001 ], [ 35.236483745309457, 31.561732058381491 ], [ 35.236077587199411, 31.561290242591713 ], [ 35.235655680611913, 31.560988783128167 ], [ 35.235017393931308, 31.560785452848318 ], [ 35.234374728747099, 31.560776586511768 ], [ 35.233984060220415, 31.560873628781959 ], [ 35.233803783315153, 31.561181434137243 ], [ 35.233792592482082, 31.56170677698325 ], [ 35.233751663470954, 31.56239277249675 ], [ 35.233775116305409, 31.563181904687195 ], [ 35.233767857446587, 31.564176219568353 ], [ 35.233710512269603, 31.565000317606497 ], [ 35.233577872610425, 31.565570781481235 ], [ 35.233476609937355, 31.565958045471525 ], [ 35.233266731427548, 31.566379154109416 ], [ 35.232876206413117, 31.566487466272914 ], [ 35.232409903219008, 31.56636694411139 ], [ 35.231714519471069, 31.56631129141099 ], [ 35.231325451510806, 31.566340684812729 ], [ 35.230596266647453, 31.566650854577169 ], [ 35.229929508015189, 31.567156600966179 ], [ 35.229437362518283, 31.567640890302478 ], [ 35.228924558548677, 31.568448164142318 ], [ 35.228533209011999, 31.569241884877545 ], [ 35.228332573722206, 31.569881123400162 ], [ 35.22827598817193, 31.570657869941339 ], [ 35.228366065957779, 31.571481373451594 ], [ 35.22852735924068, 31.572089541847244 ], [ 35.228751578345637, 31.572883708712517 ], [ 35.229029946951151, 31.573652499560662 ], [ 35.229337750619685, 31.57429896785986 ], [ 35.229773681469609, 31.574577334333149 ], [ 35.230136606934387, 31.574525967873324 ], [ 35.230614642354773, 31.574087336418952 ], [ 35.230825524881247, 31.573621138926526 ], [ 35.231036233819033, 31.573130703330968 ], [ 35.231398316301288, 31.572460988754909 ], [ 35.232308969730568, 31.571191410664778 ], [ 35.232672013135662, 31.570488435600637 ], [ 35.233001726264398, 31.570070119777689 ], [ 35.233828162928255, 31.569634215878711 ], [ 35.234508242570918, 31.569105899447269 ], [ 35.234967017712876, 31.568299743582553 ], [ 35.235239947521322, 31.567433318355416 ], [ 35.235778975845641, 31.565987938891173 ], [ 35.236023543361817, 31.564515573915845 ] ] ] ] } },
{ "type": "Feature", "properties": { "Area": 74714698.170399994 }, "geometry": { "type": "MultiPolygon", "coordinates": [ [ [ [ 35.190451100624408, 31.572428136883016 ], [ 35.190588044458991, 31.571303068570732 ], [ 35.190361899098839, 31.569069787113918 ], [ 35.192938534980954, 31.569081880827682 ], [ 35.194600379571369, 31.569163750843035 ], [ 35.195428257926508, 31.569206086708167 ], [ 35.197711949287353, 31.568943556457775 ], [ 35.200780878201115, 31.568667481875043 ], [ 35.203654916865858, 31.5684510815762 ], [ 35.20614002568481, 31.568408232714631 ], [ 35.208688328614436, 31.56825147223978 ], [ 35.209929477311704, 31.568175892732967 ], [ 35.211237943996395, 31.568153282492524 ], [ 35.212488339750699, 31.568465482083944 ], [ 35.212889804200707, 31.568851005737791 ], [ 35.213626901383591, 31.569563996049567 ], [ 35.214168646448123, 31.570335055048179 ], [ 35.215171771564982, 31.571268973884155 ], [ 35.216432148041619, 31.571973447473109 ], [ 35.217224546784095, 31.572292970588041 ], [ 35.217738518415736, 31.571894404003487 ], [ 35.217852312590146, 31.571166131775158 ], [ 35.218031282941276, 31.570436725082153 ], [ 35.218343749124067, 31.569816091683478 ], [ 35.219234175636544, 31.568740510592605 ], [ 35.219789923156775, 31.567332962675316 ], [ 35.220738184263432, 31.565920853063034 ], [ 35.221611131478809, 31.564117559588873 ], [ 35.222565969969821, 31.562985015011353 ], [ 35.223015364374369, 31.562641111775562 ], [ 35.223199424959496, 31.562134909377406 ], [ 35.222926294363631, 31.561639483533177 ], [ 35.223044018808686, 31.561078051237246 ], [ 35.223236207864666, 31.560907794736465 ], [ 35.223624402867785, 31.56073187189352 ], [ 35.224205441410049, 31.560387944475476 ], [ 35.224519832315082, 31.559880028716247 ], [ 35.225155400526212, 31.559086279658104 ], [ 35.225600108240954, 31.558519154542012 ], [ 35.225651985441587, 31.557959421496072 ], [ 35.224927505346976, 31.557748727329802 ], [ 35.22446154102839, 31.557422999995055 ], [ 35.224188417029438, 31.556925321798008 ], [ 35.224172477196433, 31.556255683991665 ], [ 35.224355355046654, 31.555693112576439 ], [ 35.224677030639285, 31.555464211759116 ], [ 35.225325857714793, 31.555230183922319 ], [ 35.22564620005214, 31.55494491382893 ], [ 35.225504739533932, 31.554500764979256 ], [ 35.225557944195202, 31.55399683477928 ], [ 35.225749278518116, 31.553770207407343 ], [ 35.226720425534673, 31.55336138030037 ], [ 35.228302883218454, 31.552862245599222 ], [ 35.229366078550797, 31.552753817526543 ], [ 35.229859985259317, 31.552375497087713 ], [ 35.231291427777414, 31.552165518380168 ], [ 35.232487782285041, 31.551100487084828 ], [ 35.233330063600732, 31.550285231245685 ], [ 35.233891185817818, 31.549720868486158 ], [ 35.234449464829815, 31.549034750969501 ], [ 35.235013739650221, 31.548593826376742 ], [ 35.235364113861166, 31.548220591787089 ], [ 35.235711645539475, 31.547720530933582 ], [ 35.235768703760591, 31.547106115494195 ], [ 35.235900341770268, 31.546610052547649 ], [ 35.236243524516738, 31.545927925408389 ], [ 35.236730021683265, 31.545242942749709 ], [ 35.236864656581751, 31.544870321921081 ], [ 35.237214515887928, 31.544497082183089 ], [ 35.237493123843102, 31.544122168921085 ], [ 35.238127593069969, 31.543619771892619 ], [ 35.23849099161621, 31.54340153465699 ], [ 35.238964033337588, 31.543343349460887 ], [ 35.239279652824223, 31.542967858558288 ], [ 35.239584071357449, 31.542128468303932 ], [ 35.240113056338366, 31.54165483751942 ], [ 35.240759660789635, 31.541550939664514 ], [ 35.241417141409521, 31.541909246056509 ], [ 35.241101699466988, 31.542286996926133 ], [ 35.240687179472154, 31.543035670970969 ], [ 35.240705010843229, 31.543617374793307 ], [ 35.241225605256886, 31.543558604047252 ], [ 35.24195267672858, 31.543437766836512 ], [ 35.242317774697007, 31.543376782545664 ], [ 35.243096849658436, 31.542484257197408 ], [ 35.243169087115426, 31.542094738312535 ], [ 35.243213937215131, 31.541131410031941 ], [ 35.243185692282971, 31.539675454728538 ], [ 35.243109213523624, 31.535764722345764 ], [ 35.243097998338293, 31.535300259945686 ], [ 35.242303842066889, 31.533740253293118 ], [ 35.242074105135799, 31.533187358705092 ], [ 35.242170988522837, 31.532723427806005 ], [ 35.242890209770771, 31.53252367329171 ], [ 35.243893941426165, 31.532445016715165 ], [ 35.244544380964605, 31.532618425218597 ], [ 35.244905042880546, 31.532672987681497 ], [ 35.245622694905919, 31.53266035751675 ], [ 35.246043355010102, 31.532222247782475 ], [ 35.246387096800355, 31.531600968385941 ], [ 35.247019073844065, 31.530973955530389 ], [ 35.247506924825949, 31.530352624892505 ], [ 35.248144100696699, 31.529971365851278 ], [ 35.248718271140064, 31.529961022022107 ], [ 35.249443452527331, 31.530255005679155 ], [ 35.249874328478171, 31.530247525422279 ], [ 35.250583060730392, 31.529867356107896 ], [ 35.251144121609627, 31.529302915977464 ], [ 35.251640840814545, 31.529048517079136 ], [ 35.252424309693794, 31.528788935815655 ], [ 35.25328755994618, 31.528834829846065 ], [ 35.254441939341504, 31.529059852342858 ], [ 35.255447138247078, 31.529042544832809 ], [ 35.256525581616408, 31.529086639901855 ], [ 35.257442050578703, 31.528391254678155 ], [ 35.257719180781166, 31.527958238807287 ], [ 35.258059104253171, 31.527151480940297 ], [ 35.258478859339277, 31.526713894035549 ], [ 35.259047272023516, 31.526457744939144 ], [ 35.259907469391187, 31.526379587607966 ], [ 35.260402632377641, 31.526064278603716 ], [ 35.260748432791381, 31.52550552688033 ], [ 35.261021843785805, 31.524946242574636 ], [ 35.261867337584427, 31.524254802363377 ], [ 35.262058713347884, 31.523266033692899 ], [ 35.262037949816907, 31.522404750506183 ], [ 35.261952891064006, 31.521854080100535 ], [ 35.262150169946061, 31.521111069826013 ], [ 35.26214426107282, 31.520865310937474 ], [ 35.261335741110436, 31.520081603806254 ], [ 35.260254530000893, 31.519915796912038 ], [ 35.258806802165289, 31.519449699376324 ], [ 35.257434333732334, 31.519104180354784 ], [ 35.256133596958769, 31.518757490242113 ], [ 35.255269089020494, 31.518650739045587 ], [ 35.254331183315728, 31.518482570264332 ], [ 35.253533007429951, 31.518126637696856 ], [ 35.252715016157239, 31.51697310939586 ], [ 35.251979673449235, 31.516246245970883 ], [ 35.25130732418382, 31.51515127612689 ], [ 35.25121057422254, 31.514106823838119 ], [ 35.250614169535204, 31.513195016215274 ], [ 35.249806663736493, 31.512472111616969 ], [ 35.249217666934854, 31.511866933352561 ], [ 35.248625824081834, 31.511139999669876 ], [ 35.248254155938902, 31.510591672605976 ], [ 35.248235030776648, 31.509791261654335 ], [ 35.248147045991232, 31.509116573560814 ], [ 35.248052697876417, 31.50819612543917 ], [ 35.248476091561436, 31.507882013553168 ], [ 35.249185482114548, 31.507499595818761 ], [ 35.249324378806762, 31.507312407163816 ], [ 35.250037470021056, 31.507114868637338 ], [ 35.250601255575859, 31.506674436397542 ], [ 35.250805294274556, 31.506179456219257 ], [ 35.250869617507341, 31.505871666504174 ], [ 35.250506033616539, 31.505693113194738 ], [ 35.250425587859525, 31.505324498906727 ], [ 35.250699002891778, 31.504767489589653 ], [ 35.250826793010219, 31.50408652411496 ], [ 35.250245229665182, 31.50378967721679 ], [ 35.249941778308397, 31.503119012490718 ], [ 35.249074895229626, 31.502888211450401 ], [ 35.248427013039105, 31.502836577977487 ], [ 35.247995412107279, 31.502783176673521 ], [ 35.247427112417249, 31.503039277512386 ], [ 35.246853106169191, 31.50304905177094 ], [ 35.24634913784174, 31.502997359937844 ], [ 35.245770609509947, 31.502822245440065 ], [ 35.245480264381698, 31.502705658294456 ], [ 35.245112346546371, 31.502342205553383 ], [ 35.244247153248899, 31.502172811812347 ], [ 35.24331528986388, 31.502249758503208 ], [ 35.243087106310014, 31.501701371903156 ], [ 35.24264464786615, 31.501217871728887 ], [ 35.242337401378663, 31.500361740669671 ], [ 35.242248809984773, 31.499687047679011 ], [ 35.241368930677361, 31.498901541646923 ], [ 35.241001043865467, 31.498538640521623 ], [ 35.240555602745289, 31.497930561463715 ], [ 35.240107983297158, 31.497201291177955 ], [ 35.239524992845666, 31.496841827623854 ], [ 35.239155782793283, 31.496417480800186 ], [ 35.238495251027913, 31.495813398347046 ], [ 35.237908098705049, 31.495271297545703 ], [ 35.236456357924723, 31.494620060499486 ], [ 35.235662954387486, 31.494448899446944 ], [ 35.235284769079591, 31.493655335844366 ], [ 35.235200057639069, 31.493104081316602 ], [ 35.234465037538804, 31.492377677973781 ], [ 35.23402266719657, 31.491893583553491 ], [ 35.233937800479332, 31.491342891747017 ], [ 35.233987502493129, 31.490417324197161 ], [ 35.233401744286127, 31.489936078942755 ], [ 35.23279700306631, 31.488654978646935 ], [ 35.232778014213778, 31.487854562546399 ], [ 35.232678501965665, 31.486688338184468 ], [ 35.23271955231742, 31.48539581895125 ], [ 35.23313556474978, 31.484772863588745 ], [ 35.233180939871978, 31.483664665128956 ], [ 35.233236641379577, 31.482987676855757 ], [ 35.233286346639254, 31.482064363074294 ], [ 35.232917058397469, 31.481639997258569 ], [ 35.231470713465782, 31.481173587013391 ], [ 35.231244822694336, 31.480746931180523 ], [ 35.231155653814454, 31.480009096699014 ], [ 35.230699374356853, 31.478910021046829 ], [ 35.230597907323492, 31.477682916687233 ], [ 35.230513072771906, 31.477129402982108 ], [ 35.229792850148868, 31.477020194565839 ], [ 35.229226152415087, 31.47733709240924 ], [ 35.228447370474434, 31.477780855144498 ], [ 35.227733798545394, 31.477978274307667 ], [ 35.226438223349987, 31.477816165029051 ], [ 35.225206875899751, 31.477345700753656 ], [ 35.223830174641911, 31.476814933289756 ], [ 35.222812430589443, 31.476280717740124 ], [ 35.221946025530606, 31.476047477104824 ], [ 35.221285912318926, 31.475445558500184 ], [ 35.220566381066895, 31.475394920510489 ], [ 35.219856448428317, 31.475716304414345 ], [ 35.219866549275643, 31.476146952715197 ], [ 35.219446182230818, 31.47658441648878 ], [ 35.218651308406862, 31.476352836163816 ], [ 35.217858091398199, 31.476181564198992 ], [ 35.217141532846107, 31.476254915676385 ], [ 35.215990537091834, 31.476150744903482 ], [ 35.216118046924663, 31.47547206568947 ], [ 35.215603332593169, 31.474928726773236 ], [ 35.215168411255384, 31.474751205746848 ], [ 35.214377364774769, 31.474703921040472 ], [ 35.213870594063316, 31.47452809222094 ], [ 35.213639677818989, 31.473855641817419 ], [ 35.214202112628918, 31.473351672141767 ], [ 35.214695663392604, 31.472975660352045 ], [ 35.215110418047992, 31.472291885242942 ], [ 35.215170374349022, 31.471797534833915 ], [ 35.214583506434742, 31.471254761240004 ], [ 35.213333484595388, 31.469984888523289 ], [ 35.212460727928949, 31.469508075034245 ], [ 35.211589484409018, 31.469351988249048 ], [ 35.210814955019899, 31.469721238569932 ], [ 35.210110636819401, 31.470286077293306 ], [ 35.209482280602693, 31.47103410438487 ], [ 35.208561074811776, 31.471544266182942 ], [ 35.208134746884419, 31.471736493511106 ], [ 35.207202495994459, 31.471752300425457 ], [ 35.205983664843487, 31.471834054758027 ], [ 35.205051412628748, 31.471850409688752 ], [ 35.2039036074747, 31.471870139276653 ], [ 35.203039425589573, 31.471760779655103 ], [ 35.202382255959151, 31.471280517614588 ], [ 35.201515289859508, 31.471049956922705 ], [ 35.200869623763388, 31.471061214402187 ], [ 35.200310085491822, 31.471686316509544 ], [ 35.19981927309162, 31.472186282123992 ], [ 35.199185245625287, 31.472688494797215 ], [ 35.198539568004499, 31.472699740523272 ], [ 35.197024136388656, 31.47235807374237 ], [ 35.196166348910282, 31.472494431588608 ], [ 35.195812988339313, 31.472746372355051 ], [ 35.195309374902024, 31.472694479320289 ], [ 35.194870081572546, 31.472332002689871 ], [ 35.194214422859318, 31.471912576084677 ], [ 35.193637655386958, 31.471800920798422 ], [ 35.192778395829727, 31.471876378640776 ], [ 35.192205881594958, 31.471946785201922 ], [ 35.191344654894621, 31.471961919716513 ], [ 35.1905556079533, 31.471975365218938 ], [ 35.189977374433383, 31.471799997703762 ], [ 35.18968441856633, 31.471559274012524 ], [ 35.18931389823738, 31.471074468051736 ], [ 35.189513936921607, 31.470394132279644 ], [ 35.189359135207866, 31.469905405480809 ], [ 35.189207922755777, 31.469599310538449 ], [ 35.188839540011742, 31.469174816855794 ], [ 35.188262795714849, 31.469063137319136 ], [ 35.187610773478703, 31.468827999864622 ], [ 35.187072671989007, 31.468704482779 ], [ 35.187265251736996, 31.469321172384284 ], [ 35.187718771121503, 31.469879273357932 ], [ 35.18800640755012, 31.470395075732892 ], [ 35.188024033121984, 31.471150406284877 ], [ 35.187195385171421, 31.471069691826052 ], [ 35.186531329390171, 31.470939391405661 ], [ 35.186200686059657, 31.470944981666275 ], [ 35.186207207844518, 31.471229076205759 ], [ 35.186273377531997, 31.47169919284174 ], [ 35.186230363780133, 31.472220588650238 ], [ 35.185794121566431, 31.472414994874509 ], [ 35.185300678002335, 31.472518075312077 ], [ 35.184807068820618, 31.472621717498498 ], [ 35.1845399802515, 31.47295762827148 ], [ 35.184387441803445, 31.473525791577124 ], [ 35.184463543512628, 31.47442205073844 ], [ 35.184972481813354, 31.474979605927373 ], [ 35.185917519178524, 31.475342190288252 ], [ 35.186260245478799, 31.475855185692293 ], [ 35.186281119332058, 31.476751999301118 ], [ 35.186015486082781, 31.477180356211605 ], [ 35.184936631149505, 31.478190870170454 ], [ 35.184313421798983, 31.478291672219488 ], [ 35.18496341841692, 31.479854849045385 ], [ 35.185383136539883, 31.481867802375142 ], [ 35.186220858731062, 31.483127741593833 ], [ 35.187197284383089, 31.484971099071213 ], [ 35.188368387910515, 31.48718311744803 ], [ 35.189231022024565, 31.489506696106599 ], [ 35.189579075491665, 31.491095176122229 ], [ 35.189611419893069, 31.492476749697786 ], [ 35.189320198401404, 31.493331812081426 ], [ 35.188781617813135, 31.494245466058494 ], [ 35.187871338781015, 31.495217128825409 ], [ 35.187193994802385, 31.495767187100483 ], [ 35.18700927363512, 31.495941901604887 ], [ 35.184928442905175, 31.497896428984017 ], [ 35.183773250817211, 31.498632971944865 ], [ 35.182947681614344, 31.499150290318511 ], [ 35.181615742252468, 31.499531104831526 ], [ 35.180287866641585, 31.50005677076031 ], [ 35.179458850333774, 31.500429201328309 ], [ 35.178465646602838, 31.500949276252921 ], [ 35.17796985321889, 31.501243976994935 ], [ 35.177149265152295, 31.501977146316641 ], [ 35.176658497629461, 31.502486039507509 ], [ 35.175834478217745, 31.503075462390608 ], [ 35.175265176337874, 31.503801911118007 ], [ 35.174772601877301, 31.504240900830439 ], [ 35.174375258732972, 31.505181017874936 ], [ 35.17422648202421, 31.505972945913445 ], [ 35.173995274872055, 31.506838131834943 ], [ 35.17367319845188, 31.507418639790838 ], [ 35.172934295694496, 31.508076268533912 ], [ 35.171524312728629, 31.508675100238403 ], [ 35.170110910286581, 31.509129614777898 ], [ 35.168269640531442, 31.50923338816429 ], [ 35.167097521135503, 31.509252780614634 ], [ 35.166090902370222, 31.509197806939092 ], [ 35.164995717224464, 31.50893029286312 ], [ 35.164237042901071, 31.50872657063065 ], [ 35.163903931492463, 31.508804252763742 ], [ 35.163238662319458, 31.509031765055447 ], [ 35.162910553418598, 31.509323642472925 ], [ 35.162536307971685, 31.509792497698804 ], [ 35.160251953595107, 31.509770310654883 ], [ 35.155764496360298, 31.509739936981511 ], [ 35.152288112579114, 31.510332681623193 ], [ 35.15043347913641, 31.51100437647003 ], [ 35.149338941791733, 31.5121977721113 ], [ 35.148503363607503, 31.513812899609174 ], [ 35.148811088327612, 31.516103240377941 ], [ 35.146363043191677, 31.516931317672828 ], [ 35.144882833019594, 31.51781053235694 ], [ 35.144636312935134, 31.51822753589191 ], [ 35.145427283244231, 31.521019213478251 ], [ 35.146898412391884, 31.525373130214039 ], [ 35.147579923082304, 31.527923490332228 ], [ 35.147406485403714, 31.531236680322827 ], [ 35.147205944468446, 31.533377418184742 ], [ 35.147293932357471, 31.537218318655309 ], [ 35.147885622312344, 31.541266871386028 ], [ 35.148891665588977, 31.543692226214397 ], [ 35.148820980649951, 31.543853405510269 ], [ 35.148960816809549, 31.545012374227454 ], [ 35.149665449032007, 31.546065051665629 ], [ 35.150720810034741, 31.547594174693891 ], [ 35.151316930367827, 31.548842390838185 ], [ 35.152039985635049, 31.549711869246185 ], [ 35.152124947030394, 31.549915389142122 ], [ 35.152389924008304, 31.550134201408113 ], [ 35.152767590714575, 31.550411680410637 ], [ 35.15314670586131, 31.550752853655318 ], [ 35.153486710563634, 31.5509993135271 ], [ 35.153679730090417, 31.55131448210502 ], [ 35.1537627926323, 31.551691610660789 ], [ 35.153768580416283, 31.551944137377973 ], [ 35.153922471716271, 31.552196158947627 ], [ 35.154150598915152, 31.552413261934742 ], [ 35.154520074492922, 31.552648457164537 ], [ 35.155919793997072, 31.551427521196889 ], [ 35.157761737327604, 31.550999816347574 ], [ 35.160518905014328, 31.551672123657809 ], [ 35.163501060933676, 31.552731121608897 ], [ 35.165630353655658, 31.553008546915596 ], [ 35.168218804340668, 31.552380812537677 ], [ 35.170430395063939, 31.551716287575196 ], [ 35.171818529403019, 31.552418982242099 ], [ 35.171983754539383, 31.552873906374163 ], [ 35.172604718657603, 31.554585929482958 ], [ 35.172403054249955, 31.557215964801468 ], [ 35.171787334755102, 31.559312662026883 ], [ 35.171428150771987, 31.560969195837782 ], [ 35.172756750957916, 31.563437841202692 ], [ 35.174689920276094, 31.5654342587043 ], [ 35.17768444242148, 31.567935920125773 ], [ 35.178132734725892, 31.569261199232876 ], [ 35.17867642540233, 31.570868330219366 ], [ 35.179733472047545, 31.573229183733567 ], [ 35.180373313384962, 31.57365149343201 ], [ 35.180632443075872, 31.57343734771861 ], [ 35.181037548205651, 31.573303832853817 ], [ 35.181482461259279, 31.573265020196693 ], [ 35.181927209484321, 31.573225642292794 ], [ 35.182354828086936, 31.573234171737074 ], [ 35.182765471519176, 31.573337393236464 ], [ 35.183158657778989, 31.573488522362815 ], [ 35.183571428820976, 31.573655436191945 ], [ 35.183908167689623, 31.573775552021548 ], [ 35.184171002892278, 31.57389734630268 ], [ 35.184450154076288, 31.57392444624082 ], [ 35.184895394699488, 31.573900840814797 ], [ 35.185375552239023, 31.573766196293036 ], [ 35.185815400731201, 31.573537975100415 ], [ 35.186275977162644, 31.573356539832748 ], [ 35.18675726725661, 31.573300803899066 ], [ 35.187517054208307, 31.573240593854731 ], [ 35.188238335504472, 31.573117807197963 ], [ 35.1893828193544, 31.57281412914131 ], [ 35.189989391599383, 31.572564493588526 ], [ 35.190451100624408, 31.572428136883016 ] ] ] ] } },
{ "type": "Feature", "properties": { "Area": 20149561.0068 }, "geometry": { "type": "MultiPolygon", "coordinates": [ [ [ [ 34.987581140138367, 31.555998997755694 ], [ 34.988729311593666, 31.555999248529417 ], [ 34.990223437294482, 31.554686157499656 ], [ 34.991658568079451, 31.553100698464238 ], [ 34.993232415251995, 31.550399950969677 ], [ 34.992809893023946, 31.550375014783807 ], [ 34.991951421489496, 31.550586658349303 ], [ 34.991142774556906, 31.550450595459544 ], [ 34.990386692708107, 31.550067728407321 ], [ 34.989740119215618, 31.549437026355321 ], [ 34.987927388818534, 31.548085110468133 ], [ 34.986987310311349, 31.547089766907163 ], [ 34.986279519807638, 31.54633831787136 ], [ 34.985621431101315, 31.54516476153729 ], [ 34.985284504295841, 31.544080812070835 ], [ 34.984816928163099, 31.54257952181613 ], [ 34.984263142652843, 31.540800192008692 ], [ 34.983579317205177, 31.539123786515923 ], [ 34.982746329687146, 31.537080169404572 ], [ 34.981944972527252, 31.535450898930574 ], [ 34.981041966344591, 31.533614014971469 ], [ 34.979740158609104, 31.530966429925247 ], [ 34.979424494288644, 31.529640685597052 ], [ 34.979476587109382, 31.528361244696153 ], [ 34.979790196988844, 31.527725411374824 ], [ 34.97955248502609, 31.527719920756351 ], [ 34.979596874440965, 31.526702009182806 ], [ 34.979568408129431, 31.526292170392924 ], [ 34.979592981251187, 31.525236457804908 ], [ 34.978811852651965, 31.523742481766213 ], [ 34.977855159755784, 31.522819188905999 ], [ 34.977308775363277, 31.522094466371904 ], [ 34.978237728443183, 31.521552732704958 ], [ 34.979764090978676, 31.52131022467357 ], [ 34.9821521806116, 31.520276676069049 ], [ 34.982437885965794, 31.520152600624254 ], [ 34.982556696086704, 31.519857442787924 ], [ 34.982675510779814, 31.519560030147005 ], [ 34.982671479033769, 31.519247185417647 ], [ 34.982663943148196, 31.518676736651365 ], [ 34.983227686297539, 31.517698050915502 ], [ 34.983378818397213, 31.517436204688178 ], [ 34.983415078018091, 31.517126811494158 ], [ 34.983475333743527, 31.516616228854449 ], [ 34.98313380629984, 31.514815270540836 ], [ 34.982866386703876, 31.513401118266675 ], [ 34.982679069933539, 31.513036661626408 ], [ 34.981817680940125, 31.5113520409218 ], [ 34.981126170438742, 31.510386392889941 ], [ 34.981366993127757, 31.509825395126111 ], [ 34.981843508184269, 31.508712971576916 ], [ 34.982074897481048, 31.508172811788903 ], [ 34.982092306960901, 31.507002093962214 ], [ 34.981984155452075, 31.506553222570549 ], [ 34.981816217490604, 31.505861304124359 ], [ 34.981721095715422, 31.505467695035364 ], [ 34.981406215755548, 31.505012826466913 ], [ 34.981155756262837, 31.504651075514083 ], [ 34.980965622668698, 31.504374543997599 ], [ 34.980637153169589, 31.504242070666429 ], [ 34.980277465545925, 31.504096577349863 ], [ 34.979992212747312, 31.503981651897153 ], [ 34.979674914000647, 31.503855959757708 ], [ 34.979284828887948, 31.503699136814202 ], [ 34.978957042588732, 31.503695177800708 ], [ 34.978590443441163, 31.503690022127664 ], [ 34.978658872002683, 31.504439827783536 ], [ 34.978753530389334, 31.505157550218541 ], [ 34.978628379609866, 31.505493278474294 ], [ 34.978100028287706, 31.505992886690343 ], [ 34.97728594061082, 31.506981817420982 ], [ 34.97680419133507, 31.507792086389127 ], [ 34.976240846640636, 31.508536258290803 ], [ 34.975324598813117, 31.508435415102333 ], [ 34.974923315839241, 31.507807892382417 ], [ 34.974730451730544, 31.506903979340514 ], [ 34.974725766082088, 31.505927689970246 ], [ 34.973826142168114, 31.505297013616733 ], [ 34.972672102578066, 31.505393571959278 ], [ 34.972750868350751, 31.504600627065702 ], [ 34.972695371972286, 31.503494600605677 ], [ 34.97282979171451, 31.50294244449163 ], [ 34.973241860220107, 31.501979872366839 ], [ 34.973330275350392, 31.501673957590285 ], [ 34.973355882254253, 31.501360037948185 ], [ 34.973317014691986, 31.501047129239559 ], [ 34.97321595366347, 31.500744254297189 ], [ 34.973041860177283, 31.500445192980383 ], [ 34.972655530884609, 31.50084301092944 ], [ 34.972004960422268, 31.500882415779976 ], [ 34.971314583330312, 31.500658509523301 ], [ 34.970726592588242, 31.500665328792266 ], [ 34.969561571374783, 31.500899939155712 ], [ 34.967618871489577, 31.501224981221647 ], [ 34.965898276222646, 31.501193039204406 ], [ 34.964539155723138, 31.501108203077074 ], [ 34.964222332383059, 31.500679781200578 ], [ 34.963635778655053, 31.50051070463546 ], [ 34.962951648481194, 31.500552818691386 ], [ 34.962202267217116, 31.500769544221836 ], [ 34.961517482526006, 31.500809394671379 ], [ 34.96065856996119, 31.500705173390038 ], [ 34.959867504915302, 31.500568382968638 ], [ 34.959312333937504, 31.500225171653778 ], [ 34.958931706718289, 31.500055340368242 ], [ 34.958392974345855, 31.500031759106964 ], [ 34.957992406263536, 31.499627398782074 ], [ 34.957420670681415, 31.498520370518118 ], [ 34.957227924033575, 31.49758035552658 ], [ 34.956574325076588, 31.497152954864216 ], [ 34.955307489367691, 31.497643709681096 ], [ 34.953751086599674, 31.498479416657627 ], [ 34.952166946398115, 31.499283484170007 ], [ 34.950906660959681, 31.499460805948104 ], [ 34.949126494519369, 31.499819145753811 ], [ 34.947752682193943, 31.5010919894907 ], [ 34.946259103326469, 31.502422634851396 ], [ 34.94545040456655, 31.503375298476985 ], [ 34.946632710595701, 31.507903408793261 ], [ 34.946765835259818, 31.508361378469413 ], [ 34.946570665548514, 31.508815304934679 ], [ 34.946445677124231, 31.509108162409934 ], [ 34.945652453929355, 31.511408596285463 ], [ 34.945154619065697, 31.513231629719957 ], [ 34.949202324452102, 31.517856234376584 ], [ 34.949516012542546, 31.518768879455799 ], [ 34.949824319421474, 31.519666293833097 ], [ 34.950858147563295, 31.522674403355094 ], [ 34.953186790309132, 31.528249189048687 ], [ 34.95399793733624, 31.53019205955378 ], [ 34.954262604939125, 31.530826142549607 ], [ 34.95755268312039, 31.539836594131415 ], [ 34.958167602622723, 31.541261044411982 ], [ 34.95797825886585, 31.541746562595733 ], [ 34.957950668669064, 31.543668057393401 ], [ 34.9581679188938, 31.544400118198073 ], [ 34.957932218335444, 31.544615549380964 ], [ 34.957727003418185, 31.544876132435629 ], [ 34.957577665988339, 31.545162188100893 ], [ 34.957489157645362, 31.545468089441982 ], [ 34.95746348464656, 31.545782003412828 ], [ 34.95750231682532, 31.546094914575193 ], [ 34.957603374893232, 31.546397799773725 ], [ 34.957764714491887, 31.546679381739384 ], [ 34.957980594634819, 31.546932885161361 ], [ 34.958478563883801, 31.547292900700651 ], [ 34.958907274209921, 31.547836537345002 ], [ 34.959138751658578, 31.548042720558719 ], [ 34.960153142865913, 31.550848349367907 ], [ 34.961141335178667, 31.552231220569123 ], [ 34.960707479007205, 31.55245191612865 ], [ 34.960409727979886, 31.552602975109529 ], [ 34.960112875239318, 31.552787855201753 ], [ 34.959858202743625, 31.553015090385987 ], [ 34.959652974611188, 31.553275676122347 ], [ 34.959431281948923, 31.553791007983389 ], [ 34.959289990547639, 31.554394989449026 ], [ 34.959264156359325, 31.554708903045999 ], [ 34.959302998039121, 31.555021813274376 ], [ 34.959404235916018, 31.555324697021383 ], [ 34.959565431547993, 31.555606276113004 ], [ 34.959781336965364, 31.555859776271102 ], [ 34.960273953197287, 31.55621075556186 ], [ 34.959960183985501, 31.55656752157563 ], [ 34.959810833008909, 31.556854142930394 ], [ 34.959722320636637, 31.557160045238525 ], [ 34.959696653106903, 31.557473395440486 ], [ 34.959791374176, 31.558257074926725 ], [ 34.959917920822882, 31.558701487147722 ], [ 34.960106179300986, 31.55902088291408 ], [ 34.960680592684277, 31.559756438133245 ], [ 34.960944654749945, 31.559975644264846 ], [ 34.961427261968986, 31.560198083692324 ], [ 34.961871258292902, 31.560396774021712 ], [ 34.962035256047855, 31.560682864483606 ], [ 34.96228416873906, 31.561035064663603 ], [ 34.962497470947255, 31.561284609480218 ], [ 34.962761541568426, 31.561503811849953 ], [ 34.963066047351226, 31.561679123936241 ], [ 34.963401945192594, 31.561807146402121 ], [ 34.963757727510114, 31.56188278433488 ], [ 34.964124181906449, 31.561904329253093 ], [ 34.964617113346364, 31.561829159573964 ], [ 34.964976854073065, 31.562159579264847 ], [ 34.965238525369934, 31.562419356081065 ], [ 34.964989619666909, 31.562702978636409 ], [ 34.96487144107018, 31.563223022333801 ], [ 34.964756631400128, 31.563583554321063 ], [ 34.964663968484899, 31.564036005491968 ], [ 34.96470283185257, 31.564348913733642 ], [ 34.964803932494632, 31.564651792592993 ], [ 34.964965324822543, 31.564933364936206 ], [ 34.965181266218615, 31.565186855786713 ], [ 34.96483177422612, 31.565284843112426 ], [ 34.964534725219337, 31.565469732638199 ], [ 34.964280028713198, 31.565696976060128 ], [ 34.964074786259069, 31.565957004635042 ], [ 34.963931727297116, 31.566227859523941 ], [ 34.963731170352801, 31.566713363174227 ], [ 34.963642825807426, 31.567019268052324 ], [ 34.963617167003768, 31.567333182274972 ], [ 34.963651630713407, 31.567628045037011 ], [ 34.963731008610722, 31.567994014381352 ], [ 34.963832274544416, 31.568296894150237 ], [ 34.963993504114832, 31.568579030931179 ], [ 34.964473547002704, 31.569051722009043 ], [ 34.964778243592043, 31.569227593922093 ], [ 34.96516849916641, 31.569350076899173 ], [ 34.965408527102447, 31.569585574958349 ], [ 34.965648551935615, 31.569822763556683 ], [ 34.965953253246973, 31.569998632671162 ], [ 34.966289020239032, 31.570126647245903 ], [ 34.966644836482601, 31.570202277214072 ], [ 34.967011488709673, 31.570223814298796 ], [ 34.967376798108745, 31.570190672157512 ], [ 34.967729238527511, 31.570104520460337 ], [ 34.968313119336216, 31.56981136601339 ], [ 34.969287072912493, 31.569124360016595 ], [ 34.969620982531019, 31.568877523891111 ], [ 34.969727557268278, 31.569565956969083 ], [ 34.969828679693087, 31.569868831714974 ], [ 34.969990096042338, 31.57015039760304 ], [ 34.970401339344754, 31.570572773889868 ], [ 34.970885644755185, 31.570937224638204 ], [ 34.971190194999593, 31.571113081003539 ], [ 34.971526137813626, 31.571241082153815 ], [ 34.971881962608144, 31.571316697571575 ], [ 34.9724003975005, 31.571328912872467 ], [ 34.972782031816024, 31.571284511586054 ], [ 34.973252773602773, 31.571214341641177 ], [ 34.972878956006092, 31.570759913298502 ], [ 34.972728292218143, 31.570385929166111 ], [ 34.972210625456476, 31.569534416490395 ], [ 34.972754263032137, 31.569467762721445 ], [ 34.973258385497722, 31.569139493685235 ], [ 34.973449582363628, 31.568493876765665 ], [ 34.973858853336225, 31.568517162188947 ], [ 34.97419923338893, 31.568511575242159 ], [ 34.974803539309043, 31.568065110290124 ], [ 34.974945096729087, 31.567253119987168 ], [ 34.975480840540413, 31.567245061779914 ], [ 34.977337912436816, 31.567288394091314 ], [ 34.978331055184221, 31.567205040443348 ], [ 34.979497740353899, 31.566337359499709 ], [ 34.980274544792437, 31.565454893123949 ], [ 34.980964876641551, 31.564318620340224 ], [ 34.981326326767977, 31.563544208497607 ], [ 34.982354820670167, 31.562484048855332 ], [ 34.982830793962336, 31.5613626119024 ], [ 34.983280889761993, 31.560322860058992 ], [ 34.984063414730578, 31.559070613186908 ], [ 34.984988073296066, 31.558183862227072 ], [ 34.986022765870779, 31.557457374185031 ], [ 34.98672664528813, 31.557022295115434 ], [ 34.987581140138367, 31.555998997755694 ] ] ] ] } },
{ "type": "Feature", "properties": { "Area": 86744.756347699993 }, "geometry": { "type": "MultiPolygon", "coordinates": [ [ [ [ 35.129423889322418, 31.562498740938452 ], [ 35.129514410293289, 31.561670199720879 ], [ 35.128808320238178, 31.561336655522549 ], [ 35.128169994521478, 31.561058951122366 ], [ 35.127587717999802, 31.560872028023418 ], [ 35.127236861140645, 31.561452960177565 ], [ 35.127374455991834, 31.562242180537744 ], [ 35.1270032493941, 31.563143827588895 ], [ 35.125967363856823, 31.56376943311243 ], [ 35.125589360177862, 31.564314832636473 ], [ 35.125844747783148, 31.564953063460941 ], [ 35.126732937624304, 31.56561704477939 ], [ 35.127426073237103, 31.565321537572334 ], [ 35.127870609853765, 31.564716423587015 ], [ 35.127858987848597, 31.564437400309114 ], [ 35.127842371191001, 31.564027039062413 ], [ 35.128073535649293, 31.563506910394889 ], [ 35.129423889322418, 31.562498740938452 ] ] ] ] } },
{ "type": "Feature", "properties": { "Area": 109500212.25099999 }, "geometry": { "type": "MultiPolygon", "coordinates": [ [ [ [ 35.05004663916182, 31.552849687787305 ], [ 35.050869024005436, 31.552701305336011 ], [ 35.052230133566809, 31.55278071867485 ], [ 35.054194468518958, 31.55340758709854 ], [ 35.056517267937451, 31.554229306408839 ], [ 35.057748661727771, 31.554667568496697 ], [ 35.059510807314737, 31.554240061007981 ], [ 35.06101291852346, 31.553927226480571 ], [ 35.062016877423687, 31.553840979475748 ], [ 35.063522927391126, 31.553744568981767 ], [ 35.065029632576817, 31.553648141455025 ], [ 35.066621638394388, 31.55362224682321 ], [ 35.068463229235839, 31.553519938832547 ], [ 35.070056773529522, 31.553566716466431 ], [ 35.072320759283556, 31.553601767733625 ], [ 35.075084400181872, 31.553485094297884 ], [ 35.077343083612689, 31.553304165697465 ], [ 35.07935752816504, 31.553510199840748 ], [ 35.079974012116907, 31.553854076144241 ], [ 35.082208742043775, 31.55727939754151 ], [ 35.08359353979472, 31.559865701751939 ], [ 35.086006452910276, 31.560816050604473 ], [ 35.090797510098078, 31.560293366160955 ], [ 35.09605200685484, 31.560148554154139 ], [ 35.107988608351995, 31.561789934683606 ], [ 35.108672302779105, 31.56142237220465 ], [ 35.109282875734813, 31.560936944738312 ], [ 35.109883816755932, 31.560694448775418 ], [ 35.110344188046149, 31.560472702428243 ], [ 35.110792108139513, 31.56019232365956 ], [ 35.111158847035988, 31.559956414036531 ], [ 35.11142342424769, 31.559514689681102 ], [ 35.111582096146655, 31.558991155806659 ], [ 35.111619506061032, 31.558106785103952 ], [ 35.113141225457781, 31.556809748443477 ], [ 35.113575815864934, 31.555992736400199 ], [ 35.113326482888731, 31.550925727460719 ], [ 35.112594778987166, 31.552020415877486 ], [ 35.110189541637006, 31.546005428795741 ], [ 35.108691465270915, 31.546679594196107 ], [ 35.106791173485128, 31.546277951812712 ], [ 35.106275045372406, 31.545747706305811 ], [ 35.104973094020011, 31.543931680475133 ], [ 35.104432638074258, 31.542319159964947 ], [ 35.104282083259243, 31.541239048224281 ], [ 35.104317337930695, 31.539964615034744 ], [ 35.105127802899617, 31.538454043525508 ], [ 35.106307243319407, 31.536513668494678 ], [ 35.106510811565144, 31.534737694770104 ], [ 35.106257575552974, 31.533662014822148 ], [ 35.106938982361577, 31.533404937685138 ], [ 35.106392744607781, 31.530737224210625 ], [ 35.10589028393121, 31.529965171059214 ], [ 35.105046742027319, 31.529388445718197 ], [ 35.104808437167932, 31.528999890223169 ], [ 35.100845377764067, 31.529128079514965 ], [ 35.100712750315964, 31.528406471550245 ], [ 35.100450791514035, 31.527112067177466 ], [ 35.099556669067056, 31.527244364301342 ], [ 35.098066181983171, 31.527225660380203 ], [ 35.097367665136154, 31.527212677135445 ], [ 35.096697911460204, 31.527223388533898 ], [ 35.095714159815408, 31.527464935748025 ], [ 35.095582203453652, 31.526768124491991 ], [ 35.095600969760156, 31.526048330712278 ], [ 35.095595539285171, 31.524772171431394 ], [ 35.096843851637075, 31.524625544661017 ], [ 35.098273441738847, 31.524777802692189 ], [ 35.098973693889299, 31.524840949265087 ], [ 35.09926502059654, 31.524860917523213 ], [ 35.099813238237338, 31.524653371614125 ], [ 35.099922601691475, 31.524390225826231 ], [ 35.100139370797251, 31.523847585830374 ], [ 35.101786150625863, 31.523207457501897 ], [ 35.102664736206762, 31.522800623633461 ], [ 35.103291680968127, 31.522641601162146 ], [ 35.104183445761493, 31.522822678038661 ], [ 35.105076944288825, 31.523078718532091 ], [ 35.105431166893844, 31.522263358352944 ], [ 35.105559662455896, 31.521623125213129 ], [ 35.105748567052842, 31.521103564492513 ], [ 35.108103541209807, 31.520532666601646 ], [ 35.108086549585735, 31.519777331833282 ], [ 35.107815183980719, 31.518916398335683 ], [ 35.107388393272515, 31.516760588718267 ], [ 35.106972026569139, 31.515040504589901 ], [ 35.10538219331324, 31.511607638843135 ], [ 35.101123350617399, 31.508245903400997 ], [ 35.100151903315762, 31.508705637544775 ], [ 35.095777653332192, 31.508416780732247 ], [ 35.090896472981342, 31.508284590900612 ], [ 35.088157970733789, 31.507786099795709 ], [ 35.08555417717028, 31.50796126571915 ], [ 35.083598898210674, 31.507646032362153 ], [ 35.081975846299734, 31.50584411511219 ], [ 35.080919893732009, 31.503470595792312 ], [ 35.080055868656707, 31.502634957556293 ], [ 35.078343555674614, 31.502385265885927 ], [ 35.077462796484085, 31.503734395517643 ], [ 35.077468741663054, 31.505664421911391 ], [ 35.076889881361168, 31.507044847963957 ], [ 35.076151877911116, 31.508718785774029 ], [ 35.075545108596181, 31.509312852167099 ], [ 35.074968717654933, 31.510535442515753 ], [ 35.074607740626732, 31.512270627910727 ], [ 35.070777460084422, 31.509951678441304 ], [ 35.067519530695492, 31.508355857070178 ], [ 35.066481883914115, 31.504834599370025 ], [ 35.066182065817777, 31.504931791553894 ], [ 35.065618301058663, 31.505114375553351 ], [ 35.064357860103549, 31.503719036556873 ], [ 35.064073953187503, 31.503405322763545 ], [ 35.063525094767876, 31.502205784745296 ], [ 35.063194115453079, 31.500168300859968 ], [ 35.063120572959811, 31.499966424248761 ], [ 35.062922387561571, 31.49942169578253 ], [ 35.061948399031095, 31.499108339845254 ], [ 35.061420738924156, 31.498927375672253 ], [ 35.060477810794559, 31.499495066513216 ], [ 35.060172770184799, 31.499680172065197 ], [ 35.058743447505599, 31.499854419971193 ], [ 35.056533384479174, 31.498884056898611 ], [ 35.05656799603176, 31.497582572334569 ], [ 35.047560400596176, 31.497255631016998 ], [ 35.047294764920409, 31.497469501580024 ], [ 35.045472943496193, 31.497410885134368 ], [ 35.04507852018893, 31.497241292465443 ], [ 35.044608570816692, 31.496901374615501 ], [ 35.043622950553328, 31.496901267784864 ], [ 35.043170234152143, 31.49677781731247 ], [ 35.040719409814145, 31.4965035794276 ], [ 35.04057197796557, 31.495980300854942 ], [ 35.040494175740989, 31.495704564393524 ], [ 35.040055387332714, 31.49552193490349 ], [ 35.039737325729661, 31.495238561508547 ], [ 35.038853586252401, 31.495015897532351 ], [ 35.037125267040729, 31.49428989248316 ], [ 35.036158032141174, 31.493680983604701 ], [ 35.035711710920971, 31.49284897600727 ], [ 35.034663087903823, 31.492153142553327 ], [ 35.034022533695627, 31.491703606460703 ], [ 35.033547234962704, 31.491629695262844 ], [ 35.03307663939087, 31.491682615433955 ], [ 35.03229990712876, 31.491694538087717 ], [ 35.031248863691047, 31.491887024900429 ], [ 35.029132022004056, 31.49241681679004 ], [ 35.027927830401133, 31.492711091618766 ], [ 35.027310047733614, 31.492497733124132 ], [ 35.0261017697323, 31.492081755016404 ], [ 35.025694974536755, 31.491183817601609 ], [ 35.025250356353951, 31.490548498335233 ], [ 35.025038625330552, 31.490247199496249 ], [ 35.024878396016668, 31.49001755923657 ], [ 35.023054096287701, 31.487234379395154 ], [ 35.022775027124808, 31.485364836947664 ], [ 35.022365504214321, 31.484038491028237 ], [ 35.022016290480693, 31.482907824860419 ], [ 35.021526693811921, 31.481589253170576 ], [ 35.021546918883132, 31.48023646056842 ], [ 35.021863010492098, 31.479701419665528 ], [ 35.02215310152922, 31.479090244692824 ], [ 35.023232989126591, 31.477516866786562 ], [ 35.024218782052735, 31.476290571396465 ], [ 35.024887110531566, 31.474944887791633 ], [ 35.024965353609147, 31.474698107276762 ], [ 35.025427000573536, 31.473256869390529 ], [ 35.023203892820909, 31.471794384886188 ], [ 35.021353575540253, 31.47008268629224 ], [ 35.019965403554686, 31.468749290435216 ], [ 35.019034455808672, 31.467603118954724 ], [ 35.018665547221737, 31.466255960569793 ], [ 35.018646718853908, 31.465383361411444 ], [ 35.017721491766181, 31.46452748186632 ], [ 35.016515369766267, 31.464138472077948 ], [ 35.016391400193761, 31.463813612185078 ], [ 35.01608634660041, 31.463362786047597 ], [ 35.015483035147213, 31.462765527199718 ], [ 35.014404248494571, 31.46202269599825 ], [ 35.013502379113881, 31.461276737407434 ], [ 35.012299459426913, 31.46023382699849 ], [ 35.011335296624331, 31.459337821405271 ], [ 35.010483961724844, 31.458185506100111 ], [ 35.01028983131603, 31.457379153248354 ], [ 35.01039200550629, 31.45661947069409 ], [ 35.010083867020469, 31.456015868573449 ], [ 35.009724034021005, 31.455768995077911 ], [ 35.009249800293851, 31.455674702978023 ], [ 35.008657367123192, 31.45558248326741 ], [ 35.008239564333131, 31.455388502702917 ], [ 35.007583059650095, 31.45504252493955 ], [ 35.007149099801687, 31.454088678406332 ], [ 35.00719525024094, 31.453481104802574 ], [ 35.00765209854206, 31.452763681698176 ], [ 35.007940904972742, 31.452456920484014 ], [ 35.008578578863158, 31.451890273140307 ], [ 35.009098934583612, 31.451374738450657 ], [ 35.009498666591064, 31.450761501820409 ], [ 35.009837943496215, 31.450048401035417 ], [ 35.010289357913521, 31.449078431939487 ], [ 35.010569446021627, 31.448365802982313 ], [ 35.010671446873587, 31.447604427807754 ], [ 35.01058859083021, 31.446491601253648 ], [ 35.010160800340657, 31.445738442571603 ], [ 35.009479619442118, 31.445431330570642 ], [ 35.00799570897945, 31.444703610020934 ], [ 35.006633725756053, 31.444786066685765 ], [ 35.005306972586659, 31.444919294683086 ], [ 35.00538148916938, 31.441625835881197 ], [ 35.004641954936922, 31.437156965134662 ], [ 35.004319345077803, 31.435443440451532 ], [ 35.003553966231415, 31.433121574797244 ], [ 35.003311664980046, 31.431835441625218 ], [ 35.003499143989274, 31.430544909113078 ], [ 35.004485008116916, 31.42979224722658 ], [ 35.006059809166665, 31.429767637542078 ], [ 35.008213633203162, 31.430040391845885 ], [ 35.010000042787844, 31.429890920571118 ], [ 35.011920450914012, 31.429308155780728 ], [ 35.013123215223985, 31.428612684349709 ], [ 35.013825727975934, 31.427988045984549 ], [ 35.014581729965371, 31.426503870508963 ], [ 35.01478281071477, 31.425885247158586 ], [ 35.014699286709437, 31.425333844140418 ], [ 35.013750963313356, 31.424489734741751 ], [ 35.012587209012963, 31.423648678114997 ], [ 35.012785052630008, 31.422847420284949 ], [ 35.011825615152112, 31.421511750248488 ], [ 35.011462772760922, 31.421271640280871 ], [ 35.009953331030154, 31.420988646272846 ], [ 35.00850760227722, 31.420337084684128 ], [ 35.007202492451825, 31.419559458689701 ], [ 35.00581545327082, 31.418291290104488 ], [ 35.004990336609367, 31.41652512405188 ], [ 35.004819538088618, 31.415237974309736 ], [ 35.004794729122544, 31.414072242966917 ], [ 35.003900723762108, 31.412428844145637 ], [ 35.002923964483529, 31.410234028183414 ], [ 35.002110607547337, 31.409018013499033 ], [ 35.001273850297274, 31.406699394822958 ], [ 34.999181907736677, 31.402555819154156 ], [ 34.998397899537103, 31.401043329860169 ], [ 34.996801051879196, 31.40167264215015 ], [ 34.99495510941221, 31.402375933808649 ], [ 34.992388559465304, 31.402846335874411 ], [ 34.990746586804725, 31.403056682050185 ], [ 34.989237499979666, 31.402773444840314 ], [ 34.986921004653588, 31.401519853517836 ], [ 34.985109876729048, 31.40050383206842 ], [ 34.984463478176956, 31.400392243232986 ], [ 34.983365703467719, 31.399326687320048 ], [ 34.981342822109447, 31.398268534861618 ], [ 34.978592553381944, 31.396304361449765 ], [ 34.976915841226543, 31.396239956476194 ], [ 34.976254544949057, 31.396326716045973 ], [ 34.975731460758446, 31.396393426183202 ], [ 34.974672546039216, 31.39670043135019 ], [ 34.972726693426424, 31.397118564776093 ], [ 34.970556829023785, 31.397697473341275 ], [ 34.968174569731232, 31.398122068743888 ], [ 34.966463661170948, 31.397927253477242 ], [ 34.965355161394626, 31.397944356919581 ], [ 34.964770259781872, 31.398539640666481 ], [ 34.964912756415551, 31.399358372982551 ], [ 34.964402064757849, 31.399323033522336 ], [ 34.964103407352816, 31.399120112382871 ], [ 34.963759989289677, 31.398882158273562 ], [ 34.962348736978754, 31.398561021708872 ], [ 34.961473100283023, 31.3987414349834 ], [ 34.960695218462611, 31.398919773368938 ], [ 34.95963315935488, 31.399522580897106 ], [ 34.959059589433927, 31.400291473878728 ], [ 34.95915320906127, 31.401881798723444 ], [ 34.957344524214363, 31.402491611779332 ], [ 34.955221373699224, 31.403403485275401 ], [ 34.953953223386158, 31.404182276560753 ], [ 34.953866786107945, 31.405054122449844 ], [ 34.953713489716456, 31.406477117484322 ], [ 34.952668857074322, 31.407643017475415 ], [ 34.950385174991851, 31.408557312690373 ], [ 34.949646094948591, 31.409053576216404 ], [ 34.94927577150429, 31.409893851307956 ], [ 34.948629008557731, 31.411362641383569 ], [ 34.948561659778179, 31.411537247934174 ], [ 34.947821347096529, 31.413440444245911 ], [ 34.947509371446408, 31.413961223645963 ], [ 34.946532146763104, 31.415595624940604 ], [ 34.944870096996468, 31.417848681323814 ], [ 34.943474463876711, 31.418929804052244 ], [ 34.94124597252344, 31.419957909199379 ], [ 34.939538246278495, 31.421434050247569 ], [ 34.938963061765577, 31.422845440722611 ], [ 34.938879828363007, 31.423049320204594 ], [ 34.938211820630237, 31.425375365661687 ], [ 34.938279507948735, 31.426138727582558 ], [ 34.938506160606465, 31.428690408496536 ], [ 34.938510042635905, 31.430343122395719 ], [ 34.938512264588176, 31.431186390124235 ], [ 34.938544615987901, 31.432534776119773 ], [ 34.938554886064274, 31.432972211850011 ], [ 34.938492970016505, 31.434179482319021 ], [ 34.938468097825989, 31.434664757662027 ], [ 34.938458707261361, 31.434847369910898 ], [ 34.938408968213515, 31.435815665736207 ], [ 34.938248601847491, 31.437254402782809 ], [ 34.938423207316198, 31.438165105222463 ], [ 34.938921338205155, 31.440162121462581 ], [ 34.939033804094606, 31.440613860296779 ], [ 34.939496640425446, 31.441786140234935 ], [ 34.939990497775057, 31.44303683352479 ], [ 34.940119594069117, 31.443364032831564 ], [ 34.940275034211261, 31.443792748248235 ], [ 34.940928421882411, 31.446075859540965 ], [ 34.941031136107483, 31.446435133143009 ], [ 34.941406292591445, 31.446767909712133 ], [ 34.942348843260369, 31.448528513870507 ], [ 34.942841879634443, 31.449450006067039 ], [ 34.944332468352094, 31.452304682267943 ], [ 34.94484088955145, 31.452847406834547 ], [ 34.94541389644565, 31.453458464834547 ], [ 34.945614188682569, 31.453671939421902 ], [ 34.946141474891846, 31.454234425554642 ], [ 34.947736114274804, 31.455468700421722 ], [ 34.947833178502606, 31.455803155078126 ], [ 34.947961354594696, 31.456243079444391 ], [ 34.948038395400822, 31.456505906907523 ], [ 34.948163645044268, 31.456934551643371 ], [ 34.948320817484642, 31.457473176958445 ], [ 34.948429442857361, 31.458393877596919 ], [ 34.948590457229621, 31.459758295857053 ], [ 34.948632713346612, 31.460179446364251 ], [ 34.948775478180444, 31.461606959305556 ], [ 34.948802838670233, 31.461883778847685 ], [ 34.94892757935316, 31.462443194326934 ], [ 34.949003104544474, 31.462782677889212 ], [ 34.949045969499409, 31.462980613617766 ], [ 34.949169245646978, 31.463535516448523 ], [ 34.950437010529782, 31.463333422269841 ], [ 34.95267778149136, 31.46297934804128 ], [ 34.955572863330737, 31.462497425573225 ], [ 34.956470722335197, 31.462348665261878 ], [ 34.961682080471732, 31.467381000684032 ], [ 34.962503804405848, 31.468083204436009 ], [ 34.964093644145208, 31.469441274017939 ], [ 34.96604784402907, 31.472563743076581 ], [ 34.966932810222602, 31.473645952983961 ], [ 34.968090218448175, 31.475982273421828 ], [ 34.969931213812949, 31.477264072982315 ], [ 34.972731544044613, 31.479212158147085 ], [ 34.976474987572516, 31.480834369104088 ], [ 34.978194278694403, 31.480913514306788 ], [ 34.980176855342791, 31.480499882183139 ], [ 34.980490421651275, 31.480433917280948 ], [ 34.982377604045006, 31.480648581799429 ], [ 34.98323555359412, 31.480745327740031 ], [ 34.985592067332462, 31.482716038594514 ], [ 34.988028387113545, 31.484849742653516 ], [ 34.988299011070659, 31.48501253806036 ], [ 34.98915046984883, 31.485522407041845 ], [ 34.99235375969149, 31.485903160041438 ], [ 34.995476908502447, 31.486321468383757 ], [ 34.999045428605093, 31.486274820377211 ], [ 34.998982152452264, 31.487538477643838 ], [ 34.999014548913038, 31.487914500629042 ], [ 34.999120837580321, 31.489168847098494 ], [ 34.999134449451901, 31.490767449744865 ], [ 34.998610513632997, 31.492117172280494 ], [ 34.99783588128809, 31.493714504667494 ], [ 34.997728171608088, 31.493934727391345 ], [ 34.997528223597897, 31.495489581072079 ], [ 34.99739655099151, 31.496657300548499 ], [ 34.997744646697996, 31.497062580841487 ], [ 34.998502206781076, 31.497941441793344 ], [ 34.999445352528923, 31.501358817669033 ], [ 34.998491022485339, 31.502670081274733 ], [ 34.997160532059432, 31.504494798821984 ], [ 34.99704755956887, 31.506422377771958 ], [ 34.997802181208492, 31.507621403225379 ], [ 35.002953579119669, 31.514738655439384 ], [ 35.003150223337748, 31.51501065493666 ], [ 35.003703367102645, 31.516418449727247 ], [ 35.004070831209333, 31.517353030373446 ], [ 35.004561343388431, 31.518598949061655 ], [ 35.005422324941847, 31.522640127232663 ], [ 35.005846584826678, 31.526141750362957 ], [ 35.005597601542746, 31.529517190793165 ], [ 35.005573555713838, 31.529840136953311 ], [ 35.007068543947526, 31.530779273066813 ], [ 35.008378918792275, 31.532923237258021 ], [ 35.008734721443304, 31.533585531529884 ], [ 35.009183628475967, 31.534417068098481 ], [ 35.010242067128821, 31.53463963796629 ], [ 35.011359270600153, 31.534770973121287 ], [ 35.012812679860389, 31.533336361363812 ], [ 35.013501407393406, 31.533163216735336 ], [ 35.014122647622415, 31.533004623462748 ], [ 35.014615483855053, 31.532881911664699 ], [ 35.015606596513294, 31.532629162661461 ], [ 35.016740161806077, 31.532879973209965 ], [ 35.018752414738017, 31.533321445412582 ], [ 35.019166346588108, 31.533412232834422 ], [ 35.019700006105339, 31.533527429698346 ], [ 35.021553341881429, 31.534650670106537 ], [ 35.024454392535411, 31.536403854703373 ], [ 35.028992976264654, 31.535351021435151 ], [ 35.031126370183095, 31.534758128895511 ], [ 35.03247784115004, 31.535097591377845 ], [ 35.031246852627135, 31.536337134352994 ], [ 35.029573638546573, 31.538156078664546 ], [ 35.029493185698179, 31.539212851129257 ], [ 35.030827831035161, 31.539962660105545 ], [ 35.033490983526058, 31.539086356557853 ], [ 35.035534884376098, 31.538151686866993 ], [ 35.037560733904769, 31.537537689464248 ], [ 35.038572012152251, 31.538249793442869 ], [ 35.038277967276116, 31.539377317057717 ], [ 35.036556127264731, 31.541382300141628 ], [ 35.035598874845107, 31.54282290931053 ], [ 35.035927028177959, 31.545173846975796 ], [ 35.037805271006171, 31.547243285607735 ], [ 35.039641692899544, 31.548717970580256 ], [ 35.044206727441782, 31.549770505377534 ], [ 35.046992332721267, 31.550539991771448 ], [ 35.049711128177996, 31.551835804247641 ], [ 35.05004663916182, 31.552849687787305 ] ] ] ] } },
{ "type": "Feature", "properties": { "Area": 1276609.92236 }, "geometry": { "type": "MultiPolygon", "coordinates": [ [ [ [ 35.05004663916182, 31.552849687787305 ], [ 35.050351209884766, 31.553769400211237 ], [ 35.050401876430918, 31.555784579680676 ], [ 35.050895163895518, 31.557240003396174 ], [ 35.053205315398991, 31.558291744374397 ], [ 35.056777620317597, 31.559341524958995 ], [ 35.059612136323878, 31.558849300847655 ], [ 35.061920777700649, 31.558061629844939 ], [ 35.062966990414914, 31.557703733955609 ], [ 35.066146606035339, 31.557043772431864 ], [ 35.069520928029796, 31.557708560562851 ], [ 35.072272511921696, 31.558178151725581 ], [ 35.075274431623072, 31.557933203849551 ], [ 35.077836404712635, 31.556254338949408 ], [ 35.078410912136604, 31.555146731611813 ], [ 35.079011969772246, 31.553987289885612 ], [ 35.079160021145654, 31.553781695459005 ], [ 35.07935752816504, 31.553510199840748 ], [ 35.077343083612689, 31.553304165697465 ], [ 35.075084400181872, 31.553485094297884 ], [ 35.072320759283556, 31.553601767733625 ], [ 35.070056773529522, 31.553566716466431 ], [ 35.068463229235839, 31.553519938832547 ], [ 35.066621638394388, 31.55362224682321 ], [ 35.065029632576817, 31.553648141455025 ], [ 35.063522927391126, 31.553744568981767 ], [ 35.062016877423687, 31.553840979475748 ], [ 35.06101291852346, 31.553927226480571 ], [ 35.059510807314737, 31.554240061007981 ], [ 35.057748661727771, 31.554667568496697 ], [ 35.056517267937451, 31.554229306408839 ], [ 35.054194468518958, 31.55340758709854 ], [ 35.052230133566809, 31.55278071867485 ], [ 35.050869024005436, 31.552701305336011 ], [ 35.05004663916182, 31.552849687787305 ] ] ] ] } },
{ "type": "Feature", "properties": { "Area": 3199517.6103500002 }, "geometry": { "type": "MultiPolygon", "coordinates": [ [ [ [ 35.144636312935134, 31.51822753589191 ], [ 35.143418005677859, 31.520290569559101 ], [ 35.142839776444539, 31.522800893217692 ], [ 35.142308994279226, 31.528147073916969 ], [ 35.142114600655397, 31.533007526675828 ], [ 35.142363578937662, 31.538405934039908 ], [ 35.142313230641591, 31.543628889689519 ], [ 35.142387836706689, 31.548505244131732 ], [ 35.14280476144161, 31.552092082112246 ], [ 35.143549018695097, 31.554440689342488 ], [ 35.142938288980226, 31.555249264155488 ], [ 35.14207224292177, 31.554916279576794 ], [ 35.141312867292321, 31.555276656205095 ], [ 35.140822111472716, 31.555555429938785 ], [ 35.140696118877678, 31.555945427012034 ], [ 35.140329991275486, 31.556140837659932 ], [ 35.140193040573863, 31.557148611125655 ], [ 35.140553130373796, 31.557609309829608 ], [ 35.140742946079506, 31.557993827397755 ], [ 35.140380522930791, 31.558295773588341 ], [ 35.14051948073071, 31.558931099090366 ], [ 35.140968308273223, 31.55935463858825 ], [ 35.142092652463717, 31.559121268333222 ], [ 35.14271120128452, 31.558734326972747 ], [ 35.143452913599056, 31.558239216712245 ], [ 35.144361056313414, 31.558422839024399 ], [ 35.146034998819133, 31.558525638196461 ], [ 35.148303293263169, 31.558487196374902 ], [ 35.150612868423238, 31.558204662563469 ], [ 35.151217567319783, 31.557791181643132 ], [ 35.152813345979489, 31.557277204478286 ], [ 35.153289686491711, 31.557431277661333 ], [ 35.153858066745961, 31.557503089639585 ], [ 35.154884788239087, 31.55691952901109 ], [ 35.156097522267451, 31.556209204662789 ], [ 35.157969858682975, 31.555408922616135 ], [ 35.160311723576172, 31.554478567875176 ], [ 35.162098252188983, 31.55404458129718 ], [ 35.163889596944848, 31.553851822201064 ], [ 35.166152275345958, 31.553570119860048 ], [ 35.166625715691524, 31.553578151928949 ], [ 35.167063170985308, 31.553450890828959 ], [ 35.167873300234938, 31.553466907493085 ], [ 35.168451660377187, 31.553657591955584 ], [ 35.169263898235904, 31.553760969326262 ], [ 35.170341005010584, 31.55362541604611 ], [ 35.170973872039198, 31.553267652201708 ], [ 35.171406751151039, 31.553029895609303 ], [ 35.171983754539383, 31.552873906374163 ], [ 35.171818529403019, 31.552418982242099 ], [ 35.170430395063939, 31.551716287575196 ], [ 35.168218804340668, 31.552380812537677 ], [ 35.165630353655658, 31.553008546915596 ], [ 35.163501060933676, 31.552731121608897 ], [ 35.160518905014328, 31.551672123657809 ], [ 35.157761737327604, 31.550999816347574 ], [ 35.155919793997072, 31.551427521196889 ], [ 35.154520074492922, 31.552648457164537 ], [ 35.154150598915152, 31.552413261934742 ], [ 35.153922471716271, 31.552196158947627 ], [ 35.153768580416283, 31.551944137377973 ], [ 35.1537627926323, 31.551691610660789 ], [ 35.153679730090417, 31.55131448210502 ], [ 35.153486710563634, 31.5509993135271 ], [ 35.15314670586131, 31.550752853655318 ], [ 35.152767590714575, 31.550411680410637 ], [ 35.152389924008304, 31.550134201408113 ], [ 35.152124947030394, 31.549915389142122 ], [ 35.152039985635049, 31.549711869246185 ], [ 35.151316930367827, 31.548842390838185 ], [ 35.150720810034741, 31.547594174693891 ], [ 35.149665449032007, 31.546065051665629 ], [ 35.148960816809549, 31.545012374227454 ], [ 35.148820980649951, 31.543853405510269 ], [ 35.148891665588977, 31.543692226214397 ], [ 35.147885622312344, 31.541266871386028 ], [ 35.147293932357471, 31.537218318655309 ], [ 35.147205944468446, 31.533377418184742 ], [ 35.147406485403714, 31.531236680322827 ], [ 35.147579923082304, 31.527923490332228 ], [ 35.146898412391884, 31.525373130214039 ], [ 35.145427283244231, 31.521019213478251 ], [ 35.144636312935134, 31.51822753589191 ] ] ] ] } },
{ "type": "Feature", "properties": { "Area": 106798.357422 }, "geometry": { "type": "MultiPolygon", "coordinates": [ [ [ [ 35.124826489337856, 31.554861618321425 ], [ 35.124075748097752, 31.555631686064853 ], [ 35.123270663382399, 31.55700033237235 ], [ 35.122460511545576, 31.558114191267713 ], [ 35.123363518917948, 31.558858810890289 ], [ 35.124854443685415, 31.558766741490235 ], [ 35.12536896492049, 31.558289068475027 ], [ 35.126349193634468, 31.55822766682909 ], [ 35.127168615802418, 31.558191525794715 ], [ 35.128176491642769, 31.557520799631337 ], [ 35.127122005354565, 31.557238331772378 ], [ 35.125927367895663, 31.556694790071528 ], [ 35.125472923942745, 31.556196789757642 ], [ 35.125137546411743, 31.555603037729242 ], [ 35.124826489337856, 31.554861618321425 ] ] ] ] } },
{ "type": "Feature", "properties": { "Area": 3111221.7026399998 }, "geometry": { "type": "MultiPolygon", "coordinates": [ [ [ [ 35.019166346588108, 31.533412232834422 ], [ 35.018962221896338, 31.535633927612889 ], [ 35.01783308634392, 31.536693677628676 ], [ 35.016005294445776, 31.537272706663124 ], [ 35.015576531006566, 31.537840818005421 ], [ 35.015280941288289, 31.538210712817182 ], [ 35.015112375501921, 31.538822609579533 ], [ 35.015040850375897, 31.539288095461288 ], [ 35.014836290114317, 31.540123151897987 ], [ 35.014712606363915, 31.54058743283996 ], [ 35.014747283461844, 31.541339984019508 ], [ 35.015137475506876, 31.542040076690576 ], [ 35.015746093306632, 31.542458655433744 ], [ 35.016325651167598, 31.542683849694949 ], [ 35.017000826195208, 31.542736698416167 ], [ 35.017675754824232, 31.54274839529614 ], [ 35.018448928165455, 31.542670607940792 ], [ 35.019021103015668, 31.542555886171098 ], [ 35.019534316024441, 31.542301850091746 ], [ 35.019989399119652, 31.542405095038355 ], [ 35.020054605616203, 31.543385411408376 ], [ 35.020166321550498, 31.544479092275324 ], [ 35.020899511254811, 31.545752913107378 ], [ 35.02171568147471, 31.546759104933265 ], [ 35.022217087429318, 31.547508937349722 ], [ 35.023061990009943, 31.547797609756223 ], [ 35.024782093725435, 31.547770726407922 ], [ 35.026111204888132, 31.548013273252977 ], [ 35.026870432733013, 31.548454555543589 ], [ 35.027146545074679, 31.548980278727981 ], [ 35.027380814574705, 31.54961924096704 ], [ 35.027958723791272, 31.549797031893924 ], [ 35.029278016977258, 31.549589160228443 ], [ 35.030024248571735, 31.549423897379558 ], [ 35.030774565689178, 31.549450283416782 ], [ 35.032077668114297, 31.550525273060273 ], [ 35.032618924363646, 31.551046831998587 ], [ 35.033420640534715, 31.551410345981374 ], [ 35.034760451806477, 31.552146591784616 ], [ 35.035707628186501, 31.553074517440187 ], [ 35.036733992471717, 31.553626008677963 ], [ 35.038281138511351, 31.553752598855006 ], [ 35.039780239268588, 31.553690279209636 ], [ 35.040308398680743, 31.553643609814866 ], [ 35.040979594010032, 31.554050311359763 ], [ 35.041595962861514, 31.554002058343752 ], [ 35.042473496038625, 31.553760231034236 ], [ 35.043965109512811, 31.553359651121173 ], [ 35.044713025278753, 31.55327096382662 ], [ 35.045763588155303, 31.55287770271196 ], [ 35.046742707653927, 31.553276864342653 ], [ 35.047538745394448, 31.553340974291018 ], [ 35.048373182299727, 31.55317402160712 ], [ 35.048806448150792, 31.552790690499055 ], [ 35.05004663916182, 31.552849687787305 ], [ 35.049711128177996, 31.551835804247641 ], [ 35.046992332721267, 31.550539991771448 ], [ 35.044206727441782, 31.549770505377534 ], [ 35.039641692899544, 31.548717970580256 ], [ 35.037805271006171, 31.547243285607735 ], [ 35.035927028177959, 31.545173846975796 ], [ 35.035598874845107, 31.54282290931053 ], [ 35.036556127264731, 31.541382300141628 ], [ 35.038277967276116, 31.539377317057717 ], [ 35.038572012152251, 31.538249793442869 ], [ 35.037560733904769, 31.537537689464248 ], [ 35.035534884376098, 31.538151686866993 ], [ 35.033490983526058, 31.539086356557853 ], [ 35.030827831035161, 31.539962660105545 ], [ 35.029493185698179, 31.539212851129257 ], [ 35.029573638546573, 31.538156078664546 ], [ 35.031246852627135, 31.536337134352994 ], [ 35.03247784115004, 31.535097591377845 ], [ 35.031126370183095, 31.534758128895511 ], [ 35.028992976264654, 31.535351021435151 ], [ 35.024454392535411, 31.536403854703373 ], [ 35.021553341881429, 31.534650670106537 ], [ 35.019700006105339, 31.533527429698346 ], [ 35.019166346588108, 31.533412232834422 ] ] ] ] } },
{ "type": "Feature", "properties": { "Area": 202051.298828 }, "geometry": { "type": "MultiPolygon", "coordinates": [ [ [ [ 34.990887424433161, 31.545590213284513 ], [ 34.991411038147795, 31.545724112382505 ], [ 34.991857235576298, 31.544731669070455 ], [ 34.993183582603251, 31.544975117021501 ], [ 34.993158275814274, 31.544156627007755 ], [ 34.993277086940736, 31.543859769304216 ], [ 34.993473876466489, 31.543642517524624 ], [ 34.994060653205899, 31.543195930178594 ], [ 34.994533792332334, 31.542940237717584 ], [ 34.994527089122982, 31.542626826336903 ], [ 34.994645893958058, 31.542329967263022 ], [ 34.995092348124828, 31.541937257149534 ], [ 34.994929980844397, 31.541700813664391 ], [ 34.994935349398119, 31.541359802187152 ], [ 34.994945979718324, 31.540651850184805 ], [ 34.9947441704875, 31.539953696110238 ], [ 34.993631201977387, 31.540117585872188 ], [ 34.992649238434637, 31.540775457737823 ], [ 34.991710780303009, 31.54161545966253 ], [ 34.991173285356005, 31.542314078880814 ], [ 34.990783519569923, 31.542372050127565 ], [ 34.990433754738291, 31.542422195735139 ], [ 34.98944047979635, 31.542395165023319 ], [ 34.989215962774537, 31.542574598102899 ], [ 34.988870943659663, 31.542850215278357 ], [ 34.988743810813581, 31.543898426428573 ], [ 34.989272538819911, 31.544810206841454 ], [ 34.990182696277031, 31.545290289983349 ], [ 34.990887424433161, 31.545590213284513 ] ] ] ] } },
{ "type": "Feature", "properties": { "Area": 925946.83154299995 }, "geometry": { "type": "MultiPolygon", "coordinates": [ [ [ [ 35.004561343388431, 31.518598949061655 ], [ 35.002486696642876, 31.521111923341845 ], [ 35.001138338187957, 31.522745563621068 ], [ 34.998219275609166, 31.524491092783506 ], [ 34.996712108671815, 31.525944618045695 ], [ 34.996812001030492, 31.526152774867771 ], [ 34.99777248985535, 31.528142398031367 ], [ 34.998095156301446, 31.529167672762355 ], [ 34.997615186124143, 31.52934896355379 ], [ 34.997419830293154, 31.529232531400712 ], [ 34.997387721986073, 31.529021102821424 ], [ 34.997205557193183, 31.528220958702551 ], [ 34.997112052211278, 31.527726467674288 ], [ 34.996915812964815, 31.527564939611128 ], [ 34.996498069390476, 31.52735964878854 ], [ 34.996003967848274, 31.527461996679424 ], [ 34.995621697281088, 31.527803521756848 ], [ 34.995478573386002, 31.528096960730682 ], [ 34.995307146765704, 31.528392607956217 ], [ 34.995080690311781, 31.528576558046318 ], [ 34.99479134973501, 31.528777314837495 ], [ 34.994241515547614, 31.528858145045206 ], [ 34.993491949187884, 31.52879547132758 ], [ 34.992810206657232, 31.528860295052851 ], [ 34.992469563697156, 31.528973592709285 ], [ 34.992273535841221, 31.529594433142819 ], [ 34.992784553541071, 31.530168532756893 ], [ 34.99346250811503, 31.530475725712048 ], [ 34.994591959376805, 31.530909354963807 ], [ 34.995666513865054, 31.531397560742015 ], [ 34.99622782854545, 31.532006676169669 ], [ 34.996459591670856, 31.532697549730884 ], [ 34.996873968548037, 31.53339435590669 ], [ 34.997430819712086, 31.533798282585987 ], [ 34.997783420844094, 31.533788706540523 ], [ 34.998354563129404, 31.533531466660641 ], [ 34.99891424863209, 31.533019990335291 ], [ 34.999246936556339, 31.532108505090601 ], [ 34.999742525595714, 31.531333687901768 ], [ 35.000562569733567, 31.530773017362389 ], [ 35.00158439695015, 31.530703055290296 ], [ 35.001963285106562, 31.530475932373943 ], [ 35.001882322567823, 31.529798271703974 ], [ 35.002692490852986, 31.529763476763044 ], [ 35.004247276189943, 31.529804248463964 ], [ 35.005573555713838, 31.529840136953311 ], [ 35.005597601542746, 31.529517190793165 ], [ 35.005846584826678, 31.526141750362957 ], [ 35.005422324941847, 31.522640127232663 ], [ 35.004561343388431, 31.518598949061655 ] ] ] ] } },
{ "type": "Feature", "properties": { "Area": 5645158.3173799999 }, "geometry": { "type": "MultiPolygon", "coordinates": [ [ [ [ 35.184313421798983, 31.478291672219488 ], [ 35.183983071079652, 31.478344605667665 ], [ 35.183279167719675, 31.478253175886145 ], [ 35.182389147628257, 31.479499316196147 ], [ 35.181541078005907, 31.480566771965563 ], [ 35.180937214804736, 31.480818626407959 ], [ 35.18064488208811, 31.48134673781124 ], [ 35.180611718789336, 31.481789218002294 ], [ 35.179435798370498, 31.481940059669228 ], [ 35.179171035162369, 31.482632202922964 ], [ 35.178753584180981, 31.483636028292754 ], [ 35.178170259954584, 31.484437458385237 ], [ 35.177996654925785, 31.484866380610839 ], [ 35.177638907923907, 31.485751842215326 ], [ 35.17805428355782, 31.48636295360733 ], [ 35.178741111915301, 31.486558688739962 ], [ 35.17878920105224, 31.486900286268884 ], [ 35.178517916777132, 31.487317915942985 ], [ 35.178492905437977, 31.487971775431443 ], [ 35.178902769984113, 31.488343884014718 ], [ 35.178788200665224, 31.488762672614929 ], [ 35.178391706438482, 31.488799231683249 ], [ 35.177670424156489, 31.48884530465866 ], [ 35.177068869949693, 31.488855323893112 ], [ 35.177161788779493, 31.489403800625141 ], [ 35.177253084363691, 31.489882381059196 ], [ 35.177222541739837, 31.490295549173421 ], [ 35.177273875804957, 31.490777503097672 ], [ 35.177878692700041, 31.490904456862744 ], [ 35.178522989005216, 31.490997595187551 ], [ 35.179599037753469, 31.490846179185709 ], [ 35.180382427768215, 31.491071798875534 ], [ 35.181000514749236, 31.491426465482686 ], [ 35.181266369013237, 31.492362215864844 ], [ 35.181233017565617, 31.493564530463853 ], [ 35.180560711559352, 31.494245891133197 ], [ 35.180469781957321, 31.494831533259209 ], [ 35.180117526026976, 31.495412616587846 ], [ 35.178778296142056, 31.495541437421917 ], [ 35.177619027826402, 31.495509070764857 ], [ 35.177139519201006, 31.49588268653941 ], [ 35.175802879073025, 31.496112938383227 ], [ 35.174275572757374, 31.495982942861342 ], [ 35.172866718266611, 31.495745296294572 ], [ 35.171090502117679, 31.495410586982917 ], [ 35.170550610942875, 31.495784726023736 ], [ 35.169595090844361, 31.496689169153779 ], [ 35.168280754540206, 31.497861813805532 ], [ 35.166830765659093, 31.498461147197592 ], [ 35.165283637706445, 31.498871039558416 ], [ 35.164480363076159, 31.499702776340541 ], [ 35.163583669784963, 31.500502912410411 ], [ 35.16231875802297, 31.501202587431287 ], [ 35.16093711925776, 31.502114715771643 ], [ 35.159557707075805, 31.503129982339445 ], [ 35.158599121468569, 31.503879330583374 ], [ 35.158493567731504, 31.504809919873221 ], [ 35.157978982360042, 31.504687980569255 ], [ 35.156304304247278, 31.504337320334145 ], [ 35.15524717322257, 31.504115958298211 ], [ 35.154958631911562, 31.5042156176291 ], [ 35.15463349919181, 31.50384008422418 ], [ 35.15412878478574, 31.503117819531994 ], [ 35.153374056086292, 31.502138417585869 ], [ 35.152329034322271, 31.501788518316655 ], [ 35.151220127594897, 31.501286391719841 ], [ 35.15066132889406, 31.50087636661366 ], [ 35.149666932428033, 31.50005636174328 ], [ 35.148679602702515, 31.499552010240084 ], [ 35.147656760508745, 31.499589890894541 ], [ 35.146353428231158, 31.500278681288194 ], [ 35.144851431189529, 31.501434088981071 ], [ 35.143900075332432, 31.501783685078021 ], [ 35.142661368916393, 31.502652280405094 ], [ 35.141287175087491, 31.504163386115412 ], [ 35.140830568205594, 31.505172137881924 ], [ 35.140739417005776, 31.506431905299678 ], [ 35.140368299582541, 31.507233829007813 ], [ 35.140162795871802, 31.507573621734842 ], [ 35.139431203078587, 31.508498805843434 ], [ 35.139389449815482, 31.509413064372112 ], [ 35.139863744244686, 31.510962844773132 ], [ 35.140565252653772, 31.511487977162115 ], [ 35.141145594848311, 31.512177074990685 ], [ 35.141982538938095, 31.513130658604929 ], [ 35.143152866769896, 31.513922622183312 ], [ 35.143053073708408, 31.514596164651664 ], [ 35.144890031851205, 31.515016405281557 ], [ 35.146514069453403, 31.514500261197245 ], [ 35.148464721910457, 31.515170773066838 ], [ 35.148811088327612, 31.516103240377941 ], [ 35.148503363607503, 31.513812899609174 ], [ 35.149338941791733, 31.5121977721113 ], [ 35.15043347913641, 31.51100437647003 ], [ 35.152288112579114, 31.510332681623193 ], [ 35.155764496360298, 31.509739936981511 ], [ 35.160251953595107, 31.509770310654883 ], [ 35.162536307971685, 31.509792497698804 ], [ 35.162910553418598, 31.509323642472925 ], [ 35.163238662319458, 31.509031765055447 ], [ 35.163903931492463, 31.508804252763742 ], [ 35.164237042901071, 31.50872657063065 ], [ 35.164995717224464, 31.50893029286312 ], [ 35.166090902370222, 31.509197806939092 ], [ 35.167097521135503, 31.509252780614634 ], [ 35.168269640531442, 31.50923338816429 ], [ 35.170110910286581, 31.509129614777898 ], [ 35.171524312728629, 31.508675100238403 ], [ 35.172934295694496, 31.508076268533912 ], [ 35.17367319845188, 31.507418639790838 ], [ 35.173995274872055, 31.506838131834943 ], [ 35.17422648202421, 31.505972945913445 ], [ 35.174375258732972, 31.505181017874936 ], [ 35.174772601877301, 31.504240900830439 ], [ 35.175265176337874, 31.503801911118007 ], [ 35.175834478217745, 31.503075462390608 ], [ 35.176658497629461, 31.502486039507509 ], [ 35.177149265152295, 31.501977146316641 ], [ 35.17796985321889, 31.501243976994935 ], [ 35.178465646602838, 31.500949276252921 ], [ 35.179458850333774, 31.500429201328309 ], [ 35.180287866641585, 31.50005677076031 ], [ 35.181615742252468, 31.499531104831526 ], [ 35.182947681614344, 31.499150290318511 ], [ 35.183773250817211, 31.498632971944865 ], [ 35.184928442905175, 31.497896428984017 ], [ 35.18700927363512, 31.495941901604887 ], [ 35.187193994802385, 31.495767187100483 ], [ 35.187871338781015, 31.495217128825409 ], [ 35.188781617813135, 31.494245466058494 ], [ 35.189320198401404, 31.493331812081426 ], [ 35.189611419893069, 31.492476749697786 ], [ 35.189579075491665, 31.491095176122229 ], [ 35.189231022024565, 31.489506696106599 ], [ 35.188368387910515, 31.48718311744803 ], [ 35.187197284383089, 31.484971099071213 ], [ 35.186220858731062, 31.483127741593833 ], [ 35.185383136539883, 31.481867802375142 ], [ 35.18496341841692, 31.479854849045385 ], [ 35.184313421798983, 31.478291672219488 ] ] ] ] } },
{ "type": "Feature", "properties": { "Area": 429090.43847699999 }, "geometry": { "type": "MultiPolygon", "coordinates": [ [ [ [ 34.997802181208492, 31.507621403225379 ], [ 34.996150679124199, 31.50923252169834 ], [ 34.994012243716206, 31.510695700133084 ], [ 34.992211647446304, 31.512793534382549 ], [ 34.991855229755636, 31.513579265753375 ], [ 34.99100043081355, 31.514855687970176 ], [ 34.993226716913185, 31.513962015239382 ], [ 34.995463140167317, 31.513446544239347 ], [ 34.998001280416631, 31.513948386046053 ], [ 34.999431953586971, 31.515188510099431 ], [ 35.001225447654889, 31.51510400120053 ], [ 35.003150223337748, 31.51501065493666 ], [ 35.002953579119669, 31.514738655439384 ], [ 34.997802181208492, 31.507621403225379 ] ] ] ] } },
{ "type": "Feature", "properties": { "Area": 18393060.3237 }, "geometry": { "type": "MultiPolygon", "coordinates": [ [ [ [ 35.078343555674614, 31.502385265885927 ], [ 35.077488165497762, 31.501756487264391 ], [ 35.076300657163088, 31.500452088828897 ], [ 35.075972219102901, 31.500448377665236 ], [ 35.075808562706285, 31.499975290375716 ], [ 35.074957264220991, 31.499269839023547 ], [ 35.07411821725654, 31.49863372641294 ], [ 35.073040420713589, 31.497850808034887 ], [ 35.07268065417157, 31.497559018473467 ], [ 35.071901268417292, 31.496971992300416 ], [ 35.070832148838193, 31.49659040068002 ], [ 35.070175518780395, 31.496199650834178 ], [ 35.068991566416088, 31.495970679258495 ], [ 35.067781013785684, 31.495942900282042 ], [ 35.06734215452142, 31.495997107613022 ], [ 35.066751218358824, 31.49590515820729 ], [ 35.065861832817674, 31.495671401028378 ], [ 35.064732636157217, 31.495238962676837 ], [ 35.063768236102582, 31.494257676091475 ], [ 35.062678574733866, 31.492926764966981 ], [ 35.061304990810399, 31.492098889226948 ], [ 35.060406895926754, 31.491463747636104 ], [ 35.059811856686153, 31.491175602606752 ], [ 35.058524336403067, 31.490662324863226 ], [ 35.058228541480091, 31.490522759682982 ], [ 35.058076975234918, 31.490274569421704 ], [ 35.057965976797831, 31.489954274944186 ], [ 35.057834392231051, 31.489653685425782 ], [ 35.057596686567365, 31.489281387344878 ], [ 35.057234464980212, 31.48892867436961 ], [ 35.056835205446049, 31.488810970309746 ], [ 35.056378051315363, 31.488908522075096 ], [ 35.056071228993716, 31.489197332413159 ], [ 35.055848872635295, 31.489523442608441 ], [ 35.055355752465132, 31.489898840880127 ], [ 35.055175905160226, 31.489135415009592 ], [ 35.054604049664853, 31.488765539819685 ], [ 35.054174561469239, 31.488528856588839 ], [ 35.053423362033449, 31.488838558034995 ], [ 35.052936932653274, 31.489038088209458 ], [ 35.052382416423214, 31.489849687036561 ], [ 35.052370619999841, 31.490127564916556 ], [ 35.050360092876723, 31.490303846569184 ], [ 35.048498008526174, 31.490410381765489 ], [ 35.047260251186451, 31.490274713751433 ], [ 35.046568664755426, 31.490024154891294 ], [ 35.045891964228936, 31.489920166266565 ], [ 35.045223385548567, 31.489876497406037 ], [ 35.044195718181633, 31.490082084276487 ], [ 35.043064651809303, 31.490165778793347 ], [ 35.04215567826526, 31.489722708751575 ], [ 35.041542115816746, 31.488489735763693 ], [ 35.040992116272704, 31.48740508738717 ], [ 35.039725442771953, 31.485781206654611 ], [ 35.039375438574098, 31.484416097610829 ], [ 35.039125994796557, 31.483380303774485 ], [ 35.039026468766039, 31.482281571337516 ], [ 35.038493851021798, 31.479956283146024 ], [ 35.038636746316804, 31.47790186908648 ], [ 35.03836550621903, 31.476280384944008 ], [ 35.038289197031922, 31.475823708189544 ], [ 35.03631037783758, 31.47396324866251 ], [ 35.035368357592148, 31.474447334053096 ], [ 35.033343763876303, 31.474659969941982 ], [ 35.030322035569078, 31.474017816203389 ], [ 35.028188803866172, 31.470782213986361 ], [ 35.027604541567619, 31.468031230002534 ], [ 35.028078598420436, 31.464578234577242 ], [ 35.025635616279587, 31.46453539063917 ], [ 35.024005007391303, 31.464126129426866 ], [ 35.022935746242325, 31.463856872280495 ], [ 35.021628997672849, 31.462028136350384 ], [ 35.020271409643762, 31.459237679853864 ], [ 35.020115227759931, 31.458484945727164 ], [ 35.019661850241093, 31.456295532273565 ], [ 35.01923179209458, 31.454128697346412 ], [ 35.016976847777279, 31.449776077721385 ], [ 35.016195967778295, 31.448252437693878 ], [ 35.01565170408832, 31.447192485168198 ], [ 35.014812172275562, 31.446247084017582 ], [ 35.013556184086951, 31.446090771319628 ], [ 35.013062612788964, 31.44518082156215 ], [ 35.012660189243356, 31.444475057928507 ], [ 35.012406628577061, 31.443718785040044 ], [ 35.012309764326027, 31.442937944725344 ], [ 35.012373163882728, 31.442154526144744 ], [ 35.012560541581074, 31.441508830786976 ], [ 35.013131390661101, 31.440775774168017 ], [ 35.013478246629013, 31.440022088886206 ], [ 35.014089295057097, 31.439477920200289 ], [ 35.014855375456577, 31.43899203692327 ], [ 35.015779824413279, 31.438621372801972 ], [ 35.016113901829648, 31.437421227202563 ], [ 35.016256087952918, 31.437001494908561 ], [ 35.016627980483193, 31.436283349122675 ], [ 35.017044890511862, 31.435735499210935 ], [ 35.017887280876423, 31.434786364319876 ], [ 35.019086973741153, 31.433493332582415 ], [ 35.019473877352063, 31.432896390923297 ], [ 35.019864948818878, 31.432854115002563 ], [ 35.021492916160916, 31.432981585882946 ], [ 35.022634625340913, 31.432997866048638 ], [ 35.023363050053682, 31.432471856483399 ], [ 35.023734234559001, 31.431571056071519 ], [ 35.023785455816892, 31.430742518625227 ], [ 35.022917494678609, 31.430341079559927 ], [ 35.022527362526603, 31.429136505712957 ], [ 35.021813471087647, 31.428279824038842 ], [ 35.021476318783485, 31.42730868579044 ], [ 35.021003775160793, 31.425906701004518 ], [ 35.02124405163314, 31.425307288568149 ], [ 35.022052782569745, 31.424697412025537 ], [ 35.02267685835109, 31.424308231422422 ], [ 35.023865251236238, 31.423748484940326 ], [ 35.024289999425065, 31.423261498705617 ], [ 35.02523368915061, 31.422696322164082 ], [ 35.02629583625356, 31.422138631106161 ], [ 35.026530175354189, 31.421266378482194 ], [ 35.026391286643566, 31.420673193294274 ], [ 35.026248108510217, 31.419915970758169 ], [ 35.026045955908167, 31.419323824498516 ], [ 35.025783840972217, 31.418811073371909 ], [ 35.025431957000443, 31.417459438709763 ], [ 35.025312113439995, 31.416189297328174 ], [ 35.025316392344415, 31.415839820846738 ], [ 35.025409901512532, 31.414016441851746 ], [ 35.025433822782603, 31.413533400131922 ], [ 35.025463811457172, 31.412883517069599 ], [ 35.025494106932257, 31.412244907995898 ], [ 35.025481986896601, 31.411618076977746 ], [ 35.025393591201549, 31.410230732582598 ], [ 35.024816427823012, 31.408819029469523 ], [ 35.024566883103482, 31.408281490696105 ], [ 35.024246175740785, 31.40766888170192 ], [ 35.023989315823208, 31.407093564739402 ], [ 35.023634340440992, 31.406361968949106 ], [ 35.023447799678316, 31.405534783951659 ], [ 35.023299877319914, 31.405047553587018 ], [ 35.023305079499586, 31.404734153556426 ], [ 35.023315362727175, 31.404084805981089 ], [ 35.023176726945188, 31.403383389153142 ], [ 35.022225182832564, 31.403515633429354 ], [ 35.021082922963863, 31.402782909218395 ], [ 35.020070225759405, 31.402261742065125 ], [ 35.018698870540916, 31.402497637248501 ], [ 35.01816243637488, 31.40258310261191 ], [ 35.017950260280536, 31.402617742560238 ], [ 35.016919737320187, 31.401238036145454 ], [ 35.014989733600167, 31.398799526929423 ], [ 35.014148759607153, 31.39764442325373 ], [ 35.014489939160647, 31.3973416676276 ], [ 35.014744493100011, 31.396979032593816 ], [ 35.015045656873639, 31.396557279155704 ], [ 35.01424407747102, 31.396569621376599 ], [ 35.01316545035494, 31.396773761586903 ], [ 35.01187639166573, 31.397287602502928 ], [ 35.010231270146186, 31.39805793104383 ], [ 35.008933048652658, 31.398141074723981 ], [ 35.006834538230393, 31.397925913926862 ], [ 35.005163068638609, 31.397456034772016 ], [ 35.004626182335507, 31.395978350591403 ], [ 35.00403167975221, 31.395182630194888 ], [ 35.0034553857272, 31.395252752467787 ], [ 35.002746463849938, 31.395884091758852 ], [ 35.002545427760396, 31.396628964090549 ], [ 35.00262984728321, 31.398406952089662 ], [ 35.000566211820932, 31.398098735973527 ], [ 34.999390157278008, 31.398056275933076 ], [ 34.998703381773709, 31.398303760073166 ], [ 34.998154575862159, 31.398490021114714 ], [ 34.996366072084264, 31.397988272888533 ], [ 34.99486054619743, 31.397905778576401 ], [ 34.994083902681126, 31.397633375798346 ], [ 34.992980328239156, 31.397508678197347 ], [ 34.991993645390032, 31.397713355359649 ], [ 34.99088348207502, 31.397306787562091 ], [ 34.990435326278728, 31.3969351374522 ], [ 34.990255775553948, 31.396277020195605 ], [ 34.98931612892806, 31.39610239699422 ], [ 34.988520699072197, 31.394935364695595 ], [ 34.987944891123838, 31.393715148343329 ], [ 34.987595378840567, 31.392822811732351 ], [ 34.987748478811746, 31.392254314474503 ], [ 34.987999806131022, 31.391116662977787 ], [ 34.98832321681784, 31.390780125867138 ], [ 34.989628900952198, 31.390051785908483 ], [ 34.990569454680688, 31.389437251921812 ], [ 34.989071916623395, 31.389227874536793 ], [ 34.987306175093025, 31.389140345189311 ], [ 34.986489812418107, 31.389035806646273 ], [ 34.985475806210921, 31.389225168263565 ], [ 34.984803224971046, 31.38952671617632 ], [ 34.984128731494387, 31.389730740084563 ], [ 34.983143849608574, 31.389964664183164 ], [ 34.982053084116814, 31.391280668359222 ], [ 34.980535084133088, 31.393944810408541 ], [ 34.979216256449057, 31.395929482096726 ], [ 34.978592553381944, 31.396304361449765 ], [ 34.981342822109447, 31.398268534861618 ], [ 34.983365703467719, 31.399326687320048 ], [ 34.984463478176956, 31.400392243232986 ], [ 34.985109876729048, 31.40050383206842 ], [ 34.986921004653588, 31.401519853517836 ], [ 34.989237499979666, 31.402773444840314 ], [ 34.990746586804725, 31.403056682050185 ], [ 34.992388559465304, 31.402846335874411 ], [ 34.99495510941221, 31.402375933808649 ], [ 34.996801051879196, 31.40167264215015 ], [ 34.998397899537103, 31.401043329860169 ], [ 34.999181907736677, 31.402555819154156 ], [ 35.001273850297274, 31.406699394822958 ], [ 35.002110607547337, 31.409018013499033 ], [ 35.002923964483529, 31.410234028183414 ], [ 35.003900723762108, 31.412428844145637 ], [ 35.004794729122544, 31.414072242966917 ], [ 35.004819538088618, 31.415237974309736 ], [ 35.004990336609367, 31.41652512405188 ], [ 35.00581545327082, 31.418291290104488 ], [ 35.007202492451825, 31.419559458689701 ], [ 35.00850760227722, 31.420337084684128 ], [ 35.009953331030154, 31.420988646272846 ], [ 35.011462772760922, 31.421271640280871 ], [ 35.011825615152112, 31.421511750248488 ], [ 35.012785052630008, 31.422847420284949 ], [ 35.012587209012963, 31.423648678114997 ], [ 35.013750963313356, 31.424489734741751 ], [ 35.014699286709437, 31.425333844140418 ], [ 35.01478281071477, 31.425885247158586 ], [ 35.014581729965371, 31.426503870508963 ], [ 35.013825727975934, 31.427988045984549 ], [ 35.013123215223985, 31.428612684349709 ], [ 35.011920450914012, 31.429308155780728 ], [ 35.010000042787844, 31.429890920571118 ], [ 35.008213633203162, 31.430040391845885 ], [ 35.006059809166665, 31.429767637542078 ], [ 35.004485008116916, 31.42979224722658 ], [ 35.003499143989274, 31.430544909113078 ], [ 35.003311664980046, 31.431835441625218 ], [ 35.003553966231415, 31.433121574797244 ], [ 35.004319345077803, 31.435443440451532 ], [ 35.004641954936922, 31.437156965134662 ], [ 35.00538148916938, 31.441625835881197 ], [ 35.005306972586659, 31.444919294683086 ], [ 35.006633725756053, 31.444786066685765 ], [ 35.00799570897945, 31.444703610020934 ], [ 35.009479619442118, 31.445431330570642 ], [ 35.010160800340657, 31.445738442571603 ], [ 35.01058859083021, 31.446491601253648 ], [ 35.010671446873587, 31.447604427807754 ], [ 35.010569446021627, 31.448365802982313 ], [ 35.010289357913521, 31.449078431939487 ], [ 35.009837943496215, 31.450048401035417 ], [ 35.009498666591064, 31.450761501820409 ], [ 35.009098934583612, 31.451374738450657 ], [ 35.008578578863158, 31.451890273140307 ], [ 35.007940904972742, 31.452456920484014 ], [ 35.00765209854206, 31.452763681698176 ], [ 35.00719525024094, 31.453481104802574 ], [ 35.007149099801687, 31.454088678406332 ], [ 35.007583059650095, 31.45504252493955 ], [ 35.008239564333131, 31.455388502702917 ], [ 35.008657367123192, 31.45558248326741 ], [ 35.009249800293851, 31.455674702978023 ], [ 35.009724034021005, 31.455768995077911 ], [ 35.010083867020469, 31.456015868573449 ], [ 35.01039200550629, 31.45661947069409 ], [ 35.01028983131603, 31.457379153248354 ], [ 35.010483961724844, 31.458185506100111 ], [ 35.011335296624331, 31.459337821405271 ], [ 35.012299459426913, 31.46023382699849 ], [ 35.013502379113881, 31.461276737407434 ], [ 35.014404248494571, 31.46202269599825 ], [ 35.015483035147213, 31.462765527199718 ], [ 35.01608634660041, 31.463362786047597 ], [ 35.016391400193761, 31.463813612185078 ], [ 35.016515369766267, 31.464138472077948 ], [ 35.017721491766181, 31.46452748186632 ], [ 35.018646718853908, 31.465383361411444 ], [ 35.018665547221737, 31.466255960569793 ], [ 35.019034455808672, 31.467603118954724 ], [ 35.019965403554686, 31.468749290435216 ], [ 35.021353575540253, 31.47008268629224 ], [ 35.023203892820909, 31.471794384886188 ], [ 35.025427000573536, 31.473256869390529 ], [ 35.024965353609147, 31.474698107276762 ], [ 35.024887110531566, 31.474944887791633 ], [ 35.024218782052735, 31.476290571396465 ], [ 35.023232989126591, 31.477516866786562 ], [ 35.02215310152922, 31.479090244692824 ], [ 35.021863010492098, 31.479701419665528 ], [ 35.021546918883132, 31.48023646056842 ], [ 35.021526693811921, 31.481589253170576 ], [ 35.022016290480693, 31.482907824860419 ], [ 35.022365504214321, 31.484038491028237 ], [ 35.022775027124808, 31.485364836947664 ], [ 35.023054096287701, 31.487234379395154 ], [ 35.024878396016668, 31.49001755923657 ], [ 35.025038625330552, 31.490247199496249 ], [ 35.025250356353951, 31.490548498335233 ], [ 35.025694974536755, 31.491183817601609 ], [ 35.0261017697323, 31.492081755016404 ], [ 35.027310047733614, 31.492497733124132 ], [ 35.027927830401133, 31.492711091618766 ], [ 35.029132022004056, 31.49241681679004 ], [ 35.031248863691047, 31.491887024900429 ], [ 35.03229990712876, 31.491694538087717 ], [ 35.03307663939087, 31.491682615433955 ], [ 35.033547234962704, 31.491629695262844 ], [ 35.034022533695627, 31.491703606460703 ], [ 35.034663087903823, 31.492153142553327 ], [ 35.035711710920971, 31.49284897600727 ], [ 35.036158032141174, 31.493680983604701 ], [ 35.037125267040729, 31.49428989248316 ], [ 35.038853586252401, 31.495015897532351 ], [ 35.039737325729661, 31.495238561508547 ], [ 35.040055387332714, 31.49552193490349 ], [ 35.040494175740989, 31.495704564393524 ], [ 35.04057197796557, 31.495980300854942 ], [ 35.040719409814145, 31.4965035794276 ], [ 35.043170234152143, 31.49677781731247 ], [ 35.043622950553328, 31.496901267784864 ], [ 35.044608570816692, 31.496901374615501 ], [ 35.04507852018893, 31.497241292465443 ], [ 35.045472943496193, 31.497410885134368 ], [ 35.047294764920409, 31.497469501580024 ], [ 35.047560400596176, 31.497255631016998 ], [ 35.05656799603176, 31.497582572334569 ], [ 35.056533384479174, 31.498884056898611 ], [ 35.058743447505599, 31.499854419971193 ], [ 35.060172770184799, 31.499680172065197 ], [ 35.060477810794559, 31.499495066513216 ], [ 35.061420738924156, 31.498927375672253 ], [ 35.061948399031095, 31.499108339845254 ], [ 35.062922387561571, 31.49942169578253 ], [ 35.063120572959811, 31.499966424248761 ], [ 35.063194115453079, 31.500168300859968 ], [ 35.063525094767876, 31.502205784745296 ], [ 35.064073953187503, 31.503405322763545 ], [ 35.064357860103549, 31.503719036556873 ], [ 35.065618301058663, 31.505114375553351 ], [ 35.066182065817777, 31.504931791553894 ], [ 35.066481883914115, 31.504834599370025 ], [ 35.067519530695492, 31.508355857070178 ], [ 35.070777460084422, 31.509951678441304 ], [ 35.074607740626732, 31.512270627910727 ], [ 35.074968717654933, 31.510535442515753 ], [ 35.075545108596181, 31.509312852167099 ], [ 35.076151877911116, 31.508718785774029 ], [ 35.076889881361168, 31.507044847963957 ], [ 35.077468741663054, 31.505664421911391 ], [ 35.077462796484085, 31.503734395517643 ], [ 35.078343555674614, 31.502385265885927 ] ] ] ] } },
{ "type": "Feature", "properties": { "Area": 7179780.1103499997 }, "geometry": { "type": "MultiPolygon", "coordinates": [ [ [ [ 34.946882989250966, 31.494903933433392 ], [ 34.947837966906846, 31.495396810372103 ], [ 34.948608819328896, 31.495928205802421 ], [ 34.949306832864472, 31.495002356561319 ], [ 34.950166606450267, 31.493730729342325 ], [ 34.951210074472108, 31.492206370126283 ], [ 34.951931961178516, 31.490821722816428 ], [ 34.952316269702344, 31.490642668317076 ], [ 34.952786959368382, 31.490876391528602 ], [ 34.953122590389157, 31.491004441013793 ], [ 34.953447683533732, 31.491076101605955 ], [ 34.95410769399539, 31.491174345640054 ], [ 34.95486817690913, 31.491647625076332 ], [ 34.955462912290564, 31.491929492443514 ], [ 34.956715021313236, 31.492192338446582 ], [ 34.957179449769619, 31.492250167257399 ], [ 34.958228087047416, 31.492281499201344 ], [ 34.958750693949874, 31.492291521932053 ], [ 34.959086338246337, 31.492419555819605 ], [ 34.95944185445628, 31.492495205216322 ], [ 34.959968397857068, 31.492509739900431 ], [ 34.961563985671155, 31.492424279980138 ], [ 34.96218854965926, 31.492308782837334 ], [ 34.962518634222704, 31.492170743268122 ], [ 34.96281545426239, 31.491985855154166 ], [ 34.963069953102149, 31.491758611037756 ], [ 34.963267940169636, 31.491507585669311 ], [ 34.96285496048877, 31.491011337874074 ], [ 34.962167171402555, 31.49090463124795 ], [ 34.961853321279058, 31.490615999688533 ], [ 34.962113351403111, 31.489964885199974 ], [ 34.962069917808122, 31.489525701064803 ], [ 34.961959981283847, 31.489176015107368 ], [ 34.962154089038947, 31.488642583367913 ], [ 34.96260674032353, 31.488990098587177 ], [ 34.962921993558666, 31.489307478378102 ], [ 34.96322186626022, 31.488890361307273 ], [ 34.963525973717843, 31.488680683488248 ], [ 34.964081377454406, 31.488848011140021 ], [ 34.964061456818882, 31.487891982636963 ], [ 34.963921608652264, 31.48727618793211 ], [ 34.963760515787939, 31.486994611849262 ], [ 34.963544592175438, 31.486741116116054 ], [ 34.963280893197883, 31.486521914163241 ], [ 34.962976466763209, 31.486346037776929 ], [ 34.962641003168827, 31.486218014362358 ], [ 34.962318544893151, 31.486148636774995 ], [ 34.961919185183874, 31.486120824632312 ], [ 34.961545645908771, 31.486155628058103 ], [ 34.961717238746651, 31.485742780282735 ], [ 34.962058126626744, 31.485679167161248 ], [ 34.962400673459854, 31.485673614709309 ], [ 34.962712254563286, 31.485815685528245 ], [ 34.96305421934548, 31.485780819171406 ], [ 34.963533003341894, 31.485744518365813 ], [ 34.96387380202156, 31.485651025503078 ], [ 34.964138790177763, 31.485236658823066 ], [ 34.96399523019155, 31.48491622233032 ], [ 34.963580033113224, 31.484717592323928 ], [ 34.963777781752022, 31.484360594614401 ], [ 34.963906606124056, 31.483948227032823 ], [ 34.963591533276642, 31.483630286112621 ], [ 34.963346617604813, 31.483399846055615 ], [ 34.963069323067629, 31.483227966638186 ], [ 34.963021271713366, 31.482665328944584 ], [ 34.962999556752713, 31.482412761829849 ], [ 34.963398310569701, 31.482221863714862 ], [ 34.963699895036662, 31.481768673033653 ], [ 34.964365914789695, 31.480651029257647 ], [ 34.964557811684045, 31.480133935486592 ], [ 34.964583441520247, 31.479820016659264 ], [ 34.964443601574324, 31.47920422179125 ], [ 34.963855025509176, 31.478270799197663 ], [ 34.963624885569104, 31.477990220213666 ], [ 34.963224388128019, 31.477585875232112 ], [ 34.962893837228414, 31.47734963606753 ], [ 34.9627325418898, 31.477090604935562 ], [ 34.962419825542803, 31.47695360499398 ], [ 34.962164477943872, 31.476695522710447 ], [ 34.961829049808827, 31.476567497155887 ], [ 34.960970661207924, 31.476409730151502 ], [ 34.960619434222558, 31.476351567093598 ], [ 34.960260319682511, 31.476291697009398 ], [ 34.95989771166002, 31.476247602147723 ], [ 34.959544799161669, 31.476205779500546 ], [ 34.958382841993242, 31.476066015575181 ], [ 34.957024102604251, 31.475852019673205 ], [ 34.956321375782132, 31.475842768674692 ], [ 34.95521473639257, 31.47598999372148 ], [ 34.95392052091016, 31.474456527353396 ], [ 34.953614728951408, 31.474012316563279 ], [ 34.953781292620427, 31.473455168006147 ], [ 34.953807120855679, 31.473141251507652 ], [ 34.953755470320537, 31.472717830374254 ], [ 34.953668767937721, 31.472182732873062 ], [ 34.953567800698117, 31.471879841537234 ], [ 34.953406600562296, 31.471598251725354 ], [ 34.952927109778287, 31.471124951121951 ], [ 34.952622916936797, 31.470949050377648 ], [ 34.952287520895233, 31.470821563559472 ], [ 34.951931929499011, 31.470745330503149 ], [ 34.951619323639271, 31.470642124904227 ], [ 34.951178785092843, 31.470301358319176 ], [ 34.948359392107072, 31.468792993756725 ], [ 34.945682397515036, 31.467011472200767 ], [ 34.946494571012913, 31.466534549830094 ], [ 34.947007625615228, 31.466497815746798 ], [ 34.947359696149519, 31.466411153146737 ], [ 34.947689546627721, 31.466273150555683 ], [ 34.94656380033107, 31.464729799775487 ], [ 34.947156418973876, 31.464030906166219 ], [ 34.94747671519648, 31.463234511452846 ], [ 34.947207911429324, 31.462514721472761 ], [ 34.946033567529319, 31.4629430062494 ], [ 34.944864428750876, 31.463626072205972 ], [ 34.943846738140316, 31.464054090453782 ], [ 34.943110780563288, 31.46230857815906 ], [ 34.943109817331951, 31.462004191212632 ], [ 34.943058873651012, 31.461641643655692 ], [ 34.942695232332248, 31.460337118578725 ], [ 34.942534084360879, 31.460055514856759 ], [ 34.942318445491871, 31.459801419563224 ], [ 34.942054871364199, 31.459582173644026 ], [ 34.941674881722932, 31.459371707256711 ], [ 34.940432066233107, 31.458838169056406 ], [ 34.93936585497589, 31.45800172657535 ], [ 34.938966252452616, 31.457755136282511 ], [ 34.93790816318176, 31.457252394771618 ], [ 34.937572671658316, 31.457124869178827 ], [ 34.937217308559404, 31.457048595794692 ], [ 34.936851268018955, 31.457027539392154 ], [ 34.936520433678879, 31.457055031731649 ], [ 34.935772951102514, 31.457167892549631 ], [ 34.935401261625813, 31.45722517114287 ], [ 34.935049214760433, 31.457311801122405 ], [ 34.934719213111777, 31.457449771075712 ], [ 34.934422447808153, 31.45763459534836 ], [ 34.934167973113844, 31.45786178386048 ], [ 34.933962885403659, 31.458121769350061 ], [ 34.933813614025873, 31.458408365197272 ], [ 34.933581653091991, 31.459151363583629 ], [ 34.933108293285841, 31.459801407520882 ], [ 34.931488774709337, 31.462028995586099 ], [ 34.931339491163754, 31.46231502462404 ], [ 34.931244178258062, 31.462641189558411 ], [ 34.931048904609206, 31.463025199676633 ], [ 34.930813769251102, 31.463491420948571 ], [ 34.930507201019338, 31.464097844190452 ], [ 34.930336156540903, 31.465023033303936 ], [ 34.930178343081039, 31.46659704059358 ], [ 34.930393868406036, 31.467448651450166 ], [ 34.930445398410605, 31.467650557396983 ], [ 34.931444047903177, 31.469683047434611 ], [ 34.93155636817076, 31.470184393837137 ], [ 34.932966601236473, 31.472902612519604 ], [ 34.93361985105922, 31.473869570328016 ], [ 34.935666844093255, 31.474922881188593 ], [ 34.936955022238017, 31.475990359522449 ], [ 34.938374006298083, 31.477270038257323 ], [ 34.939726560329532, 31.478388352968278 ], [ 34.940130674061081, 31.479577413213505 ], [ 34.93976345165256, 31.480178658847709 ], [ 34.939335905634252, 31.480944935015128 ], [ 34.938704678649209, 31.482038845421638 ], [ 34.938837823824237, 31.483394757616558 ], [ 34.939695038690715, 31.484387471558655 ], [ 34.940371613251237, 31.485416446051119 ], [ 34.940951972623417, 31.486573736498357 ], [ 34.942135428917403, 31.489182593175666 ], [ 34.94138009524017, 31.490484256440713 ], [ 34.941585607592778, 31.490972819650509 ], [ 34.942398981551065, 31.492861101373631 ], [ 34.942555020412655, 31.493402546884735 ], [ 34.943046154690656, 31.49491475811114 ], [ 34.943452294240245, 31.494703645664053 ], [ 34.943923109451482, 31.49459468836557 ], [ 34.944498792161944, 31.494624605874225 ], [ 34.945541113968353, 31.495046090761878 ], [ 34.946882989250966, 31.494903933433392 ] ] ] ] } },
{ "type": "Feature", "properties": { "Area": 33847917.141599998 }, "geometry": { "type": "MultiPolygon", "coordinates": [ [ [ [ 35.14021161363511, 31.421322984679378 ], [ 35.13980189272619, 31.420910163622647 ], [ 35.139089030401024, 31.420437436857121 ], [ 35.137915423308804, 31.419931774425244 ], [ 35.138945349417035, 31.419810549047867 ], [ 35.141228398592744, 31.419495468617505 ], [ 35.141736506485465, 31.418740383775198 ], [ 35.141535433853569, 31.418400948605836 ], [ 35.141996120307127, 31.417033680257173 ], [ 35.14011332115988, 31.415813504855585 ], [ 35.139148252010301, 31.415834437271627 ], [ 35.13729566849203, 31.414726408516788 ], [ 35.135657104185249, 31.413569991046177 ], [ 35.133818964254921, 31.413036875880543 ], [ 35.132211749376282, 31.413092913017461 ], [ 35.131167344935193, 31.414167827260563 ], [ 35.130676604246169, 31.414911043341792 ], [ 35.129758818063529, 31.413539636228183 ], [ 35.129594703216917, 31.413285319696755 ], [ 35.128669678929889, 31.411963504331155 ], [ 35.127155430940526, 31.411278290071664 ], [ 35.126484814744522, 31.410948693518854 ], [ 35.1250828815446, 31.410194189902342 ], [ 35.124851149983449, 31.410062708219723 ], [ 35.122282598259204, 31.408610168927133 ], [ 35.120545154559657, 31.407374014786377 ], [ 35.119353753589621, 31.406302232058021 ], [ 35.116605399699843, 31.406523598296129 ], [ 35.115662786806986, 31.40669712753245 ], [ 35.114275408684236, 31.407202347351497 ], [ 35.11399001192985, 31.407543174710405 ], [ 35.112823375926773, 31.407607734034205 ], [ 35.110441963979788, 31.407895180487703 ], [ 35.108293951494666, 31.408892998350481 ], [ 35.105722629629767, 31.410362821094093 ], [ 35.10359175879681, 31.412133945407376 ], [ 35.102061246541567, 31.413277572082769 ], [ 35.100730921909324, 31.414343554095591 ], [ 35.100525073480654, 31.414603808728302 ], [ 35.099816037131077, 31.415494977691726 ], [ 35.099348236655473, 31.416068423735151 ], [ 35.099142195547621, 31.416347277420797 ], [ 35.097857517097253, 31.417813480734381 ], [ 35.096295552997496, 31.418729847351596 ], [ 35.095141319805045, 31.419589611058441 ], [ 35.093417714419367, 31.420269621722813 ], [ 35.092711243824212, 31.419595972026897 ], [ 35.091441030443669, 31.418881237760075 ], [ 35.090407162208614, 31.418415848660203 ], [ 35.089893483447156, 31.417603125130235 ], [ 35.088865401838532, 31.417394767704629 ], [ 35.087846039762255, 31.417580423680491 ], [ 35.087102109066102, 31.418271382877329 ], [ 35.086633601676645, 31.419469340956319 ], [ 35.086580052867205, 31.420372309940365 ], [ 35.085384234723783, 31.419721843867389 ], [ 35.083755984695919, 31.417998837440166 ], [ 35.082405035631687, 31.416124443679436 ], [ 35.082372909286981, 31.414665603762703 ], [ 35.082703274852314, 31.412689647729735 ], [ 35.085703365897565, 31.411362169889681 ], [ 35.086408837786443, 31.411037576273969 ], [ 35.090104998770592, 31.409444011688063 ], [ 35.089974477105663, 31.408951800232607 ], [ 35.089845867584245, 31.408103906456411 ], [ 35.089728131211992, 31.407774610424617 ], [ 35.089164911861424, 31.407217750451551 ], [ 35.089047836873625, 31.406887890666241 ], [ 35.089037404148925, 31.406417206010136 ], [ 35.089741434643081, 31.405886848127544 ], [ 35.090935700929101, 31.405111718928389 ], [ 35.091698035714522, 31.404720631481663 ], [ 35.092306285429316, 31.404853066522392 ], [ 35.092485520199794, 31.405145210950689 ], [ 35.092982205429109, 31.405283745870921 ], [ 35.094205087080731, 31.405300022105944 ], [ 35.094608700565161, 31.405507240044802 ], [ 35.094768010578228, 31.405279084693944 ], [ 35.097146191989268, 31.401891668346231 ], [ 35.098528530507885, 31.399154442269577 ], [ 35.098340176922001, 31.398929376827255 ], [ 35.097958711846168, 31.398475859040964 ], [ 35.097948711145143, 31.39802039424838 ], [ 35.098068435980579, 31.397766272178405 ], [ 35.098286966519495, 31.397304796122938 ], [ 35.098306589924661, 31.396801442649924 ], [ 35.098324683841135, 31.3963431825849 ], [ 35.097480823748086, 31.395547687410524 ], [ 35.097058571750573, 31.395148810073696 ], [ 35.096934385756214, 31.394848826153446 ], [ 35.096942169639156, 31.393784033385035 ], [ 35.096944872670626, 31.393430041987234 ], [ 35.096948956695357, 31.392873125403341 ], [ 35.096700703024432, 31.392319942909229 ], [ 35.096300839047089, 31.391896279589844 ], [ 35.095854709339065, 31.391422971629488 ], [ 35.094984362085434, 31.391000032480523 ], [ 35.094244220758064, 31.390639768274962 ], [ 35.094176187513419, 31.390237239141012 ], [ 35.094354569390845, 31.389833230555432 ], [ 35.094513351212335, 31.389472044926499 ], [ 35.094801683619316, 31.38916282882488 ], [ 35.095100665573455, 31.389018217027697 ], [ 35.095560395032521, 31.388796516249904 ], [ 35.095753843040107, 31.388425775791013 ], [ 35.0960129777324, 31.387929952546713 ], [ 35.09587447893302, 31.387230866409965 ], [ 35.09581372694187, 31.386920788384995 ], [ 35.095400534887524, 31.386397338448006 ], [ 35.095024746342659, 31.38592070488529 ], [ 35.095189005086723, 31.385361105778987 ], [ 35.095696588912311, 31.385078003440071 ], [ 35.096121657589194, 31.384838796872209 ], [ 35.096110409773452, 31.384333725650443 ], [ 35.095630988415955, 31.383987781110417 ], [ 35.095499126313712, 31.383381144129199 ], [ 35.095646446979885, 31.383116900816326 ], [ 35.095816977161185, 31.382809836902261 ], [ 35.096009728883203, 31.382461642508201 ], [ 35.096028264244552, 31.382055241163858 ], [ 35.096049810474625, 31.38160149277531 ], [ 35.09575139074763, 31.381421988461828 ], [ 35.095391744790803, 31.381206355579948 ], [ 35.094568338409573, 31.381321772378101 ], [ 35.094348684368597, 31.381072435242309 ], [ 35.094139694521921, 31.380834944279833 ], [ 35.092012527501268, 31.380149911683841 ], [ 35.090245139364562, 31.378765067191353 ], [ 35.089057555197044, 31.37783505126685 ], [ 35.088710337125164, 31.377017958279492 ], [ 35.088769491791723, 31.375657274520133 ], [ 35.088624514470062, 31.375343734519738 ], [ 35.088295149960075, 31.375245355546948 ], [ 35.087865959337108, 31.375117009745097 ], [ 35.087392274422072, 31.374975657161098 ], [ 35.086919408668884, 31.374837122005683 ], [ 35.086462196504613, 31.374659705181035 ], [ 35.082718690995662, 31.37321655567289 ], [ 35.080155639066021, 31.373582749621281 ], [ 35.07959298615954, 31.373663937923212 ], [ 35.078851516812072, 31.373707745625879 ], [ 35.078485381175966, 31.373729370540396 ], [ 35.077782017639912, 31.373772082081299 ], [ 35.077417922213705, 31.373741846873461 ], [ 35.076866276868095, 31.373696768497648 ], [ 35.076125111179678, 31.373636842564498 ], [ 35.075759867095783, 31.37360660150285 ], [ 35.072961088067927, 31.37337885397633 ], [ 35.072652689276524, 31.373456326269427 ], [ 35.069866740337467, 31.374146204680809 ], [ 35.069373328299648, 31.3742691334533 ], [ 35.068948594911213, 31.374375222287011 ], [ 35.068439573668599, 31.374500385719429 ], [ 35.06812029617209, 31.374713120093652 ], [ 35.067380196879363, 31.374822250432043 ], [ 35.066551307343154, 31.375108278368387 ], [ 35.065895129398783, 31.375333045795681 ], [ 35.064761094977051, 31.375480065686475 ], [ 35.063343137512888, 31.375360704138579 ], [ 35.062181871629647, 31.375264159164818 ], [ 35.061409362649997, 31.375509067272748 ], [ 35.060448293611998, 31.375643840610024 ], [ 35.059250317381547, 31.375814414765475 ], [ 35.058335733001371, 31.375944151675043 ], [ 35.057536663020151, 31.376148420814683 ], [ 35.057055707742151, 31.376271316375597 ], [ 35.055739363141555, 31.376292345085503 ], [ 35.05496111941531, 31.376304969296893 ], [ 35.054127149560998, 31.376448862181935 ], [ 35.053691105553717, 31.376523884466849 ], [ 35.05299333281247, 31.376645382495376 ], [ 35.052426499046362, 31.377053383984691 ], [ 35.050920904608049, 31.377490138499091 ], [ 35.050022080391862, 31.378009904964284 ], [ 35.048990238687018, 31.378605601457114 ], [ 35.048263481595029, 31.378759732279853 ], [ 35.047697781099991, 31.378761860887707 ], [ 35.047296994016456, 31.37876362539642 ], [ 35.046291900693426, 31.378770845760975 ], [ 35.04581705704009, 31.379150183240437 ], [ 35.045380708292811, 31.379297328490264 ], [ 35.044907706109115, 31.379457955117243 ], [ 35.044382604215066, 31.379635425555151 ], [ 35.043927349931671, 31.379789306471928 ], [ 35.041226686517149, 31.380705269254673 ], [ 35.039507988289579, 31.381018734786817 ], [ 35.036690426328903, 31.381119927157286 ], [ 35.035626119670646, 31.381157425411601 ], [ 35.035802561286715, 31.381510523997495 ], [ 35.036030065582629, 31.38196909836957 ], [ 35.036236786145594, 31.382385368726403 ], [ 35.036558900613734, 31.383034027772126 ], [ 35.036712266157949, 31.38334312743585 ], [ 35.036426839421665, 31.383399686085731 ], [ 35.03639531780285, 31.38412848869881 ], [ 35.036197499070667, 31.384521681089495 ], [ 35.035963742949818, 31.384985286490956 ], [ 35.035730736099225, 31.385212145036849 ], [ 35.035446930849943, 31.385185278340959 ], [ 35.035183491778994, 31.385160128941351 ], [ 35.034952151944331, 31.385463649313131 ], [ 35.034790459878046, 31.385675944534327 ], [ 35.035133660480987, 31.3859255463341 ], [ 35.035434698426279, 31.386145780095848 ], [ 35.035959508434431, 31.38652977562251 ], [ 35.036673762590262, 31.386708272173497 ], [ 35.037101825579079, 31.386814240188301 ], [ 35.037539202922829, 31.387041410976192 ], [ 35.037932599720691, 31.387244848460472 ], [ 35.038344705221803, 31.387459582640929 ], [ 35.038403291708384, 31.387679495267935 ], [ 35.038340681234978, 31.388066101468485 ], [ 35.038278735267369, 31.388448199002806 ], [ 35.038211476474231, 31.388861855900377 ], [ 35.038066557636128, 31.389065157934155 ], [ 35.037749045395465, 31.389514001820537 ], [ 35.037218423221113, 31.390264701786343 ], [ 35.036620013828326, 31.390515323285967 ], [ 35.036362822113823, 31.390478910793085 ], [ 35.036068182778685, 31.390438502851417 ], [ 35.0353793831705, 31.390341206985447 ], [ 35.034950896013058, 31.390097693841586 ], [ 35.034457265082111, 31.38981463508869 ], [ 35.034178901841244, 31.389586537660918 ], [ 35.033775385533531, 31.389255119034587 ], [ 35.033358587397643, 31.388911844053663 ], [ 35.032669801790448, 31.388814533660231 ], [ 35.03269645077151, 31.388252576486728 ], [ 35.032158760428707, 31.387907444613084 ], [ 35.031653944046035, 31.386925391832204 ], [ 35.03121706313074, 31.386077585505422 ], [ 35.031064675083655, 31.385780318120421 ], [ 35.030681801684935, 31.385761198532901 ], [ 35.030320775988052, 31.385563983273595 ], [ 35.030093331751488, 31.385439100176626 ], [ 35.029765618139336, 31.385261657563309 ], [ 35.029347323792756, 31.385033922623606 ], [ 35.028566780639515, 31.384917863364173 ], [ 35.027799540037186, 31.385419051805552 ], [ 35.027338390845813, 31.385884019066449 ], [ 35.027417030615936, 31.386521090568881 ], [ 35.027518972411031, 31.387347028223505 ], [ 35.027630304353792, 31.388247384907785 ], [ 35.02819862796661, 31.389158516355991 ], [ 35.028645108295741, 31.389872752641462 ], [ 35.029112067031399, 31.390620836320807 ], [ 35.029680535808161, 31.391202769898076 ], [ 35.030124562986089, 31.391655448327921 ], [ 35.030867185920513, 31.392412918711969 ], [ 35.031634596043176, 31.392649010885229 ], [ 35.032215739679991, 31.393052262510714 ], [ 35.032733942652136, 31.393740651080698 ], [ 35.033197411642597, 31.394357940331247 ], [ 35.034044563704391, 31.394843272547497 ], [ 35.034638204561915, 31.395435927311482 ], [ 35.035171457518878, 31.39562772078532 ], [ 35.035375030133892, 31.396623453936598 ], [ 35.03746177184032, 31.397661673574628 ], [ 35.037978009068901, 31.397917129393605 ], [ 35.037829418201632, 31.398889289820566 ], [ 35.037663041728869, 31.399976418121188 ], [ 35.03795153526724, 31.401561869254621 ], [ 35.038134268163532, 31.402566589066272 ], [ 35.037925595732574, 31.402854360179777 ], [ 35.038071367998576, 31.403390611605648 ], [ 35.038260349656788, 31.403742030917204 ], [ 35.038611628408589, 31.404392411673676 ], [ 35.039149115027499, 31.405389696298581 ], [ 35.039452421014637, 31.405950950941406 ], [ 35.03986595299056, 31.406715271995527 ], [ 35.040123410323211, 31.407191350069823 ], [ 35.040561023898995, 31.408003048925298 ], [ 35.04065049364857, 31.408710020794981 ], [ 35.040698805636154, 31.409085494851904 ], [ 35.040800272996684, 31.409886616738653 ], [ 35.039837635362886, 31.410326184106431 ], [ 35.040005670087943, 31.411865815284681 ], [ 35.040494432031046, 31.413702352989556 ], [ 35.040843626195802, 31.415016177447026 ], [ 35.040636940508215, 31.415757154944313 ], [ 35.040522851427646, 31.416164550939133 ], [ 35.040473365647614, 31.417218572133979 ], [ 35.041006593892767, 31.41826093624395 ], [ 35.041139083119106, 31.418520398497911 ], [ 35.040282242605002, 31.419020980713537 ], [ 35.040624951580298, 31.419820719120416 ], [ 35.040883215169877, 31.420423060403884 ], [ 35.041172741018357, 31.421099283163951 ], [ 35.040418932977346, 31.421965826231965 ], [ 35.039796843562655, 31.422679776394581 ], [ 35.039316891128365, 31.423864016463707 ], [ 35.039194776682002, 31.424903286591249 ], [ 35.038806613097762, 31.425558910075633 ], [ 35.038237129586335, 31.426522066992742 ], [ 35.038069819074479, 31.42708834898313 ], [ 35.03809428422008, 31.428217996529227 ], [ 35.038376215255902, 31.428729620249115 ], [ 35.039061973837583, 31.429972294703614 ], [ 35.039372584979837, 31.430535811700381 ], [ 35.039310864148419, 31.43096300185978 ], [ 35.03923533989181, 31.431482617726573 ], [ 35.039190250274174, 31.43179709315903 ], [ 35.039351027051595, 31.432240916620334 ], [ 35.039476967650195, 31.432588305724675 ], [ 35.040855847203225, 31.433542692218111 ], [ 35.041909234486162, 31.434270052119107 ], [ 35.042416123349476, 31.434541823934079 ], [ 35.043212340068223, 31.434968969986432 ], [ 35.04379365808694, 31.435548035499984 ], [ 35.044428752240528, 31.435822214664285 ], [ 35.04541820710277, 31.435995368426905 ], [ 35.045678961833531, 31.436041349740755 ], [ 35.046092323877104, 31.436819175612523 ], [ 35.046058505882193, 31.437773443716448 ], [ 35.045603143857093, 31.438605998824315 ], [ 35.045165560114327, 31.438834309731771 ], [ 35.044800207963533, 31.439209829499646 ], [ 35.044094520807995, 31.439839142345949 ], [ 35.043505609253579, 31.440513692268194 ], [ 35.043259526547587, 31.441108064845654 ], [ 35.043053479232888, 31.442221072304701 ], [ 35.042881963704829, 31.443801976500044 ], [ 35.04242232569505, 31.445462558549917 ], [ 35.042107885033417, 31.446128429201266 ], [ 35.041521384881094, 31.447373415297776 ], [ 35.041534018916906, 31.447956838939334 ], [ 35.042165501326089, 31.448082213166284 ], [ 35.041204040551655, 31.448569137847944 ], [ 35.040462385226519, 31.449787427926871 ], [ 35.040275347149752, 31.451375634595689 ], [ 35.040347549916781, 31.451824978810127 ], [ 35.040503031601993, 31.452783431104322 ], [ 35.040689033818303, 31.453019286491351 ], [ 35.040966484116673, 31.453132376428062 ], [ 35.041508256366214, 31.453346700559166 ], [ 35.042312443132658, 31.454008351583703 ], [ 35.04321770305198, 31.454115465331729 ], [ 35.043941678891159, 31.45420318067649 ], [ 35.044540902110015, 31.454087812128186 ], [ 35.04555468028461, 31.453891222130359 ], [ 35.046096178755519, 31.453690659270872 ], [ 35.046750022523625, 31.454428756843456 ], [ 35.047001179161775, 31.454936939812061 ], [ 35.046887560348658, 31.45524738686386 ], [ 35.046548673962626, 31.456177602386216 ], [ 35.046740561686349, 31.456740389459132 ], [ 35.047237640189124, 31.457553260379058 ], [ 35.048272722476142, 31.458308163660902 ], [ 35.049431939278335, 31.459263314422333 ], [ 35.05023728917994, 31.460484085111652 ], [ 35.050920677041944, 31.461602678796829 ], [ 35.051686320973651, 31.46097509325951 ], [ 35.05227177021326, 31.460350107564068 ], [ 35.053042246802697, 31.459976738227901 ], [ 35.054424701636592, 31.460159868640101 ], [ 35.055877536660063, 31.460856012614947 ], [ 35.056502384492333, 31.462027494403888 ], [ 35.056635408121821, 31.462640929290615 ], [ 35.055228522869676, 31.46405018355453 ], [ 35.053682256433994, 31.464589503727268 ], [ 35.050706493883531, 31.465509834661017 ], [ 35.047968991024106, 31.466376274413928 ], [ 35.046403562924489, 31.466040655878171 ], [ 35.044764173001511, 31.465020621797503 ], [ 35.044809817679628, 31.464765332843356 ], [ 35.045195469679705, 31.464499757082741 ], [ 35.045149296671553, 31.464193622852346 ], [ 35.045180456365586, 31.463753429517482 ], [ 35.044221112204056, 31.463491250674021 ], [ 35.042637624223481, 31.463559720228474 ], [ 35.042233295609719, 31.463689982092887 ], [ 35.041396015081617, 31.463958357034876 ], [ 35.040707766492211, 31.464460843137704 ], [ 35.039987683948894, 31.464736122677547 ], [ 35.039424335988606, 31.465446195292085 ], [ 35.039121257963068, 31.466425475474619 ], [ 35.039387609256856, 31.467638852019736 ], [ 35.040132780739441, 31.468639209293215 ], [ 35.040685214297511, 31.469390734356686 ], [ 35.041010543192961, 31.469985265258185 ], [ 35.04115919864185, 31.470255456037719 ], [ 35.041856350351154, 31.470713484683039 ], [ 35.042085288214693, 31.470863149406778 ], [ 35.046444600915571, 31.471758646130365 ], [ 35.046771406729356, 31.472087108677172 ], [ 35.047311445304693, 31.472723599603086 ], [ 35.047552666094127, 31.473107759093683 ], [ 35.048443147976982, 31.474705742472711 ], [ 35.04774110137005, 31.474879061573027 ], [ 35.047006311407543, 31.475752422721687 ], [ 35.04708842930058, 31.476497140135422 ], [ 35.047850422232045, 31.477657556158341 ], [ 35.049607932670547, 31.478195748924868 ], [ 35.051098586250689, 31.478839005797688 ], [ 35.051635404140406, 31.479475474097956 ], [ 35.052774747432672, 31.479986955240246 ], [ 35.053939647982055, 31.480462380992158 ], [ 35.054398349440632, 31.481226136567848 ], [ 35.054899265773983, 31.482746956497078 ], [ 35.055619747826988, 31.483837944840708 ], [ 35.056801282491293, 31.484441318120336 ], [ 35.058199755317148, 31.4844998539157 ], [ 35.059459666868406, 31.483665918813134 ], [ 35.060793845459116, 31.482532742537231 ], [ 35.062570856652904, 31.482898294292148 ], [ 35.062978857574684, 31.483205385315202 ], [ 35.064467104210159, 31.483039608719128 ], [ 35.066290551820927, 31.482705637683068 ], [ 35.068113818870955, 31.482373895145862 ], [ 35.069234878863988, 31.482078589870326 ], [ 35.069429247846159, 31.483105812716829 ], [ 35.069694502805625, 31.484012483056329 ], [ 35.069956838356589, 31.484779358042566 ], [ 35.070295947557291, 31.48533324337911 ], [ 35.07066909982138, 31.485193842069901 ], [ 35.071269302565028, 31.484967869872683 ], [ 35.071992828462818, 31.484394798070532 ], [ 35.072714799039666, 31.483751824688095 ], [ 35.07335674090794, 31.483182043159289 ], [ 35.074004210150719, 31.482889592622442 ], [ 35.074485451463211, 31.482462251640783 ], [ 35.07496514257695, 31.481963320371314 ], [ 35.075423437381545, 31.481475075554794 ], [ 35.07652643026266, 31.481502674625265 ], [ 35.077646997851467, 31.481545500851503 ], [ 35.07834734303556, 31.481533791348806 ], [ 35.078871448414958, 31.481495976248649 ], [ 35.079528985339657, 31.4811539039991 ], [ 35.079825409872335, 31.480819932674837 ], [ 35.080938235291939, 31.480993495465381 ], [ 35.081833706208648, 31.479634768271023 ], [ 35.083172047644034, 31.478463031471289 ], [ 35.084563500708533, 31.478296365597185 ], [ 35.085133460194491, 31.479556151152028 ], [ 35.084993671228254, 31.480609532166216 ], [ 35.085339239902133, 31.481444658661378 ], [ 35.08592376827994, 31.481997039960802 ], [ 35.086268287027366, 31.482762266964482 ], [ 35.08605058829162, 31.484186475598296 ], [ 35.086264877368428, 31.484298281360338 ], [ 35.086374672534092, 31.484469740147325 ], [ 35.087447210776759, 31.486141460036457 ], [ 35.088780876839593, 31.488523074445272 ], [ 35.08995061643023, 31.491744404243939 ], [ 35.092026855172406, 31.491866306411318 ], [ 35.093990283212456, 31.492409143239776 ], [ 35.094975552452453, 31.492812453444174 ], [ 35.096569823753264, 31.493203305925494 ], [ 35.098213540867206, 31.493072779817826 ], [ 35.099129766258692, 31.492886396255855 ], [ 35.100287848698542, 31.492598741454458 ], [ 35.103310596242906, 31.492684587953189 ], [ 35.105923067302712, 31.493680947711713 ], [ 35.11028554299066, 31.495056778729527 ], [ 35.112066189340091, 31.495341040434557 ], [ 35.11205520715081, 31.494969006779769 ], [ 35.113107220666699, 31.494999072430964 ], [ 35.114224764028158, 31.494780031088105 ], [ 35.115278357072633, 31.494356884962297 ], [ 35.116152115339339, 31.493837217778591 ], [ 35.116912249389578, 31.493467968350107 ], [ 35.117222980564001, 31.493388702065687 ], [ 35.117540061715715, 31.492310042495799 ], [ 35.117963574243589, 31.491547675932402 ], [ 35.118673293516622, 31.491251659684746 ], [ 35.120265424654697, 31.490991170293512 ], [ 35.121266740727172, 31.491398234613058 ], [ 35.122378867078893, 31.491851019854096 ], [ 35.123546534281161, 31.493132997377412 ], [ 35.124045860975393, 31.492894313280328 ], [ 35.124572624173176, 31.492684955467954 ], [ 35.124980528351557, 31.49242366363988 ], [ 35.125208599010755, 31.492065870844577 ], [ 35.125433341311037, 31.491557010465755 ], [ 35.125541277335884, 31.491099372256759 ], [ 35.125644119386855, 31.490439371158313 ], [ 35.125695396415317, 31.490084286886276 ], [ 35.125921076609679, 31.489625029544708 ], [ 35.12615024673434, 31.48931683906304 ], [ 35.126500202175492, 31.489108492349086 ], [ 35.127558278309145, 31.488889861760256 ], [ 35.128434962322586, 31.488469318898847 ], [ 35.129015176512013, 31.488004629057276 ], [ 35.129417781787716, 31.487542087365398 ], [ 35.129644712009238, 31.487134682192128 ], [ 35.129865305554141, 31.486420633031873 ], [ 35.129957783852959, 31.485305171448267 ], [ 35.129542558743047, 31.482631411945658 ], [ 35.129268786521081, 31.480965023445929 ], [ 35.12895032536904, 31.480905086476508 ], [ 35.126092259487834, 31.480354913183088 ], [ 35.125520438083171, 31.480262682923733 ], [ 35.125254389333513, 31.479085561593234 ], [ 35.12499181236835, 31.478088818278483 ], [ 35.125244041721402, 31.47731335490348 ], [ 35.126218308946434, 31.476681507736874 ], [ 35.126679061393602, 31.475850928116316 ], [ 35.127082171181634, 31.475125155898596 ], [ 35.127459562394669, 31.474676696094054 ], [ 35.126789143546127, 31.473161126925525 ], [ 35.126291209271869, 31.47205545276249 ], [ 35.126029530796529, 31.47176669002932 ], [ 35.127450895012458, 31.470196582434788 ], [ 35.12918352033418, 31.467709537933867 ], [ 35.132027543030397, 31.463596890090916 ], [ 35.13406394333488, 31.460392385243725 ], [ 35.13545528358209, 31.459219562702238 ], [ 35.138102433463807, 31.456827579803104 ], [ 35.139141474290739, 31.455522632795201 ], [ 35.14231436705294, 31.454768315979383 ], [ 35.14254020259515, 31.453569479653886 ], [ 35.142720657424384, 31.453381861471058 ], [ 35.143343114997244, 31.452733364778339 ], [ 35.143598373032461, 31.452273523846607 ], [ 35.143769619225026, 31.452083645056788 ], [ 35.144206368815055, 31.451597959361798 ], [ 35.144369223288109, 31.451417094676337 ], [ 35.144209447064263, 31.450639705775952 ], [ 35.144288051954945, 31.450334228393992 ], [ 35.1446764357039, 31.449114043767345 ], [ 35.144925777307883, 31.448366156851222 ], [ 35.145225704147627, 31.447679733820259 ], [ 35.145432231218557, 31.447304418306778 ], [ 35.145584109228402, 31.447049141163564 ], [ 35.146095226827306, 31.446396069816625 ], [ 35.146509195970069, 31.446005627343613 ], [ 35.146969237193822, 31.445531215852121 ], [ 35.147254437056105, 31.445237666093981 ], [ 35.147687224424267, 31.445244058833158 ], [ 35.148750206659074, 31.445262562601087 ], [ 35.149465582777438, 31.444366620038707 ], [ 35.150192294830383, 31.44345658613808 ], [ 35.150080606737042, 31.443028141932658 ], [ 35.150443632032953, 31.442852427069287 ], [ 35.15253576472324, 31.441847685249417 ], [ 35.152914573243123, 31.441647731478376 ], [ 35.154576633773182, 31.440724516276362 ], [ 35.155557415119375, 31.440049604636709 ], [ 35.157898218422091, 31.438823906467103 ], [ 35.159540027211875, 31.437768154098901 ], [ 35.160091705877086, 31.437226648834873 ], [ 35.160329885530572, 31.437173181275291 ], [ 35.161216206838652, 31.436229317640574 ], [ 35.16209652985291, 31.435427493330781 ], [ 35.163381333373536, 31.434575625320068 ], [ 35.164215496784095, 31.434025173186061 ], [ 35.164275448119312, 31.431796396832574 ], [ 35.164756526779726, 31.431332636840878 ], [ 35.163741527764309, 31.430161552889011 ], [ 35.16321744068064, 31.429760044472172 ], [ 35.162252346734164, 31.429160537482666 ], [ 35.160351359986123, 31.428854383081649 ], [ 35.158203215520636, 31.428209902751888 ], [ 35.156237848590052, 31.427563764116766 ], [ 35.154561944940944, 31.426232271275676 ], [ 35.154165432840657, 31.42585388610955 ], [ 35.152834802434178, 31.425826301087376 ], [ 35.149820440775542, 31.425385381464242 ], [ 35.147360563327332, 31.424698309905622 ], [ 35.146852858624221, 31.424544761563528 ], [ 35.144908183763782, 31.423905222380242 ], [ 35.143594008486112, 31.423381509031863 ], [ 35.142453471049429, 31.422724273582396 ], [ 35.142328227940261, 31.423256328715585 ], [ 35.142049717560568, 31.423700374863422 ], [ 35.146087250550558, 31.424758050993471 ], [ 35.148260834766617, 31.426841261375206 ], [ 35.149576302705178, 31.428943235332369 ], [ 35.150743243954658, 31.432515777210632 ], [ 35.152843234889865, 31.433844671598809 ], [ 35.15290853155112, 31.434657525783312 ], [ 35.153159356920362, 31.434617041270759 ], [ 35.15350027622771, 31.434827993763637 ], [ 35.153680921720515, 31.435400201465516 ], [ 35.153143773765066, 31.435769762426702 ], [ 35.152148168032106, 31.436255816960262 ], [ 35.151278430775371, 31.436775173104202 ], [ 35.150372874092227, 31.437545909778372 ], [ 35.149550017234915, 31.438245087932355 ], [ 35.149140648010174, 31.438718967444931 ], [ 35.148476925329355, 31.439054633156498 ], [ 35.147738338051518, 31.439788784419864 ], [ 35.147289933318817, 31.440370867265074 ], [ 35.147389781203401, 31.44105465599856 ], [ 35.147194141303963, 31.441671798754701 ], [ 35.146951294599305, 31.442070212068415 ], [ 35.146622852452225, 31.442400381029746 ], [ 35.145926139040512, 31.443133412941769 ], [ 35.145226219102419, 31.443720446350845 ], [ 35.144891080117034, 31.44396492831638 ], [ 35.144318148115737, 31.444385166299003 ], [ 35.143325106897919, 31.445014891105142 ], [ 35.142422762742363, 31.445929874062934 ], [ 35.142076769311416, 31.44690543604991 ], [ 35.141792198149119, 31.447457703500923 ], [ 35.141239334538085, 31.449029534785264 ], [ 35.140511439919038, 31.450764743169803 ], [ 35.139940770326824, 31.451633087315223 ], [ 35.138848044533418, 31.45291659438162 ], [ 35.137582078104629, 31.454356140728134 ], [ 35.136135023997532, 31.455645075554926 ], [ 35.134631632078651, 31.457036552622654 ], [ 35.133645022135951, 31.457813324631505 ], [ 35.13283372082217, 31.458485342741564 ], [ 35.132084927655278, 31.459307329451793 ], [ 35.131281383259868, 31.460332768387136 ], [ 35.130600965292459, 31.4615572515821 ], [ 35.129990329242077, 31.46328795458049 ], [ 35.129256401334416, 31.464768308817419 ], [ 35.128179407528293, 31.466761401768608 ], [ 35.127092221637341, 31.468296772467777 ], [ 35.124783844633718, 31.470664495800378 ], [ 35.123517261460158, 31.472101643581894 ], [ 35.122591971952588, 31.472978701639374 ], [ 35.121907864321152, 31.474052068144044 ], [ 35.121011603674148, 31.475345126930439 ], [ 35.120772733222651, 31.475487017814771 ], [ 35.119891172463184, 31.476674106751645 ], [ 35.119808889355326, 31.476934471212701 ], [ 35.119346013594665, 31.478403670426033 ], [ 35.118172452171116, 31.480763563908027 ], [ 35.117170918247787, 31.482500700490199 ], [ 35.116839758853892, 31.482659431243249 ], [ 35.115357020383257, 31.483362440638778 ], [ 35.115127360091464, 31.48347219762843 ], [ 35.113742169878137, 31.484794172758495 ], [ 35.111938222969926, 31.486663724059799 ], [ 35.110360676580214, 31.486367772525085 ], [ 35.109403465408761, 31.486189507934792 ], [ 35.107683561198492, 31.48713970552544 ], [ 35.104663443670589, 31.489699295471247 ], [ 35.101675918251857, 31.490425202318342 ], [ 35.099834656170771, 31.490489098092823 ], [ 35.098795267413813, 31.489956135108155 ], [ 35.097529207373022, 31.488763473990119 ], [ 35.096737500509768, 31.487662515431033 ], [ 35.096123355056235, 31.486610741906592 ], [ 35.095639971628465, 31.486113169975031 ], [ 35.095449425830331, 31.485507619902322 ], [ 35.095361656195728, 31.484194743484473 ], [ 35.095270883045281, 31.482779838769442 ], [ 35.09461434372551, 31.481602321296815 ], [ 35.094091022349822, 31.481256901566262 ], [ 35.093321477986954, 31.480552204412827 ], [ 35.092545546018471, 31.479559458273027 ], [ 35.092369863472392, 31.479203624765649 ], [ 35.091430168861272, 31.478357847923245 ], [ 35.089984218177371, 31.477375766668118 ], [ 35.08811220796705, 31.476044366829154 ], [ 35.08725922427201, 31.475338993321749 ], [ 35.086488225733184, 31.474562102615437 ], [ 35.085218026565961, 31.473938063724411 ], [ 35.084205298585587, 31.473593837916862 ], [ 35.083187024967671, 31.472965505609846 ], [ 35.081741243390574, 31.471983330861914 ], [ 35.080723895351042, 31.471427130428729 ], [ 35.079986341233081, 31.472155814248968 ], [ 35.079327982740239, 31.472669810136278 ], [ 35.078584049792852, 31.473112131561034 ], [ 35.07758886772848, 31.473559273163584 ], [ 35.075916799144295, 31.474091408536861 ], [ 35.075786030270827, 31.474010107795841 ], [ 35.074121614710599, 31.472921092563091 ], [ 35.072787233660151, 31.470063012647881 ], [ 35.070265767759814, 31.467984373151168 ], [ 35.065384178581901, 31.464901488578487 ], [ 35.059356143076798, 31.46314514866792 ], [ 35.06028849733984, 31.460766917136674 ], [ 35.060934258839922, 31.458715854154164 ], [ 35.060886488036815, 31.456838188667888 ], [ 35.060071486995938, 31.454336795827157 ], [ 35.059272052337981, 31.45242896815499 ], [ 35.05855013150471, 31.451650835430236 ], [ 35.057678477324352, 31.45076317349098 ], [ 35.057004181817931, 31.449610240017297 ], [ 35.0560840475775, 31.448006075292984 ], [ 35.055339578387212, 31.446349685958594 ], [ 35.055182458469254, 31.444572786272438 ], [ 35.054852932839751, 31.443721246335841 ], [ 35.054695454367589, 31.44331577698021 ], [ 35.054344778327689, 31.443158663903969 ], [ 35.053713213670719, 31.442478689021019 ], [ 35.052613526395966, 31.442014046513012 ], [ 35.051686778638853, 31.441336529938937 ], [ 35.051462553578155, 31.440343622818798 ], [ 35.050523343706601, 31.439059563507342 ], [ 35.049275673591197, 31.437566562532655 ], [ 35.048128634985275, 31.436069726142168 ], [ 35.047342637472866, 31.434817395667711 ], [ 35.047343393646415, 31.433673689719292 ], [ 35.047392467269127, 31.433023826633654 ], [ 35.046799243583372, 31.431894610638199 ], [ 35.046089677685359, 31.431253958921815 ], [ 35.045186220944757, 31.430402246037644 ], [ 35.044563017051701, 31.429920650906869 ], [ 35.050060368685536, 31.421482886272052 ], [ 35.047865516692511, 31.414293285215187 ], [ 35.046742206928364, 31.414117167272572 ], [ 35.046233297888207, 31.413834135780125 ], [ 35.045645989182219, 31.41337006331154 ], [ 35.045061203849286, 31.412777471786629 ], [ 35.044808594292697, 31.412520118595864 ], [ 35.044707090829469, 31.412300719910686 ], [ 35.044606344421787, 31.411925745850514 ], [ 35.044291045463893, 31.410753457467283 ], [ 35.044408559996462, 31.409959939720785 ], [ 35.044597051910586, 31.409652404334487 ], [ 35.044840212827388, 31.409468383113385 ], [ 35.046595949286797, 31.4081368839013 ], [ 35.046923167387007, 31.407890393357832 ], [ 35.048013543941288, 31.406678119690721 ], [ 35.048416183830092, 31.405329717780472 ], [ 35.048450922617789, 31.403696771237993 ], [ 35.049016942207132, 31.402494559251384 ], [ 35.049692298504851, 31.401234417127043 ], [ 35.050685392066143, 31.399058667291353 ], [ 35.051194272350109, 31.397801135232427 ], [ 35.051531757683108, 31.396967850294683 ], [ 35.049943768215329, 31.395153141373562 ], [ 35.049004132516856, 31.394611433649587 ], [ 35.047961306708793, 31.393593280501491 ], [ 35.04587874016876, 31.391716474748659 ], [ 35.045298075883125, 31.39060924430655 ], [ 35.044813581492186, 31.389663344393014 ], [ 35.044509061354809, 31.3884730281485 ], [ 35.044648556259574, 31.386321619525496 ], [ 35.0450932418021, 31.385440006699511 ], [ 35.0461923044953, 31.384784111105038 ], [ 35.04664917974501, 31.38445886423532 ], [ 35.046908707726857, 31.383579835365122 ], [ 35.047264228658555, 31.382857064108642 ], [ 35.048746542002263, 31.382754589838974 ], [ 35.049506120892289, 31.383538467260468 ], [ 35.049887591420777, 31.384010167644302 ], [ 35.051560253353856, 31.384141255466741 ], [ 35.052575822697861, 31.383885985132334 ], [ 35.05321444505249, 31.383397461236417 ], [ 35.054312398916046, 31.382665396936403 ], [ 35.055909969343119, 31.382069186817418 ], [ 35.056447228881275, 31.380732183533439 ], [ 35.058419987779544, 31.379347778755214 ], [ 35.060487132674972, 31.378719350934489 ], [ 35.061305980858911, 31.378480700795112 ], [ 35.06227107691295, 31.378198803773966 ], [ 35.062843532076542, 31.378180835149259 ], [ 35.063129034350602, 31.378162548274069 ], [ 35.063844264077304, 31.378119366503071 ], [ 35.065021039887917, 31.378416021553257 ], [ 35.066328437214644, 31.378916296815884 ], [ 35.067592729684101, 31.379247407230295 ], [ 35.069524726294219, 31.379585973193674 ], [ 35.070922654533987, 31.379748649370807 ], [ 35.072045636946854, 31.379899189534836 ], [ 35.073042091152658, 31.379851736875732 ], [ 35.074051685761646, 31.379803726140878 ], [ 35.076371881114568, 31.380368620623898 ], [ 35.077384924400477, 31.380690364558042 ], [ 35.078243961628935, 31.38096516325146 ], [ 35.080351544764106, 31.381365744087294 ], [ 35.082430949187689, 31.381977081720834 ], [ 35.08373409174704, 31.38334694142484 ], [ 35.084744068507241, 31.384837143062697 ], [ 35.085120369299844, 31.386163843841405 ], [ 35.085203177528356, 31.386931095686677 ], [ 35.081994800233602, 31.390111200227405 ], [ 35.081837195527839, 31.390413748199148 ], [ 35.080378349154927, 31.393220056684395 ], [ 35.079062998808823, 31.396152189012344 ], [ 35.078564246683555, 31.398600342454451 ], [ 35.077972417724531, 31.400970612939254 ], [ 35.077679037433576, 31.404358059367926 ], [ 35.077389969751181, 31.407943360212343 ], [ 35.077339612468599, 31.409831647187286 ], [ 35.077403657746139, 31.410712182750011 ], [ 35.077827925752246, 31.411679881397404 ], [ 35.078377405780806, 31.413880474785611 ], [ 35.079676992187792, 31.417604865784778 ], [ 35.081911536593154, 31.423239891422273 ], [ 35.082393344371418, 31.422999658962553 ], [ 35.083518107745, 31.422433661054569 ], [ 35.084815797706831, 31.422076376829448 ], [ 35.085958009170213, 31.422382389070673 ], [ 35.087045337967808, 31.422294891174538 ], [ 35.087989974853883, 31.421848753045566 ], [ 35.088748997030855, 31.421331416686339 ], [ 35.089352706634244, 31.421228806204464 ], [ 35.089623908322814, 31.421181700065116 ], [ 35.089964537562224, 31.421068140911032 ], [ 35.090664345674483, 31.42126379761606 ], [ 35.091558271120434, 31.421700313601313 ], [ 35.09182926036069, 31.42183132601502 ], [ 35.09216561517178, 31.421995088638813 ], [ 35.093908131882117, 31.421899085585533 ], [ 35.095596436137548, 31.421785538696554 ], [ 35.096472504139413, 31.42162450267023 ], [ 35.097058710651162, 31.421590046632964 ], [ 35.097619008919672, 31.421215666246404 ], [ 35.09800091851298, 31.420918359841988 ], [ 35.099477979413251, 31.420413954754665 ], [ 35.10130693783735, 31.419829209558483 ], [ 35.102854751169552, 31.418902060815306 ], [ 35.105885561162026, 31.417188013796171 ], [ 35.109450804415232, 31.414973741482587 ], [ 35.111420397790049, 31.413074447688654 ], [ 35.11254818159459, 31.411806410994657 ], [ 35.11397770998115, 31.414204769267052 ], [ 35.114782066776606, 31.415219398791731 ], [ 35.115661730570146, 31.417074525578219 ], [ 35.117448054330232, 31.41763999552683 ], [ 35.119221307423508, 31.418327750902709 ], [ 35.120482757541566, 31.418593513458742 ], [ 35.121410894208566, 31.418936272711392 ], [ 35.122349179241851, 31.419710248527039 ], [ 35.123026234944284, 31.420059599277369 ], [ 35.124202821725227, 31.420254247352297 ], [ 35.125879037398043, 31.420370839822567 ], [ 35.127978728733936, 31.420694534820946 ], [ 35.12905817848673, 31.420318070476494 ], [ 35.130393477539243, 31.420151434699349 ], [ 35.131980525043922, 31.419980981684954 ], [ 35.133402471296513, 31.419957538716016 ], [ 35.134659212523495, 31.420008396246434 ], [ 35.135589005095568, 31.420423768706922 ], [ 35.136594148813877, 31.42118471137065 ], [ 35.136802242386821, 31.421341524866254 ], [ 35.138160648700349, 31.42173399292977 ], [ 35.139746650302293, 31.421429850621539 ], [ 35.14021161363511, 31.421322984679378 ] ] ] ] } },
{ "type": "Feature", "properties": { "Area": 195165.714844 }, "geometry": { "type": "MultiPolygon", "coordinates": [ [ [ [ 34.999045428605093, 31.486274820377211 ], [ 34.996927830577022, 31.487793891542594 ], [ 34.995995421706162, 31.487720226720377 ], [ 34.994756169685999, 31.487789226348351 ], [ 34.994114029560173, 31.488221075251282 ], [ 34.995199204439416, 31.488889680146858 ], [ 34.995552810897891, 31.490054245270926 ], [ 34.995363811142141, 31.490445126820944 ], [ 34.995741417491388, 31.49087695374751 ], [ 34.996192520473514, 31.491390631875685 ], [ 34.996459653820146, 31.491733780050133 ], [ 34.996925705383774, 31.492333158313389 ], [ 34.997568546608044, 31.493233822622248 ], [ 34.99783588128809, 31.493714504667494 ], [ 34.998610513632997, 31.492117172280494 ], [ 34.999134449451901, 31.490767449744865 ], [ 34.999120837580321, 31.489168847098494 ], [ 34.999014548913038, 31.487914500629042 ], [ 34.998982152452264, 31.487538477643838 ], [ 34.999045428605093, 31.486274820377211 ] ] ] ] } },
{ "type": "Feature", "properties": { "Area": 71058.279784600003 }, "geometry": { "type": "MultiPolygon", "coordinates": [ [ [ [ 35.063385745361515, 31.491492428940159 ], [ 35.065217046810389, 31.491631969811127 ], [ 35.06599214077562, 31.490942871624846 ], [ 35.065764891556043, 31.489589241195407 ], [ 35.064556582573189, 31.488551327865441 ], [ 35.063472987693878, 31.488695004251124 ], [ 35.063399837046298, 31.489882024140549 ], [ 35.063030498800927, 31.491074353784004 ], [ 35.063385745361515, 31.491492428940159 ] ] ] ] } },
{ "type": "Feature", "properties": { "Area": 64850868.037600003 }, "geometry": { "type": "MultiPolygon", "coordinates": [ [ [ [ 35.142453471049429, 31.422724273582396 ], [ 35.142404302874233, 31.422524142729127 ], [ 35.142176164445644, 31.421596775344906 ], [ 35.141339091283356, 31.421064814168027 ], [ 35.14021161363511, 31.421322984679378 ], [ 35.139746650302293, 31.421429850621539 ], [ 35.138160648700349, 31.42173399292977 ], [ 35.136802242386821, 31.421341524866254 ], [ 35.136594148813877, 31.42118471137065 ], [ 35.135589005095568, 31.420423768706922 ], [ 35.134659212523495, 31.420008396246434 ], [ 35.133402471296513, 31.419957538716016 ], [ 35.131980525043922, 31.419980981684954 ], [ 35.130393477539243, 31.420151434699349 ], [ 35.12905817848673, 31.420318070476494 ], [ 35.127978728733936, 31.420694534820946 ], [ 35.125879037398043, 31.420370839822567 ], [ 35.124202821725227, 31.420254247352297 ], [ 35.123026234944284, 31.420059599277369 ], [ 35.122349179241851, 31.419710248527039 ], [ 35.121410894208566, 31.418936272711392 ], [ 35.120482757541566, 31.418593513458742 ], [ 35.119221307423508, 31.418327750902709 ], [ 35.117448054330232, 31.41763999552683 ], [ 35.115661730570146, 31.417074525578219 ], [ 35.114782066776606, 31.415219398791731 ], [ 35.11397770998115, 31.414204769267052 ], [ 35.11254818159459, 31.411806410994657 ], [ 35.111420397790049, 31.413074447688654 ], [ 35.109450804415232, 31.414973741482587 ], [ 35.105885561162026, 31.417188013796171 ], [ 35.102854751169552, 31.418902060815306 ], [ 35.10130693783735, 31.419829209558483 ], [ 35.099477979413251, 31.420413954754665 ], [ 35.09800091851298, 31.420918359841988 ], [ 35.097619008919672, 31.421215666246404 ], [ 35.097058710651162, 31.421590046632964 ], [ 35.096472504139413, 31.42162450267023 ], [ 35.095596436137548, 31.421785538696554 ], [ 35.093908131882117, 31.421899085585533 ], [ 35.09216561517178, 31.421995088638813 ], [ 35.09182926036069, 31.42183132601502 ], [ 35.091558271120434, 31.421700313601313 ], [ 35.090664345674483, 31.42126379761606 ], [ 35.089964537562224, 31.421068140911032 ], [ 35.089623908322814, 31.421181700065116 ], [ 35.089352706634244, 31.421228806204464 ], [ 35.088748997030855, 31.421331416686339 ], [ 35.087989974853883, 31.421848753045566 ], [ 35.087045337967808, 31.422294891174538 ], [ 35.085958009170213, 31.422382389070673 ], [ 35.084815797706831, 31.422076376829448 ], [ 35.083518107745, 31.422433661054569 ], [ 35.082393344371418, 31.422999658962553 ], [ 35.081911536593154, 31.423239891422273 ], [ 35.079676992187792, 31.417604865784778 ], [ 35.078377405780806, 31.413880474785611 ], [ 35.077827925752246, 31.411679881397404 ], [ 35.077403657746139, 31.410712182750011 ], [ 35.077339612468599, 31.409831647187286 ], [ 35.077389969751181, 31.407943360212343 ], [ 35.077679037433576, 31.404358059367926 ], [ 35.077972417724531, 31.400970612939254 ], [ 35.078564246683555, 31.398600342454451 ], [ 35.079062998808823, 31.396152189012344 ], [ 35.080378349154927, 31.393220056684395 ], [ 35.081837195527839, 31.390413748199148 ], [ 35.081994800233602, 31.390111200227405 ], [ 35.085203177528356, 31.386931095686677 ], [ 35.085120369299844, 31.386163843841405 ], [ 35.084744068507241, 31.384837143062697 ], [ 35.08373409174704, 31.38334694142484 ], [ 35.082430949187689, 31.381977081720834 ], [ 35.080351544764106, 31.381365744087294 ], [ 35.078243961628935, 31.38096516325146 ], [ 35.077384924400477, 31.380690364558042 ], [ 35.076371881114568, 31.380368620623898 ], [ 35.074051685761646, 31.379803726140878 ], [ 35.073042091152658, 31.379851736875732 ], [ 35.072045636946854, 31.379899189534836 ], [ 35.070922654533987, 31.379748649370807 ], [ 35.069524726294219, 31.379585973193674 ], [ 35.067592729684101, 31.379247407230295 ], [ 35.066328437214644, 31.378916296815884 ], [ 35.065021039887917, 31.378416021553257 ], [ 35.063844264077304, 31.378119366503071 ], [ 35.063129034350602, 31.378162548274069 ], [ 35.062843532076542, 31.378180835149259 ], [ 35.06227107691295, 31.378198803773966 ], [ 35.061305980858911, 31.378480700795112 ], [ 35.060487132674972, 31.378719350934489 ], [ 35.058419987779544, 31.379347778755214 ], [ 35.056447228881275, 31.380732183533439 ], [ 35.055909969343119, 31.382069186817418 ], [ 35.054312398916046, 31.382665396936403 ], [ 35.05321444505249, 31.383397461236417 ], [ 35.052575822697861, 31.383885985132334 ], [ 35.051560253353856, 31.384141255466741 ], [ 35.049887591420777, 31.384010167644302 ], [ 35.049506120892289, 31.383538467260468 ], [ 35.048746542002263, 31.382754589838974 ], [ 35.047264228658555, 31.382857064108642 ], [ 35.046908707726857, 31.383579835365122 ], [ 35.04664917974501, 31.38445886423532 ], [ 35.0461923044953, 31.384784111105038 ], [ 35.0450932418021, 31.385440006699511 ], [ 35.044648556259574, 31.386321619525496 ], [ 35.044509061354809, 31.3884730281485 ], [ 35.044813581492186, 31.389663344393014 ], [ 35.045298075883125, 31.39060924430655 ], [ 35.04587874016876, 31.391716474748659 ], [ 35.047961306708793, 31.393593280501491 ], [ 35.049004132516856, 31.394611433649587 ], [ 35.049943768215329, 31.395153141373562 ], [ 35.051531757683108, 31.396967850294683 ], [ 35.051194272350109, 31.397801135232427 ], [ 35.050685392066143, 31.399058667291353 ], [ 35.049692298504851, 31.401234417127043 ], [ 35.049016942207132, 31.402494559251384 ], [ 35.048450922617789, 31.403696771237993 ], [ 35.048416183830092, 31.405329717780472 ], [ 35.048013543941288, 31.406678119690721 ], [ 35.046923167387007, 31.407890393357832 ], [ 35.046595949286797, 31.4081368839013 ], [ 35.044840212827388, 31.409468383113385 ], [ 35.044597051910586, 31.409652404334487 ], [ 35.044408559996462, 31.409959939720785 ], [ 35.044291045463893, 31.410753457467283 ], [ 35.044606344421787, 31.411925745850514 ], [ 35.044707090829469, 31.412300719910686 ], [ 35.044808594292697, 31.412520118595864 ], [ 35.045061203849286, 31.412777471786629 ], [ 35.045645989182219, 31.41337006331154 ], [ 35.046233297888207, 31.413834135780125 ], [ 35.046742206928364, 31.414117167272572 ], [ 35.047865516692511, 31.414293285215187 ], [ 35.050060368685536, 31.421482886272052 ], [ 35.044563017051701, 31.429920650906869 ], [ 35.045186220944757, 31.430402246037644 ], [ 35.046089677685359, 31.431253958921815 ], [ 35.046799243583372, 31.431894610638199 ], [ 35.047392467269127, 31.433023826633654 ], [ 35.047343393646415, 31.433673689719292 ], [ 35.047342637472866, 31.434817395667711 ], [ 35.048128634985275, 31.436069726142168 ], [ 35.049275673591197, 31.437566562532655 ], [ 35.050523343706601, 31.439059563507342 ], [ 35.051462553578155, 31.440343622818798 ], [ 35.051686778638853, 31.441336529938937 ], [ 35.052613526395966, 31.442014046513012 ], [ 35.053713213670719, 31.442478689021019 ], [ 35.054344778327689, 31.443158663903969 ], [ 35.054695454367589, 31.44331577698021 ], [ 35.054852932839751, 31.443721246335841 ], [ 35.055182458469254, 31.444572786272438 ], [ 35.055339578387212, 31.446349685958594 ], [ 35.0560840475775, 31.448006075292984 ], [ 35.057004181817931, 31.449610240017297 ], [ 35.057678477324352, 31.45076317349098 ], [ 35.05855013150471, 31.451650835430236 ], [ 35.059272052337981, 31.45242896815499 ], [ 35.060071486995938, 31.454336795827157 ], [ 35.060886488036815, 31.456838188667888 ], [ 35.060934258839922, 31.458715854154164 ], [ 35.06028849733984, 31.460766917136674 ], [ 35.059356143076798, 31.46314514866792 ], [ 35.065384178581901, 31.464901488578487 ], [ 35.070265767759814, 31.467984373151168 ], [ 35.072787233660151, 31.470063012647881 ], [ 35.074121614710599, 31.472921092563091 ], [ 35.075786030270827, 31.474010107795841 ], [ 35.075916799144295, 31.474091408536861 ], [ 35.07758886772848, 31.473559273163584 ], [ 35.078584049792852, 31.473112131561034 ], [ 35.079327982740239, 31.472669810136278 ], [ 35.079986341233081, 31.472155814248968 ], [ 35.080723895351042, 31.471427130428729 ], [ 35.081741243390574, 31.471983330861914 ], [ 35.083187024967671, 31.472965505609846 ], [ 35.084205298585587, 31.473593837916862 ], [ 35.085218026565961, 31.473938063724411 ], [ 35.086488225733184, 31.474562102615437 ], [ 35.08725922427201, 31.475338993321749 ], [ 35.08811220796705, 31.476044366829154 ], [ 35.089984218177371, 31.477375766668118 ], [ 35.091430168861272, 31.478357847923245 ], [ 35.092369863472392, 31.479203624765649 ], [ 35.092545546018471, 31.479559458273027 ], [ 35.093321477986954, 31.480552204412827 ], [ 35.094091022349822, 31.481256901566262 ], [ 35.09461434372551, 31.481602321296815 ], [ 35.095270883045281, 31.482779838769442 ], [ 35.095361656195728, 31.484194743484473 ], [ 35.095449425830331, 31.485507619902322 ], [ 35.095639971628465, 31.486113169975031 ], [ 35.096123355056235, 31.486610741906592 ], [ 35.096737500509768, 31.487662515431033 ], [ 35.097529207373022, 31.488763473990119 ], [ 35.098795267413813, 31.489956135108155 ], [ 35.099834656170771, 31.490489098092823 ], [ 35.101675918251857, 31.490425202318342 ], [ 35.104663443670589, 31.489699295471247 ], [ 35.107683561198492, 31.48713970552544 ], [ 35.109403465408761, 31.486189507934792 ], [ 35.110360676580214, 31.486367772525085 ], [ 35.111938222969926, 31.486663724059799 ], [ 35.113742169878137, 31.484794172758495 ], [ 35.115127360091464, 31.48347219762843 ], [ 35.115357020383257, 31.483362440638778 ], [ 35.116839758853892, 31.482659431243249 ], [ 35.117170918247787, 31.482500700490199 ], [ 35.118172452171116, 31.480763563908027 ], [ 35.119346013594665, 31.478403670426033 ], [ 35.119808889355326, 31.476934471212701 ], [ 35.119891172463184, 31.476674106751645 ], [ 35.120772733222651, 31.475487017814771 ], [ 35.121011603674148, 31.475345126930439 ], [ 35.121907864321152, 31.474052068144044 ], [ 35.122591971952588, 31.472978701639374 ], [ 35.123517261460158, 31.472101643581894 ], [ 35.124783844633718, 31.470664495800378 ], [ 35.127092221637341, 31.468296772467777 ], [ 35.128179407528293, 31.466761401768608 ], [ 35.129256401334416, 31.464768308817419 ], [ 35.129990329242077, 31.46328795458049 ], [ 35.130600965292459, 31.4615572515821 ], [ 35.131281383259868, 31.460332768387136 ], [ 35.132084927655278, 31.459307329451793 ], [ 35.13283372082217, 31.458485342741564 ], [ 35.133645022135951, 31.457813324631505 ], [ 35.134631632078651, 31.457036552622654 ], [ 35.136135023997532, 31.455645075554926 ], [ 35.137582078104629, 31.454356140728134 ], [ 35.138848044533418, 31.45291659438162 ], [ 35.139940770326824, 31.451633087315223 ], [ 35.140511439919038, 31.450764743169803 ], [ 35.141239334538085, 31.449029534785264 ], [ 35.141792198149119, 31.447457703500923 ], [ 35.142076769311416, 31.44690543604991 ], [ 35.142422762742363, 31.445929874062934 ], [ 35.143325106897919, 31.445014891105142 ], [ 35.144318148115737, 31.444385166299003 ], [ 35.144891080117034, 31.44396492831638 ], [ 35.145226219102419, 31.443720446350845 ], [ 35.145926139040512, 31.443133412941769 ], [ 35.146622852452225, 31.442400381029746 ], [ 35.146951294599305, 31.442070212068415 ], [ 35.147194141303963, 31.441671798754701 ], [ 35.147389781203401, 31.44105465599856 ], [ 35.147289933318817, 31.440370867265074 ], [ 35.147738338051518, 31.439788784419864 ], [ 35.148476925329355, 31.439054633156498 ], [ 35.149140648010174, 31.438718967444931 ], [ 35.149550017234915, 31.438245087932355 ], [ 35.150372874092227, 31.437545909778372 ], [ 35.151278430775371, 31.436775173104202 ], [ 35.152148168032106, 31.436255816960262 ], [ 35.153143773765066, 31.435769762426702 ], [ 35.153680921720515, 31.435400201465516 ], [ 35.15350027622771, 31.434827993763637 ], [ 35.153159356920362, 31.434617041270759 ], [ 35.15290853155112, 31.434657525783312 ], [ 35.152843234889865, 31.433844671598809 ], [ 35.150743243954658, 31.432515777210632 ], [ 35.149576302705178, 31.428943235332369 ], [ 35.148260834766617, 31.426841261375206 ], [ 35.146087250550558, 31.424758050993471 ], [ 35.142049717560568, 31.423700374863422 ], [ 35.142328227940261, 31.423256328715585 ], [ 35.142453471049429, 31.422724273582396 ] ] ] ] } },
{ "type": "Feature", "properties": { "Area": 427618.949708 }, "geometry": { "type": "MultiPolygon", "coordinates": [ [ [ [ 34.969931213812949, 31.477264072982315 ], [ 34.969944727859563, 31.477911196697299 ], [ 34.969841981082439, 31.478562053144518 ], [ 34.96956066134662, 31.479015295816239 ], [ 34.96927663282154, 31.479367071375432 ], [ 34.969639404518333, 31.480010890063664 ], [ 34.971749599077867, 31.480726663128294 ], [ 34.972687363581016, 31.481059804479383 ], [ 34.973586256393695, 31.482293057474351 ], [ 34.975213161415844, 31.482168589599432 ], [ 34.975855066941165, 31.482257670308872 ], [ 34.976213986085526, 31.482750398547594 ], [ 34.97614113837934, 31.483225446463269 ], [ 34.976060765649834, 31.483751775270946 ], [ 34.975850034598047, 31.48480152500083 ], [ 34.975951498805777, 31.48540878353818 ], [ 34.976729379349784, 31.4846999393252 ], [ 34.977319602714644, 31.484203826573744 ], [ 34.97808610864017, 31.483839922647384 ], [ 34.979122462374413, 31.483540184436634 ], [ 34.980537986685619, 31.483247301769811 ], [ 34.982238152674299, 31.482950388245698 ], [ 34.983043165355475, 31.482911198001542 ], [ 34.983786650826815, 31.482953629540862 ], [ 34.98475811922993, 31.483317179061991 ], [ 34.985590558201352, 31.483859168589174 ], [ 34.986421879451918, 31.48431998161686 ], [ 34.987329629524211, 31.484657474075732 ], [ 34.988028387113545, 31.484849742653516 ], [ 34.985592067332462, 31.482716038594514 ], [ 34.98323555359412, 31.480745327740031 ], [ 34.982377604045006, 31.480648581799429 ], [ 34.980490421651275, 31.480433917280948 ], [ 34.980176855342791, 31.480499882183139 ], [ 34.978194278694403, 31.480913514306788 ], [ 34.976474987572516, 31.480834369104088 ], [ 34.972731544044613, 31.479212158147085 ], [ 34.969931213812949, 31.477264072982315 ] ] ] ] } },
{ "type": "Feature", "properties": { "Area": 221559.02587899999 }, "geometry": { "type": "MultiPolygon", "coordinates": [ [ [ [ 35.031133547288974, 31.465488233052852 ], [ 35.03049581233298, 31.464954693812494 ], [ 35.029509752155796, 31.465371599539651 ], [ 35.029012194864393, 31.46602252982801 ], [ 35.029044973418287, 31.467665693065637 ], [ 35.029269359989406, 31.468832247495786 ], [ 35.029820542969034, 31.469502648056196 ], [ 35.030455946671843, 31.469710945709927 ], [ 35.030629291416737, 31.470305859966281 ], [ 35.030572926259374, 31.471535725872183 ], [ 35.03099113157792, 31.472288801043423 ], [ 35.031726899366753, 31.472829797345739 ], [ 35.033145684928705, 31.472554937416152 ], [ 35.033464728605701, 31.471701957368303 ], [ 35.033537845059364, 31.470642906526194 ], [ 35.033124031360494, 31.469276564985986 ], [ 35.032103094030504, 31.467711555891427 ], [ 35.031863032447816, 31.466737198896102 ], [ 35.031133547288974, 31.465488233052852 ] ] ] ] } },
{ "type": "Feature", "properties": { "Area": 117801.363281 }, "geometry": { "type": "MultiPolygon", "coordinates": [ [ [ [ 34.955572863330737, 31.462497425573225 ], [ 34.957256546989946, 31.463793194845966 ], [ 34.958386695495193, 31.464973453553711 ], [ 34.958001895705053, 31.466075263856389 ], [ 34.957966794514313, 31.467173800446503 ], [ 34.957572272409763, 31.467777301036762 ], [ 34.957289248122208, 31.468180910681923 ], [ 34.957528346474, 31.468477301532484 ], [ 34.958223567721156, 31.468317992292473 ], [ 34.959846003581532, 31.467993041575859 ], [ 34.961591331248506, 31.468016091253741 ], [ 34.962503804405848, 31.468083204436009 ], [ 34.961682080471732, 31.467381000684032 ], [ 34.956470722335197, 31.462348665261878 ], [ 34.955572863330737, 31.462497425573225 ] ] ] ] } },
{ "type": "Feature", "properties": { "Area": 120570.607422 }, "geometry": { "type": "MultiPolygon", "coordinates": [ [ [ [ 34.945614188682569, 31.453671939421902 ], [ 34.945539287263131, 31.454248429305792 ], [ 34.94502429374208, 31.454654925731031 ], [ 34.944447569860891, 31.454911920497707 ], [ 34.94375562326811, 31.455222227510447 ], [ 34.943355829285103, 31.455578220597722 ], [ 34.943012895151043, 31.45588077918832 ], [ 34.943020144114541, 31.456230273364724 ], [ 34.944151036589339, 31.457460263221137 ], [ 34.944801012752173, 31.457948598538529 ], [ 34.945426335364992, 31.457242450579628 ], [ 34.945889725761781, 31.457134033426108 ], [ 34.947003093622889, 31.457516193502482 ], [ 34.947228618383164, 31.457163221403341 ], [ 34.947391554202035, 31.456612836553077 ], [ 34.948038395400822, 31.456505906907523 ], [ 34.947961354594696, 31.456243079444391 ], [ 34.947833178502606, 31.455803155078126 ], [ 34.947736114274804, 31.455468700421722 ], [ 34.946141474891846, 31.454234425554642 ], [ 34.945614188682569, 31.453671939421902 ] ] ] ] } },
{ "type": "Feature", "properties": { "Area": 557900.99365199998 }, "geometry": { "type": "MultiPolygon", "coordinates": [ [ [ [ 35.024861960879903, 31.446158408314155 ], [ 35.024433247641809, 31.447205121797868 ], [ 35.023943245918616, 31.448234273303765 ], [ 35.023728428277572, 31.449592999324803 ], [ 35.02439033123445, 31.451167721036732 ], [ 35.02524846129495, 31.451742748445476 ], [ 35.025300443749394, 31.452327919119384 ], [ 35.025851942093176, 31.453719846613843 ], [ 35.026686252202452, 31.454477462715506 ], [ 35.027652920930088, 31.455141121798444 ], [ 35.028079894973914, 31.457041868414457 ], [ 35.028673294152213, 31.456103596530721 ], [ 35.028953088957451, 31.45566149288512 ], [ 35.029267016013421, 31.45533893499443 ], [ 35.029755857972852, 31.454835110581193 ], [ 35.030213987506087, 31.454579824522142 ], [ 35.030535034399122, 31.45440326575649 ], [ 35.030712428905801, 31.454303171705337 ], [ 35.03116738487023, 31.453804368947058 ], [ 35.031632388336838, 31.453292049797351 ], [ 35.031796991531422, 31.452994085914309 ], [ 35.032215911269844, 31.452238757123972 ], [ 35.031857158773107, 31.451737164406733 ], [ 35.031134499192163, 31.451218732311162 ], [ 35.030941412068785, 31.450560658325625 ], [ 35.030774622220086, 31.4499950629008 ], [ 35.030865587114548, 31.449425870868307 ], [ 35.03100162764823, 31.448568699976629 ], [ 35.030452075837466, 31.447966509902379 ], [ 35.029214888823084, 31.447131707060912 ], [ 35.028886715068289, 31.446910859522944 ], [ 35.028043453769733, 31.44665830081356 ], [ 35.027237982702992, 31.446416498712061 ], [ 35.026190583878289, 31.446421810222787 ], [ 35.024861960879903, 31.446158408314155 ] ] ] ] } },
{ "type": "Feature", "properties": { "Area": 1851294.2793000001 }, "geometry": { "type": "MultiPolygon", "coordinates": [ [ [ [ 34.92760744882677, 31.455599834580887 ], [ 34.927923429478071, 31.455423522684701 ], [ 34.92821136980632, 31.455222911467004 ], [ 34.928455848777737, 31.454987258046501 ], [ 34.928645821166747, 31.454727248739559 ], [ 34.929986316318242, 31.454418414517491 ], [ 34.930325856996845, 31.454334026340216 ], [ 34.930655854037568, 31.454196067613697 ], [ 34.931471528927574, 31.453689935751271 ], [ 34.931856945466777, 31.453372842869424 ], [ 34.932062028518203, 31.453112860533285 ], [ 34.932211296690035, 31.452826266472979 ], [ 34.932299796069096, 31.452520941829782 ], [ 34.932334641689899, 31.452010324903238 ], [ 34.932368459406455, 31.451001979283923 ], [ 34.932285410068054, 31.450446017701946 ], [ 34.932074764922362, 31.450244337497747 ], [ 34.931929770629061, 31.449396259366424 ], [ 34.931716502220318, 31.448966283867705 ], [ 34.931208912248245, 31.448397016179833 ], [ 34.930536946005489, 31.447660546803917 ], [ 34.930273268909936, 31.447441276222637 ], [ 34.929969195032349, 31.447265321689141 ], [ 34.928846871239621, 31.446863265653118 ], [ 34.928394814599407, 31.446648658971014 ], [ 34.927471670247996, 31.446209253500424 ], [ 34.926458262538631, 31.446170419901847 ], [ 34.924807874478198, 31.445922756622203 ], [ 34.923796117944654, 31.445938018563311 ], [ 34.925096272649192, 31.444562669434564 ], [ 34.925831278820851, 31.443359128016777 ], [ 34.925932448493995, 31.442107984495831 ], [ 34.925634654019504, 31.441596081590856 ], [ 34.925276194920905, 31.440979201828217 ], [ 34.924632810269365, 31.440447941834488 ], [ 34.923992573887396, 31.44007620619513 ], [ 34.922995867730137, 31.440851332088467 ], [ 34.92237341657745, 31.441347690516938 ], [ 34.921497324896656, 31.441850250179115 ], [ 34.920114467268192, 31.442303767764948 ], [ 34.918928347398236, 31.44308125948783 ], [ 34.917677278075004, 31.443806172765431 ], [ 34.916545379610376, 31.44414747752737 ], [ 34.915283282875706, 31.444331212648748 ], [ 34.914207764160238, 31.444347382369944 ], [ 34.913315680161276, 31.444683001025002 ], [ 34.913014856372328, 31.444797870921246 ], [ 34.913038712513043, 31.445003103514633 ], [ 34.913244534649195, 31.446747587050304 ], [ 34.914712590787424, 31.447377159776678 ], [ 34.9159342467226, 31.44833534819173 ], [ 34.916845993620129, 31.449158674639431 ], [ 34.916556325583393, 31.450567778765549 ], [ 34.917059742808007, 31.451455571778283 ], [ 34.91775154968316, 31.452128460115855 ], [ 34.918125969475099, 31.452467503145805 ], [ 34.920676714389415, 31.455029449507311 ], [ 34.922073635980325, 31.456415796984036 ], [ 34.922579280052403, 31.4564777875026 ], [ 34.922914746963059, 31.456605915923038 ], [ 34.9232700981714, 31.456681665246734 ], [ 34.923636132340064, 31.456703324111537 ], [ 34.924001177161955, 31.456670866872699 ], [ 34.924315366553678, 31.456602785812763 ], [ 34.924745189853759, 31.456456605531141 ], [ 34.925543458253088, 31.455905943374471 ], [ 34.926261775509865, 31.456039405364074 ], [ 34.926645911524801, 31.455886919018457 ], [ 34.927087723375429, 31.45568664392216 ], [ 34.92760744882677, 31.455599834580887 ] ] ] ] } },
{ "type": "Feature", "properties": { "Area": 86700.692383400004 }, "geometry": { "type": "MultiPolygon", "coordinates": [ [ [ [ 34.941031136107483, 31.446435133143009 ], [ 34.940912994914001, 31.447242075957679 ], [ 34.94009325883227, 31.448178909738921 ], [ 34.939501783977938, 31.448546896525432 ], [ 34.938787445064023, 31.448764687784877 ], [ 34.938733665519344, 31.449124202170456 ], [ 34.938973273905965, 31.44961002468256 ], [ 34.939125820460269, 31.449900634262974 ], [ 34.939250651720606, 31.45040200143292 ], [ 34.939294066568728, 31.450687311763506 ], [ 34.939552542744742, 31.451013087934857 ], [ 34.940397789153344, 31.451306817256771 ], [ 34.941204147579946, 31.449754419392274 ], [ 34.942348843260369, 31.448528513870507 ], [ 34.941406292591445, 31.446767909712133 ], [ 34.941031136107483, 31.446435133143009 ] ] ] ] } },
{ "type": "Feature", "properties": { "Area": 1784073.12647 }, "geometry": { "type": "MultiPolygon", "coordinates": [ [ [ [ 34.910229456683453, 31.44305594473677 ], [ 34.910593951332508, 31.442710119850208 ], [ 34.911286171476313, 31.441630573001905 ], [ 34.911761097190947, 31.440442300045234 ], [ 34.912673951872449, 31.439704273647042 ], [ 34.913767154758617, 31.439266526124705 ], [ 34.914826133306441, 31.439158443088438 ], [ 34.916245907572936, 31.438933918320473 ], [ 34.916798787630135, 31.438350627075799 ], [ 34.917535068100662, 31.437502815680105 ], [ 34.918546719678091, 31.437005094614225 ], [ 34.919727222427397, 31.436919789067172 ], [ 34.920876028881281, 31.436607240410588 ], [ 34.922430365006171, 31.43566651008204 ], [ 34.922885974157758, 31.434890200148541 ], [ 34.923331619165552, 31.434311153890434 ], [ 34.924589578190165, 31.434086744782579 ], [ 34.925699812232672, 31.433851292201233 ], [ 34.925698144780121, 31.43302606391914 ], [ 34.925852218346705, 31.431943573238435 ], [ 34.925543696718393, 31.431235486091062 ], [ 34.924367946727074, 31.430576800709193 ], [ 34.923839659511309, 31.429500146995384 ], [ 34.923496929544392, 31.428201808524928 ], [ 34.922457042714768, 31.42686191588896 ], [ 34.920981517734511, 31.42585362237725 ], [ 34.919830280474052, 31.425273300713641 ], [ 34.918493836393125, 31.424860531912636 ], [ 34.917667039433518, 31.425192946205058 ], [ 34.917309402054961, 31.425746241581948 ], [ 34.9170055202488, 31.426346441769105 ], [ 34.916633922352261, 31.426732855009419 ], [ 34.916069551682206, 31.427011734679226 ], [ 34.915386337324342, 31.427619532027677 ], [ 34.915203078437266, 31.427947179384031 ], [ 34.915225058477709, 31.429031745921566 ], [ 34.914984258490733, 31.429632646926102 ], [ 34.914490194918066, 31.430235229414635 ], [ 34.913784118461884, 31.430624822672037 ], [ 34.912800265973367, 31.431128770512647 ], [ 34.911980132642313, 31.431249219765864 ], [ 34.911157868919247, 31.431261432727439 ], [ 34.909898226229608, 31.431553347558548 ], [ 34.908453497521016, 31.432061838590155 ], [ 34.907460998063989, 31.433053306376262 ], [ 34.907091622608327, 31.433547922537553 ], [ 34.906975684306133, 31.434091038677209 ], [ 34.907052683609109, 31.434741701249013 ], [ 34.907320008532764, 31.43544353608884 ], [ 34.907710306527527, 31.435978806596264 ], [ 34.907909130146706, 31.436411043692786 ], [ 34.908306948515765, 31.437327375602116 ], [ 34.908634143285163, 31.437863624706441 ], [ 34.908855520959506, 31.438758127614481 ], [ 34.907781094004726, 31.438760717904682 ], [ 34.906185095735019, 31.438885531595457 ], [ 34.909691871550386, 31.441776290083798 ], [ 34.910229456683453, 31.44305594473677 ] ] ] ] } },
{ "type": "Feature", "properties": { "Area": 184622.66162100001 }, "geometry": { "type": "MultiPolygon", "coordinates": [ [ [ [ 34.93171464155445, 31.435871490561802 ], [ 34.931849887290994, 31.434514441624927 ], [ 34.931014778705283, 31.433676728014895 ], [ 34.929692676142949, 31.433360495490071 ], [ 34.928208409092264, 31.433703403303419 ], [ 34.927022630112994, 31.434201388107624 ], [ 34.926577426465236, 31.434805813763969 ], [ 34.926617145653537, 31.435493023251077 ], [ 34.926635856787961, 31.436504865533955 ], [ 34.926655361765079, 31.437526291897758 ], [ 34.926741008910227, 31.438524186985578 ], [ 34.9268548894254, 31.439590911687603 ], [ 34.92737978242797, 31.440343429733883 ], [ 34.927680361815973, 31.440636627868795 ], [ 34.928208545351112, 31.440159205344774 ], [ 34.928178303237736, 31.439262329173797 ], [ 34.927764624373182, 31.437969487550522 ], [ 34.927847016337367, 31.437337219006338 ], [ 34.928170332877123, 31.436655866303813 ], [ 34.928781847013447, 31.436337577800934 ], [ 34.929945154126472, 31.436055981134757 ], [ 34.93171464155445, 31.435871490561802 ] ] ] ] } },
{ "type": "Feature", "properties": { "Area": 15647594.925799999 }, "geometry": { "type": "MultiPolygon", "coordinates": [ [ [ [ 34.976915841226543, 31.396239956476194 ], [ 34.976877292253441, 31.395875185597845 ], [ 34.975631814368015, 31.395617057865685 ], [ 34.97318471543867, 31.394977962464814 ], [ 34.971094470251288, 31.394272955624871 ], [ 34.96949339584171, 31.393010202424946 ], [ 34.968466392202956, 31.391796963277336 ], [ 34.967438916437438, 31.390585969615927 ], [ 34.966590881537591, 31.3897552226112 ], [ 34.966036317411373, 31.39111041351039 ], [ 34.965588717507899, 31.39063439632972 ], [ 34.965578303581154, 31.390140590938898 ], [ 34.965856371273958, 31.389640558240089 ], [ 34.965558968940968, 31.389212169511563 ], [ 34.964688596793593, 31.389038058672494 ], [ 34.963970381815166, 31.389236257883272 ], [ 34.963180707887062, 31.389433191300242 ], [ 34.962743208790883, 31.389255371282857 ], [ 34.962010972584544, 31.388770349652674 ], [ 34.96135531386966, 31.388469229549983 ], [ 34.960132602412443, 31.388735783158122 ], [ 34.959573115207853, 31.389612370156517 ], [ 34.959163296365482, 31.390732751699851 ], [ 34.959011067157078, 31.392354174815196 ], [ 34.95942323602133, 31.39444509668979 ], [ 34.958779445099417, 31.394053797102405 ], [ 34.957562223906784, 31.393761163512213 ], [ 34.956530095120215, 31.39542992635787 ], [ 34.956605873875539, 31.395976280679374 ], [ 34.956017069147634, 31.39579138117421 ], [ 34.955616218656047, 31.395664903008466 ], [ 34.955700254532424, 31.396006093617913 ], [ 34.955125881437304, 31.396204521740525 ], [ 34.954547737580491, 31.396212979124577 ], [ 34.953798825817472, 31.39594038668233 ], [ 34.953012401463148, 31.395197041897852 ], [ 34.952948111370688, 31.394724550331112 ], [ 34.952608407975028, 31.394280829672912 ], [ 34.952164341428201, 31.394100706062837 ], [ 34.95169602108345, 31.394082873554108 ], [ 34.951341799203867, 31.394277772678162 ], [ 34.950680499000967, 31.39424039029171 ], [ 34.950175430604837, 31.393776607030706 ], [ 34.950229657913752, 31.392429514292026 ], [ 34.950312736901154, 31.391104462019914 ], [ 34.950355294133772, 31.390490696296673 ], [ 34.950473768032019, 31.389868625603871 ], [ 34.951116889462455, 31.389567763624079 ], [ 34.95183340750711, 31.388909668261491 ], [ 34.9517726455556, 31.388227492713938 ], [ 34.951662328854347, 31.387279724899265 ], [ 34.951736371097198, 31.386252840925199 ], [ 34.951632491005043, 31.385172056335733 ], [ 34.95137776296356, 31.384357032318185 ], [ 34.950817812908944, 31.38416258319215 ], [ 34.950044641602176, 31.384276043484945 ], [ 34.949270732869017, 31.384600878707055 ], [ 34.948573530727856, 31.385047054051835 ], [ 34.947659955065539, 31.385261682671185 ], [ 34.947340938697536, 31.384963982850607 ], [ 34.947257954188409, 31.384794147984568 ], [ 34.947091909380966, 31.384422348009167 ], [ 34.946922292560217, 31.383915256749301 ], [ 34.946954032155695, 31.383540471359733 ], [ 34.946947805189609, 31.383233815366761 ], [ 34.946980766298445, 31.382892853357902 ], [ 34.946970170975852, 31.382381007965503 ], [ 34.946961756800455, 31.381972884585707 ], [ 34.946678317972079, 31.381704565931987 ], [ 34.946360953153253, 31.381709564672171 ], [ 34.946086651275394, 31.381884881631688 ], [ 34.94597338796693, 31.382156912358052 ], [ 34.946058460012416, 31.382462599907665 ], [ 34.946027604084271, 31.382873462614572 ], [ 34.945672175515142, 31.382980409557973 ], [ 34.945196687515391, 31.383021162035668 ], [ 34.944839893834136, 31.383026640988152 ], [ 34.944400915491329, 31.382932180503907 ], [ 34.944118210730821, 31.382697115026311 ], [ 34.943793169931261, 31.382327806373461 ], [ 34.943548436800043, 31.382024611141084 ], [ 34.943069976112454, 31.381894553777823 ], [ 34.942873060408019, 31.382001252169751 ], [ 34.942642305675797, 31.382345191703799 ], [ 34.942616762256847, 31.383026632154561 ], [ 34.942060310723967, 31.383001256829832 ], [ 34.941380735878134, 31.382772700845027 ], [ 34.94086225829475, 31.382678628890069 ], [ 34.940308646447036, 31.382754714713823 ], [ 34.939515344946564, 31.382782953995445 ], [ 34.939136611106512, 31.382704946716814 ], [ 34.938791946117306, 31.38236996952072 ], [ 34.938662466463001, 31.381859568357097 ], [ 34.938713586951373, 31.381146615409733 ], [ 34.938819446435865, 31.380477179302908 ], [ 34.937904582331079, 31.379643285634238 ], [ 34.936753835343737, 31.378993217770908 ], [ 34.936423650376938, 31.378946306359577 ], [ 34.935408633829049, 31.37909017566929 ], [ 34.935024581131515, 31.379328371283194 ], [ 34.934680037990205, 31.380052543521455 ], [ 34.934181999819451, 31.380572338252605 ], [ 34.93376496209423, 31.380681940821844 ], [ 34.932868506884354, 31.380772490150086 ], [ 34.931853044309378, 31.380891528201587 ], [ 34.931139955046909, 31.381076026276819 ], [ 34.930701746815274, 31.381177118509267 ], [ 34.930375127768734, 31.381371455342766 ], [ 34.930110629656298, 31.381893987517056 ], [ 34.930016279618293, 31.382650811485853 ], [ 34.929750755615807, 31.383128809677331 ], [ 34.928712620293837, 31.383520596491831 ], [ 34.927724772835916, 31.383677427758148 ], [ 34.927396279852715, 31.383777617865352 ], [ 34.927350354555017, 31.384201971533049 ], [ 34.927639532977153, 31.384905507804923 ], [ 34.927711095879914, 31.385709473194037 ], [ 34.926865586081746, 31.386779769875147 ], [ 34.926364307074863, 31.387146204865321 ], [ 34.925653766087983, 31.387393809960429 ], [ 34.925217384786997, 31.387587331052785 ], [ 34.925009230114306, 31.38820580061476 ], [ 34.92503805706162, 31.389621832444995 ], [ 34.924768262996416, 31.389862500278809 ], [ 34.924058901228364, 31.39020254272819 ], [ 34.923184235831862, 31.390499942698224 ], [ 34.92254155282361, 31.391337290136299 ], [ 34.921255109102162, 31.39210049947074 ], [ 34.921376894082492, 31.392684742401844 ], [ 34.921386192599954, 31.393144727033366 ], [ 34.921164741755454, 31.394020762740357 ], [ 34.920765540065268, 31.395003504330955 ], [ 34.920392833229293, 31.395804797828763 ], [ 34.919895208519463, 31.396351592811385 ], [ 34.919574838666108, 31.396791116557516 ], [ 34.919097589365613, 31.398365544083202 ], [ 34.919029430224093, 31.399444841381946 ], [ 34.91860574617008, 31.400684559186399 ], [ 34.918480506783283, 31.401892811399261 ], [ 34.918721467766481, 31.403431632853689 ], [ 34.918329573983179, 31.404745825538136 ], [ 34.918163651459544, 31.40544272781537 ], [ 34.918048832766516, 31.407165078275661 ], [ 34.917979738853461, 31.408167147207173 ], [ 34.91767048830971, 31.409148386541354 ], [ 34.917270447534897, 31.410103492359951 ], [ 34.916339619544772, 31.41145254465356 ], [ 34.915912699178186, 31.412538922759651 ], [ 34.915721884583263, 31.41346630983687 ], [ 34.916078161415371, 31.414796267996508 ], [ 34.916509678509449, 31.415651212222198 ], [ 34.916733766060133, 31.416096458351188 ], [ 34.916810303241952, 31.416916219842342 ], [ 34.916728828586706, 31.418791397750152 ], [ 34.916823492311586, 31.420510831294141 ], [ 34.916851673475193, 31.421184490867343 ], [ 34.917532668373006, 31.421503368108272 ], [ 34.918768059714864, 31.421895629347542 ], [ 34.919853824993844, 31.422264999435807 ], [ 34.920075179907037, 31.422482507052703 ], [ 34.920342907185017, 31.422744647698718 ], [ 34.921460841967559, 31.423242030576677 ], [ 34.922814827699774, 31.423555599567155 ], [ 34.923682428886352, 31.42363698153089 ], [ 34.923985539653671, 31.423830986925267 ], [ 34.924288856801709, 31.424232425862019 ], [ 34.92447567568319, 31.424684904437989 ], [ 34.924602510759733, 31.425138379132324 ], [ 34.925741333205096, 31.425980741646722 ], [ 34.926765011499853, 31.426977856238079 ], [ 34.927365684829525, 31.427476320664226 ], [ 34.927666867550741, 31.427774030001061 ], [ 34.927850537451334, 31.428075430840202 ], [ 34.927977557571502, 31.428528902430362 ], [ 34.928220742107463, 31.428879471100615 ], [ 34.92970779767149, 31.429414216047117 ], [ 34.931379747265019, 31.430349549503799 ], [ 34.933771308721198, 31.431833150905984 ], [ 34.934132991878357, 31.432192977339959 ], [ 34.934142512902582, 31.432655213639542 ], [ 34.93488197408066, 31.433670264569528 ], [ 34.936046239955132, 31.434938165607061 ], [ 34.936184447405701, 31.435808773960805 ], [ 34.936266519646928, 31.436885007062596 ], [ 34.93681700791975, 31.437443071654528 ], [ 34.938423207316198, 31.438165105222463 ], [ 34.938248601847491, 31.437254402782809 ], [ 34.938408968213515, 31.435815665736207 ], [ 34.938458707261361, 31.434847369910898 ], [ 34.938468097825989, 31.434664757662027 ], [ 34.938492970016505, 31.434179482319021 ], [ 34.938554886064274, 31.432972211850011 ], [ 34.938544615987901, 31.432534776119773 ], [ 34.938512264588176, 31.431186390124235 ], [ 34.938510042635905, 31.430343122395719 ], [ 34.938506160606465, 31.428690408496536 ], [ 34.938279507948735, 31.426138727582558 ], [ 34.938211820630237, 31.425375365661687 ], [ 34.938879828363007, 31.423049320204594 ], [ 34.938963061765577, 31.422845440722611 ], [ 34.939538246278495, 31.421434050247569 ], [ 34.94124597252344, 31.419957909199379 ], [ 34.943474463876711, 31.418929804052244 ], [ 34.944870096996468, 31.417848681323814 ], [ 34.946532146763104, 31.415595624940604 ], [ 34.947509371446408, 31.413961223645963 ], [ 34.947821347096529, 31.413440444245911 ], [ 34.948561659778179, 31.411537247934174 ], [ 34.948629008557731, 31.411362641383569 ], [ 34.94927577150429, 31.409893851307956 ], [ 34.949646094948591, 31.409053576216404 ], [ 34.950385174991851, 31.408557312690373 ], [ 34.952668857074322, 31.407643017475415 ], [ 34.953713489716456, 31.406477117484322 ], [ 34.953866786107945, 31.405054122449844 ], [ 34.953953223386158, 31.404182276560753 ], [ 34.955221373699224, 31.403403485275401 ], [ 34.957344524214363, 31.402491611779332 ], [ 34.95915320906127, 31.401881798723444 ], [ 34.959059589433927, 31.400291473878728 ], [ 34.95963315935488, 31.399522580897106 ], [ 34.960695218462611, 31.398919773368938 ], [ 34.961473100283023, 31.3987414349834 ], [ 34.962348736978754, 31.398561021708872 ], [ 34.963759989289677, 31.398882158273562 ], [ 34.964103407352816, 31.399120112382871 ], [ 34.964402064757849, 31.399323033522336 ], [ 34.964912756415551, 31.399358372982551 ], [ 34.964770259781872, 31.398539640666481 ], [ 34.965355161394626, 31.397944356919581 ], [ 34.966463661170948, 31.397927253477242 ], [ 34.968174569731232, 31.398122068743888 ], [ 34.970556829023785, 31.397697473341275 ], [ 34.972726693426424, 31.397118564776093 ], [ 34.974672546039216, 31.39670043135019 ], [ 34.975731460758446, 31.396393426183202 ], [ 34.976254544949057, 31.396326716045973 ], [ 34.976915841226543, 31.396239956476194 ] ] ] ] } },
{ "type": "Feature", "properties": { "Area": 3301531.1953099999 }, "geometry": { "type": "MultiPolygon", "coordinates": [ [ [ [ 34.918273074148878, 31.384099180662918 ], [ 34.919230552892834, 31.383615982740032 ], [ 34.919737429324265, 31.382758056890921 ], [ 34.920979000385536, 31.380926583744674 ], [ 34.922075464456739, 31.379980887762464 ], [ 34.922495944694056, 31.379491972344706 ], [ 34.922283366810476, 31.378897383361299 ], [ 34.922297083676213, 31.378209720529128 ], [ 34.923056015893337, 31.377852885127606 ], [ 34.924809582802176, 31.376911423097091 ], [ 34.926292570067105, 31.375810955515231 ], [ 34.927726049679798, 31.374217704522636 ], [ 34.929389892206927, 31.372068575391399 ], [ 34.930037555438673, 31.370807310979032 ], [ 34.92891990113916, 31.369903585634031 ], [ 34.927725258158638, 31.369162025405448 ], [ 34.926389782257424, 31.368789361780369 ], [ 34.925871304021143, 31.369784829914487 ], [ 34.925726457198124, 31.370671189647084 ], [ 34.925305044004027, 31.37188388408503 ], [ 34.924206083752125, 31.371997607237102 ], [ 34.923602640670111, 31.371891442668598 ], [ 34.923191069813434, 31.371552894761855 ], [ 34.922990548472733, 31.371932377656616 ], [ 34.922668976288335, 31.372532558282909 ], [ 34.922111439721824, 31.372288385097722 ], [ 34.921872026693158, 31.372050547351723 ], [ 34.921531954606699, 31.371586450205118 ], [ 34.921462738765428, 31.371280781164177 ], [ 34.921338497360551, 31.370922004427619 ], [ 34.921059379457255, 31.37121957677553 ], [ 34.92089447708495, 31.371548967230897 ], [ 34.920187886680729, 31.371500618005353 ], [ 34.919535031835316, 31.371388688006977 ], [ 34.919774981816055, 31.370846393513784 ], [ 34.919800892483686, 31.370532479333114 ], [ 34.919762253573687, 31.370219549293825 ], [ 34.919661502115957, 31.369916627685086 ], [ 34.91950073976674, 31.369634992701577 ], [ 34.919096003082224, 31.369216967428223 ], [ 34.919160282490317, 31.368598185811713 ], [ 34.919151715298796, 31.368172021954585 ], [ 34.919308884178598, 31.367793012219629 ], [ 34.919353487262029, 31.367271703917105 ], [ 34.919014458009684, 31.366852696879445 ], [ 34.918126564994402, 31.36648714271141 ], [ 34.917186854045511, 31.366313682570325 ], [ 34.916202026542727, 31.366610226435089 ], [ 34.915767723815087, 31.366901238235815 ], [ 34.915156117293087, 31.366578561113649 ], [ 34.914491512576419, 31.366401755400428 ], [ 34.913719050363788, 31.366318273408805 ], [ 34.913280053118179, 31.366371955326898 ], [ 34.912951258863963, 31.366424758769583 ], [ 34.912795254344026, 31.366897898513862 ], [ 34.911474072649874, 31.366870650343021 ], [ 34.911085042924206, 31.366804374210641 ], [ 34.911744604539699, 31.367971577985582 ], [ 34.910910915667252, 31.367715452238688 ], [ 34.910482999624023, 31.367636120592472 ], [ 34.909618411530509, 31.367705161021799 ], [ 34.90911195268378, 31.368006130624604 ], [ 34.908508340685117, 31.367757846535959 ], [ 34.907847084930182, 31.367614271492904 ], [ 34.907011094331807, 31.3677284551149 ], [ 34.906270201810642, 31.368100457596857 ], [ 34.905673838927932, 31.368210679642917 ], [ 34.90485082842099, 31.368942112531755 ], [ 34.904689779980792, 31.369230905876041 ], [ 34.904551621594067, 31.369810613013527 ], [ 34.9046239134885, 31.370526659518433 ], [ 34.904686811627435, 31.370839086904361 ], [ 34.904745190133355, 31.371126701635273 ], [ 34.905089940822421, 31.371538995073887 ], [ 34.905297254339324, 31.371785808082151 ], [ 34.90580592582333, 31.372249776818663 ], [ 34.905038243701789, 31.372303792234415 ], [ 34.904191931653337, 31.371879052252655 ], [ 34.902962995122799, 31.371540779033744 ], [ 34.902023446882197, 31.371771368900909 ], [ 34.903078635192443, 31.372977878407962 ], [ 34.903080611903384, 31.373336385321643 ], [ 34.902294236035068, 31.373634414988949 ], [ 34.90205218612887, 31.374337320743287 ], [ 34.902692016425881, 31.374824158019852 ], [ 34.902992757418112, 31.375852458441145 ], [ 34.904766206932464, 31.376667188875608 ], [ 34.906066524760945, 31.379649281489879 ], [ 34.905572176438049, 31.380355551971192 ], [ 34.906649890018265, 31.380558165518465 ], [ 34.907019366203514, 31.380956418676426 ], [ 34.906584949704218, 31.381409738570621 ], [ 34.90619261944471, 31.38195447130753 ], [ 34.906244956133207, 31.382598317929329 ], [ 34.906640671619883, 31.382959993739497 ], [ 34.907096253794251, 31.382777290255127 ], [ 34.90860689536229, 31.384164622485088 ], [ 34.909360693494449, 31.384746387511907 ], [ 34.911292317976205, 31.384050159827851 ], [ 34.911736069682149, 31.383761440607501 ], [ 34.912658426279179, 31.383490719862571 ], [ 34.913158498085245, 31.38326018302973 ], [ 34.913697482000202, 31.383301427246174 ], [ 34.914062245619412, 31.383268996244446 ], [ 34.914368324523458, 31.383196973757169 ], [ 34.914880976548304, 31.383040300994367 ], [ 34.914941622233947, 31.383404576586148 ], [ 34.915239576629602, 31.384322359564617 ], [ 34.915458532463155, 31.384754633528829 ], [ 34.915674094513349, 31.385008212243644 ], [ 34.915937399740258, 31.38522751337765 ], [ 34.916241248043498, 31.385403501550432 ], [ 34.916629303001038, 31.385546420733661 ], [ 34.917821995952892, 31.385670846689283 ], [ 34.918273074148878, 31.384099180662918 ] ] ] ] } }
]
}
