{
"type": "FeatureCollection",
"name": "blue_line",
"crs": { "type": "name", "properties": { "name": "urn:ogc:def:crs:OGC:1.3:CRS84" } },
"features": [
{ "type": "Feature", "properties": { "Physical_M": 1, "Designatio": 1, "Status_sim": 0, "Physical_1": "Fence", "Designat_1": "Main Barrier", "Status_sip": "Completed", "Shape_Leng": 57263.575938900001 }, "geometry": { "type": "MultiLineString", "coordinates": [ [ [ 35.553679863567623, 32.389369887196601 ], [ 35.553373009689956, 32.389002463832952 ], [ 35.553082783769895, 32.388757720923763 ], [ 35.552761091149641, 32.38870405483145 ], [ 35.552504060096361, 32.388772936604923 ], [ 35.551862347400636, 32.389102041618351 ], [ 35.551332602195671, 32.389280874319319 ], [ 35.550962711541281, 32.389240951965533 ], [ 35.55038351882957, 32.389106109054033 ], [ 35.549885087554308, 32.389080242912492 ], [ 35.549209710461028, 32.389027536575767 ], [ 35.548421893655537, 32.388975133516261 ], [ 35.548019907376222, 32.388962613033719 ], [ 35.547553884937344, 32.388991115609898 ], [ 35.547152005202378, 32.388978592660152 ], [ 35.5464923691883, 32.388843949937751 ], [ 35.545961485959232, 32.388722661624392 ], [ 35.544609415614033, 32.388235316529325 ], [ 35.543611239908323, 32.387828793143782 ], [ 35.542806418870462, 32.387544561176497 ], [ 35.542179406603672, 32.387518919823393 ], [ 35.541424207675497, 32.387602819522897 ], [ 35.540685762620043, 32.387877570299345 ], [ 35.540156254972231, 32.388124527878837 ], [ 35.53973847787185, 32.388180195408417 ], [ 35.539289007374528, 32.388345057369008 ], [ 35.538904470432442, 32.388538782093867 ], [ 35.538263755460576, 32.389007766005946 ], [ 35.537696556438028, 32.389499907915855 ], [ 35.536854451911985, 32.39014850382469 ], [ 35.535948398528198, 32.390867328541326 ], [ 35.535078763584487, 32.391492629933957 ], [ 35.534089029333529, 32.391915797625906 ], [ 35.533099320052798, 32.392377822066997 ], [ 35.532256136372681, 32.392714926974293 ], [ 35.531137713564995, 32.393091605154638 ], [ 35.529954897377316, 32.393445174524103 ], [ 35.527579625354534, 32.394019748349301 ], [ 35.52398468587532, 32.394916774591586 ], [ 35.52299415346689, 32.395168434574082 ], [ 35.521352535638606, 32.395577548433387 ], [ 35.521004117126928, 32.3956640896496 ], [ 35.520728844613529, 32.395695890866641 ], [ 35.520293103078906, 32.395611859170828 ], [ 35.519626355466194, 32.395513343869332 ], [ 35.519272006204119, 32.395514229544112 ], [ 35.518819345247849, 32.395638448291848 ], [ 35.514923526399734, 32.397174493856845 ], [ 35.514465223781386, 32.397362464010115 ], [ 35.513337235948988, 32.397684542286981 ], [ 35.511676876526323, 32.398015754918731 ], [ 35.510750501384798, 32.398212697273642 ], [ 35.509585846723226, 32.398542586210773 ], [ 35.50890726979577, 32.398754514737959 ], [ 35.507558701959645, 32.399014763511161 ], [ 35.499981446557094, 32.40050459331362 ], [ 35.4966209018773, 32.401210742695035 ], [ 35.496107714576013, 32.401329148458167 ], [ 35.496009329997619, 32.401333550211923 ], [ 35.495925611736361, 32.401308700562808 ], [ 35.494699322124724, 32.400923357781316 ], [ 35.494610738650366, 32.400915213615136 ], [ 35.494527234737582, 32.400957144930061 ], [ 35.494453664281473, 32.401028270736155 ], [ 35.494352561194631, 32.401721372916313 ], [ 35.494319307129338, 32.401755032297565 ], [ 35.493173260052394, 32.402187075285902 ], [ 35.491833815694442, 32.402841469590477 ], [ 35.490848169020047, 32.403316138789279 ], [ 35.489837438950019, 32.403862365875469 ], [ 35.489020835332845, 32.404422574527501 ], [ 35.486797847954271, 32.40584476068581 ], [ 35.485812652731504, 32.406483958512943 ], [ 35.484743640393276, 32.407316669617394 ], [ 35.483775602548434, 32.408048873570252 ], [ 35.483043457794949, 32.408651779547206 ], [ 35.482352980757881, 32.409118515271444 ], [ 35.481864319956166, 32.409362973622791 ], [ 35.480861865631127, 32.409909110380234 ], [ 35.479977303040151, 32.410354887366729 ], [ 35.479496829056004, 32.410499044421059 ], [ 35.47915090442261, 32.410528474191501 ], [ 35.478830276774936, 32.410521958871172 ], [ 35.478340582471425, 32.410429964084294 ], [ 35.477808406561699, 32.410209290425385 ], [ 35.477326229101543, 32.409823757046617 ], [ 35.476877645270058, 32.40936664039959 ], [ 35.476319835453289, 32.409031493215267 ], [ 35.475787672947824, 32.4088465197989 ], [ 35.475095340985632, 32.408704902106869 ], [ 35.473981044639508, 32.408506831975934 ], [ 35.473668758352048, 32.408478914304823 ], [ 35.472900958695114, 32.408480552510319 ], [ 35.46989740370401, 32.408572762399835 ], [ 35.469374157348227, 32.408523726825507 ], [ 35.468842178317395, 32.408396074436929 ], [ 35.468369115747571, 32.40820382199896 ], [ 35.467676321713043, 32.407897414570776 ], [ 35.467372315660477, 32.407790741216026 ], [ 35.466874146492842, 32.407662920136616 ], [ 35.466342403076965, 32.407613889642427 ], [ 35.465447803373067, 32.407544237103231 ], [ 35.464865195805423, 32.407402245383409 ], [ 35.464358470822091, 32.407217170975379 ], [ 35.463716357350506, 32.406932188645506 ], [ 35.462787579924701, 32.406690804953676 ], [ 35.461841662248752, 32.406363422845082 ], [ 35.461199668502481, 32.40607842736636 ], [ 35.460785951679412, 32.406000547484943 ], [ 35.459832296507265, 32.405902299408176 ], [ 35.458076902193696, 32.405748399977675 ], [ 35.457562076028132, 32.405699297727764 ], [ 35.457114509341984, 32.405564212696447 ], [ 35.456903219351489, 32.405421438333981 ], [ 35.456649325744955, 32.405171441308525 ], [ 35.456480057648321, 32.404964198028388 ], [ 35.456344267119945, 32.404678164166597 ], [ 35.45625055785937, 32.404349123136235 ], [ 35.4561486431475, 32.404127496984259 ], [ 35.455962537177705, 32.403941747765252 ], [ 35.455692212452838, 32.403820550898601 ], [ 35.455354650178094, 32.40379263815209 ], [ 35.455042583139154, 32.403836182081655 ], [ 35.45241144451748, 32.404292351793117 ], [ 35.450716378773187, 32.404574766951058 ], [ 35.450252819708943, 32.404769006913668 ], [ 35.450000311714966, 32.404984206028331 ], [ 35.449177245785677, 32.406395870865545 ], [ 35.448572706179448, 32.40749212581543 ], [ 35.448001590211483, 32.408452330425938 ], [ 35.447698496278079, 32.408717758907024 ], [ 35.447352980863293, 32.408861623326864 ], [ 35.446956490380899, 32.408905309989294 ], [ 35.446500754429721, 32.40885604945494 ], [ 35.446061318808084, 32.408620725052664 ], [ 35.445849676898625, 32.40834194958245 ], [ 35.445306691186047, 32.407219320608895 ], [ 35.445086114102629, 32.406775901801289 ], [ 35.444705281842509, 32.406347216197013 ], [ 35.444299589727756, 32.406083145429037 ], [ 35.443792837397247, 32.405869402840914 ], [ 35.441191802435249, 32.404993849858272 ], [ 35.44064346090444, 32.40500921650009 ], [ 35.440480440016842, 32.405023408829678 ], [ 35.440306047500954, 32.405038524277579 ], [ 35.440078162683278, 32.405003151293016 ], [ 35.439934311154673, 32.404867436237147 ], [ 35.439883416887469, 32.404753009125095 ], [ 35.439891294196087, 32.40455253592139 ], [ 35.440185440709222, 32.404072435879755 ], [ 35.440285776809077, 32.403743019599588 ], [ 35.440243075713575, 32.403549854979069 ], [ 35.44004010294001, 32.403364113694842 ], [ 35.439744763144581, 32.403343203767349 ], [ 35.439095282817277, 32.403416014182689 ], [ 35.438867420952072, 32.40338776254405 ], [ 35.438630829766886, 32.403230757267963 ], [ 35.438385367259038, 32.40293057000207 ], [ 35.438013016353828, 32.402516095235235 ], [ 35.437716796064009, 32.402151615956917 ], [ 35.43675208007236, 32.401029638836619 ], [ 35.436337488483368, 32.400550852059986 ], [ 35.4361175202204, 32.400322212036933 ], [ 35.435889339132686, 32.400165186041214 ], [ 35.435661285719455, 32.400058206565618 ], [ 35.435298227410968, 32.399944349873323 ], [ 35.434943785710985, 32.399916413303785 ], [ 35.434530479682927, 32.399938630404421 ], [ 35.434083591216066, 32.4000467533142 ], [ 35.433620163207664, 32.400298193195937 ], [ 35.433232928644713, 32.400628125619534 ], [ 35.433005996351966, 32.40096498017607 ], [ 35.432880160541352, 32.401265761331146 ], [ 35.432779944582357, 32.401652523224691 ], [ 35.432823225830901, 32.402124780583613 ], [ 35.433079355203112, 32.403290998913945 ], [ 35.433164620538321, 32.403677424309265 ], [ 35.433275363307189, 32.404092298347337 ], [ 35.433267598611316, 32.404342907921468 ], [ 35.433175109823324, 32.40446472228215 ], [ 35.432998078361656, 32.404529428234618 ], [ 35.432846128835706, 32.404508241982853 ], [ 35.432600880204241, 32.404286856361146 ], [ 35.432279198350585, 32.403850811157703 ], [ 35.431991160776114, 32.40339324315913 ], [ 35.431719631671371, 32.402778109650917 ], [ 35.431482140558586, 32.402256063878362 ], [ 35.431278400974676, 32.401755419228294 ], [ 35.431134227146863, 32.401483711090179 ], [ 35.43098240747851, 32.401469646526934 ], [ 35.430856064050907, 32.401570057726161 ], [ 35.43080625576696, 32.401885128146269 ], [ 35.430740367505969, 32.402529365730025 ], [ 35.430657328276226, 32.40307354028473 ], [ 35.43052349531856, 32.403538992590001 ], [ 35.430305406256942, 32.404061947289229 ], [ 35.430019710231896, 32.404542009286068 ], [ 35.429750859303518, 32.405000578715921 ], [ 35.429684250271862, 32.405358511735876 ], [ 35.429727001018676, 32.4055803555989 ], [ 35.429914177776169, 32.406174092551574 ], [ 35.430109808184739, 32.406832289700901 ], [ 35.430212161594767, 32.407254394663063 ], [ 35.430195652432843, 32.407411869974396 ], [ 35.430077857392199, 32.407533816560445 ], [ 35.429143176306972, 32.408308465924144 ], [ 35.428924110880928, 32.408444839764748 ], [ 35.428746856927248, 32.408423694269558 ], [ 35.428586291285221, 32.408316581413487 ], [ 35.428501641894329, 32.408173624419632 ], [ 35.428509403115385, 32.407915891074168 ], [ 35.428619166257334, 32.407554004488794 ], [ 35.428643721847791, 32.407210394761989 ], [ 35.428583930309628, 32.40693131979021 ], [ 35.42838883998828, 32.40653083949644 ], [ 35.428074638767882, 32.406105862502841 ], [ 35.427524843737444, 32.405577149424083 ], [ 35.427102040714246, 32.405162732392569 ], [ 35.426848721012441, 32.405113042243478 ], [ 35.426620999768801, 32.405142119733405 ], [ 35.426293328944681, 32.405289141139285 ], [ 35.425804782498268, 32.405590643569219 ], [ 35.425450809823104, 32.405763048302013 ], [ 35.425181007976697, 32.40584224354636 ], [ 35.424910806021302, 32.405756779730147 ], [ 35.424724725761877, 32.405556737015466 ], [ 35.424554919212987, 32.40514186826961 ], [ 35.424402362946836, 32.404870167180121 ], [ 35.424123628127596, 32.404727456003563 ], [ 35.423811542615404, 32.404771013056973 ], [ 35.423482248670553, 32.405083139934838 ], [ 35.42305398247084, 32.405921338276315 ], [ 35.422599734634161, 32.406523411383866 ], [ 35.422036872869235, 32.407093117724727 ], [ 35.421758869733239, 32.407301180210702 ], [ 35.421421509102814, 32.407359022731995 ], [ 35.420982679085377, 32.407302516539893 ], [ 35.420619848741111, 32.407288801397037 ], [ 35.420215022657942, 32.407361094592723 ], [ 35.41988534927949, 32.407522981449333 ], [ 35.419625294555225, 32.407727130404922 ], [ 35.419430698855649, 32.407967508190971 ], [ 35.419203934248017, 32.408404522042503 ], [ 35.418834631757917, 32.409206805295803 ], [ 35.418725436985433, 32.409421697297581 ], [ 35.418607657730618, 32.409557971308949 ], [ 35.418514886042587, 32.40961539006782 ], [ 35.418312331403122, 32.40959418191165 ], [ 35.418118079522905, 32.409487203859115 ], [ 35.417771412712888, 32.409208609961517 ], [ 35.417205631778636, 32.408554355716987 ], [ 35.416875538109004, 32.408132624302105 ], [ 35.416672787123588, 32.408025657723257 ], [ 35.416436556550302, 32.408011717236292 ], [ 35.416192173176036, 32.408148112184229 ], [ 35.415206917856487, 32.408987217914898 ], [ 35.415004581691967, 32.409059155497651 ], [ 35.414810477263934, 32.409059479731987 ], [ 35.414557160329416, 32.408966841968343 ], [ 35.414236343176761, 32.408874316104239 ], [ 35.413966340239853, 32.408874765391666 ], [ 35.413646085570505, 32.409025618532837 ], [ 35.41324211949135, 32.409477162958233 ], [ 35.412652966844284, 32.410158146445774 ], [ 35.412274373179656, 32.410645535499938 ], [ 35.411954584356437, 32.411003876397771 ], [ 35.411718919630779, 32.411240522692772 ], [ 35.411447839306547, 32.411237631938441 ], [ 35.411246174044955, 32.411141025139898 ], [ 35.411083395663731, 32.410522421838806 ], [ 35.410794775518951, 32.409771378057215 ], [ 35.410557516245689, 32.409306553907413 ], [ 35.410329119667928, 32.409092131244847 ], [ 35.410134943062268, 32.4090137255073 ], [ 35.409907059693687, 32.408978297979843 ], [ 35.40969616738014, 32.409028778641613 ], [ 35.409367409800467, 32.409136712417883 ], [ 35.409081037511633, 32.40937334593643 ], [ 35.408820592902067, 32.409889117536054 ], [ 35.408644532959087, 32.410397628817144 ], [ 35.408485083595444, 32.410777252539155 ], [ 35.408240728987714, 32.410935093181585 ], [ 35.407945564815975, 32.410999955573793 ], [ 35.407667045594032, 32.410950358008833 ], [ 35.407261792180655, 32.410843612417985 ], [ 35.406932743223713, 32.410872727640701 ], [ 35.406578755923704, 32.41101649343112 ], [ 35.406003827587853, 32.411571899645622 ], [ 35.405616237666599, 32.411808687128563 ], [ 35.405323463361157, 32.411898878279921 ], [ 35.404901543174326, 32.411899550296837 ], [ 35.404462515606582, 32.411807187621307 ], [ 35.404090688686097, 32.411528686433158 ], [ 35.403642746903763, 32.411200076604231 ], [ 35.403119174524576, 32.410993320648231 ], [ 35.402857547863547, 32.410986609341847 ], [ 35.402520083677778, 32.411008602109469 ], [ 35.402107062038716, 32.411188247495815 ], [ 35.401913327068989, 32.411360334628569 ], [ 35.401820898087628, 32.411532262792413 ], [ 35.401703604992129, 32.411904597907856 ], [ 35.401746601978815, 32.412269558375819 ], [ 35.401899105747844, 32.412591423703248 ], [ 35.402161330341805, 32.412870193751779 ], [ 35.402440274787317, 32.413113137629686 ], [ 35.402752853651485, 32.413277215297747 ], [ 35.403056925404563, 32.413391258482314 ], [ 35.403470426741222, 32.413426405256381 ], [ 35.403833153384099, 32.413382908194386 ], [ 35.404170373748798, 32.413246390697601 ], [ 35.404558036696756, 32.413038192931381 ], [ 35.4049205668748, 32.41285861932046 ], [ 35.405274817911589, 32.412829469761917 ], [ 35.405553447684596, 32.412879162793907 ], [ 35.405781641222163, 32.413050581004654 ], [ 35.405891777595933, 32.413243649969843 ], [ 35.405917634510729, 32.413494114132945 ], [ 35.405858974088112, 32.413694576531661 ], [ 35.405606638150267, 32.414045759572176 ], [ 35.405497501401904, 32.414303562862671 ], [ 35.405464770534088, 32.414740241948557 ], [ 35.405355981725926, 32.415155579972541 ], [ 35.405246842946369, 32.415413383599322 ], [ 35.405061894121474, 32.415714320568874 ], [ 35.404708759530152, 32.416301830628782 ], [ 35.404692188062654, 32.416452177813781 ], [ 35.404760121549486, 32.416645314735881 ], [ 35.404853341444159, 32.41683128720895 ], [ 35.404980288315805, 32.416981316232786 ], [ 35.405115555678059, 32.417095712734479 ], [ 35.405368790479265, 32.417145356178501 ], [ 35.40556291233284, 32.417145046418646 ], [ 35.405832812812747, 32.417087354190016 ], [ 35.406119504389657, 32.416979497633029 ], [ 35.406363740450573, 32.416807323243596 ], [ 35.406624713723275, 32.416513476406024 ], [ 35.407053933607081, 32.416011775462685 ], [ 35.407264747591981, 32.41591837586703 ], [ 35.407517868826275, 32.415917968102136 ], [ 35.407914576199211, 32.415996050811344 ], [ 35.409316100008539, 32.416301545846274 ], [ 35.409586206162501, 32.416336905609818 ], [ 35.410058717096348, 32.416321797734618 ], [ 35.410470027413318, 32.41618135474387 ], [ 35.410818609722433, 32.416085288851306 ], [ 35.41120575125548, 32.416069414454931 ], [ 35.411855657461601, 32.41613282116203 ], [ 35.413130278137132, 32.416352546425365 ], [ 35.413476627965558, 32.416487955464568 ], [ 35.413873822488469, 32.416773601011755 ], [ 35.414136228401567, 32.417109606576084 ], [ 35.414289006940194, 32.417481593525956 ], [ 35.414476664678325, 32.418361656236165 ], [ 35.414749270141208, 32.419470621412117 ], [ 35.414978195330271, 32.419942664106742 ], [ 35.415172872187512, 32.420178506228943 ], [ 35.415418055836845, 32.420371340006099 ], [ 35.415696891939703, 32.420542655730962 ], [ 35.416068423795032, 32.420663677723127 ], [ 35.416439913281771, 32.420720314098844 ], [ 35.417199571885639, 32.420783508354624 ], [ 35.417663785345994, 32.420847108064365 ], [ 35.418077516347438, 32.420918005649867 ], [ 35.418415570993538, 32.421132137740514 ], [ 35.418542440648281, 32.421282243440707 ], [ 35.418661170152824, 32.42149674742754 ], [ 35.418712300447453, 32.421718580259373 ], [ 35.418687640895065, 32.421990589009326 ], [ 35.418561610491075, 32.422241308962221 ], [ 35.418393309694906, 32.422420591251459 ], [ 35.418056093711016, 32.422564270811471 ], [ 35.417727056582883, 32.422614965163199 ], [ 35.417212525295326, 32.422723233680706 ], [ 35.416892210375025, 32.422866881577775 ], [ 35.416572095602085, 32.423096464394973 ], [ 35.416336322517232, 32.423340242683906 ], [ 35.415503448984623, 32.424443935839093 ], [ 35.415495483368389, 32.424629979256174 ], [ 35.41551271544791, 32.424816070828818 ], [ 35.415622903749913, 32.425016344716667 ], [ 35.415825808585481, 32.425173449139812 ], [ 35.416138419915505, 32.425323245323575 ], [ 35.416881867400676, 32.425665558838737 ], [ 35.417101680495037, 32.425822632664257 ], [ 35.417296101727523, 32.425986963561428 ], [ 35.417414699927861, 32.426144207824656 ], [ 35.417406614799184, 32.426323127926864 ], [ 35.417331189732721, 32.426530836928571 ], [ 35.417154288855343, 32.426674333350107 ], [ 35.416918479467405, 32.426860761343271 ], [ 35.415923854464424, 32.427413582364984 ], [ 35.415595322030335, 32.427643177304226 ], [ 35.415444137088258, 32.42796553400369 ], [ 35.415520885781447, 32.428323308568167 ], [ 35.415859279470055, 32.428673429617611 ], [ 35.416155264692357, 32.428937775410589 ], [ 35.416561146395644, 32.42927353392259 ], [ 35.41697535147221, 32.429530464058473 ], [ 35.417482560350955, 32.429908971925478 ], [ 35.417702436245243, 32.430087595946375 ], [ 35.41780416887277, 32.430259206399782 ], [ 35.41784689700674, 32.430523886502769 ], [ 35.417746231303333, 32.430760314620372 ], [ 35.417485085083285, 32.430982585700697 ], [ 35.417147852800994, 32.431133476699365 ], [ 35.416717678825322, 32.431234476518135 ], [ 35.41617780817576, 32.431349907063471 ], [ 35.415629302121978, 32.43136507510755 ], [ 35.414776865646097, 32.43135937796859 ], [ 35.414405549901794, 32.431395796728602 ], [ 35.414009166263085, 32.431489517016381 ], [ 35.413562213305461, 32.43164770451142 ], [ 35.413191374214051, 32.431891700843053 ], [ 35.412795415699712, 32.432171447060242 ], [ 35.412466587323799, 32.432329524988859 ], [ 35.412221952003613, 32.432387189710418 ], [ 35.411977185184035, 32.432387593270199 ], [ 35.411706998143025, 32.43233790144803 ], [ 35.411141285574743, 32.432224309321505 ], [ 35.410651525419617, 32.432124928436579 ], [ 35.408169219624391, 32.431663667457101 ], [ 35.407426188423209, 32.431514546083086 ], [ 35.40703798907159, 32.431515171118804 ], [ 35.406616249991572, 32.431637584595059 ], [ 35.406321352289552, 32.431852763173936 ], [ 35.406136309946703, 32.432125026098753 ], [ 35.406069397402916, 32.432397189476539 ], [ 35.406095468425946, 32.43274071320424 ], [ 35.406247969519569, 32.432990973675501 ], [ 35.406891742945078, 32.434063558328951 ], [ 35.406943028409756, 32.434364117877891 ], [ 35.406833977196634, 32.434621921406027 ], [ 35.406640249299457, 32.434815476936244 ], [ 35.406269218994105, 32.434987854148829 ], [ 35.405687157994663, 32.435081845672947 ], [ 35.404311751385613, 32.435270156143382 ], [ 35.404092342244851, 32.43524904247171 ], [ 35.40384742652266, 32.435185046027883 ], [ 35.403526247587891, 32.435013772060756 ], [ 35.403205113512193, 32.434813820967612 ], [ 35.402850183391941, 32.434621136835844 ], [ 35.40252927148687, 32.434521458305312 ], [ 35.402233870078973, 32.434514708623382 ], [ 35.401888011367156, 32.434579725577457 ], [ 35.401660425816758, 32.43470885169986 ], [ 35.401432873459648, 32.434902541998269 ], [ 35.401307039453236, 32.435224752063768 ], [ 35.401316171347588, 32.43556117898261 ], [ 35.401434819162866, 32.435797159991935 ], [ 35.401781537473283, 32.436075797459402 ], [ 35.403446833473552, 32.437247069043174 ], [ 35.403895566408245, 32.437876227539725 ], [ 35.403997553703718, 32.438219630570551 ], [ 35.404024028634282, 32.438749183494153 ], [ 35.403932238257994, 32.439221752702473 ], [ 35.403688303164131, 32.439608626745638 ], [ 35.403082365021504, 32.440418448618715 ], [ 35.402400553204622, 32.441256972611889 ], [ 35.401903600822109, 32.441730086059273 ], [ 35.40138093285767, 32.442067345389631 ], [ 35.400773793581074, 32.442340259495104 ], [ 35.400208697987658, 32.442534382825997 ], [ 35.399837899757415, 32.442785553493579 ], [ 35.399509503385694, 32.443172550316248 ], [ 35.399383743799746, 32.443537771070559 ], [ 35.399367590799763, 32.443888484556091 ], [ 35.399452811869963, 32.444253378571325 ], [ 35.399749341636131, 32.444768265125994 ], [ 35.400350888284947, 32.445833823118093 ], [ 35.400587756060659, 32.446048249852367 ], [ 35.400942787659034, 32.446269524965601 ], [ 35.401381997562225, 32.446419159528375 ], [ 35.401602638634508, 32.446505652071359 ], [ 35.402030501832293, 32.446571800723284 ], [ 35.402300637503686, 32.446580935070564 ], [ 35.402649408172479, 32.446513567238057 ], [ 35.403031888714303, 32.446446145870624 ], [ 35.403301940120805, 32.446417044090389 ], [ 35.403425957500446, 32.446474108961226 ], [ 35.403527407380608, 32.446569442913571 ], [ 35.403640276880225, 32.446731488241333 ], [ 35.403663262973694, 32.446931819433374 ], [ 35.403551358780135, 32.447208831611633 ], [ 35.402973196679405, 32.448342063351419 ], [ 35.402897754965657, 32.448614148051391 ], [ 35.402907110196743, 32.449000710391395 ], [ 35.40295843734517, 32.449322642050824 ], [ 35.403119721280504, 32.449737550484201 ], [ 35.403264159604582, 32.450181069878184 ], [ 35.403281902087585, 32.450560405502117 ], [ 35.403316649253433, 32.450982726703167 ], [ 35.403427160808043, 32.451376162798212 ], [ 35.403545705621973, 32.451504834367562 ], [ 35.403740283841671, 32.451726445937354 ], [ 35.403926330765273, 32.451840672197235 ], [ 35.404238734319129, 32.451911685280308 ], [ 35.40455961017355, 32.451918389622179 ], [ 35.404930860706095, 32.451860538272719 ], [ 35.405175489692375, 32.451774212204647 ], [ 35.405445206651493, 32.451587662210464 ], [ 35.405596624618795, 32.451336916395043 ], [ 35.405671794679868, 32.450993232414007 ], [ 35.405679252412426, 32.450520797627746 ], [ 35.405686190624991, 32.449862333676961 ], [ 35.405744937975065, 32.449690457502179 ], [ 35.40588795551416, 32.449489771522934 ], [ 35.406149279772542, 32.449310447334952 ], [ 35.406419019390754, 32.449138232657781 ], [ 35.406680426767537, 32.449044753180033 ], [ 35.40695059685909, 32.449065780587539 ], [ 35.407288522481579, 32.449186972097664 ], [ 35.407592849860855, 32.449358263139786 ], [ 35.408125232922757, 32.44964370682878 ], [ 35.408353388277284, 32.449707721851631 ], [ 35.408631994309609, 32.449743069469854 ], [ 35.408893733974566, 32.449749768884004 ], [ 35.409332487128353, 32.449684670796302 ], [ 35.410437757904845, 32.449446700851254 ], [ 35.410800527175901, 32.449360171108161 ], [ 35.411104076726666, 32.44918789100322 ], [ 35.411306095958821, 32.44893705521298 ], [ 35.411406913055437, 32.448750769786898 ], [ 35.411431700137321, 32.448521686014253 ], [ 35.411574875403574, 32.448349668885037 ], [ 35.411920779749643, 32.448284715080092 ], [ 35.412199653440325, 32.448391562246705 ], [ 35.412292970884756, 32.448598989634753 ], [ 35.412251178506025, 32.448785178369697 ], [ 35.412065955726092, 32.448985941161673 ], [ 35.411948107610876, 32.449165041239603 ], [ 35.411923322365908, 32.44939412508473 ], [ 35.411932289424954, 32.449594477737477 ], [ 35.412093335176529, 32.44988772932269 ], [ 35.412330874201132, 32.450424145070478 ], [ 35.412416022203551, 32.450731769181601 ], [ 35.412433425504943, 32.450946445301696 ], [ 35.412442320424724, 32.451161225848672 ], [ 35.412383855030953, 32.45140461244609 ], [ 35.412082106736186, 32.45236429390372 ], [ 35.412082796184841, 32.45266484346952 ], [ 35.412193241096283, 32.452965302348339 ], [ 35.412379408358603, 32.453172575678515 ], [ 35.412607699601587, 32.453336857033186 ], [ 35.41298777215286, 32.453414949806273 ], [ 35.413308514665395, 32.453407204201874 ], [ 35.4136375504348, 32.453306474577509 ], [ 35.414211226084824, 32.453126614414408 ], [ 35.414624480140205, 32.452975604706204 ], [ 35.415046508099813, 32.452939100391426 ], [ 35.415443367544974, 32.453010034127949 ], [ 35.415823624265201, 32.453166840360097 ], [ 35.416145001923738, 32.453431142317221 ], [ 35.416149816353666, 32.45344312711245 ], [ 35.416323330396096, 32.453874589906569 ], [ 35.416323883455412, 32.454110845115842 ], [ 35.416174505936112, 32.455177496443241 ], [ 35.416175276342265, 32.455506811597672 ], [ 35.416251716072303, 32.455721387705346 ], [ 35.416429580324944, 32.455964468555941 ], [ 35.4167424335497, 32.456171521924112 ], [ 35.419042386549172, 32.457742244057762 ], [ 35.419371919911825, 32.45789200230108 ], [ 35.419794292361239, 32.457991463787835 ], [ 35.420106768085809, 32.458033941880984 ], [ 35.420444522331287, 32.458061948575427 ], [ 35.420706474425224, 32.458147434453778 ], [ 35.420926319424559, 32.458325962119865 ], [ 35.421053505711733, 32.45854044791097 ], [ 35.421062576049607, 32.458819611425774 ], [ 35.420970256021512, 32.459041598913565 ], [ 35.420793383316187, 32.459220898265649 ], [ 35.420245955519356, 32.459758644637802 ], [ 35.41995953845408, 32.460031100437405 ], [ 35.419841797869154, 32.460210297782204 ], [ 35.419682240813472, 32.460561257452134 ], [ 35.419598862036494, 32.461012360919526 ], [ 35.419398318266232, 32.461885859409684 ], [ 35.419247431066822, 32.462351415264656 ], [ 35.419045335481705, 32.462573587911173 ], [ 35.418868524714959, 32.462738546926118 ], [ 35.418632400999932, 32.462874931714332 ], [ 35.41692079975649, 32.463829799969695 ], [ 35.416726947368495, 32.463987570806886 ], [ 35.416592283475431, 32.464166793566775 ], [ 35.416508500816292, 32.464453237178382 ], [ 35.416424974399305, 32.464804065019145 ], [ 35.416124631823465, 32.466364941595295 ], [ 35.416033028065897, 32.466901901860169 ], [ 35.415705784472287, 32.467790034505299 ], [ 35.41563895833923, 32.46809791049381 ], [ 35.415665383772392, 32.468527274659188 ], [ 35.4157003400666, 32.469056897950942 ], [ 35.415532798693953, 32.469601108591306 ], [ 35.415145163956076, 32.469959658856276 ], [ 35.41469098458019, 32.470247622534657 ], [ 35.414308837225342, 32.47054412094387 ], [ 35.414016825862149, 32.470811883055404 ], [ 35.41379242913213, 32.471155819186777 ], [ 35.41355725949046, 32.471671554436838 ], [ 35.41323225488695, 32.472349661394176 ], [ 35.41302083142309, 32.472740284787669 ], [ 35.412491071592619, 32.473152535019821 ], [ 35.411805360032893, 32.473611750257035 ], [ 35.4115404599412, 32.473880814621907 ], [ 35.411211903541769, 32.474224917370968 ], [ 35.411153052815976, 32.474353872517014 ], [ 35.411077541230497, 32.474547239625196 ], [ 35.410976858521053, 32.47480512182468 ], [ 35.410513571295766, 32.475314011375936 ], [ 35.40869648941031, 32.478316066807288 ], [ 35.408477708649144, 32.478667108145501 ], [ 35.408292885124865, 32.479075353984655 ], [ 35.408217750856984, 32.479440589882465 ], [ 35.408126110382867, 32.480034803369819 ], [ 35.407900818934948, 32.481230422609102 ], [ 35.407791786038509, 32.481567037513379 ], [ 35.40760672844123, 32.48187509964206 ], [ 35.407387726220826, 32.482133169670846 ], [ 35.407033846317638, 32.482448626590084 ], [ 35.406671245042602, 32.482671128102901 ], [ 35.406283086980473, 32.482836318135554 ], [ 35.405895098718588, 32.483030182114931 ], [ 35.405591643468931, 32.483252585813609 ], [ 35.40539788893097, 32.483481936571799 ], [ 35.405238091496798, 32.483768493295244 ], [ 35.405221700519483, 32.484004684745962 ], [ 35.405222352383198, 32.484298199818006 ], [ 35.405316072348413, 32.484677411228482 ], [ 35.405707463786541, 32.486008111428283 ], [ 35.405859990509498, 32.486229695190666 ], [ 35.406181680789132, 32.486594203324579 ], [ 35.407062093505132, 32.487551967033241 ], [ 35.407443140351504, 32.488002221671486 ], [ 35.407604321616979, 32.488331185973344 ], [ 35.407706470827584, 32.488667459309532 ], [ 35.407715520245389, 32.488953746086565 ], [ 35.407631696372164, 32.489197260447703 ], [ 35.407429432339171, 32.489383705471397 ], [ 35.407100419079079, 32.489556016378081 ], [ 35.406703731999286, 32.489678299519582 ], [ 35.406400192452125, 32.4898720291405 ], [ 35.406113637950206, 32.490144452688625 ], [ 35.405936691079596, 32.490330854718458 ], [ 35.40565046836614, 32.490753596323515 ], [ 35.405558158152033, 32.491011460215773 ], [ 35.405465989919854, 32.491333707688959 ], [ 35.405542589432031, 32.49156975030192 ], [ 35.405712191464389, 32.491905917269776 ], [ 35.405983558798759, 32.492406488244626 ], [ 35.406187190668795, 32.492828444772002 ], [ 35.406263862708009, 32.493143298992052 ], [ 35.406239163379219, 32.493422425925225 ], [ 35.4059781224191, 32.49373782087337 ], [ 35.405564847820656, 32.494017569450001 ], [ 35.405092740850513, 32.494397684192229 ], [ 35.404856857938434, 32.494641438923999 ], [ 35.404494852099617, 32.495157356963603 ], [ 35.404377277839735, 32.495493981814604 ], [ 35.404344118375242, 32.495751660843638 ], [ 35.404361574524444, 32.495995011843839 ], [ 35.404535745241688, 32.498392541606563 ], [ 35.404553249786595, 32.49865726348569 ], [ 35.40446086500954, 32.498886451048683 ], [ 35.403148323108049, 32.501200491862726 ], [ 35.402912606555844, 32.50153008712973 ], [ 35.402609023182379, 32.501773944213483 ], [ 35.402372769265213, 32.501860161372363 ], [ 35.401908403936439, 32.501961074301889 ], [ 35.397602027259474, 32.50252611466334 ], [ 35.397298073950942, 32.502605302140239 ], [ 35.39688454891089, 32.502749040915489 ], [ 35.396108009458175, 32.503022280241964 ], [ 35.395458124981879, 32.503259433320906 ], [ 35.390621927161973, 32.505013074615199 ], [ 35.390267516638005, 32.50514245655485 ], [ 35.389634256985822, 32.50525078685736 ], [ 35.389085309011477, 32.505323192021294 ], [ 35.38855334240435, 32.505374017515599 ], [ 35.387919740458912, 32.505367819736087 ], [ 35.385765709845856, 32.505263546517263 ], [ 35.385377201486818, 32.50532136619028 ], [ 35.385014426437976, 32.505529466517068 ], [ 35.384449159255702, 32.50585237685376 ], [ 35.382964063536789, 32.506620337005579 ], [ 35.382432326306265, 32.506792870720638 ], [ 35.38205236462661, 32.506872129489047 ], [ 35.381697589053438, 32.506879843776773 ], [ 35.380987912212703, 32.506830705594311 ], [ 35.380058617070155, 32.506738947296654 ], [ 35.379788350036364, 32.506753661685913 ], [ 35.379121346393127, 32.506869110215412 ], [ 35.377516852815191, 32.507114706484664 ], [ 35.376680840787373, 32.507223160037761 ], [ 35.376326036718552, 32.507216521853486 ], [ 35.375827568052678, 32.507152727832448 ], [ 35.374957374798932, 32.507025142878305 ], [ 35.374687051281292, 32.507011171060398 ], [ 35.37441680931633, 32.50704012145961 ], [ 35.373952385835807, 32.50714102112304 ], [ 35.373581010047317, 32.507320425344787 ], [ 35.373311060626115, 32.507506906222659 ], [ 35.373075098409103, 32.507772062684644 ], [ 35.372889828287811, 32.50805861168363 ], [ 35.372780566249986, 32.50835939666068 ], [ 35.372713737895587, 32.508760307343692 ], [ 35.372799181389269, 32.509268320900915 ], [ 35.373002549326905, 32.509611609494911 ], [ 35.373434176695646, 32.510061988292954 ], [ 35.373992542215497, 32.510562240582523 ], [ 35.3751601065321, 32.511534084251814 ], [ 35.37549868541592, 32.511898646508961 ], [ 35.375600538805152, 32.512127548283871 ], [ 35.375601054268522, 32.512399510775388 ], [ 35.375457926417589, 32.512686006585845 ], [ 35.375171191205098, 32.512893974984323 ], [ 35.374774425109258, 32.513052046014636 ], [ 35.373710385152577, 32.513210925759296 ], [ 35.373423403588056, 32.513347292924259 ], [ 35.373035386698191, 32.513634114127072 ], [ 35.372250951241341, 32.514272148418804 ], [ 35.371921833234197, 32.514473043026868 ], [ 35.371457329579236, 32.514552381737872 ], [ 35.370992825457172, 32.514574459113227 ], [ 35.37054504363887, 32.514546466344335 ], [ 35.37008881595866, 32.514496931293714 ], [ 35.369387533295942, 32.514412008381647 ], [ 35.368931187266412, 32.514355345797561 ], [ 35.368584985936835, 32.514413058297187 ], [ 35.368314926959613, 32.514556515206145 ], [ 35.368104105284033, 32.514735693841665 ], [ 35.368036953410872, 32.514972035925119 ], [ 35.367995273057723, 32.515286975513227 ], [ 35.36788649142494, 32.515866932271564 ], [ 35.367802299251984, 32.516038822264768 ], [ 35.36760823635553, 32.516189392765526 ], [ 35.367295999975312, 32.516318565410693 ], [ 35.366308179238914, 32.51663481630019 ], [ 35.365936429216951, 32.516635294188312 ], [ 35.365556181532178, 32.516585645738601 ], [ 35.365125058838217, 32.516414416664695 ], [ 35.364693925130851, 32.516236062634185 ], [ 35.362580451788553, 32.515358374333204 ], [ 35.362293083604264, 32.515287137751258 ], [ 35.362141095733413, 32.515280204923904 ], [ 35.361722662006542, 32.515360351961405 ], [ 35.361441341979877, 32.515522925065731 ], [ 35.361238129777739, 32.51580379868949 ], [ 35.361145697355596, 32.516140351081496 ], [ 35.361121448131904, 32.516763028526391 ], [ 35.36107996640979, 32.517206823875497 ], [ 35.360911511911539, 32.517464749059869 ], [ 35.360692104301883, 32.517615341004053 ], [ 35.360396545405123, 32.517672968045765 ], [ 35.359965723127146, 32.517673501534162 ], [ 35.359670175817079, 32.517738250340059 ], [ 35.359256304092973, 32.517817482098899 ], [ 35.358775212262245, 32.518047113576451 ], [ 35.358445964881568, 32.518197836338551 ], [ 35.357871895746342, 32.518391779402883 ], [ 35.357128814571418, 32.518586015529635 ], [ 35.356292827879905, 32.518787393170861 ], [ 35.355600280320033, 32.518909871324254 ], [ 35.355287720072099, 32.518924584544123 ], [ 35.354941218021033, 32.518817693150261 ], [ 35.354721237100108, 32.518631838272832 ], [ 35.354543354733565, 32.518352873795934 ], [ 35.354542985776611, 32.518130957517563 ], [ 35.354627002106383, 32.517837432727916 ], [ 35.354946881242562, 32.517171389896298 ], [ 35.355064442469363, 32.51676330479556 ], [ 35.355030406525103, 32.516584351049602 ], [ 35.35492018008285, 32.516348318635877 ], [ 35.354403636021971, 32.515611677416061 ], [ 35.354166932410941, 32.515475978133466 ], [ 35.35385426462053, 32.515419089736284 ], [ 35.35352479401179, 32.515433818060671 ], [ 35.353254767632336, 32.515613042007836 ], [ 35.352638886521056, 32.516071850402305 ], [ 35.35236862201188, 32.516107967356945 ], [ 35.352055941500332, 32.516043951025253 ], [ 35.351810609302866, 32.515836659862643 ], [ 35.350735765601179, 32.514628327557553 ], [ 35.350406114651165, 32.514464053933224 ], [ 35.35001732441166, 32.514385782860948 ], [ 35.349603520155888, 32.51443639788603 ], [ 35.349232008368254, 32.514579930935973 ], [ 35.34891137458213, 32.514795002641947 ], [ 35.348709046295475, 32.515052951134159 ], [ 35.348658947582216, 32.515403692882515 ], [ 35.348650963193407, 32.515668541749157 ], [ 35.348778148291565, 32.516004833134403 ], [ 35.349432611205465, 32.517517699352666 ], [ 35.349382009761605, 32.517726348400643 ], [ 35.349265089314727, 32.517871778219913 ], [ 35.34905475523631, 32.517998612607414 ], [ 35.348842583415461, 32.518039135782743 ], [ 35.348599764990581, 32.518026467548907 ], [ 35.348293882464169, 32.517861383859334 ], [ 35.347148920634915, 32.516715275265568 ], [ 35.346856733135319, 32.51648512304395 ], [ 35.34654108807571, 32.516361401191105 ], [ 35.346169399801155, 32.516333145882527 ], [ 35.345696541316762, 32.516467314583053 ], [ 35.345223978947715, 32.516792288920016 ], [ 35.344615354688884, 32.517226252089777 ], [ 35.344269237442056, 32.51735549517192 ], [ 35.343796275000344, 32.517427617698559 ], [ 35.343340233631103, 32.517499719760472 ], [ 35.342765832118182, 32.517564737128701 ], [ 35.342183273388706, 32.517794416790132 ], [ 35.341786675750512, 32.518045352232342 ], [ 35.341322375770623, 32.518289236636882 ], [ 35.3409506943268, 32.518339777351791 ], [ 35.340553659207188, 32.518304408902956 ], [ 35.339539556320481, 32.518062124155946 ], [ 35.338761986269354, 32.517848254111513 ], [ 35.337925160759248, 32.517505583764752 ], [ 35.337079850606898, 32.517105657135431 ], [ 35.335862546367565, 32.5165343339552 ], [ 35.334848165711499, 32.51607730856076 ], [ 35.333436473899418, 32.515448902340786 ], [ 35.333064514075801, 32.515298964000124 ], [ 35.332709603924137, 32.515163345119404 ], [ 35.332413882724865, 32.515113509614515 ], [ 35.331999886862228, 32.51511393018734 ], [ 35.331493098619241, 32.515121567253829 ], [ 35.330876382535685, 32.515136526119079 ], [ 35.330445561870533, 32.515129834998895 ], [ 35.330031533914678, 32.515030065984888 ], [ 35.329304709888923, 32.514844671561455 ], [ 35.326085118447963, 32.513967462621025 ], [ 35.321006293107658, 32.512533553949055 ], [ 35.320507796619488, 32.512440955864136 ], [ 35.319781192739896, 32.512312856160385 ], [ 35.318108310293411, 32.512121047082402 ], [ 35.316156760826374, 32.511879507545991 ], [ 35.314627502173046, 32.511637478073702 ], [ 35.313850227421383, 32.511573772849019 ], [ 35.31249858113641, 32.511496129863474 ], [ 35.311493219412945, 32.511318085228709 ], [ 35.31039477426539, 32.511075636819584 ], [ 35.308966649079721, 32.510654548804133 ], [ 35.307616457761249, 32.510251324942182 ], [ 35.305915842822408, 32.509946389221454 ], [ 35.305561888160135, 32.509944059186438 ], [ 35.304379288042895, 32.509885309193528 ], [ 35.30392386496645, 32.509836435467051 ], [ 35.303123885671958, 32.509522179709535 ], [ 35.302515431138119, 32.509274498037485 ], [ 35.302075989975641, 32.509141202385862 ], [ 35.301704417000188, 32.509179724097386 ], [ 35.300432121921027, 32.50952426297588 ], [ 35.29944109525421, 32.50967767954576 ], [ 35.297796801573107, 32.509669352397644 ], [ 35.29664789849366, 32.509565237776279 ], [ 35.295487765663772, 32.509508822667897 ], [ 35.294631768907912, 32.509547582877467 ], [ 35.29374214335953, 32.509586451527277 ], [ 35.293032671058867, 32.509720500487425 ], [ 35.292188178342514, 32.509883404869719 ], [ 35.29137095982037, 32.51008100197793 ], [ 35.290458975542613, 32.510339345135357 ], [ 35.28653199989445, 32.511429914803188 ], [ 35.283196226752011, 32.512412595805237 ], [ 35.281304540474515, 32.513007920069427 ], [ 35.27998714924054, 32.513416663474111 ], [ 35.279024321870367, 32.513660616827494 ], [ 35.277352103622384, 32.51408388053845 ], [ 35.276085139824865, 32.514378033788127 ], [ 35.274928110861303, 32.514679325978477 ], [ 35.273804887970499, 32.515080772678019 ], [ 35.272445278406693, 32.515618318257438 ], [ 35.271642957388956, 32.515940849899501 ], [ 35.269261339287709, 32.516829588283159 ], [ 35.267994568406969, 32.517338452807252 ], [ 35.266972653925706, 32.517661065408845 ], [ 35.265663475135632, 32.518134128677474 ], [ 35.264320678878541, 32.518650117210264 ], [ 35.26214158599727, 32.519409856397154 ], [ 35.261178740774156, 32.519803901969198 ], [ 35.260165172961159, 32.520112117457948 ], [ 35.259109340484045, 32.520413219665265 ], [ 35.258213988510981, 32.520692783012279 ], [ 35.257217364980185, 32.521072565075308 ], [ 35.254979122986256, 32.521903712007244 ], [ 35.25375431270448, 32.522347942427245 ], [ 35.252715378450468, 32.52269190654053 ], [ 35.252183348911991, 32.52296416333386 ], [ 35.251727227296875, 32.523279221232315 ], [ 35.251279658265986, 32.52367308631387 ], [ 35.250384639960771, 32.524510857346449 ], [ 35.248433795838295, 32.526114839427805 ], [ 35.246837701102372, 32.527604150730696 ], [ 35.245891859708664, 32.528506290700321 ], [ 35.245140208425781, 32.529064799645262 ], [ 35.243569236175411, 32.53031077306558 ], [ 35.241356330804784, 32.532014907713176 ], [ 35.239844433575499, 32.533246389572973 ], [ 35.237496167328437, 32.535165285995184 ], [ 35.236854241960962, 32.535659332360147 ], [ 35.236550107427576, 32.535938497196021 ], [ 35.236136282860386, 32.536396682609421 ], [ 35.235545155803095, 32.537305866847298 ], [ 35.2341852947714, 32.539109932058487 ], [ 35.233002930492198, 32.540856591373185 ], [ 35.232276472702637, 32.541887434508958 ], [ 35.231051743334987, 32.543541115764391 ], [ 35.230173246994966, 32.544679284089305 ], [ 35.229438299985908, 32.545652851930683 ], [ 35.228923012467718, 32.546390209144704 ], [ 35.225991672075679, 32.55040615536258 ], [ 35.225425659963911, 32.55118633870309 ], [ 35.225113065724017, 32.551637345751374 ], [ 35.224792025161243, 32.551945158833099 ] ] ] } },
{ "type": "Feature", "properties": { "Physical_M": 2, "Designatio": 1, "Status_sim": 0, "Physical_1": "Wall", "Designat_1": "Main Barrier", "Status_sip": "Completed", "Shape_Leng": 835.72716404899995 }, "geometry": { "type": "MultiLineString", "coordinates": [ [ [ 35.054384208373961, 32.417951239434828 ], [ 35.054316753951369, 32.417855032771406 ], [ 35.054249456759457, 32.417727896291254 ], [ 35.054230669456139, 32.417645634416175 ], [ 35.054178224276576, 32.417473789155771 ], [ 35.054161581528653, 32.417316233760545 ], [ 35.054170300733936, 32.417122999044103 ], [ 35.054170597206976, 32.416944092449164 ], [ 35.054120254272178, 32.416786587232558 ], [ 35.053968694011346, 32.41657160969028 ], [ 35.053766459398425, 32.416399585312945 ], [ 35.053581152848494, 32.41621333249001 ], [ 35.053421137052347, 32.416034144096344 ], [ 35.053387663698309, 32.415898119961142 ], [ 35.053345852684764, 32.415661901736812 ], [ 35.053312499792725, 32.415389804484953 ], [ 35.053380220089032, 32.415261115612999 ], [ 35.053540806279322, 32.415096648769662 ], [ 35.054200297784561, 32.414353043007132 ], [ 35.054403191802628, 32.41412424012303 ], [ 35.054563975151858, 32.413838126280453 ], [ 35.054640303287741, 32.413580587046802 ], [ 35.05496264484902, 32.412535932561475 ], [ 35.055106946167847, 32.412056553717683 ], [ 35.05516645168791, 32.41174885659477 ], [ 35.055124885521415, 32.411362227581996 ], [ 35.055041046285787, 32.41108303696452 ] ] ] } },
{ "type": "Feature", "properties": { "Physical_M": 2, "Designatio": 1, "Status_sim": 0, "Physical_1": "Wall", "Designat_1": "Main Barrier", "Status_sip": "Completed", "Shape_Leng": 5108.6393948799996 }, "geometry": { "type": "MultiLineString", "coordinates": [ [ [ 35.017725165916012, 32.339655674334281 ], [ 35.017446318934311, 32.339355787429525 ], [ 35.017261240463391, 32.339119251868411 ], [ 35.017059409601316, 32.338868443792123 ], [ 35.016933658647105, 32.338553362400219 ], [ 35.016858362267655, 32.338238266086762 ], [ 35.016842200478855, 32.337937595383835 ], [ 35.01679537406725, 32.336076564949202 ], [ 35.016805790729158, 32.335146054928337 ], [ 35.016787953171857, 32.331538537891632 ], [ 35.016691343401398, 32.329305184794876 ], [ 35.016602525908596, 32.327415413746863 ], [ 35.016595539089415, 32.326735385594773 ], [ 35.016512203477994, 32.326255704945254 ], [ 35.016387001913024, 32.325632852283491 ], [ 35.016362879470236, 32.325074445904342 ], [ 35.016481934461119, 32.32455926668424 ], [ 35.016491036622391, 32.324265847582112 ], [ 35.016451166536804, 32.323156350913806 ], [ 35.01646950094834, 32.322454898525642 ], [ 35.016328795530256, 32.321166251996715 ], [ 35.01622187843315, 32.31987062153128 ], [ 35.01613887882143, 32.319283541016084 ], [ 35.015904051806032, 32.318681895341896 ], [ 35.015677707742931, 32.318087476543646 ], [ 35.015493436941483, 32.317536043858652 ], [ 35.015276380407897, 32.316512218503654 ], [ 35.015252103110065, 32.316032625355248 ], [ 35.015354431858427, 32.315438607502905 ], [ 35.01545692484018, 32.314816093740419 ], [ 35.015441378277451, 32.31417185127502 ], [ 35.015350399111128, 32.313341371955303 ], [ 35.015242032024695, 32.312754342654294 ], [ 35.01494832338409, 32.312138268570244 ], [ 35.014654230543037, 32.311708407433322 ], [ 35.014273863823988, 32.311503481007243 ], [ 35.014131235054997, 32.311317035873628 ], [ 35.013163004724845, 32.309275142548906 ], [ 35.013072655358982, 32.308791924588583 ], [ 35.012982995894689, 32.308090537816163 ], [ 35.012899077120558, 32.307285964088344 ], [ 35.012839713990722, 32.306624493141577 ], [ 35.012790968758303, 32.306167080533307 ], [ 35.012674741011011, 32.304970789313813 ], [ 35.012643385741725, 32.304124078882502 ], [ 35.012641893015093, 32.30352132861168 ], [ 35.01260940727024, 32.303211696625269 ], [ 35.012552147962786, 32.302864501458608 ], [ 35.012415731471201, 32.302078609434297 ], [ 35.01224661084553, 32.301088625515227 ], [ 35.011624811826898, 32.298707171561283 ], [ 35.011463165399576, 32.298106521364055 ], [ 35.011034945379677, 32.296907403585728 ], [ 35.010669825628973, 32.295905389693537 ], [ 35.010664608350289, 32.29576231637374 ], [ 35.010753331362025, 32.29559124374309 ], [ 35.010927947610007, 32.295281927842574 ], [ 35.010953171938539, 32.295106066672361 ], [ 35.010846281064424, 32.294730650238201 ] ] ] } },
{ "type": "Feature", "properties": { "Physical_M": 2, "Designatio": 1, "Status_sim": 0, "Physical_1": "Wall", "Designat_1": "Main Barrier", "Status_sip": "Completed", "Shape_Leng": 1898.7415157099999 }, "geometry": { "type": "MultiLineString", "coordinates": [ [ [ 34.958237760772455, 32.192165601119562 ], [ 34.958093047026132, 32.191953491177408 ], [ 34.957958694915028, 32.191831579590044 ], [ 34.957757505347899, 32.191523410429006 ], [ 34.957573430072543, 32.191122210780541 ], [ 34.957380872763729, 32.190720994277569 ], [ 34.957373190844848, 32.190463251060578 ], [ 34.957424596568458, 32.190119773878635 ], [ 34.957493306996867, 32.189611755561508 ], [ 34.957630378318939, 32.188724401972657 ], [ 34.957749794240158, 32.188130542553026 ], [ 34.957955315612381, 32.186828233357808 ], [ 34.958168861251508, 32.185654712991372 ], [ 34.958416698343441, 32.184266544461316 ], [ 34.958724137786241, 32.182635191401083 ], [ 34.958767080510498, 32.182320283141806 ], [ 34.958869505643612, 32.181769403845799 ], [ 34.958895567652291, 32.181461587167519 ], [ 34.958837486667825, 32.181175158871511 ], [ 34.958804555901814, 32.180881656112604 ], [ 34.958838908140045, 32.180645546490169 ], [ 34.958965664943229, 32.180430988304806 ], [ 34.959117877701289, 32.180173644689624 ], [ 34.95918580378509, 32.17995184832732 ], [ 34.959245890075685, 32.179529660972463 ], [ 34.959356849357995, 32.178957245831704 ], [ 34.959484770392542, 32.178306137120678 ], [ 34.959570357733952, 32.17778381125229 ], [ 34.959664549353491, 32.177175562008649 ], [ 34.95969122026446, 32.176638783876236 ], [ 34.95972623930767, 32.176152070169572 ], [ 34.959802249787309, 32.176037690836743 ], [ 34.960197918921594, 32.176009868849896 ], [ 34.96050090030699, 32.175988901019657 ] ] ] } },
{ "type": "Feature", "properties": { "Physical_M": 2, "Designatio": 1, "Status_sim": 0, "Physical_1": "Wall", "Designat_1": "Main Barrier", "Status_sip": "Completed", "Shape_Leng": 984.58238916100004 }, "geometry": { "type": "MultiLineString", "coordinates": [ [ [ 34.970560558077381, 32.165142234814155 ], [ 34.970931401547283, 32.16493532908418 ], [ 34.972566368858544, 32.16397919928864 ], [ 34.973881061540155, 32.163179915658191 ], [ 34.974412208094478, 32.162794287970492 ], [ 34.974867909400082, 32.162265497889294 ], [ 34.975492310645116, 32.161593718707536 ], [ 34.976133541704243, 32.160886255772553 ], [ 34.976437412378139, 32.160528975841352 ], [ 34.97666569715463, 32.1600855285633 ], [ 34.976986881690806, 32.159499225640353 ], [ 34.977400483914387, 32.159006061359186 ], [ 34.977577732426035, 32.158791574144828 ] ] ] } },
{ "type": "Feature", "properties": { "Physical_M": 1, "Designatio": 1, "Status_sim": 0, "Physical_1": "Fence", "Designat_1": "Main Barrier", "Status_sip": "Completed", "Shape_Leng": 5887.0664503300004 }, "geometry": { "type": "MultiLineString", "coordinates": [ [ [ 34.977577732426035, 32.158791574144828 ], [ 34.977771411185564, 32.158706071324325 ], [ 34.978099702528354, 32.158670858097118 ], [ 34.978511687890915, 32.158786120892714 ], [ 34.978830810816028, 32.15903008168744 ], [ 34.97929306526607, 32.159267081519793 ], [ 34.979705212828641, 32.159317953494515 ], [ 34.98018497550072, 32.159290127611428 ], [ 34.980622843309376, 32.159140575250078 ], [ 34.981002084721425, 32.158905068042785 ], [ 34.981238405133496, 32.158633506972976 ], [ 34.981365078542666, 32.158419015599236 ], [ 34.981703952732474, 32.157474723489898 ], [ 34.981890486748384, 32.156923881110259 ], [ 34.982110655768246, 32.156315834108803 ], [ 34.982322430957126, 32.15575791143214 ], [ 34.982643546766027, 32.155178716779446 ], [ 34.983098592081831, 32.154885982703526 ], [ 34.9835449487706, 32.154722186545158 ], [ 34.984066612624943, 32.154715881598044 ], [ 34.984529065831865, 32.154867013477634 ], [ 34.985176330056234, 32.155132990741365 ], [ 34.985731397428275, 32.155255601739569 ], [ 34.986135411801662, 32.155199035801047 ], [ 34.986581662562813, 32.155078153994339 ], [ 34.987718466608804, 32.15467213843953 ], [ 34.988720539935578, 32.154351732404194 ], [ 34.98909136092653, 32.154073171263548 ], [ 34.989420253154108, 32.153773075169646 ], [ 34.989563939500229, 32.153479878796034 ], [ 34.989716407847887, 32.15305783155209 ], [ 34.989935967367458, 32.15272896202076 ], [ 34.990306660885665, 32.152500536546029 ], [ 34.991039007863073, 32.152372907717435 ], [ 34.991392783011612, 32.152216052105167 ], [ 34.99163719735126, 32.152044583146974 ], [ 34.991856275941572, 32.151873160957329 ], [ 34.992092612279343, 32.151572992681452 ], [ 34.992370990086997, 32.15124412767836 ], [ 34.992649720002511, 32.150808039805476 ], [ 34.993080259726277, 32.150178862645802 ], [ 34.993257570497988, 32.149914303949267 ], [ 34.993376208672196, 32.14953512084945 ], [ 34.993385324287146, 32.149213017929732 ], [ 34.993310664609979, 32.14876912506459 ], [ 34.993160168385273, 32.14834656763643 ], [ 34.992400119614352, 32.145940143247607 ], [ 34.992141341188791, 32.145045047862681 ], [ 34.991999550820147, 32.144529439093439 ], [ 34.991983677576584, 32.144107016057582 ], [ 34.992001608500871, 32.143641814183873 ], [ 34.992145503511829, 32.143248336053958 ], [ 34.992357186997047, 32.14269039444595 ], [ 34.993480871207545, 32.140630787699557 ], [ 34.994452198685849, 32.138943174722023 ], [ 34.994907158351531, 32.138636058792507 ], [ 34.995412294108569, 32.138493780043731 ], [ 34.995959072628956, 32.138494681566584 ], [ 34.996615065787132, 32.138567361801094 ], [ 34.998019477898147, 32.138805837445815 ], [ 34.998801527970564, 32.138957438061695 ], [ 34.999541472189748, 32.139123303905791 ], [ 34.999877866331403, 32.139173897136203 ], [ 35.000206100841865, 32.139081362593117 ], [ 35.000425381889151, 32.138845537955277 ], [ 35.000451259747607, 32.138552137903297 ], [ 35.000418825587715, 32.138029500383013 ], [ 35.000370129280377, 32.137242071186371 ], [ 35.000438018640253, 32.136977325366267 ], [ 35.00069098630491, 32.136698539263229 ], [ 35.000994162347858, 32.136527236596166 ], [ 35.001482330385322, 32.136427831060871 ], [ 35.003072965073748, 32.136122590679953 ], [ 35.003906544366117, 32.135773208130701 ], [ 35.004513076588161, 32.13538757106177 ], [ 35.0052038147331, 32.134973566759655 ], [ 35.0064253173392, 32.134159455266712 ], [ 35.00762959238687, 32.133560020173995 ], [ 35.00889274639237, 32.132924953935088 ], [ 35.00951578542422, 32.132682521813294 ], [ 35.010357484339579, 32.132476223459264 ], [ 35.011426019333769, 32.132349081021701 ], [ 35.012292709037865, 32.132250120264509 ], [ 35.012848048794112, 32.1321936980926 ], [ 35.013916636740241, 32.132037858264709 ], [ 35.01556600411331, 32.131768349702611 ], [ 35.016761124126447, 32.131455131945614 ] ] ] } },
{ "type": "Feature", "properties": { "Physical_M": 1, "Designatio": 1, "Status_sim": 0, "Physical_1": "Fence", "Designat_1": "Main Barrier", "Status_sip": "Completed", "Shape_Leng": 7746.2014520100001 }, "geometry": { "type": "MultiLineString", "coordinates": [ [ [ 35.016761124126447, 32.131455131945614 ], [ 35.017442715497921, 32.131327365159102 ], [ 35.018217016174574, 32.131156715237324 ], [ 35.01864641761037, 32.130956878561811 ], [ 35.019092942785541, 32.130621075420443 ], [ 35.019564541929853, 32.13035699956594 ], [ 35.020094902492929, 32.130171643511119 ], [ 35.020692507363613, 32.129957796169307 ], [ 35.021054861026322, 32.129628987782418 ], [ 35.021164885633212, 32.129299903781309 ], [ 35.021309052741756, 32.128748938799241 ], [ 35.021554333461275, 32.128083592867 ], [ 35.021840848610132, 32.127783349605735 ], [ 35.022202734166406, 32.127683682309531 ], [ 35.022623398293057, 32.127655699716406 ], [ 35.023153100285484, 32.127792449253697 ], [ 35.024002096276597, 32.128094318510009 ], [ 35.025027524312122, 32.128460819771966 ], [ 35.025262978442633, 32.12852554075058 ], [ 35.025515232789147, 32.128561698373723 ], [ 35.026255351040227, 32.128620005622793 ], [ 35.026844240436226, 32.128570693075417 ], [ 35.027719549104113, 32.128371540415756 ], [ 35.030176808220304, 32.127795094844174 ], [ 35.031043637987082, 32.127588782966271 ], [ 35.03160748606237, 32.127439225335856 ], [ 35.031994689317827, 32.127282210465935 ], [ 35.032474713255034, 32.126960834012642 ], [ 35.033013949227879, 32.126481903346779 ], [ 35.033671005938501, 32.12601043336791 ], [ 35.034580107643436, 32.125625058848875 ], [ 35.036086817874505, 32.125040185478952 ], [ 35.036768885734269, 32.124668831378862 ], [ 35.037451247159623, 32.124075633850119 ], [ 35.038150785215926, 32.123296325009036 ], [ 35.038883996084095, 32.122524271108752 ], [ 35.039406452738469, 32.121973778598793 ], [ 35.039836022051709, 32.121630755540082 ], [ 35.040181172503203, 32.121502337833242 ], [ 35.040643739825398, 32.121488598057816 ], [ 35.041089322556061, 32.121610915403771 ], [ 35.041500958758547, 32.121933475163402 ], [ 35.042833980872786, 32.1243618109742 ], [ 35.043278914023304, 32.124863412320359 ], [ 35.043724315463542, 32.125100157257563 ], [ 35.04422875162151, 32.125272587639778 ], [ 35.044825820204991, 32.12531635684401 ], [ 35.045431589884593, 32.125231178027555 ], [ 35.04718156611839, 32.124997184700355 ], [ 35.047812565450847, 32.124904901876839 ], [ 35.048561437840831, 32.12479129827689 ], [ 35.049251619658648, 32.124541628642397 ], [ 35.04975683907324, 32.12419144978405 ], [ 35.050363474559582, 32.123583751104754 ], [ 35.050868837832077, 32.123204981807646 ], [ 35.051399072257865, 32.122969444574487 ], [ 35.052030208110786, 32.122784076034392 ], [ 35.053014577031625, 32.122634928164267 ], [ 35.053670750712918, 32.122621463107166 ], [ 35.054166632735793, 32.122843892668861 ], [ 35.05442709045299, 32.122980191768214 ], [ 35.054637425055041, 32.122987655035892 ], [ 35.054847712017185, 32.122959226496057 ], [ 35.055024605310173, 32.122809106713014 ], [ 35.055108964826786, 32.122673216450266 ], [ 35.055142824312298, 32.122508679317747 ], [ 35.055067501894975, 32.122300998117055 ], [ 35.054924772987675, 32.122100361834001 ], [ 35.054605527817209, 32.12188526823514 ], [ 35.053866092139408, 32.121433405483444 ], [ 35.053454284458262, 32.121253999918999 ], [ 35.05302563012426, 32.121074572874839 ], [ 35.052672565586668, 32.120938160524773 ], [ 35.052454078354906, 32.120801818363077 ], [ 35.052328111267663, 32.120658552831138 ], [ 35.052320013344989, 32.120493875627382 ], [ 35.052353970711785, 32.120336463833475 ], [ 35.05247193508653, 32.120193491099705 ], [ 35.052707518274516, 32.120114957155472 ], [ 35.053027071588758, 32.12020128046651 ], [ 35.053489418573264, 32.120316359350106 ], [ 35.053901538961441, 32.120366989709865 ], [ 35.054187491176286, 32.120331528217754 ], [ 35.054414925469537, 32.120181469161579 ], [ 35.054532967679236, 32.119988355303406 ], [ 35.055099294748373, 32.118263897149355 ], [ 35.055285177688638, 32.117727280093582 ], [ 35.055386927070401, 32.117254951515861 ], [ 35.055395821051896, 32.116932841737132 ], [ 35.055422237312882, 32.116195658354499 ], [ 35.055482347748473, 32.115458424120803 ], [ 35.055373404929192, 32.115207778339986 ], [ 35.055138114889367, 32.11505004792857 ], [ 35.05479344199356, 32.114978039087347 ], [ 35.054229872004875, 32.115027511963397 ], [ 35.052597966531053, 32.115175894469807 ], [ 35.05202609514329, 32.115182332197762 ], [ 35.050739201249122, 32.115195115492092 ], [ 35.050049660056999, 32.11510833655246 ], [ 35.049469684418561, 32.114957299570257 ], [ 35.048881261316623, 32.114727522911807 ], [ 35.048419313442537, 32.114397710505266 ], [ 35.048159136405779, 32.114053807231656 ], [ 35.047991616359816, 32.113681431141849 ], [ 35.047832985674084, 32.112943930011959 ], [ 35.047523452891831, 32.112034450142254 ], [ 35.04720453417189, 32.111597407067499 ], [ 35.04678462712738, 32.11123183967554 ], [ 35.046137943744995, 32.110765798785089 ], [ 35.044852518677125, 32.109969616653096 ], [ 35.044104618675384, 32.109653766054642 ], [ 35.042532927363588, 32.109107716066504 ], [ 35.04207058251405, 32.108971133713581 ], [ 35.04170056188218, 32.108992121723027 ], [ 35.04096048970321, 32.10899116883764 ], [ 35.040565094687814, 32.109040797921104 ], [ 35.04012771352965, 32.109047355312818 ], [ 35.039875814972262, 32.108839435569955 ], [ 35.039758771044497, 32.108467113928576 ], [ 35.039675712742714, 32.107872904701686 ], [ 35.039651653154692, 32.107228633343418 ], [ 35.039778827677722, 32.106677622994681 ], [ 35.040149647361922, 32.106205654812932 ] ] ] } },
{ "type": "Feature", "properties": { "Physical_M": 1, "Designatio": 1, "Status_sim": 1, "Physical_1": "Fence", "Designat_1": "Main Barrier", "Status_sip": "Completed", "Shape_Leng": 8370.3621303899999 }, "geometry": { "type": "MultiLineString", "coordinates": [ [ [ 35.016761124126447, 32.131455131945614 ], [ 35.016676203401765, 32.131263827085583 ], [ 35.01658485896894, 32.130691055569919 ], [ 35.016611225220359, 32.130132797400016 ], [ 35.016629599879984, 32.129388397482018 ], [ 35.016681069759265, 32.128887349706368 ], [ 35.016715502349271, 32.128529570816227 ], [ 35.01676631269644, 32.12835064135588 ], [ 35.016850821741485, 32.128171851587787 ], [ 35.016994248288611, 32.127943009208671 ], [ 35.017095665256988, 32.127735567250262 ], [ 35.017231025101161, 32.127356384888607 ], [ 35.017324152987051, 32.127055865809709 ], [ 35.017341484183369, 32.126819712693859 ], [ 35.017283871493241, 32.126178996330495 ], [ 35.017419374939735, 32.125728211939204 ], [ 35.017588322966574, 32.125349078662872 ], [ 35.017875108828001, 32.124970118193104 ], [ 35.01827921793992, 32.12479179778083 ], [ 35.01871682037406, 32.124713714406994 ], [ 35.019255305088954, 32.124635776482535 ], [ 35.019667564492174, 32.124564776680231 ], [ 35.020012480517053, 32.12457240336353 ], [ 35.020306806679521, 32.124601508695015 ], [ 35.020567505813943, 32.12459467315945 ], [ 35.020820240579553, 32.124437587490299 ], [ 35.021005606451595, 32.124266064926225 ], [ 35.021500887140121, 32.123904622620309 ], [ 35.021837736678592, 32.123704640483666 ], [ 35.022216653878679, 32.12350480895298 ], [ 35.022628977611944, 32.123397997992612 ], [ 35.022831300719268, 32.123169233905905 ], [ 35.023000341940296, 32.122782968810114 ], [ 35.023236890647219, 32.12223213333116 ], [ 35.023422735136847, 32.121867354404166 ], [ 35.02353243798904, 32.121638456717257 ], [ 35.023532875699949, 32.121416526827588 ], [ 35.023508093241368, 32.121194650698598 ], [ 35.023424613916013, 32.120915337121083 ], [ 35.02321539397439, 32.120347451230394 ], [ 35.023123480897169, 32.120046662589274 ], [ 35.023107043213862, 32.119839046732118 ], [ 35.023199974304511, 32.119624463487675 ], [ 35.02344436858651, 32.119388544143135 ], [ 35.023613161072213, 32.119123929113336 ], [ 35.023706132533256, 32.118887882758742 ], [ 35.023715095670916, 32.118587238973355 ], [ 35.023648274803705, 32.118350964534983 ], [ 35.023354688874818, 32.117956823131564 ], [ 35.022757236114728, 32.117245574663343 ], [ 35.022720172061064, 32.117055738614333 ], [ 35.022625004979197, 32.11685226070631 ], [ 35.022227332836678, 32.116580568046437 ], [ 35.021813762402445, 32.116295294528612 ], [ 35.021352490171388, 32.11596928361957 ], [ 35.020748275814, 32.11543972183869 ], [ 35.018870644860115, 32.114501615745255 ], [ 35.017502356226458, 32.113754019803586 ], [ 35.016531284988204, 32.113495017161576 ], [ 35.015655254677647, 32.113493714553201 ], [ 35.014189418775217, 32.113721974970382 ], [ 35.012754948638907, 32.114180718245706 ], [ 35.012036940658064, 32.114776097034536 ], [ 35.011208140731924, 32.115032400478952 ], [ 35.010347852038521, 32.11511242225879 ], [ 35.009392138614373, 32.115124509657143 ], [ 35.008384467788446, 32.114916816557567 ], [ 35.007872139349125, 32.114709635832902 ], [ 35.007222312325986, 32.114383233489249 ], [ 35.006532723621582, 32.113974203917991 ], [ 35.005684006766245, 32.113268667204174 ], [ 35.004886256456651, 32.112747756836093 ], [ 35.003302239418652, 32.111686512163892 ], [ 35.002583837154219, 32.111423113577558 ], [ 35.001739688904749, 32.11125664020031 ], [ 35.00094089211963, 32.111226219758883 ], [ 35.00024461091278, 32.111283378571493 ], [ 34.999336777802, 32.11152959839702 ], [ 34.998096889531489, 32.112260932181918 ], [ 34.996839587296854, 32.1131136391908 ], [ 34.994696383078072, 32.114576801027283 ], [ 34.994330229887751, 32.11498900459393 ], [ 34.99422063013035, 32.11550362246178 ], [ 34.994172695435175, 32.116499145974977 ], [ 34.994354207712512, 32.116939608299887 ], [ 34.994760327627453, 32.117313282871315 ], [ 34.995416956975106, 32.117660727294208 ], [ 34.996156851145798, 32.118105994442161 ], [ 34.996469417130477, 32.118416631910911 ], [ 34.996457034138331, 32.118665231801771 ], [ 34.99643846929591, 32.119037951747877 ], [ 34.996414532697422, 32.119518495282655 ], [ 34.996307150839229, 32.11997063282567 ], [ 34.996287654580222, 32.120246528042131 ], [ 34.996473863089783, 32.12096619366433 ], [ 34.997064879407262, 32.122654549922217 ], [ 34.997225718484913, 32.123203693607444 ], [ 34.997324377613864, 32.124234599811217 ], [ 34.997463137491422, 32.12609233215926 ], [ 34.997544872802848, 32.127159011607802 ], [ 34.997728088466623, 32.12796307508426 ], [ 34.997920805406203, 32.12831418519405 ], [ 34.998239826400422, 32.128579560637377 ], [ 34.998617963492393, 32.128759090693286 ], [ 34.999164364166496, 32.128903181353287 ], [ 34.999677348032044, 32.12896840004619 ], [ 35.001815067819564, 32.129258156381255 ], [ 35.002243848522099, 32.129351906347807 ], [ 35.002555033406281, 32.129380989480623 ], [ 35.002832739069554, 32.129309919838377 ], [ 35.003034904464606, 32.129181376008674 ], [ 35.003826677809379, 32.12868159927072 ], [ 35.004020405563423, 32.12858162712061 ], [ 35.004247476313303, 32.128596324515279 ], [ 35.004575431571006, 32.128661230133531 ], [ 35.005508395424911, 32.128970570041865 ], [ 35.007864084954157, 32.129575471474155 ], [ 35.009873461986913, 32.130086822654128 ], [ 35.010664335742526, 32.130331313607698 ], [ 35.010837378930255, 32.130627137764819 ], [ 35.010863592908429, 32.130865898400586 ], [ 35.010823071425698, 32.131076137550004 ], [ 35.010722506821267, 32.131252182326179 ], [ 35.010508291402708, 32.131473524009735 ], [ 35.010147232491555, 32.131643485443199 ], [ 35.009619025292608, 32.131887077453662 ], [ 35.009398029851198, 32.132140366042627 ], [ 35.00924616036243, 32.132340599371666 ], [ 35.0094183096423, 32.132720427557906 ] ] ] } },
{ "type": "Feature", "properties": { "Physical_M": 1, "Designatio": 1, "Status_sim": 1, "Physical_1": "Fence", "Designat_1": "Main Barrier", "Status_sip": "Planned", "Shape_Leng": 4724.6852550499998 }, "geometry": { "type": "MultiLineString", "coordinates": [ [ [ 35.003008137228946, 32.063637278391496 ], [ 35.003410955182375, 32.06393848703334 ], [ 35.003880459708256, 32.064497624004112 ], [ 35.004358738173615, 32.064920691830594 ], [ 35.00491296120871, 32.065193547020122 ], [ 35.005618800377313, 32.065287721549595 ], [ 35.006367193453428, 32.065145687895843 ], [ 35.007132466771083, 32.065032352813084 ], [ 35.007872122043615, 32.065062179192225 ], [ 35.008569307648195, 32.06529231471994 ], [ 35.008947144876785, 32.065500491990171 ], [ 35.009703900583006, 32.065358451525334 ], [ 35.010007292423197, 32.065015331728375 ], [ 35.010159532699028, 32.064586129029941 ], [ 35.010309804529754, 32.064235559918842 ], [ 35.010486686105835, 32.064071252262565 ], [ 35.010772795712043, 32.063935698793792 ], [ 35.011067120536204, 32.063871669447749 ], [ 35.011672334880508, 32.063872591168909 ], [ 35.01500080525188, 32.064006475566565 ], [ 35.015286642898239, 32.06399977838656 ], [ 35.015631371954562, 32.063935813631119 ], [ 35.015959486157684, 32.063814649352594 ], [ 35.017372921651877, 32.063193961055823 ], [ 35.01779684977943, 32.063030007432005 ], [ 35.018015569371343, 32.062958726599057 ], [ 35.018334987882952, 32.062944856941769 ], [ 35.018704775743153, 32.063002663527016 ], [ 35.019494797457632, 32.063046744412596 ], [ 35.019898543470752, 32.062911341249418 ], [ 35.0201342226976, 32.062725643257856 ], [ 35.020235745567561, 32.062425131003309 ], [ 35.02047272643815, 32.061587974867521 ], [ 35.020700269831281, 32.061337785288778 ], [ 35.020961060714534, 32.061194957038836 ], [ 35.021457073045084, 32.061145623989958 ], [ 35.023936558466801, 32.061242154253378 ], [ 35.024163578418445, 32.061199551342611 ], [ 35.024449659051989, 32.061063966829792 ], [ 35.030824823036525, 32.058157430541463 ], [ 35.033725513852296, 32.056810653646544 ], [ 35.033902181029625, 32.05673207425378 ], [ 35.034280491135199, 32.056696870945295 ], [ 35.034591453655779, 32.0567187508709 ], [ 35.034851761783536, 32.056819289044505 ], [ 35.03516244813023, 32.056991497291655 ], [ 35.038266156887062, 32.060438583632617 ], [ 35.038427190282071, 32.06063349260517 ], [ 35.038695829753244, 32.060819975448084 ], [ 35.043428223083239, 32.063422984995739 ], [ 35.043491925736447, 32.063753395040735 ], [ 35.043228514376452, 32.064681552233409 ] ] ] } },
{ "type": "Feature", "properties": { "Physical_M": 1, "Designatio": 1, "Status_sim": 1, "Physical_1": "Fence", "Designat_1": "Main Barrier", "Status_sip": "Planned", "Shape_Leng": 8645.5074137299998 }, "geometry": { "type": "MultiLineString", "coordinates": [ [ [ 35.108594188471557, 32.087940170498676 ], [ 35.107990106212895, 32.088220802434265 ], [ 35.107818899144021, 32.088347644699795 ], [ 35.107414141519747, 32.088453657554922 ], [ 35.107155541022259, 32.088581965010796 ], [ 35.106922600188604, 32.088585844527628 ], [ 35.106774746998099, 32.088464258599991 ], [ 35.106593285963889, 32.088171936384562 ], [ 35.106441488034662, 32.087876841948855 ], [ 35.106218982167775, 32.08703953183857 ], [ 35.105948416012261, 32.086672020260281 ], [ 35.10561728861186, 32.086181455731925 ], [ 35.105092204520702, 32.086093209842893 ], [ 35.104341468242382, 32.086326635293247 ], [ 35.104321649568575, 32.085461165841572 ], [ 35.104269290130681, 32.084422614969057 ], [ 35.104103323941644, 32.083534755021311 ], [ 35.104023531240742, 32.082595830336373 ], [ 35.103686873014745, 32.081859606588857 ], [ 35.103348503111647, 32.08104681791071 ], [ 35.10342113075118, 32.080402992641943 ], [ 35.103230018542376, 32.079664357839917 ], [ 35.103211325125784, 32.078846232390418 ], [ 35.102971030604955, 32.078530049919053 ], [ 35.102615975094302, 32.078263103985535 ], [ 35.101738216046947, 32.078004842420178 ], [ 35.10106350689837, 32.077743223714094 ], [ 35.100250163341137, 32.077756716023131 ], [ 35.099520238314831, 32.077622287133543 ], [ 35.098996821348571, 32.077606161642613 ], [ 35.098386128276964, 32.07759140364309 ], [ 35.097341480736603, 32.077683140170613 ], [ 35.097174124794677, 32.077690393225744 ], [ 35.096644514112747, 32.077717268448893 ], [ 35.095888816404596, 32.077707244669163 ], [ 35.095073731696445, 32.077671103739924 ], [ 35.094142166577086, 32.077612040492923 ], [ 35.093939016127536, 32.077615470756896 ], [ 35.093442517715829, 32.077499607017529 ], [ 35.092858501745418, 32.077410086704234 ], [ 35.092653036283352, 32.077314315236315 ], [ 35.092527114071316, 32.076869888038935 ], [ 35.092600283185263, 32.076275667651593 ], [ 35.091988389554409, 32.07621136962662 ], [ 35.091580854158444, 32.076193331887239 ], [ 35.090996380159758, 32.076054204049512 ], [ 35.090354864262025, 32.075965522815835 ], [ 35.089859481625538, 32.075899334947231 ], [ 35.089153592161331, 32.075541221853996 ], [ 35.088502445208611, 32.075031112463016 ], [ 35.087585497502445, 32.074329212449605 ], [ 35.086961788793914, 32.073744270904058 ], [ 35.086075092911322, 32.073091445888039 ], [ 35.085219134084277, 32.072512501107994 ], [ 35.084637464591822, 32.072522142796387 ], [ 35.083482103562702, 32.072836495118814 ], [ 35.080664762974365, 32.072932432202805 ], [ 35.079699240802803, 32.072652919998852 ], [ 35.079055953840673, 32.072489871503912 ], [ 35.078265092234524, 32.072205201191814 ], [ 35.077413545947444, 32.071847148116646 ], [ 35.07749238710052, 32.071584262660011 ], [ 35.077412744625697, 32.070894307049954 ], [ 35.077439684480453, 32.07086583748044 ], [ 35.077631779883447, 32.070344158757372 ], [ 35.077516219278813, 32.069741732187765 ], [ 35.076689141967087, 32.069322376406404 ], [ 35.076575584481574, 32.068807966126954 ], [ 35.075434352661432, 32.06804875818785 ], [ 35.074333237984668, 32.06739256622145 ], [ 35.069209721400732, 32.065010873576071 ], [ 35.064788167673676, 32.063177412107116 ], [ 35.061115258650922, 32.059720773345177 ], [ 35.058460471365592, 32.057985567282245 ], [ 35.055601842124716, 32.056116870516711 ], [ 35.053007977940418, 32.054421210519969 ], [ 35.053098970513879, 32.052599050424803 ], [ 35.053643800428794, 32.05218568280781 ], [ 35.05402747135043, 32.051640188430838 ], [ 35.054172153822719, 32.051031103102915 ], [ 35.054231611373233, 32.050153721393308 ], [ 35.053976264990176, 32.049348922118554 ], [ 35.053717755586909, 32.048409298614772 ], [ 35.05167712929795, 32.047974032949575 ], [ 35.047727822374554, 32.048124668669274 ] ] ] } },
{ "type": "Feature", "properties": { "Physical_M": 1, "Designatio": 1, "Status_sim": 1, "Physical_1": "Fence", "Designat_1": "Main Barrier", "Status_sip": "Planned", "Shape_Leng": 6210.8500121699999 }, "geometry": { "type": "MultiLineString", "coordinates": [ [ [ 35.154682271094039, 32.179964492316941 ], [ 35.152043188344997, 32.182558670631046 ], [ 35.151830434585939, 32.182818115500517 ], [ 35.151643572095217, 32.18304456610516 ], [ 35.151344393644202, 32.186415847150961 ], [ 35.151385767471417, 32.186933758330277 ], [ 35.151218456395064, 32.187258960987094 ], [ 35.150935753312183, 32.187610987950194 ], [ 35.150491552784828, 32.189747031765769 ], [ 35.150665697504003, 32.190979571594887 ], [ 35.15067917845149, 32.19276276121893 ], [ 35.150767081501556, 32.194048739579479 ], [ 35.150901742441469, 32.194812966579363 ], [ 35.151147665318042, 32.195377044400871 ], [ 35.151713143293797, 32.195913029766402 ], [ 35.152504905017601, 32.196147549458438 ], [ 35.153828235465099, 32.196718011872761 ], [ 35.155377108326945, 32.196989155819892 ], [ 35.156776224694177, 32.197089337580309 ], [ 35.157792905050862, 32.196997553991388 ], [ 35.158753642798089, 32.197005930334605 ], [ 35.159183794808754, 32.197010774234101 ], [ 35.159400775399909, 32.197021853166866 ], [ 35.15937916906897, 32.197610798625675 ], [ 35.160755202792011, 32.197661690887543 ], [ 35.160883209800339, 32.19766398930178 ], [ 35.161010475190885, 32.197664033029277 ], [ 35.161138379068831, 32.197659658035775 ], [ 35.161265436807298, 32.197650683634052 ], [ 35.161392390301778, 32.197637290257838 ], [ 35.161519239255654, 32.197621552621918 ], [ 35.16164481638635, 32.197603649329274 ], [ 35.161769546579016, 32.19758123702087 ], [ 35.161893536808101, 32.197554315735147 ], [ 35.162016044363256, 32.197522884634516 ], [ 35.16213728008578, 32.197489198687215 ], [ 35.16225703376039, 32.197451093318058 ], [ 35.162375408589867, 32.197410733074207 ], [ 35.162492301346532, 32.197365952825777 ], [ 35.162606543186726, 32.197318827496034 ], [ 35.1627193021952, 32.197267373147042 ], [ 35.162830152962833, 32.19721357338215 ], [ 35.163135341468532, 32.197057304103062 ], [ 35.163157618358767, 32.197045678906541 ], [ 35.163179893573393, 32.197036217032938 ], [ 35.163203547823386, 32.197026846580179 ], [ 35.163227202109468, 32.197017385147419 ], [ 35.163250855335257, 32.1970102689884 ], [ 35.163275146003741, 32.19700080834447 ], [ 35.163299541950799, 32.196993602033039 ], [ 35.163324572578361, 32.196988650226011 ], [ 35.163349709500075, 32.196983698448506 ], [ 35.163374740776412, 32.19697883701653 ], [ 35.163400513073327, 32.196976140328758 ], [ 35.163425649987502, 32.196971188536153 ], [ 35.163451422281035, 32.196968491247262 ], [ 35.16347729916599, 32.196968048880692 ], [ 35.163503070448591, 32.196967606474672 ], [ 35.163528948027825, 32.19696716409775 ], [ 35.163554825607079, 32.196966721124774 ], [ 35.163580701484719, 32.196968533039716 ], [ 35.163605940660538, 32.196972599637697 ], [ 35.163631817235618, 32.196974411542392 ], [ 35.163657162017728, 32.196978477573452 ], [ 35.163682401199985, 32.19698254356544 ], [ 35.163707744983128, 32.196988864479749 ], [ 35.16373234777874, 32.196992930256997 ], [ 35.163757160431388, 32.197001595087642 ], [ 35.163781125839094, 32.197007915544262 ], [ 35.163805196546207, 32.197016490333112 ], [ 35.163828630131235, 32.197025154707042 ], [ 35.163852063455643, 32.19703598358543 ], [ 35.163874861352731, 32.197044647746949 ], [ 35.163897658255365, 32.197055566797737 ], [ 35.1639190761219, 32.197066395018183 ], [ 35.163940599253031, 32.197079567956436 ], [ 35.163961485997881, 32.197092740687488 ], [ 35.163982372748755, 32.197105913415093 ], [ 35.164001881118054, 32.197119085698922 ], [ 35.164021494059874, 32.197134602700807 ], [ 35.164039728660164, 32.197150028874965 ], [ 35.164057963226753, 32.197165545431254 ], [ 35.164075561446296, 32.197180971397181 ], [ 35.164091885851789, 32.197198741642346 ], [ 35.164108211256952, 32.197214257582765 ], [ 35.164123261894858, 32.19723428172086 ], [ 35.164137571535939, 32.197252051318323 ], [ 35.164151986745267, 32.197269911332484 ], [ 35.164164918007337, 32.197287680488074 ], [ 35.164721867356086, 32.198130390873899 ], [ 35.164758963088332, 32.198183877801398 ], [ 35.164797968065059, 32.198237365906202 ], [ 35.164838989602735, 32.198288509942088 ], [ 35.164881919734093, 32.198339564175932 ], [ 35.164927502752356, 32.198388454714348 ], [ 35.164974358939055, 32.198435001536417 ], [ 35.165023230717701, 32.198481457992884 ], [ 35.165073906385224, 32.198525751664157 ], [ 35.165126704258995, 32.198567610311194 ], [ 35.165181304357709, 32.198609560470373 ], [ 35.165237285311299, 32.198649165755405 ], [ 35.16529528043327, 32.198688772229005 ], [ 35.165353702726968, 32.198723869021407 ], [ 35.165414245524204, 32.198758877237104 ], [ 35.165476698540687, 32.198791631118453 ], [ 35.165539682665852, 32.198822130238952 ], [ 35.165604045979443, 32.19885254054779 ], [ 35.165669682368119, 32.198880786114536 ], [ 35.165736592598861, 32.198906687940259 ], [ 35.165804035571938, 32.198928080697691 ], [ 35.165872220586408, 32.198949473645172 ], [ 35.165941678481971, 32.19897077655817 ], [ 35.166011668371461, 32.198987661374616 ], [ 35.166082295675245, 32.199002201658359 ], [ 35.16615419675653, 32.199014487394869 ], [ 35.166225991557923, 32.199026773058357 ], [ 35.166297893617092, 32.199036805001874 ], [ 35.166370964080734, 32.199042327469797 ], [ 35.166443291847649, 32.199047850263348 ], [ 35.166516257658536, 32.199051118313648 ], [ 35.166589224644376, 32.19904987771762 ], [ 35.166662722429905, 32.199048637237894 ], [ 35.166735584041241, 32.19904514222371 ], [ 35.166808340969631, 32.199039392243378 ], [ 35.16688046240796, 32.199031387730351 ], [ 35.166952479152506, 32.199021128842887 ], [ 35.167024390503215, 32.199008615580951 ], [ 35.167095029023031, 32.198996101311884 ], [ 35.16809024092116, 32.198778340380422 ], [ 35.168107422753565, 32.198775820446421 ], [ 35.168125135584631, 32.198771046359987 ], [ 35.168143059259755, 32.198770690551555 ], [ 35.16816087818821, 32.198768170792924 ], [ 35.168178696456714, 32.198765560646827 ], [ 35.168196620094768, 32.19876529521553 ], [ 35.168214543768499, 32.198764939396973 ], [ 35.168232361107393, 32.198764673930199 ], [ 35.168250284780648, 32.198764318697336 ], [ 35.168268207527433, 32.198766307558039 ], [ 35.168286235879179, 32.198768296446353 ], [ 35.168304158662984, 32.198770195507969 ], [ 35.168321444118156, 32.198774439072416 ], [ 35.16870810053193, 32.198835419087466 ], [ 35.168761973607133, 32.198843550005215 ], [ 35.168816483131629, 32.198851591285042 ], [ 35.168870994382807, 32.198855213731143 ], [ 35.168926036473906, 32.198858745917896 ], [ 35.168980442342956, 32.198860023600119 ], [ 35.169035485278179, 32.198861391821858 ], [ 35.169090422997286, 32.198858161000736 ], [ 35.169145466837136, 32.1988571844877 ], [ 35.169199663374108, 32.19885178890415 ], [ 35.169253860805973, 32.198844048610454 ], [ 35.169308058889001, 32.198836398087707 ], [ 35.169361513564354, 32.198828747926513 ], [ 35.169414970685253, 32.198816498753857 ], [ 35.169468321458545, 32.198804339323189 ], [ 35.169520400268922, 32.198789925216779 ], [ 35.169571737913195, 32.198773256582371 ], [ 35.169622969240024, 32.198756587307088 ], [ 35.169672928596199, 32.19873766395002 ], [ 35.169722783148487, 32.198716576036041 ], [ 35.169771364904662, 32.198695397369015 ], [ 35.169819204754603, 32.198672053971961 ], [ 35.169865666169159, 32.198648710771081 ], [ 35.169911492007344, 32.198623112486466 ], [ 35.169955939564112, 32.198595260098045 ], [ 35.169999645053515, 32.19856749669529 ], [ 35.170042078558055, 32.198537479219979 ], [ 35.170083133626328, 32.198507460765491 ], [ 35.170122810409801, 32.19847518762144 ], [ 35.170161745308903, 32.198440659961378 ], [ 35.170198666030799, 32.198406222129215 ], [ 35.170234313227255, 32.198371783942044 ], [ 35.170268582798784, 32.198335180864255 ], [ 35.170301579574705, 32.198298487049016 ], [ 35.170332456721205, 32.198259628736174 ], [ 35.170362696746324, 32.198220770244056 ], [ 35.170390180048607, 32.198179746494553 ], [ 35.17041702762117, 32.198138722567968 ], [ 35.170479637792802, 32.198036207003888 ], [ 35.17054189275364, 32.198035141431816 ], [ 35.170590254554355, 32.198034252294491 ], [ 35.170638616458348, 32.1980311992208 ], [ 35.17068613088987, 32.19802589159999 ], [ 35.170734494344337, 32.198020493802566 ], [ 35.170782009593808, 32.198012931252507 ], [ 35.170828888436326, 32.19800536910639 ], [ 35.170875663321056, 32.197993297719201 ], [ 35.170921800969381, 32.197983480448663 ], [ 35.170894213318832, 32.198019995091343 ], [ 35.170867261185627, 32.198058854583728 ], [ 35.17084242936842, 32.198099788756615 ], [ 35.170819401224939, 32.198138559485422 ], [ 35.170797856968619, 32.198179494521924 ], [ 35.170777690268125, 32.198222684814091 ], [ 35.170759433580251, 32.198263620717448 ], [ 35.170743191580584, 32.198306721662668 ], [ 35.170728327972057, 32.198349822381758 ], [ 35.170715479190847, 32.19839283443217 ], [ 35.170703902337415, 32.198438190916455 ], [ 35.170694341875361, 32.198481112864705 ], [ 35.170686794656426, 32.198526380035901 ], [ 35.170681263665031, 32.198571557949904 ], [ 35.170677005611097, 32.198614481900293 ], [ 35.170674761569302, 32.19865957030504 ], [ 35.170673790299425, 32.19870474943361 ], [ 35.170675576614592, 32.198749748527725 ], [ 35.170678635706899, 32.198794838345613 ], [ 35.17068360404938, 32.198839838878143 ], [ 35.170690056415602, 32.198884839214983 ], [ 35.17069905513727, 32.198929750435738 ], [ 35.1707093268151, 32.198972407101579 ], [ 35.170720976088212, 32.199017319026247 ], [ 35.170735278160272, 32.19905988696862 ], [ 35.170750852363902, 32.199102455247612 ], [ 35.17076780638979, 32.199145023891333 ], [ 35.170787411003005, 32.199187502852268 ], [ 35.170807546570593, 32.199227727648669 ], [ 35.170830439557946, 32.199270207475806 ], [ 35.170854605547774, 32.199310343539992 ], [ 35.170880045201955, 32.199348225043913 ], [ 35.170907394102692, 32.199386107048156 ], [ 35.170935485039763, 32.199423989242639 ], [ 35.170966227969004, 32.199461781747011 ], [ 35.170997607461715, 32.199497320109693 ], [ 35.171030896240147, 32.199532769174198 ], [ 35.17106545865304, 32.199566054057307 ], [ 35.171101400243877, 32.199599248909209 ], [ 35.171138613986464, 32.199632444085331 ], [ 35.171177207728725, 32.199663295516771 ], [ 35.171216968109043, 32.199691982734294 ], [ 35.171257471952764, 32.199720579749318 ], [ 35.171299778876332, 32.199746922330334 ], [ 35.171342828567859, 32.199773175888019 ], [ 35.171386515477245, 32.199797264498471 ], [ 35.171431475265109, 32.199821263631591 ], [ 35.171477814317122, 32.199843008805665 ], [ 35.171524683502795, 32.199864754100496 ], [ 35.171572190627117, 32.199884244650711 ], [ 35.170023599705814, 32.200578204835502 ], [ 35.169999944352107, 32.200589921244813 ], [ 35.16997639532724, 32.200601547884652 ], [ 35.169953482679574, 32.20061326448738 ], [ 35.169930568514978, 32.200627146184068 ], [ 35.169908397028117, 32.200641117282345 ], [ 35.169886861985496, 32.200654999347151 ], [ 35.169865962502456, 32.200671135292829 ], [ 35.169845806582778, 32.200685017136443 ], [ 35.169826285527321, 32.200701153452101 ], [ 35.169807506364982, 32.200719454475362 ], [ 35.169789364432177, 32.200735591753194 ], [ 35.169771221673386, 32.200753892945137 ], [ 35.169754351014774, 32.200772284276923 ], [ 35.169738223102989, 32.200790586015991 ], [ 35.16972273160313, 32.200808887927472 ], [ 35.16970872471547, 32.200829354751953 ], [ 35.169695247209965, 32.200849911514055 ], [ 35.169681769698414, 32.20087046827468 ], [ 35.169669671354242, 32.200890935618574 ], [ 35.169658952144268, 32.200911403340108 ], [ 35.169648231378083, 32.200934124771152 ], [ 35.169638678695563, 32.200954592811399 ], [ 35.169629972784456, 32.200977315385266 ], [ 35.169622540437622, 32.200999947924004 ], [ 35.16961585007936, 32.201022671051021 ], [ 35.169609689870583, 32.201045303938713 ], [ 35.169604272380596, 32.201067937030402 ], [ 35.169600233335252, 32.201090571091846 ], [ 35.169597467163541, 32.201113114527914 ], [ 35.169595337376713, 32.201135748523697 ], [ 35.169593949487343, 32.201160547231126 ], [ 35.169593092574694, 32.201183091783079 ], [ 35.169593614111129, 32.201205636123575 ], [ 35.169595513933842, 32.201230435735617 ], [ 35.169598050376834, 32.201252890836471 ], [ 35.169601223903292, 32.20127543590651 ], [ 35.169605775916175, 32.201297891561659 ], [ 35.169610963658457, 32.201320347391473 ], [ 35.169616788520166, 32.201342803396237 ], [ 35.1696239918708, 32.201365169394997 ], [ 35.169631726005804, 32.201387625923935 ], [ 35.169640944238353, 32.201409993066285 ], [ 35.169650693291103, 32.20143235976299 ], [ 35.169661185073593, 32.201454726662888 ], [ 35.169672949868769, 32.201474839609993 ], [ 35.169685351092276, 32.201494952730641 ], [ 35.169698494225145, 32.201517230561045 ], [ 35.16971291037207, 32.201537253847022 ], [ 35.169727962948926, 32.20155727730581 ], [ 35.169743652810631, 32.201575046635966 ], [ 35.169760720974026, 32.201595071233818 ], [ 35.169777683696573, 32.201612840908297 ], [ 35.169796025610403, 32.201630520573147 ], [ 35.169814261194851, 32.201648290590917 ], [ 35.1698339808841, 32.201665971217693 ], [ 35.169854232944758, 32.201681397094688 ], [ 35.169875120742013, 32.201696823141951 ], [ 35.169896750578587, 32.201712249388201 ], [ 35.169918275665104, 32.201725421300765 ], [ 35.169941073641404, 32.201738503762542 ], [ 35.169963977893026, 32.20175167545235 ], [ 35.169988154340139, 32.201764758280952 ], [ 35.17001222530611, 32.201775675978119 ], [ 35.170036403308828, 32.201786503905787 ], [ 35.17006185347303, 32.201797332174259 ], [ 35.17008719818687, 32.201805906107644 ], [ 35.170112543600233, 32.20181448003612 ], [ 35.170138631201574, 32.201820799859277 ], [ 35.170165355082844, 32.20182937355986 ], [ 35.170191973509887, 32.201835693515712 ], [ 35.17021869824336, 32.201842012903917 ], [ 35.170245953945589, 32.201846078719313 ], [ 35.170273104917946, 32.201847799223764 ], [ 35.170300466927081, 32.201851864465347 ], [ 35.172203322164847, 32.202033350679223 ], [ 35.172180580833079, 32.202160045360614 ], [ 35.17130965504996, 32.202641731682597 ], [ 35.17062140268942, 32.203000729095734 ], [ 35.170574301986527, 32.203026327277996 ], [ 35.17052857959397, 32.20305418011268 ], [ 35.170484129347415, 32.203082032681145 ], [ 35.170440421007918, 32.203112050530741 ], [ 35.170397985509226, 32.203142068116598 ], [ 35.170357033925981, 32.203174340979125 ], [ 35.170317355184004, 32.203206614171279 ], [ 35.170279054781119, 32.203241051638869 ], [ 35.170242767694376, 32.203277834914687 ], [ 35.170207223386093, 32.203314437611354 ], [ 35.170173588324005, 32.203351130608524 ], [ 35.17014143721029, 32.203389988505357 ], [ 35.170110452637914, 32.203428847300835 ], [ 35.170081694722263, 32.203469960402764 ], [ 35.170054103384416, 32.203510984020774 ], [ 35.170028526943959, 32.203552008180168 ], [ 35.170005071554826, 32.203595287211698 ], [ 35.169982888358859, 32.203638476200176 ], [ 35.169962720066714, 32.203681666323916 ], [ 35.169943930087925, 32.203727111120358 ], [ 35.169927049441576, 32.203772466049472 ], [ 35.169912289316493, 32.203817821554367 ], [ 35.16989943919053, 32.203863177578299 ], [ 35.169888603164878, 32.203910698066196 ], [ 35.169879676639248, 32.203955874979556 ], [ 35.169872234015685, 32.20400339698238 ], [ 35.169866701436177, 32.204050829121336 ], [ 35.169863925836758, 32.204098262012707 ], [ 35.169862316846618, 32.204145604837571 ], [ 35.169862829096338, 32.204192948241442 ], [ 35.169865250707311, 32.204240202372475 ], [ 35.169869687225251, 32.204287546847283 ], [ 35.169876139449812, 32.204334712284016 ], [ 35.169884501133467, 32.204379713144057 ], [ 35.169894877644552, 32.20442687905949 ], [ 35.169907269108798, 32.204474045523348 ], [ 35.169920934358643, 32.204518867647913 ], [ 35.16993661456636, 32.204563690319873 ], [ 35.169954840568799, 32.204608513683048 ], [ 35.169974551429988, 32.204653247653603 ], [ 35.170244900485628, 32.205234788639203 ], [ 35.170255392154033, 32.205257156067297 ], [ 35.170265247231285, 32.205281777031971 ], [ 35.170273086624441, 32.205306487836459 ], [ 35.170281031667088, 32.205331108874951 ], [ 35.170287492556838, 32.205355819306412 ], [ 35.170292786856237, 32.205380529422797 ], [ 35.170297338401468, 32.205405239338553 ], [ 35.170300617048014, 32.205429948910805 ], [ 35.170303152905149, 32.205454748667258 ], [ 35.17030441655664, 32.20547954808054 ], [ 35.170304406465803, 32.205506601450288 ], [ 35.170304290908987, 32.205531400491495 ], [ 35.170302266692595, 32.205556199017927 ], [ 35.170299499683104, 32.205581087137837 ], [ 35.170295460463116, 32.20560597550525 ], [ 35.170290784094355, 32.205630863109789 ], [ 35.170284729206408, 32.20565575093292 ], [ 35.170278037863071, 32.205680637993176 ], [ 35.170269967270357, 32.205705615065369 ], [ 35.170261261791055, 32.205728247280952 ], [ 35.170251282525911, 32.205753223836467 ], [ 35.170240561337636, 32.205775945890736 ], [ 35.17022846159167, 32.205798757956174 ], [ 35.170215725420178, 32.205821479463637 ], [ 35.17020171630184, 32.205844290419407 ], [ 35.170187601563917, 32.205867101935695 ], [ 35.170171578302011, 32.20588765804311 ], [ 35.170155448725616, 32.205908214119624 ], [ 35.170138046233888, 32.20592876984913 ], [ 35.170120007941094, 32.205949415788474 ], [ 35.170101227724373, 32.205967807224098 ], [ 35.170081810233221, 32.205988362399076 ], [ 35.170061014329711, 32.206006753281521 ], [ 35.170039583471571, 32.206022979482071 ], [ 35.17001804548449, 32.206041369564922 ], [ 35.169995235427109, 32.206057505588937 ], [ 35.169972426176912, 32.206071477103094 ], [ 35.169948237581259, 32.20608761215243 ], [ 35.169924049793238, 32.206101583282198 ], [ 35.169898482779885, 32.206115553440235 ], [ 35.169872916609997, 32.20612726988427 ], [ 35.169846820128257, 32.206141240477976 ], [ 35.169820512034455, 32.206150701818103 ], [ 35.167667265280542, 32.2070218451831 ], [ 35.167635121747445, 32.207035994330575 ], [ 35.167602978241021, 32.207050052494459 ], [ 35.167571575891877, 32.207066365756184 ], [ 35.167540810688642, 32.207082678605047 ], [ 35.167510681241524, 32.207098992222591 ], [ 35.167480657181763, 32.207117560163098 ], [ 35.167451905159943, 32.207138292382858 ], [ 35.167424532575815, 32.207156771290755 ], [ 35.167397159031665, 32.207177594285653 ], [ 35.167371163832627, 32.207200582183667 ], [ 35.167345805997684, 32.207221315372912 ], [ 35.167321825813474, 32.207244213466439 ], [ 35.167297950279256, 32.2072694568608 ], [ 35.167275984854207, 32.207294609835941 ], [ 35.167254019601664, 32.207317598892516 ], [ 35.167234068278511, 32.207344916957268 ], [ 35.167214754288075, 32.207370070700769 ], [ 35.167196181447565, 32.2073974795493 ], [ 35.167178987870599, 32.207424798416376 ], [ 35.167163066517766, 32.207452117655649 ], [ 35.167147780701484, 32.2074816913793 ], [ 35.167133875033556, 32.20750901120843 ], [ 35.167121347019261, 32.207538495947496 ], [ 35.167110092585922, 32.207568070854627 ], [ 35.16710021603275, 32.20759755637318 ], [ 35.167090976670778, 32.207626951694216 ], [ 35.167083114197524, 32.207658691513856 ], [ 35.167076526303397, 32.207688087616006 ], [ 35.167071316031588, 32.207719739014323 ], [ 35.167066637529317, 32.207749135679329 ], [ 35.167064078733063, 32.207780787269101 ], [ 35.167062899215672, 32.207812348881305 ], [ 35.167062249855064, 32.207843911240644 ], [ 35.167062980659786, 32.207873219117488 ], [ 35.167065724867108, 32.207904782478558 ], [ 35.167068469808058, 32.207936255454982 ], [ 35.1670737615446, 32.207965474293161 ], [ 35.167079157978634, 32.207996948051765 ], [ 35.167086570131985, 32.208028422404773 ], [ 35.167095149180554, 32.208057552417806 ], [ 35.167104471013396, 32.20808668264921 ], [ 35.167115171180896, 32.208118067585268 ], [ 35.167127145213996, 32.208147198596741 ], [ 35.167140391535803, 32.208176240187996 ], [ 35.167155017079097, 32.208205371977847 ], [ 35.167170279362004, 32.208232159269727 ], [ 35.167186919986491, 32.208261201264321 ], [ 35.167204728206372, 32.208287899507205 ], [ 35.167223279180817, 32.208314687759724 ], [ 35.167243104060979, 32.208339131700157 ], [ 35.167264306592756, 32.208365830931747 ], [ 35.167286040250303, 32.20839018504121 ], [ 35.167309153135569, 32.20841462993608 ], [ 35.167332903455332, 32.208436730920688 ], [ 35.167357394923577, 32.208461176210676 ], [ 35.16738305398794, 32.208483277154116 ], [ 35.168067386687817, 32.209048710944543 ], [ 35.168078944660429, 32.209057551872263 ], [ 35.168089759647749, 32.209068646884283 ], [ 35.168100680253794, 32.209079741925677 ], [ 35.168110858970543, 32.209088582454477 ], [ 35.168120401013198, 32.209099677098479 ], [ 35.168129942363308, 32.209110771741557 ], [ 35.168138741623338, 32.209121866171074 ], [ 35.168147115406299, 32.209135305161283 ], [ 35.168154642412773, 32.209146399224878 ], [ 35.168162168690607, 32.209157583081648 ], [ 35.1681691639467, 32.209170931290629 ], [ 35.168175416381267, 32.209184369671 ], [ 35.168181669710989, 32.209195553752608 ], [ 35.168186649890195, 32.209208991767959 ], [ 35.168191523759738, 32.209222429752629 ], [ 35.168196503247003, 32.209235867767298 ], [ 35.168200210476499, 32.209249304826777 ], [ 35.168203811359902, 32.209262832831058 ], [ 35.168206140020359, 32.209276270086406 ], [ 35.168208361639898, 32.209289797104937 ], [ 35.168210053788378, 32.20930332456259 ], [ 35.168211745278299, 32.209316761635392 ], [ 35.168212058161352, 32.209330288107452 ], [ 35.16821237104427, 32.20934381517025 ], [ 35.168368057654405, 32.209397515601133 ], [ 35.168495109716986, 32.20944273105318 ], [ 35.168592043187481, 32.209477115918617 ], [ 35.168659599362165, 32.209500762042481 ], [ 35.168693006873092, 32.209511412053878 ], [ 35.167505980513951, 32.211648919817115 ] ] ] } },
{ "type": "Feature", "properties": { "Physical_M": 1, "Designatio": 3, "Status_sim": 1, "Physical_1": "Fence", "Designat_1": "Special Security Arrangement", "Status_sip": "Planned", "Shape_Leng": 11049.901357500001 }, "geometry": { "type": "MultiLineString", "coordinates": [ [ [ 35.167505980513951, 32.211648919817115 ], [ 35.16750269056854, 32.211653518427987 ], [ 35.167498869532814, 32.211660370590813 ], [ 35.167495049443353, 32.211664878071424 ], [ 35.167490486508825, 32.211669476310391 ], [ 35.167486664776646, 32.21167632847262 ], [ 35.167481466257989, 32.211678671637159 ], [ 35.167477008725498, 32.211685523613454 ], [ 35.167229342713107, 32.211921988079752 ], [ 35.16718721480698, 32.211965531601777 ], [ 35.167146467086738, 32.21200682121848 ], [ 35.16710773190438, 32.212052620010638 ], [ 35.167071118839722, 32.212098329623331 ], [ 35.167036308952767, 32.212143949373356 ], [ 35.167003725118576, 32.212191913863286 ], [ 35.166972308662885, 32.212239789486922 ], [ 35.166943648483333, 32.212289919625775 ], [ 35.166916367621198, 32.212339960372795 ], [ 35.16689173741986, 32.212392256197433 ], [ 35.166869017651443, 32.212442207901844 ], [ 35.166848417439347, 32.212496669416993 ], [ 35.16683046975011, 32.212548877419081 ], [ 35.166813795078703, 32.212600994821294 ], [ 35.166799877399143, 32.212655367928946 ], [ 35.166787868548823, 32.212709651808652 ], [ 35.166778512006111, 32.212763935885214 ], [ 35.166771276002677, 32.212820385095291 ], [ 35.166766586233358, 32.212874580765003 ], [ 35.166763912282164, 32.212928777034151 ], [ 35.166763252566547, 32.212985137815117 ], [ 35.166765245413352, 32.213039245087892 ], [ 35.166769147577767, 32.213095517431931 ], [ 35.166775807239347, 32.213149535707942 ], [ 35.166784376226452, 32.213205719645359 ], [ 35.16679496128841, 32.213259648702675 ], [ 35.166808198005349, 32.213313579137804 ], [ 35.166823344292524, 32.213367419754107 ], [ 35.166841248559386, 32.213421261187456 ], [ 35.166861063329968, 32.213472759094138 ], [ 35.166882892339565, 32.213526511301367 ], [ 35.166906526467265, 32.213575665651717 ], [ 35.167365655981122, 32.214510224182348 ], [ 35.167367034412329, 32.214512478882881 ], [ 35.16736851755217, 32.214516988501572 ], [ 35.167369153189071, 32.214519152599976 ], [ 35.167370636329125, 32.214523662218653 ], [ 35.167371378246763, 32.21452591673269 ], [ 35.167372013152288, 32.214528171215392 ], [ 35.167372860473563, 32.214532680647835 ], [ 35.167372859560089, 32.214534934944304 ], [ 35.167373600782987, 32.214537189458149 ], [ 35.167373705273128, 32.214541698673003 ], [ 35.167373809982095, 32.21454395300043 ], [ 35.16737380906865, 32.21454620729692 ], [ 35.167373913558812, 32.214550716511766 ], [ 35.167373276131279, 32.214552970621853 ], [ 35.167372744107325, 32.214557479650281 ], [ 35.16737284951116, 32.214559733977893 ], [ 35.167372212083535, 32.214561988087972 ], [ 35.167370937227979, 32.214566496898854 ], [ 35.167370406117577, 32.214568751040034 ], [ 35.167369132138994, 32.214571095348191 ], [ 35.167368494711212, 32.214573349458234 ], [ 35.167367219855286, 32.21457785826906 ], [ 35.167365945913133, 32.214580112192643 ], [ 35.167364036114883, 32.214582456314503 ], [ 35.167362762172587, 32.21458471023805 ], [ 35.167360957119492, 32.214589218302748 ], [ 35.167358940308681, 32.214591562393167 ], [ 35.167357667060777, 32.214593816907609 ], [ 35.167355120089383, 32.2145960704581 ], [ 35.167353209595639, 32.214598414579569 ], [ 35.167351193515955, 32.214600668285556 ], [ 35.167348646507577, 32.214603012220437 ], [ 35.167346736745046, 32.214605265957481 ], [ 35.167344083455717, 32.214607519476587 ], [ 35.166173017707777, 32.215635469723665 ], [ 35.166167817986889, 32.215640067128589 ], [ 35.166162618265467, 32.215644664533315 ], [ 35.166157418543527, 32.215649261937806 ], [ 35.166151583937854, 32.215651604853669 ], [ 35.166145747693207, 32.215656202065112 ], [ 35.166139806073318, 32.215658544948049 ], [ 35.166133227644252, 32.215663232318818 ], [ 35.16612739234219, 32.215665575233352 ], [ 35.166120813949853, 32.215670172218964 ], [ 35.166114236501429, 32.215672514908185 ], [ 35.166107658320144, 32.215674947390603 ], [ 35.166101080871059, 32.215677290079142 ], [ 35.166093866899679, 32.215679632574478 ], [ 35.16608728941199, 32.215682065646796 ], [ 35.166079970066939, 32.215682153222311 ], [ 35.16607275609465, 32.215684495716431 ], [ 35.166065541389173, 32.215686928594451 ], [ 35.166058222043716, 32.215687016168708 ], [ 35.166051008032554, 32.215689449046096 ], [ 35.166043688686628, 32.215689537210281 ], [ 35.166036475659567, 32.215689624815532 ], [ 35.166029156275656, 32.215689803363368 ], [ 35.166021836929936, 32.215689890935515 ], [ 35.166014518240864, 32.215690069482726 ], [ 35.166007304518843, 32.215690157086101 ], [ 35.165999985134832, 32.215690335632246 ], [ 35.165992667431503, 32.21568816890688 ], [ 35.165985348085627, 32.215688257067676 ], [ 35.165978029649906, 32.215686180725761 ], [ 35.165971346826396, 32.215686268488433 ], [ 35.165964028428917, 32.215684102351958 ], [ 35.16595670999402, 32.215682026008793 ], [ 35.165950028119411, 32.215679859474307 ], [ 35.165943346244866, 32.215677693530196 ], [ 35.16593666433284, 32.215675617379496 ], [ 35.165929982459183, 32.215673450843958 ], [ 35.165923300585824, 32.21567128430803 ], [ 35.165916514000472, 32.215666953828077 ], [ 35.165910574273177, 32.215664788108143 ], [ 35.165903787726982, 32.215660367242982 ], [ 35.165898484522465, 32.215658201125542 ], [ 35.16589233449907, 32.2156537804536 ], [ 35.165886289405073, 32.215649359813334 ], [ 35.165880881528246, 32.215644939366911 ], [ 35.164844116093626, 32.214871344159405 ], [ 35.164811774025978, 32.214847166511753 ], [ 35.164778688203612, 32.214825152534743 ], [ 35.164745072198691, 32.214803138973473 ], [ 35.16471007653783, 32.214783469060535 ], [ 35.164674443681612, 32.214763798937618 ], [ 35.164638279661681, 32.214746383524961 ], [ 35.164600737002601, 32.214728967077193 ], [ 35.164563299692276, 32.21471380553885 ], [ 35.164524483007575, 32.214698733348143 ], [ 35.164485666374915, 32.214683571351706 ], [ 35.164446211229397, 32.214673008119433 ], [ 35.164406120564863, 32.214660190377124 ], [ 35.164365497738935, 32.214651881046926 ], [ 35.164324875909095, 32.21464131740732 ], [ 35.164283511001535, 32.214632917430997 ], [ 35.164242250693391, 32.214626862746336 ], [ 35.164200353836712, 32.214620897639612 ], [ 35.164158456032261, 32.214617097021588 ], [ 35.164116663555163, 32.214615550129203 ], [ 35.164074234564715, 32.214614003610713 ], [ 35.164032442090218, 32.214612457281234 ], [ 35.16399001141059, 32.214613165621373 ], [ 35.163947686744876, 32.214616127687137 ], [ 35.163905892233522, 32.21461918029307 ], [ 35.16386367218449, 32.214624397251647 ], [ 35.16382261884246, 32.214629614570569 ], [ 35.163781034991324, 32.214637086002398 ], [ 35.163739450438776, 32.214644556829569 ], [ 35.163699243526814, 32.214654283564698 ], [ 35.163658400826925, 32.214663919106869 ], [ 35.163618829406651, 32.214675900317843 ], [ 35.163579364988614, 32.214687880960213 ], [ 35.163540535412565, 32.214702026298262 ], [ 35.163502553230373, 32.21471851657963 ], [ 35.163464464757176, 32.214734917021353 ], [ 35.163427755618983, 32.214751317307801 ], [ 35.16339168197122, 32.214769972677054 ], [ 35.163356350129668, 32.21479088198263 ], [ 35.163321760410277, 32.21481179211014 ], [ 35.163288443747703, 32.214832612257531 ], [ 35.163255126013922, 32.214855777667587 ], [ 35.163223186959677, 32.214878852542526 ], [ 35.16319262723998, 32.21490192785889 ], [ 35.163162702308966, 32.214927258262136 ], [ 35.163134155735541, 32.214954753020066 ], [ 35.163106246639913, 32.214980084067662 ], [ 35.163079820505743, 32.215009834392937 ], [ 35.16305392626915, 32.21503732999922 ], [ 35.163029409654271, 32.215067080938127 ], [ 35.163006271723368, 32.215096741348269 ], [ 35.162984512109176, 32.215128657683501 ], [ 35.162963919526, 32.215158319510095 ], [ 35.162944811579706, 32.21519023611647 ], [ 35.162926445433648, 32.215224407259591 ], [ 35.162909882882111, 32.215256234901524 ], [ 35.162894804969937, 32.215290316734176 ], [ 35.162881000125893, 32.215324309779945 ], [ 35.162867937374031, 32.215358392270787 ], [ 35.162856783518023, 32.215392385593574 ], [ 35.162488565832433, 32.216616248232178 ], [ 35.162468403544167, 32.216632383747019 ], [ 35.162449724916989, 32.216652937958294 ], [ 35.162431577484419, 32.216671328431659 ], [ 35.162413534675032, 32.216691882848515 ], [ 35.162396764874167, 32.21671252807019 ], [ 35.162380632331406, 32.216733083116843 ], [ 35.162365877770199, 32.216753638619544 ], [ 35.162351865055641, 32.216776358869332 ], [ 35.162338488822186, 32.216799169713724 ], [ 35.16232574915351, 32.216821890383983 ], [ 35.162314282497157, 32.216844701270396 ], [ 35.162303558726592, 32.216867422609283 ], [ 35.162294212941575, 32.216890144406129 ], [ 35.162285503379842, 32.216915030325481 ], [ 35.162277431341664, 32.216937752545213 ], [ 35.162271373519062, 32.21696263993762 ], [ 35.162265314998521, 32.21698752673867 ], [ 35.162260636552112, 32.217012413999321 ], [ 35.162257230470644, 32.217037302274612 ], [ 35.16225446096054, 32.217062100377404 ], [ 35.162252434259457, 32.21708698852143 ], [ 35.162251679967504, 32.217111787295785 ], [ 35.162252305059525, 32.217136586529904 ], [ 35.162253566684093, 32.217161385976127 ], [ 35.162255464883422, 32.217186095249943 ], [ 35.162259378265517, 32.217210894989137 ], [ 35.16226329169087, 32.217235605525104 ], [ 35.162268478184409, 32.217260315894379 ], [ 35.162274938091343, 32.217282772391933 ], [ 35.162282246178172, 32.217307393082855 ], [ 35.16229072097353, 32.217332104546372 ], [ 35.162299833387173, 32.217354472132136 ], [ 35.162310429780767, 32.217379093916158 ], [ 35.162321557431554, 32.217401461580323 ], [ 35.162333322316456, 32.217423830046229 ], [ 35.162346465248262, 32.217446107994135 ], [ 35.162360245415442, 32.217468386743235 ], [ 35.162375404242873, 32.217490755742794 ], [ 35.162391094410999, 32.217510690443135 ], [ 35.162407527400241, 32.217530715181951 ], [ 35.162424596236704, 32.217550740129695 ], [ 35.16244293884543, 32.217570766088571 ], [ 35.162461280809033, 32.217590701069255 ], [ 35.162480897580274, 32.217608382765057 ], [ 35.162501892361341, 32.217626064323746 ], [ 35.162522887845164, 32.217643746469882 ], [ 35.162544519873094, 32.217661428232454 ], [ 35.162566788782492, 32.217676855906454 ], [ 35.162590331507225, 32.217692194204034 ], [ 35.162613873503915, 32.217707622290689 ], [ 35.162638053116403, 32.21772070590351 ], [ 35.16266297559276, 32.217733790347665 ], [ 35.162688428291808, 32.217746874371109 ], [ 35.162713882026715, 32.217757704094169 ], [ 35.162740715161561, 32.217768534266646 ], [ 35.162767441286839, 32.217779364398162 ], [ 35.162794169139929, 32.217787940229044 ], [ 35.162822276433538, 32.217796426123442 ], [ 35.162849640138582, 32.2178050021517 ], [ 35.162878278641948, 32.217811323706435 ], [ 35.162906280653289, 32.217817555252026 ], [ 35.162934918469361, 32.217823877384454 ], [ 35.162963558047956, 32.217827854240191 ], [ 35.162992833470767, 32.217831831888446 ], [ 35.163022004250202, 32.217833644993881 ], [ 35.163051280697935, 32.217835367742651 ], [ 35.16308045152055, 32.217837090450125 ], [ 35.163109623322214, 32.217836649240148 ], [ 35.163139431701346, 32.217836117846723 ], [ 35.163168602848302, 32.217835586238429 ], [ 35.16319767003948, 32.217832890678487 ], [ 35.163226842200999, 32.217830104761546 ], [ 35.163255167546218, 32.217825154060506 ], [ 35.163284235091794, 32.217820113800748 ], [ 35.163312561444606, 32.217812908791615 ], [ 35.163340992446656, 32.217807867721163 ], [ 35.163368682254529, 32.217800662492706 ], [ 35.163396266789242, 32.217791112544006 ], [ 35.163423956903806, 32.217781653007968 ], [ 35.163450905544927, 32.21777219322567 ], [ 35.16347721694941, 32.217762732640615 ], [ 35.163503423036254, 32.217751018311162 ], [ 35.163528993275264, 32.217739303179954 ], [ 35.163553821658134, 32.21772533409905 ], [ 35.163578119818588, 32.217711364251279 ], [ 35.163602311650656, 32.217697394364485 ], [ 35.163625762279139, 32.217681260322877 ], [ 35.163647938862695, 32.217667289777289 ], [ 35.164426370712796, 32.217108345367514 ], [ 35.164914216939565, 32.217605017941445 ], [ 35.164890661867709, 32.217618988278609 ], [ 35.164867848013877, 32.217635122754238 ], [ 35.16484503508881, 32.217649093314904 ], [ 35.1648234942909, 32.217665228180756 ], [ 35.164802695364905, 32.217683618161608 ], [ 35.164782533249401, 32.21769975345218 ], [ 35.164763113005641, 32.21771814385847 ], [ 35.164744328351048, 32.217738698372145 ], [ 35.16472618116407, 32.217757089171933 ], [ 35.164708775887291, 32.217777644113063 ], [ 35.164692643921548, 32.21779603554058 ], [ 35.164676616349468, 32.2178188452054 ], [ 35.164661862128895, 32.217839400972821 ], [ 35.164647745172765, 32.21785986714508 ], [ 35.164635005890567, 32.217882678429049 ], [ 35.164623008805322, 32.217905398969933 ], [ 35.164611648946327, 32.21792812030089 ], [ 35.164601561462248, 32.2179508420313 ], [ 35.164592110511023, 32.217973563961252 ], [ 35.164583402414479, 32.217996286124368 ], [ 35.164575965751872, 32.218021172598313 ], [ 35.164569272888336, 32.218043895395091 ], [ 35.164563852154807, 32.218068783094004 ], [ 35.16455917358379, 32.218093670435721 ], [ 35.164555768822112, 32.218118468384887 ], [ 35.164552999863567, 32.218143356328014 ], [ 35.164550973108518, 32.218168154711179 ], [ 35.16455022110938, 32.218190699200619 ], [ 35.164550740511061, 32.218215497795406 ], [ 35.16455200277413, 32.21824029721499 ], [ 35.164554643744424, 32.218265097068993 ], [ 35.164557815668907, 32.218289806705691 ], [ 35.164561729762163, 32.218314516576079 ], [ 35.16456702256518, 32.218339226880694 ], [ 35.164573483808148, 32.218361683257704 ], [ 35.164580686239113, 32.21838639475385 ], [ 35.164588525254558, 32.21841101547475 ], [ 35.164597744620977, 32.2184334727188 ], [ 35.164608235437036, 32.218458094273153 ], [ 35.164619363820854, 32.218480371938099 ], [ 35.164631235034484, 32.2185027396294 ], [ 35.164644273015206, 32.218525108277184 ], [ 35.164658053905733, 32.218547386181847 ], [ 35.164673213513851, 32.218569665108944 ], [ 35.164688373129636, 32.218591943443386 ], [ 35.164705337037027, 32.218611968637958 ], [ 35.164722406579244, 32.218631993272616 ], [ 35.164740856270164, 32.218651928544112 ], [ 35.16475983647323, 32.218669609093233 ], [ 35.164779452209679, 32.218689634518334 ], [ 35.164799811835948, 32.218707316084405 ], [ 35.164820808013474, 32.21872499725567 ], [ 35.164843077605632, 32.218740334732921 ], [ 35.16486534688584, 32.218758016295055 ], [ 35.164888252998161, 32.218773443757037 ], [ 35.16491243391345, 32.218786527524088 ], [ 35.164936613167264, 32.218801864990425 ], [ 35.164961536229335, 32.218815038773435 ], [ 35.164986989558905, 32.218828122923092 ], [ 35.165013080411839, 32.218838952380274 ], [ 35.16503991348128, 32.218849691678678 ], [ 35.165066640890721, 32.218860521322952 ], [ 35.165093369276377, 32.21886909666668 ], [ 35.165121476383135, 32.218877671842385 ], [ 35.165149477906041, 32.218886157776062 ], [ 35.165177479668756, 32.218892478611416 ], [ 35.165206118713151, 32.218898709844396 ], [ 35.165234863350399, 32.218905030897332 ], [ 35.165264139912736, 32.218909008019502 ], [ 35.16529267384243, 32.218910820403721 ], [ 35.165322586953607, 32.218914797709267 ], [ 35.165351758164277, 32.218916519892637 ], [ 35.165381035003541, 32.218918242101886 ], [ 35.165410207139921, 32.218917800361382 ], [ 35.165440015859055, 32.218917268425841 ], [ 35.165469082671599, 32.218914481959636 ], [ 35.166402501736513, 32.218848935928058 ], [ 35.16644291771609, 32.218848226765509 ], [ 35.166482593154171, 32.218845263072708 ], [ 35.166523114519208, 32.21884680821131 ], [ 35.166562893676826, 32.21884844349929 ], [ 35.166602672873267, 32.218849988390275 ], [ 35.166643299633179, 32.218853787817082 ], [ 35.166682441321292, 32.218857677172252 ], [ 35.166722430614193, 32.218863730678649 ], [ 35.166761676116948, 32.218872038836899 ], [ 35.166800392062704, 32.218880437209954 ], [ 35.166839001035477, 32.218888745154864 ], [ 35.166877079525491, 32.218899397019456 ], [ 35.166915156404279, 32.218912303758017 ], [ 35.166951960899688, 32.218925210108203 ], [ 35.166988764747359, 32.218938026653746 ], [ 35.167024931796618, 32.21895318708917 ], [ 35.167060355953659, 32.218968437679301 ], [ 35.167095249016477, 32.218985852013446 ], [ 35.167129505547258, 32.219003266741005 ], [ 35.167163124590502, 32.219023025360336 ], [ 35.167195471252505, 32.219042783596258 ], [ 35.167227710947543, 32.219062451998646 ], [ 35.167258040761276, 32.219084464511269 ], [ 35.167288476875747, 32.219106566841475 ], [ 35.167317532711849, 32.219130833260834 ], [ 35.167345315434439, 32.219155189684741 ], [ 35.16737309798976, 32.219181710013018 ], [ 35.167398865475562, 32.219206065243981 ], [ 35.167424101107073, 32.219232765584344 ], [ 35.167447957851394, 32.21926162942713 ], [ 35.16747043606874, 32.219288328361266 ], [ 35.167492382505458, 32.219317191637373 ], [ 35.167512950196645, 32.219346144891759 ], [ 35.167532244554224, 32.219377442450813 ], [ 35.167550159757283, 32.219406394334548 ], [ 35.167566802319776, 32.219437691115061 ], [ 35.16758217110209, 32.219468987522291 ], [ 35.167596902438476, 32.219502537446147 ], [ 35.167609513754094, 32.21953392343142 ], [ 35.167620956701263, 32.219567562779602 ], [ 35.167631657691686, 32.219598947615829 ], [ 35.167640448828692, 32.219632586781344 ], [ 35.167648497758009, 32.219666315524059 ], [ 35.167654637079551, 32.219699953917328 ], [ 35.167659396945773, 32.219733681702934 ], [ 35.167662883678339, 32.219767499502666 ], [ 35.167664991720024, 32.219801226517099 ], [ 35.167753059272975, 32.221864970682716 ], [ 35.167755168263604, 32.22189653377503 ], [ 35.167757808399728, 32.221925842136237 ], [ 35.16776257092237, 32.221955061318681 ], [ 35.167767862993017, 32.221984280654262 ], [ 35.167774534561403, 32.222013410004742 ], [ 35.167782479230581, 32.222042629517183 ], [ 35.167791802704876, 32.222071759634609 ], [ 35.167801762751786, 32.222100889935518 ], [ 35.167813738831804, 32.222130020819002 ], [ 35.167826351694131, 32.222156897591397 ], [ 35.16784023773458, 32.22218368434622 ], [ 35.167854865774729, 32.222212726198663 ], [ 35.167870767166235, 32.222239513532493 ], [ 35.167887943298688, 32.222264046938413 ], [ 35.167905754448931, 32.222290744434758 ], [ 35.167925582504495, 32.222315278600931 ], [ 35.167945409911844, 32.222339722379239 ], [ 35.167966511161765, 32.222364166521515 ], [ 35.167988885799744, 32.22238626693931 ], [ 35.168012003308036, 32.222408457360579 ], [ 35.168036393306551, 32.222430557759175 ], [ 35.168060783975861, 32.222452748537613 ], [ 35.168086448032717, 32.222472594998713 ], [ 35.168113491601993, 32.222492351466101 ], [ 35.168140429715343, 32.222509943987909 ], [ 35.168168746410835, 32.222529791192954 ], [ 35.168197699922736, 32.222547293895666 ], [ 35.168227185276621, 32.222562542449971 ], [ 35.168257412806305, 32.222577881593978 ], [ 35.168288276952211, 32.222593129937408 ], [ 35.168319778568822, 32.222606124752097 ], [ 35.168351174562638, 32.222619119528773 ], [ 35.168383950262594, 32.222629769421687 ], [ 35.168416725934392, 32.222640510281238 ], [ 35.168450137525014, 32.222651160928713 ], [ 35.168483445037644, 32.222659647037567 ], [ 35.168517389353191, 32.2226657886401 ], [ 35.168552074955635, 32.222674275122017 ], [ 35.168586656735769, 32.222678162592842 ], [ 35.168621343962684, 32.222684304377928 ], [ 35.168655925714212, 32.222688282214229 ], [ 35.168691038629575, 32.222689914922071 ], [ 35.168726257872763, 32.222691548240917 ], [ 35.168761371669937, 32.222690927226353 ], [ 35.168796485466864, 32.222690305611295 ], [ 35.168831599923081, 32.222689774371098 ], [ 35.168866714596014, 32.22268689844293 ], [ 35.16890182926651, 32.222684023095724 ], [ 35.168936839178613, 32.222678892233994 ], [ 35.168971211785873, 32.222673852159168 ], [ 35.169005479666055, 32.222666467367361 ], [ 35.169039110970338, 32.222659081797438 ], [ 35.169072743105843, 32.222649532900064 ], [ 35.169106269637666, 32.222639892989079 ], [ 35.16913915973241, 32.222628088982219 ], [ 35.169171413943317, 32.222616284789545 ], [ 35.169202925249238, 32.222604479791045 ], [ 35.16923443741463, 32.22259042108174 ], [ 35.169265207368618, 32.222576362158271 ], [ 35.169295341609775, 32.222560048166081 ], [ 35.169324838575463, 32.222543733989809 ], [ 35.169353594024038, 32.222527420191817 ], [ 35.169381713027832, 32.222508941119926 ], [ 35.16940908981902, 32.222490462427018 ], [ 35.169435829334908, 32.22247198355187 ], [ 35.169461191627526, 32.222451249405673 ], [ 35.169485916644476, 32.222430515669053 ], [ 35.169509900311091, 32.222407526838218 ], [ 35.169533247362459, 32.222384628211572 ], [ 35.16955521566814, 32.222361638816068 ], [ 35.170671343771573, 32.221143008145141 ], [ 35.170678453396675, 32.221136156774051 ], [ 35.170685670073965, 32.22112921504668 ], [ 35.170693416257016, 32.221122363253734 ], [ 35.170701268796968, 32.221115421694989 ], [ 35.170709015672408, 32.221108570492035 ], [ 35.170717504769726, 32.221101629101888 ], [ 35.170725993001483, 32.221097032389828 ], [ 35.170734482096442, 32.221090090998544 ], [ 35.170743606919181, 32.221085404070379 ], [ 35.17075273174099, 32.221080717141554 ], [ 35.170762598751402, 32.221076030409549 ], [ 35.170771829862922, 32.221071433892085 ], [ 35.170781590546447, 32.221066747130287 ], [ 35.1707914582488, 32.221062060396214 ], [ 35.170801960985315, 32.221059628715352 ], [ 35.170811828685849, 32.221054941979666 ], [ 35.170822437746118, 32.221052509734598 ], [ 35.1708329404807, 32.22105007805115 ], [ 35.170843443909902, 32.221047645776274 ], [ 35.170854052968259, 32.221045214119293 ], [ 35.170864555701407, 32.221042781842478 ], [ 35.170875906120607, 32.221042604674793 ], [ 35.170886409580753, 32.221040082602649 ], [ 35.170897654369867, 32.221039904814248 ], [ 35.170908899158711, 32.221039727615604 ], [ 35.170919508214411, 32.221037295953138 ], [ 35.170930857807143, 32.221039372484029 ], [ 35.170941466036588, 32.22103919511396 ], [ 35.17095271082529, 32.221039017911437 ], [ 35.170963318229518, 32.221041094833794 ], [ 35.170974668551523, 32.221043081567231 ], [ 35.170985276781302, 32.221042904193496 ], [ 35.170995884186745, 32.22104498111311 ], [ 35.171006597917547, 32.221047058059924 ], [ 35.171017310130118, 32.221051389299923 ], [ 35.171027917537288, 32.221053466216858 ], [ 35.17103799388714, 32.221057797287223 ], [ 35.171047964736061, 32.221059874034488 ], [ 35.171058041087569, 32.221064205103247 ], [ 35.171068117440051, 32.221068536171202 ], [ 35.171078193098303, 32.221072867828923 ], [ 35.171087527230192, 32.221077289084143 ], [ 35.171096966330964, 32.221081619981867 ], [ 35.171105663116379, 32.221088204977839 ], [ 35.171114466354396, 32.221092535706795 ], [ 35.171123162414041, 32.221099211676574 ], [ 35.171131964833016, 32.221105796698531 ], [ 35.171140025189253, 32.221110127230183 ], [ 35.171147448827902, 32.221116802272761 ], [ 35.171155613869871, 32.221125642010598 ], [ 35.171163143140959, 32.221132317079991 ], [ 35.171169930223101, 32.221138991953836 ], [ 35.171176716643956, 32.221145577033461 ], [ 35.171183503728081, 32.221152251906567 ], [ 35.171189653433544, 32.221161180906321 ], [ 35.171195166579778, 32.22117011032929 ], [ 35.17132208195526, 32.221348244673706 ], [ 35.1713317304486, 32.22136168376116 ], [ 35.171340000223879, 32.221375032102884 ], [ 35.17134826849103, 32.221390634737986 ], [ 35.171355901676826, 32.221404073296597 ], [ 35.171362898302931, 32.221417511688372 ], [ 35.171369151956029, 32.221433114386279 ], [ 35.171374769136889, 32.221446551826155 ], [ 35.171379855267254, 32.221462244602876 ], [ 35.171384835769146, 32.221477936761012 ], [ 35.171388543115363, 32.22149371838016 ], [ 35.171391613237574, 32.221509410629814 ], [ 35.171394578393048, 32.221525192054912 ], [ 35.171396270575897, 32.221538629059587 ], [ 35.171397961912191, 32.221554410742712 ], [ 35.171398274492525, 32.221570192065862 ], [ 35.171398693398459, 32.22158597341673 ], [ 35.171397732852782, 32.221601753816685 ], [ 35.171396772306558, 32.221617534807351 ], [ 35.171395175163916, 32.221633406016196 ], [ 35.171392942184951, 32.221649186083788 ], [ 35.171389329719439, 32.221665056766277 ], [ 35.171385717285332, 32.221680837064191 ], [ 35.171381362742821, 32.221694452667577 ], [ 35.171376477145749, 32.221710322426311 ], [ 35.171370850167236, 32.221723937696872 ], [ 35.171364585080021, 32.221739897479068 ], [ 35.171358215207732, 32.2217535131456 ], [ 35.171350677715147, 32.22176938221002 ], [ 35.17134239811277, 32.22178308717011 ], [ 35.171334119202854, 32.221796792129808 ], [ 35.171325096737789, 32.22181040650996 ], [ 35.17131554469325, 32.221824111135277 ], [ 35.171305144246311, 32.221835560652821 ], [ 35.17129484930539, 32.221849265082014 ], [ 35.171283176417653, 32.221860714855204 ], [ 35.171271608307805, 32.221874508742623 ], [ 35.171259298153778, 32.221885958346562 ], [ 35.171246988659028, 32.221897497743129 ], [ 35.171233936302535, 32.221908947149892 ], [ 35.171220248163507, 32.221918231887962 ], [ 35.17120592263705, 32.221929770751309 ], [ 35.171191597959343, 32.221938964934651 ], [ 35.171177167614886, 32.22194824947303 ], [ 35.171162206332809, 32.221957533870146 ], [ 35.171146397345588, 32.221964563748344 ], [ 35.171130800186816, 32.221973847974425 ], [ 35.17111435462872, 32.221980877090324 ], [ 35.171097909067853, 32.22198790679483 ], [ 35.171081569797479, 32.22199502690961 ], [ 35.171064382857367, 32.221999801529442 ], [ 35.171047301546494, 32.222004576174804 ], [ 35.170508127272576, 32.222169458206729 ], [ 35.170480542190518, 32.222178919906597 ], [ 35.170452850776769, 32.222188380981123 ], [ 35.170425902217268, 32.222197932633662 ], [ 35.170399695045418, 32.222209648389438 ], [ 35.170373382235361, 32.222221364702065 ], [ 35.170347917103385, 32.222235335531593 ], [ 35.170323088531575, 32.222249305936785 ], [ 35.170298790227015, 32.222263187277193 ], [ 35.170275340407322, 32.222277158044847 ], [ 35.170252420707762, 32.222293294042437 ], [ 35.170229606597914, 32.22230951985803 ], [ 35.170208171132899, 32.222327909951936 ], [ 35.170186735808386, 32.222344046338939 ], [ 35.170166573463668, 32.22236243677024 ], [ 35.170147152465432, 32.222383082283869 ], [ 35.170128368906866, 32.222401383288855 ], [ 35.170110326661117, 32.222422029170481 ], [ 35.170092921705141, 32.222442584837964 ], [ 35.170076789184613, 32.222463141439228 ], [ 35.170061398705535, 32.222485951943163 ], [ 35.170047387837222, 32.22250650852606 ], [ 35.170033269787666, 32.222529319962902 ], [ 35.170020531231366, 32.22255204138883 ], [ 35.170009172101558, 32.222574852982333 ], [ 35.169998554352809, 32.222599829276717 ], [ 35.169988467691091, 32.222622551420798 ], [ 35.169979654199381, 32.222645183526218 ], [ 35.169971688348809, 32.222670160540112 ], [ 35.169964995669375, 32.222695048106523 ], [ 35.169958939523454, 32.222720025639603 ], [ 35.169954262911354, 32.222744823370071 ], [ 35.169950858710621, 32.222769711240723 ], [ 35.169948091079299, 32.222794599875428 ], [ 35.169946065684243, 32.2228193983278 ], [ 35.169945314127013, 32.222844196536542 ], [ 35.169945940494983, 32.222871250005269 ], [ 35.169947204285812, 32.222896049353814 ], [ 35.169949740527173, 32.222920849049025 ], [ 35.169953019703655, 32.22294555856211 ], [ 35.1699575720274, 32.222970268421903 ], [ 35.169962760926524, 32.22299497845485 ], [ 35.16996932930158, 32.22301968945397 ], [ 35.169977275798303, 32.22304430985276 ], [ 35.169985753206404, 32.22306902077991 ], [ 35.169994974402826, 32.223091387821434 ], [ 35.170005467207737, 32.223116008911148 ], [ 35.170017234014693, 32.223138376052724 ], [ 35.170029107188519, 32.223160653428373 ], [ 35.170042890057061, 32.223183021115538 ], [ 35.170056672271144, 32.223205299007276 ], [ 35.170071728336225, 32.223227576652619 ], [ 35.170087525920643, 32.223249855088106 ], [ 35.170104598204006, 32.223269878982961 ], [ 35.170122307069619, 32.223289903638822 ], [ 35.170140758184793, 32.223309837518123 ], [ 35.170160376975758, 32.22332751800807 ], [ 35.170180101257586, 32.223347452226356 ], [ 35.170200993215254, 32.223365133054521 ], [ 35.170222628084453, 32.223382813489302 ], [ 35.170244899685727, 32.22339823979874 ], [ 35.17026791338921, 32.223415830804555 ], [ 35.17029145969483, 32.223429003156291 ], [ 35.17031564108067, 32.223444340174773 ], [ 35.17034045989157, 32.22345742247601 ], [ 35.170365384163659, 32.223472849478746 ], [ 35.170391476981422, 32.223483677819303 ], [ 35.170417676133091, 32.223494506183066 ], [ 35.170444404878168, 32.223505244889949 ], [ 35.170471877195418, 32.223516073584406 ], [ 35.170499244028285, 32.223524647360243 ], [ 35.170527246781326, 32.223533131506912 ], [ 35.170555355833848, 32.223541706060224 ], [ 35.170583996703634, 32.223547936071554 ], [ 35.170612637543897, 32.223554256460801 ], [ 35.17064191513677, 32.223558231744853 ], [ 35.170671192698833, 32.223562297406538 ], [ 35.170700470991598, 32.22356627326797 ], [ 35.170730386000038, 32.223567994407887 ], [ 35.170759558799617, 32.223569715933955 ], [ 35.170789368973686, 32.22356927312287 ], [ 35.170818647407863, 32.223570994072652 ], [ 35.170848352115478, 32.22356820654165 ], [ 35.170878268616441, 32.223567763737805 ], [ 35.170907336744513, 32.223564975433383 ], [ 35.170936405696452, 32.223559933419665 ], [ 35.170965474612331, 32.223554981192926 ], [ 35.170994543557889, 32.2235499391658 ], [ 35.171002489423294, 32.223579068675932 ], [ 35.170773604592426, 32.223743131319594 ], [ 35.170731159750204, 32.223770894619157 ], [ 35.170688184461156, 32.223801003031546 ], [ 35.170644362303484, 32.223826511640887 ], [ 35.170599160602194, 32.223852109659738 ], [ 35.170552686552547, 32.22387545361893 ], [ 35.170505470266896, 32.223898796771188 ], [ 35.170457617520469, 32.223919885441369 ], [ 35.170408917711114, 32.223938809956564 ], [ 35.170359050389315, 32.223957643754133 ], [ 35.170308971893192, 32.223974312975251 ], [ 35.170257726547369, 32.223990981861341 ], [ 35.170206270065059, 32.224005396376064 ], [ 35.170154177831634, 32.224017556404192 ], [ 35.169179382820573, 32.224234977924318 ], [ 35.169150949303472, 32.224242184210155 ], [ 35.16912336359615, 32.224249480519838 ], [ 35.16909503552742, 32.224258941115799 ], [ 35.169068086249823, 32.224268402681538 ], [ 35.169040394021422, 32.224277953827325 ], [ 35.16901418607511, 32.224289669291458 ], [ 35.16898797881678, 32.224301385341064 ], [ 35.168962407439118, 32.224313100972722 ], [ 35.168936835179444, 32.224327071482961 ], [ 35.168912642405232, 32.224341042375265 ], [ 35.16888844965878, 32.224354922878504 ], [ 35.1688648925753, 32.224371148233431 ], [ 35.168842077735043, 32.224387283408333 ], [ 35.168820005763031, 32.224403509172554 ], [ 35.168799100655065, 32.224419645467854 ], [ 35.168778300294662, 32.224438035491659 ], [ 35.168758242837576, 32.224456426312187 ], [ 35.168739457694052, 32.224476981397252 ], [ 35.168720778835656, 32.224497626893829 ], [ 35.168703267028313, 32.224515928039558 ], [ 35.168686497904751, 32.224536574070214 ], [ 35.168671106033557, 32.224559384987387 ], [ 35.168655715732029, 32.224579941019151 ], [ 35.168642339962588, 32.224602662118329 ], [ 35.168628964151303, 32.224625473009674 ], [ 35.168616861537387, 32.224648194466255 ], [ 35.168605501831117, 32.22467091613197 ], [ 35.168595519344237, 32.224695892479822 ], [ 35.16858606938149, 32.224718614684527 ], [ 35.168578102968539, 32.224743591601978 ], [ 35.16857066772701, 32.224766223991885 ], [ 35.168563974476534, 32.224791201269106 ], [ 35.168559191049901, 32.224815998909349 ], [ 35.168554513219753, 32.224840886372888 ], [ 35.16855110925367, 32.224865774788192 ], [ 35.168549083432886, 32.224890573209777 ], [ 35.16854769397213, 32.224917715898407 ], [ 35.168547684238092, 32.224942514891538 ], [ 35.168548841347921, 32.224967314215498 ], [ 35.168550847044642, 32.22499202339565 ], [ 35.168553383659443, 32.2250168231106 ], [ 35.168557299119989, 32.225041532832002 ], [ 35.168562487757342, 32.225066242914139 ], [ 35.168568418619621, 32.225090953206362 ], [ 35.168575623355231, 32.225115664449973 ], [ 35.1685834640233, 32.225140284898131 ], [ 35.168592683506134, 32.225164906327031 ], [ 35.16860254116083, 32.225187273052185 ], [ 35.168613033830475, 32.225211894249227 ], [ 35.168625543483842, 32.225234262313926 ], [ 35.168637946813803, 32.225256629756501 ], [ 35.168651728997688, 32.225278907203347 ], [ 35.168666254106853, 32.225301185449368 ], [ 35.168681947648295, 32.225321209140134 ], [ 35.16869838184445, 32.225343487921734 ], [ 35.168715454213967, 32.225363511997635 ], [ 35.168733799805167, 32.225383446636769 ], [ 35.168752251004278, 32.225403471096634 ], [ 35.168772506565375, 32.225421151975752 ], [ 35.168792867585715, 32.225441086583423 ], [ 35.168813760631423, 32.225456513342543 ], [ 35.16883550136189, 32.22547419403876 ], [ 35.168858409681256, 32.225491785265874 ], [ 35.168881318156224, 32.225507211989623 ], [ 35.168905500731135, 32.22552029438971 ], [ 35.168929788767414, 32.225535631698314 ], [ 35.168954607912461, 32.225548804651957 ], [ 35.168980063690498, 32.225561887394697 ], [ 35.169006263270425, 32.225572716047715 ], [ 35.169033097879684, 32.225585799165806 ], [ 35.169059828640862, 32.225594283279086 ], [ 35.169087195091372, 32.225605112832277 ], [ 35.169114668054938, 32.225613686934921 ], [ 35.16914267201431, 32.225622171386064 ], [ 35.169171313404817, 32.225628492100199 ], [ 35.169199954139145, 32.225634722423273 ], [ 35.169228701173033, 32.225641042563076 ], [ 35.169257980068942, 32.225645018757731 ], [ 35.169732270467101, 32.225711249652733 ], [ 35.169719291998888, 32.225806203449878 ], [ 35.169459387573788, 32.2257813328835 ], [ 35.169429577500097, 32.22577961147212 ], [ 35.169400403156025, 32.225780144522496 ], [ 35.169370487483107, 32.225778332683554 ], [ 35.1693413131391, 32.225778865720287 ], [ 35.169311502202454, 32.225779398573565 ], [ 35.169282433356166, 32.225782095534377 ], [ 35.169252621550633, 32.225784882666304 ], [ 35.16922355179765, 32.225789924881205 ], [ 35.169194482910598, 32.225792712206164 ], [ 35.169166154545053, 32.225799918522704 ], [ 35.169137084782761, 32.225804960126943 ], [ 35.169108757103864, 32.225812166430821 ], [ 35.169081064446182, 32.225821627789237 ], [ 35.169053478078467, 32.225831178964924 ], [ 35.169025891739985, 32.22584063975021 ], [ 35.168998941988619, 32.225850100707746 ], [ 35.168972627254959, 32.225861816720965 ], [ 35.168947056133213, 32.22587353234649 ], [ 35.168921483434048, 32.225887502849858 ], [ 35.168896653650769, 32.225901473556675 ], [ 35.168872460453372, 32.225915443846745 ], [ 35.168848903181704, 32.225929325108133 ], [ 35.168825452015419, 32.225945550481264 ], [ 35.168803273368233, 32.225961685823989 ], [ 35.168781731271665, 32.225977911726531 ], [ 35.168760293958499, 32.225996302153938 ], [ 35.168740236850482, 32.22601469237626 ], [ 35.168720709337897, 32.226032992951232 ], [ 35.168702029461706, 32.226053638439524 ], [ 35.168683986866419, 32.226074284105067 ], [ 35.168667216792393, 32.226094839743276 ], [ 35.168651083305257, 32.226115396150007 ], [ 35.168635692736672, 32.22613595217404 ], [ 35.16862093787303, 32.226158762668682 ], [ 35.168607561863304, 32.226181483758339 ], [ 35.168594822406774, 32.226204295411172 ], [ 35.168583461806122, 32.226227017068972 ], [ 35.168572738490617, 32.226249738315538 ], [ 35.168562755821746, 32.226274714654409 ], [ 35.168553941588065, 32.226297437031199 ], [ 35.168546612354504, 32.226322324327427 ], [ 35.168539918982972, 32.226347301597123 ], [ 35.16853386223972, 32.226372188662644 ], [ 35.168529078876574, 32.226394822387341 ], [ 35.16852514299935, 32.226421964346613 ], [ 35.168522374903411, 32.226446762550964 ], [ 35.168520986331409, 32.226471561146731 ], [ 35.168520233625735, 32.226496449716493 ], [ 35.168520860481124, 32.226521248884112 ], [ 35.168522017638736, 32.226545957817777 ], [ 35.168524660619752, 32.226570757557418 ], [ 35.168527939540702, 32.226595467092999 ], [ 35.168532490774282, 32.226622431872642 ], [ 35.168537785130702, 32.22664714197964 ], [ 35.168544247935621, 32.226669598125312 ], [ 35.168552088692735, 32.226694308953817 ], [ 35.168560672419893, 32.226718929608026 ], [ 35.168721334776322, 32.227146778425826 ], [ 35.168891219799967, 32.227599337612617 ], [ 35.168898425001665, 32.227621793945438 ], [ 35.168904888875254, 32.227641905393135 ], [ 35.168910609778571, 32.227662107016194 ], [ 35.168915162929956, 32.227684562603201 ], [ 35.168918973986095, 32.227704853483196 ], [ 35.168922042835256, 32.227725054361095 ], [ 35.168924579806905, 32.227747599175224 ], [ 35.168925844297284, 32.227770053838547 ], [ 35.168926261051951, 32.227790344356151 ], [ 35.168926145962701, 32.227812888425724 ], [ 35.168924652862842, 32.227833268200811 ], [ 35.168922522314709, 32.227855812295324 ], [ 35.168919755999461, 32.227876191712859 ], [ 35.168915609955086, 32.227898825034941 ], [ 35.16891082821251, 32.227919113501969 ], [ 35.168905303457279, 32.22793958252884 ], [ 35.168899247583816, 32.227962215313845 ], [ 35.168891707397528, 32.227982593389569 ], [ 35.168884272810921, 32.228003061288014 ], [ 35.168875459401981, 32.228023439004886 ], [ 35.16886526797682, 32.228041652426072 ], [ 35.168855181308501, 32.228062119577032 ], [ 35.1688437166233, 32.228080422431916 ], [ 35.168831508148948, 32.228100889574712 ], [ 35.168819406880708, 32.228119101863818 ], [ 35.168161601372958, 32.229041342698913 ], [ 35.168145571995368, 32.229064152761893 ], [ 35.168130921974232, 32.229089218100889 ], [ 35.168116908797145, 32.229111938944996 ], [ 35.168104167912624, 32.229137004828679 ], [ 35.168092169312239, 32.229161980539892 ], [ 35.168081550271765, 32.229186956646224 ], [ 35.168071462202363, 32.229211932904207 ], [ 35.1680628577421, 32.229239163879306 ], [ 35.16805478449178, 32.229264050921344 ], [ 35.168048832823253, 32.229291282658018 ], [ 35.168042775749882, 32.229316170278892 ], [ 35.168038096649667, 32.229343311996537 ], [ 35.168034797151456, 32.229370364907986 ], [ 35.168032770850814, 32.22939750738837 ], [ 35.168031486842068, 32.229424560288614 ], [ 35.168031370631461, 32.229449359233307 ], [ 35.168032633093908, 32.22947641286602 ], [ 35.168034638510058, 32.229503466712337 ], [ 35.168037916505085, 32.229530431131039 ], [ 35.168041936760687, 32.229557395172293 ], [ 35.168047762132716, 32.229582105441075 ], [ 35.168053692945293, 32.229609070621976 ], [ 35.168061638564048, 32.229636035790961 ], [ 35.168070222434636, 32.229660656467097 ], [ 35.168079442032578, 32.229687532207343 ], [ 35.168090678031426, 32.229712154234704 ], [ 35.168101807701589, 32.22973677563968 ], [ 35.168115059248663, 32.229761307859171 ], [ 35.168128841747155, 32.229785930613865 ], [ 35.168143367444671, 32.229808208313749 ], [ 35.168159165495553, 32.229832741258768 ], [ 35.168175600374845, 32.22985502009292 ], [ 35.16819341556991, 32.229877208935946 ], [ 35.168211866664087, 32.229899487752022 ], [ 35.168230848981644, 32.229919422632491 ], [ 35.168251210885359, 32.229939357904627 ], [ 35.168272314168057, 32.229961547085807 ], [ 35.168293950224708, 32.229979228423858 ], [ 35.168316327661003, 32.229999164261031 ], [ 35.168339979276887, 32.230016755191407 ], [ 35.168364267523636, 32.23003434688956 ], [ 35.168389086920008, 32.230049774236662 ], [ 35.168414012695536, 32.230065111815584 ], [ 35.168440211724274, 32.230080449161036 ], [ 35.168467153059936, 32.230095696918482 ], [ 35.168493988920012, 32.230108780733346 ], [ 35.168522098728182, 32.230121864313304 ], [ 35.168550208769872, 32.230132603211551 ], [ 35.168579061740907, 32.230143432698398 ], [ 35.168608445041322, 32.230154172535222 ], [ 35.168637829196541, 32.230162747277099 ], [ 35.16866785001514, 32.230171232989299 ], [ 35.168697977175015, 32.230179718133641 ], [ 35.16872863481364, 32.230185949129329 ], [ 35.168759187511149, 32.230192179497216 ], [ 35.168790483355302, 32.230196156366667 ], [ 35.16882177850718, 32.230200133228166 ], [ 35.168852968898982, 32.230201855170534 ], [ 35.168884159986987, 32.230203577105385 ], [ 35.168916092644636, 32.230205299831489 ], [ 35.168947178274649, 32.230204767429996 ], [ 35.168979006168016, 32.230204235228882 ], [ 35.169010197437842, 32.2302037028415 ], [ 35.169041283939649, 32.230200916125945 ], [ 35.169073007274704, 32.230195784905241 ], [ 35.16910398830791, 32.23019074326281 ], [ 35.169134438354952, 32.230185702055408 ], [ 35.169164782723492, 32.230180750604781 ], [ 35.169195128861688, 32.230171200180671 ], [ 35.169225368484533, 32.230163904601518 ], [ 35.169255077987991, 32.230154353985796 ], [ 35.169283938886551, 32.230144803127324 ], [ 35.169312906251193, 32.230133087794137 ], [ 35.169341130514411, 32.230123536745836 ], [ 35.169369356466532, 32.230109567493557 ], [ 35.169396308301344, 32.230097851582585 ], [ 35.169423049880308, 32.230081627025179 ], [ 35.169449260334538, 32.230067566812878 ], [ 35.169474728651252, 32.230051341301653 ], [ 35.170115466972163, 32.229641298910721 ], [ 35.170297360592528, 32.229786985027516 ], [ 35.170244043473438, 32.22994351922997 ], [ 35.170196135841181, 32.230104382683741 ], [ 35.170154168966903, 32.230265158522073 ], [ 35.170118249218561, 32.230425845007488 ], [ 35.170088270139551, 32.230588698179602 ], [ 35.170064338248935, 32.230751462008151 ], [ 35.170046347242291, 32.230914137649236 ], [ 35.1700342963371, 32.231078889011727 ], [ 35.169944779385922, 32.232697012267245 ], [ 35.169800562645406, 32.235305901602345 ], [ 35.169799601676758, 32.235321682546314 ], [ 35.169798004903356, 32.235335208436069 ], [ 35.169795028276049, 32.235351079212322 ], [ 35.169792051682165, 32.23536685901346 ], [ 35.169788439248308, 32.235380474735273 ], [ 35.16978482526342, 32.235396345336618 ], [ 35.169779833861817, 32.23540996068045 ], [ 35.169774947250161, 32.235425830932805 ], [ 35.169768576184481, 32.235439445898145 ], [ 35.169762311458555, 32.235453060892283 ], [ 35.169755303694942, 32.235466766066615 ], [ 35.169747764789655, 32.235482634999983 ], [ 35.169739378215532, 32.235494085506026 ], [ 35.169731097159328, 32.235507699945501 ], [ 35.169722180101139, 32.235521404594131 ], [ 35.169712520038203, 32.235535109038196 ], [ 35.169702224168844, 32.235546558426897 ], [ 35.169691185294404, 32.235558008201444 ], [ 35.169680251901738, 32.235571712293279 ], [ 35.169135854791207, 32.236133457911407 ], [ 35.169080235489808, 32.236193049894318 ], [ 35.169027905820109, 32.236252552388663 ], [ 35.168977059834198, 32.236314309565593 ], [ 35.168928760298385, 32.236378231931646 ], [ 35.168883218657037, 32.236442155053631 ], [ 35.168840434732957, 32.236508333223405 ], [ 35.168800195913121, 32.236576586796851 ], [ 35.168762716356611, 32.236644930337512 ], [ 35.168727888405996, 32.236713185412029 ], [ 35.168695712576543, 32.236783604539312 ], [ 35.168666294484439, 32.23685627931691 ], [ 35.168639423943837, 32.236926610725412 ], [ 35.168615947127854, 32.236999196786357 ], [ 35.168595228101786, 32.237073948118649 ], [ 35.168577055763521, 32.237148609784342 ], [ 35.168562278748162, 32.237223273000069 ], [ 35.168400974811789, 32.238109852532745 ], [ 35.168399166834817, 32.23811896014606 ], [ 35.168396723604843, 32.238127977194203 ], [ 35.168394279643678, 32.238137084626253 ], [ 35.168391199039142, 32.23814610149266 ], [ 35.168388118398553, 32.238155208152413 ], [ 35.168384294733677, 32.238164315191092 ], [ 35.16838047268817, 32.238171077557567 ], [ 35.168376118687895, 32.238180184444801 ], [ 35.16837165903722, 32.238189290711034 ], [ 35.168366563596287, 32.238196143098236 ], [ 35.168361467264916, 32.238205249182542 ], [ 35.168355628798473, 32.238212101357405 ], [ 35.168349895786065, 32.238221207259635 ], [ 35.168343420603158, 32.238228149045732 ], [ 35.168336945454747, 32.238235001038063 ], [ 35.168330471000644, 32.238241852439508 ], [ 35.168323359171019, 32.238248704249393 ], [ 35.168315504975702, 32.238255645640386 ], [ 35.168308393839176, 32.238262496858859 ], [ 35.168300008611993, 32.238269438097213 ], [ 35.168292154448622, 32.238276289693289 ], [ 35.168283664461121, 32.238280976021557 ], [ 35.168275173580241, 32.238287917818795 ], [ 35.168266046911221, 32.238292603963892 ], [ 35.168258193636014, 32.23829720067905 ], [ 35.168250340324221, 32.238301887777887 ], [ 35.168241744915655, 32.238304229991456 ], [ 35.16823325492274, 32.238308916907066 ], [ 35.16822412824925, 32.238313603639874 ], [ 35.168215533533981, 32.238315945851838 ], [ 35.168206301407871, 32.23831837767414 ], [ 35.166505243976019, 32.23890899287732 ], [ 35.166402627825761, 32.23894458229816 ], [ 35.166299271388311, 32.23897340795741 ], [ 35.166194430215292, 32.239002233083134 ], [ 35.166088954145856, 32.239026639146708 ], [ 35.165981993894228, 32.239046445710791 ], [ 35.165874291222408, 32.239066342342127 ], [ 35.165766591107122, 32.239081729715679 ], [ 35.16565804279702, 32.239092608161435 ], [ 35.165548859430672, 32.239101231439996 ], [ 35.165438934631261, 32.239107690491835 ], [ 35.165329541429024, 32.239109550652309 ], [ 35.165220149885272, 32.23910915583987 ], [ 35.165110547591219, 32.23910425229132 ], [ 35.165000946977052, 32.239097094360282 ], [ 35.164891983346067, 32.239087681654631 ], [ 35.164783552728494, 32.239073760446168 ], [ 35.164675759114871, 32.239057585056926 ], [ 35.164568498541001, 32.239036900577027 ], [ 35.164462511715726, 32.239013871736418 ], [ 35.164357056926903, 32.23898867907161 ], [ 35.164252876892526, 32.238958887172792 ], [ 35.164149971983186, 32.238926841306068 ], [ 35.164049083189255, 32.238892451326983 ], [ 35.163948621811585, 32.23885364321211 ], [ 35.163850176566072, 32.238812490401131 ], [ 35.163753642501689, 32.238768994046424 ], [ 35.163659021244108, 32.238721079451672 ], [ 35.163565672100546, 32.238673074812624 ], [ 35.163474872539382, 32.23862047196954 ], [ 35.163386725776576, 32.238565615633611 ], [ 35.163299854192076, 32.238508504771616 ], [ 35.163216167499122, 32.238446795926841 ], [ 35.163134390959826, 32.238385087649817 ], [ 35.163055267961582, 32.238321036105781 ], [ 35.162979435143654, 32.238254730711063 ], [ 35.16212206925325, 32.237475763853041 ], [ 35.159253116617116, 32.234871074329618 ], [ 35.159215149815125, 32.234837965359425 ], [ 35.15917590977481, 32.234804766128562 ], [ 35.159135395986105, 32.234773910512104 ], [ 35.1590936077964, 32.234745309305879 ], [ 35.15905054632379, 32.234716707628856 ], [ 35.159006105183792, 32.234688195825761 ], [ 35.158961025868656, 32.234664192356405 ], [ 35.158914674392243, 32.234637934123583 ], [ 35.15886779038096, 32.234616184260823 ], [ 35.158819421528761, 32.234592179555591 ], [ 35.15877052013591, 32.234572683218516 ], [ 35.158720982760094, 32.234553277607581 ], [ 35.158670170274995, 32.234536125214611 ], [ 35.158619464149261, 32.234518973430447 ], [ 35.158567376827811, 32.23450632970404 ], [ 35.158515290653995, 32.234491431076314 ], [ 35.158462035263256, 32.234481041171954 ], [ 35.15840867284885, 32.234470651796897 ], [ 35.158355416300004, 32.2344626065209 ], [ 35.15830152315349, 32.234454470606039 ], [ 35.158247096684363, 32.234450934027478 ], [ 35.158192670960254, 32.234447307041513 ], [ 35.158138138159231, 32.234443770377133 ], [ 35.158083816497168, 32.234444651961446 ], [ 35.158028751100034, 32.234445623633775 ], [ 35.157974428740516, 32.234446505761561 ], [ 35.157920210379579, 32.234451986276774 ], [ 35.157865885717463, 32.234457376936092 ], [ 35.157812408491267, 32.234465112558183 ], [ 35.157758825656472, 32.234472758325154 ], [ 35.157705452493211, 32.234484912135159 ], [ 35.157652610735866, 32.23449490280462 ], [ 35.157600509695953, 32.234509311920974 ], [ 35.157549150938294, 32.234523721290991 ], [ 35.157497791701495, 32.23454038492941 ], [ 35.157447915930824, 32.234559213593975 ], [ 35.157397934447815, 32.234578131992997 ], [ 35.157349330781678, 32.234599215381053 ], [ 35.157301468877861, 32.234622644291228 ], [ 35.157254349296153, 32.234645982485105 ], [ 35.157208501833303, 32.23467157601646 ], [ 35.157164034041074, 32.234697079662496 ], [ 35.157120200969374, 32.234724928203853 ], [ 35.157077110913391, 32.234752686623835 ], [ 35.156698838866205, 32.235020732192041 ], [ 35.156670076786767, 32.235039208159584 ], [ 35.156641314648724, 32.235057773913987 ], [ 35.156611174023972, 32.235074084260525 ], [ 35.156580501891533, 32.235092649278748 ], [ 35.156548983464866, 32.235106705390493 ], [ 35.156517463846569, 32.235123015192436 ], [ 35.156484672084808, 32.235137070805656 ], [ 35.156451775108401, 32.23514896187465 ], [ 35.156418242208368, 32.235160762309398 ], [ 35.15638407259442, 32.235172652877566 ], [ 35.156349797169199, 32.235182198722732 ], [ 35.156314886421761, 32.235191834110388 ], [ 35.156279869818725, 32.235199215158836 ], [ 35.156244322893123, 32.235206596586252 ], [ 35.15620856516432, 32.235211723043307 ], [ 35.156172913772856, 32.235216849530822 ], [ 35.156136519378009, 32.235221975724521 ], [ 35.156100126171644, 32.235224847618973 ], [ 35.1560643701198, 32.235225464866666 ], [ 35.156027872457827, 32.235226082411145 ], [ 35.155991374100637, 32.235226699354072 ], [ 35.155954876938807, 32.235225062588441 ], [ 35.155918380473643, 32.235223425221776 ], [ 35.155882416027318, 32.23521727947039 ], [ 35.155846557423409, 32.235213388038638 ], [ 35.155810592985901, 32.235207242266817 ], [ 35.155775265906499, 32.2352010961392 ], [ 35.155739938184361, 32.235194860798742 ], [ 35.15570525017695, 32.23518420631914 ], [ 35.155670560279447, 32.235175806118519 ], [ 35.155636508297974, 32.235165062071779 ], [ 35.155602351835121, 32.235152153479753 ], [ 35.155569574391414, 32.235139155027063 ], [ 35.155536796908692, 32.235126246950053 ], [ 35.155505187663913, 32.23511099523374 ], [ 35.155473684771216, 32.235095742959921 ], [ 35.155442818546113, 32.235080490924851 ], [ 35.155412590197798, 32.235062984840177 ], [ 35.155382893435515, 32.235043134280886 ], [ 35.155354680727491, 32.235025628373243 ], [ 35.153827028257801, 32.233971662314097 ], [ 35.153768483429651, 32.233934395244759 ], [ 35.153708559756836, 32.23389703780159 ], [ 35.153647361532713, 32.233862024491927 ], [ 35.153584253411012, 32.233827009793856 ], [ 35.153519869478572, 32.233796594104881 ], [ 35.15345474334697, 32.233766087699571 ], [ 35.153387812345301, 32.233737925796838 ], [ 35.153320243476699, 32.233712017299737 ], [ 35.153251398825908, 32.233690617420336 ], [ 35.153181918774408, 32.233667052749674 ], [ 35.1531111629319, 32.233647996693257 ], [ 35.15303976994992, 32.233631104243763 ], [ 35.152967844670975, 32.233616556802055 ], [ 35.152895176429155, 32.233602008425898 ], [ 35.152822612697896, 32.233591969220825 ], [ 35.152748880007572, 32.233584274170397 ], [ 35.152675041041483, 32.233576488649199 ], [ 35.152601412209187, 32.233573211750489 ], [ 35.152527040344644, 32.233570025478947 ], [ 35.152452772311122, 32.233571257401572 ], [ 35.152379247261607, 32.233572489586351 ], [ 35.152304977243013, 32.233575975711062 ], [ 35.152230917964708, 32.233584061433611 ], [ 35.152157494677034, 32.233592056400617 ], [ 35.152084812375378, 32.233602307102906 ], [ 35.152012234505492, 32.233617065795372 ], [ 35.151940292563722, 32.233631825300805 ], [ 35.151868985948859, 32.233648839319017 ], [ 35.151798526639944, 32.233668107939295 ], [ 35.151728702700055, 32.233689541281187 ], [ 35.151660363399415, 32.233713229493652 ], [ 35.151592658659943, 32.233739262608083 ], [ 35.151525694973607, 32.233767369517331 ], [ 35.151460005184482, 32.233795567899534 ], [ 35.15139579801842, 32.233828275448516 ], [ 35.151332863460937, 32.233860893114802 ], [ 35.151271412211784, 32.233898020543052 ], [ 35.151211871530577, 32.233932804071344 ], [ 35.151153176756004, 32.233972186891208 ], [ 35.151096390615869, 32.234013734984558 ], [ 35.151041727106438, 32.234055193564004 ], [ 35.149100387110913, 32.235596666258566 ], [ 35.149086799701543, 32.235608113116683 ], [ 35.149072364951152, 32.235617395106907 ], [ 35.149058035844597, 32.235626677141731 ], [ 35.149042963732427, 32.235635958849478 ], [ 35.149027998654105, 32.235645240602302 ], [ 35.149012290569885, 32.235654522027708 ], [ 35.148996477508952, 32.235661548525457 ], [ 35.148980134126006, 32.235668575379385 ], [ 35.148963684398673, 32.23567560218455 ], [ 35.148947234668817, 32.235682628987554 ], [ 35.148930149590242, 32.235687491014104 ], [ 35.148913063889808, 32.235694516942779 ], [ 35.148895235803657, 32.235699379229153 ], [ 35.148877409836892, 32.235701896249985 ], [ 35.148859688839693, 32.235706667603395 ], [ 35.148841756473615, 32.23570927495669 ], [ 35.148823929808415, 32.235711791969706 ], [ 35.148805467120845, 32.235714399084642 ], [ 35.148786898785346, 32.235717006150381 ], [ 35.148769073490719, 32.235717268867319 ], [ 35.1487505051536, 32.235719875927714 ], [ 35.148731938924882, 32.235717883433473 ], [ 35.147703104588828, 32.235708318536027 ], [ 35.147695146905086, 32.23570849514357 ], [ 35.147687825938441, 32.235708582242857 ], [ 35.147680506316483, 32.235706504846895 ], [ 35.147673186045388, 32.235706591354898 ], [ 35.147665866479713, 32.235704424164631 ], [ 35.147659287765755, 32.235704601388953 ], [ 35.147651862553708, 32.23570243415044 ], [ 35.147644542933058, 32.23570035675241 ], [ 35.147637860030208, 32.235698189255686 ], [ 35.147630540466423, 32.235696021472634 ], [ 35.147623857508009, 32.235693944359376 ], [ 35.147617174605763, 32.235691777452274 ], [ 35.147610491704199, 32.235689609954115 ], [ 35.147603808802586, 32.235687443046331 ], [ 35.147597021601477, 32.235683111005123 ], [ 35.147591081008656, 32.235680944430293 ], [ 35.147584930525653, 32.235676522881157 ], [ 35.147578885690059, 32.235672101379215 ], [ 35.147572838756879, 32.235669934164967 ], [ 35.147567430583003, 32.235665513539494 ], [ 35.147562022410014, 32.235661092323049 ], [ 35.147556614181276, 32.23565676149056 ], [ 35.147551206009318, 32.235652340273624 ], [ 35.147546434555117, 32.235647828958683 ], [ 35.147541768691866, 32.235643408075269 ], [ 35.147536997182286, 32.235638987144156 ], [ 35.147532226382268, 32.235632311924228 ], [ 35.147528091534525, 32.235627891279243 ], [ 35.147524698994332, 32.235623471558917 ], [ 35.147520565608076, 32.235616706241174 ], [ 35.147517173069033, 32.235612285929889 ], [ 35.14751367628817, 32.235605611282651 ], [ 35.147510920466793, 32.235601100873559 ], [ 35.147508059652324, 32.235594426512428 ], [ 35.147505305236344, 32.235587661814883 ], [ 35.147503186019698, 32.235583242667154 ], [ 35.147501068264859, 32.235576478256142 ], [ 35.147498844807295, 32.235569804181694 ], [ 35.147497467955127, 32.235565294393147 ], [ 35.147495986861422, 32.235558530268648 ], [ 35.147495142427822, 32.235551767021555 ], [ 35.147494297994719, 32.235545003183681 ], [ 35.147493557746991, 32.235540584065916 ], [ 35.147493349974248, 32.235533820514711 ], [ 35.147493247847805, 32.2355270576018 ], [ 35.147493040075098, 32.235520294050566 ], [ 35.147493574609072, 32.235513530833579 ], [ 35.147494850795475, 32.235508932446002 ], [ 35.147495279682602, 32.235502169181409 ], [ 35.147496450876162, 32.235495406251047 ], [ 35.14749825872898, 32.235488644198043 ], [ 35.148053308957053, 32.233346272936089 ], [ 35.14861577515331, 32.231179013002745 ], [ 35.148626624118769, 32.231133748847846 ], [ 35.148635458921454, 32.231086228921711 ], [ 35.148643019080531, 32.231040963313681 ], [ 35.148648565026633, 32.230993532319339 ], [ 35.14865135242178, 32.230946189901246 ], [ 35.148652972949456, 32.230898757174536 ], [ 35.148652575825302, 32.230853668232534 ], [ 35.148650058858969, 32.230806413858062 ], [ 35.148645631319283, 32.23075915923117 ], [ 35.148639931226469, 32.230711903451628 ], [ 35.148631577616626, 32.230666901382193 ], [ 35.148621209123448, 32.230619733925522 ], [ 35.148609460371659, 32.230574820149187 ], [ 35.148595803078337, 32.230527741031594 ], [ 35.148580128905216, 32.230482915903039 ], [ 35.148562544873585, 32.230438089928533 ], [ 35.148543580535723, 32.230395608016416 ], [ 35.148522601387498, 32.23035087032887 ], [ 35.148499817344025, 32.230308386720942 ], [ 35.148475548043415, 32.230265992835768 ], [ 35.148448731587003, 32.230225851518291 ], [ 35.148421279217821, 32.230183456213091 ], [ 35.147274149532834, 32.228581928360633 ], [ 35.147264503764092, 32.228568577839319 ], [ 35.147256236916263, 32.228555137556292 ], [ 35.147247970014298, 32.228541787657015 ], [ 35.147240339782613, 32.22852834766077 ], [ 35.14723334821425, 32.228512743454957 ], [ 35.147227096847445, 32.228499304672219 ], [ 35.147221377867112, 32.228483610656966 ], [ 35.147215765221844, 32.228467917280284 ], [ 35.147211423693371, 32.228454478769926 ], [ 35.147207720244829, 32.228438696463037 ], [ 35.147204016741313, 32.228423003949551 ], [ 35.147201056183299, 32.228407311181364 ], [ 35.14719936749087, 32.228393784077348 ], [ 35.147197679516289, 32.228378002091326 ], [ 35.147196628847439, 32.228362220393656 ], [ 35.147196320370654, 32.228346529416172 ], [ 35.147197285226682, 32.228330658836995 ], [ 35.147198250026108, 32.228314878051307 ], [ 35.147199850739881, 32.228299097553368 ], [ 35.147202088813913, 32.228283227550193 ], [ 35.147205067666839, 32.228269701967285 ], [ 35.147208684596208, 32.228253832587846 ], [ 35.147212301524704, 32.22823796261752 ], [ 35.147217296591535, 32.228224348152807 ], [ 35.147222929677312, 32.22820847968493 ], [ 35.147228560654909, 32.228194865507398 ], [ 35.14723482965114, 32.228178996735778 ], [ 35.1472424768411, 32.228165293085041 ], [ 35.147250017639102, 32.228151679770058 ], [ 35.147258407766145, 32.228137976454192 ], [ 35.147267327414532, 32.228124363761452 ], [ 35.147276247811782, 32.228110660684038 ], [ 35.147286547060951, 32.228096958228981 ], [ 35.147296951230167, 32.228085510702861 ], [ 35.14730788708151, 32.228071808533613 ], [ 35.147319563822734, 32.228060271196028 ], [ 35.147331241199879, 32.2280488236512 ], [ 35.147343554486611, 32.228037376983082 ], [ 35.147356504434867, 32.228025839625971 ], [ 35.147369560655982, 32.228014393290557 ], [ 35.147383252130474, 32.228005111147645 ], [ 35.147397580209756, 32.227995829290307 ], [ 35.147411909692835, 32.227984293140295 ], [ 35.147426978604983, 32.227977265905288 ], [ 35.147442049559359, 32.227968074762025 ], [ 35.147457755073859, 32.227961047810204 ], [ 35.147473462047429, 32.227951676181021 ], [ 35.14748991049639, 32.227944650150505 ], [ 35.147506252610356, 32.227937623479207 ], [ 35.14752280528856, 32.22793285119225 ], [ 35.147539890337463, 32.227925825441645 ], [ 35.147557610643915, 32.227920963881758 ], [ 35.147574799923461, 32.227916191874229 ], [ 35.147592519531223, 32.227911330309126 ], [ 35.147610344706919, 32.227908813465007 ], [ 35.147628275575663, 32.227906206281482 ], [ 35.147646100054395, 32.227903689432019 ], [ 35.147663924532154, 32.227901172580012 ], [ 35.14768238567197, 32.227898565626816 ], [ 35.147700315080982, 32.227898303108475 ], [ 35.147718881152898, 32.227897950488732 ], [ 35.149679116585013, 32.227871400679291 ], [ 35.149734178101518, 32.227870432048888 ], [ 35.149789771238481, 32.227867209923154 ], [ 35.149845365023509, 32.22786173289073 ], [ 35.149900217848817, 32.227854091607 ], [ 35.149955071413842, 32.227846359915397 ], [ 35.150009287614296, 32.227838718310053 ], [ 35.150063294571822, 32.227826477032878 ], [ 35.150116770492183, 32.227814326479603 ], [ 35.150169506188355, 32.227799920703589 ], [ 35.150221499571757, 32.2277832597048 ], [ 35.150273388687779, 32.227764254554543 ], [ 35.150324004463847, 32.227745429016103 ], [ 35.150373879362739, 32.227724258464505 ], [ 35.150423117632599, 32.227703088212039 ], [ 35.150470977614745, 32.227679752263271 ], [ 35.15051820229683, 32.227654162324392 ], [ 35.150564684710254, 32.227628571460841 ], [ 35.150609788883145, 32.227600725701734 ], [ 35.150653514128599, 32.227572969724413 ], [ 35.150695863152635, 32.227540703972586 ], [ 35.150737573575761, 32.22751060243359 ], [ 35.150777269739798, 32.227478425912217 ], [ 35.150816225010402, 32.227443904387854 ], [ 35.150853165377811, 32.227407217499405 ], [ 35.150888831882838, 32.227372784943341 ], [ 35.150923121463052, 32.227333842619814 ], [ 35.150956030104389, 32.22729724437918 ], [ 35.150987561195635, 32.227258391255674 ], [ 35.151016441532192, 32.227217282121828 ], [ 35.151044685188054, 32.227176263096688 ], [ 35.151070913376714, 32.227135243214654 ], [ 35.15109512672165, 32.227091968185178 ], [ 35.15111796120474, 32.227048692569547 ], [ 35.151138779479538, 32.227005506484289 ], [ 35.151158325229133, 32.226962319268544 ], [ 35.151175219489147, 32.226916967025275 ], [ 35.151190734896161, 32.226871614199005 ], [ 35.151204234852742, 32.226826260522294 ], [ 35.151804899666558, 32.224629061060575 ], [ 35.151816489181591, 32.224583796891459 ], [ 35.151825956971678, 32.224538531838498 ], [ 35.15183425791512, 32.224493265708539 ], [ 35.151839695472489, 32.22444583447853 ], [ 35.15184396489073, 32.224400657055277 ], [ 35.15184611384057, 32.224353314841359 ], [ 35.15184645807404, 32.224308226169804 ], [ 35.151844681897188, 32.2242608823233 ], [ 35.151841631262471, 32.224215792239619 ], [ 35.151836460171459, 32.224168536774364 ], [ 35.151829484322874, 32.224123625235521 ], [ 35.151820493158418, 32.224078623064059 ], [ 35.151809381547345, 32.224031455509994 ], [ 35.151796358858761, 32.22398663124617 ], [ 35.151782699654966, 32.223941717512851 ], [ 35.151766492745885, 32.223899236597461 ], [ 35.151748166200427, 32.223854410709997 ], [ 35.151728670797105, 32.223811929010168 ], [ 35.151707054411311, 32.223769446422963 ], [ 35.151684164194876, 32.223726963300585 ], [ 35.15165936360853, 32.223686823463673 ], [ 35.151632546983826, 32.22364668337088 ], [ 35.151605094500589, 32.223606543006575 ], [ 35.151574989354792, 32.223566491321236 ], [ 35.151544247049408, 32.22352869365541 ], [ 35.151061468418632, 32.222961994494185 ], [ 35.15104917007131, 32.222948643130529 ], [ 35.151037510259343, 32.22293312753537 ], [ 35.151025851126406, 32.222915267261399 ], [ 35.151014827947208, 32.222899662139184 ], [ 35.151005183548143, 32.222884057007604 ], [ 35.150995539775366, 32.222866197581972 ], [ 35.150987169897277, 32.222848248900149 ], [ 35.150979435222894, 32.222832645164132 ], [ 35.150972444126339, 32.222814696473165 ], [ 35.150965346705298, 32.222796748327546 ], [ 35.150959628756759, 32.222778800173927 ], [ 35.150955185271307, 32.222758598855982 ], [ 35.150950739774167, 32.222740651239818 ], [ 35.150947037871006, 32.222722704528614 ], [ 35.15094460846872, 32.222704667970966 ], [ 35.1509421790145, 32.222686721797594 ], [ 35.150941024074704, 32.222666430894328 ], [ 35.150940610017869, 32.222648395188699 ], [ 35.150940938858085, 32.222630359797186 ], [ 35.150941692934211, 32.222610070291793 ], [ 35.150943931536808, 32.222591945323352 ], [ 35.150946170085625, 32.222573910739229 ], [ 35.150949787457471, 32.222555786353574 ], [ 35.15095393507054, 32.222537662782699 ], [ 35.1509588255783, 32.222519538934975 ], [ 35.150963716084114, 32.222501415086988 ], [ 35.150970621926767, 32.222483292681325 ], [ 35.150977422135476, 32.22246516963984 ], [ 35.150984964594464, 32.222446957117924 ], [ 35.150993248575197, 32.222431088996153 ], [ 35.151002700734303, 32.222412877279858 ], [ 35.151012257203583, 32.222396919900561 ], [ 35.151022452250203, 32.222378708496429 ], [ 35.151034129058331, 32.222365006304436 ], [ 35.151045701601021, 32.222348959389159 ], [ 35.151058547223144, 32.222333003394425 ], [ 35.151071392198602, 32.222316957013611 ], [ 35.151084979390234, 32.22230325562267 ], [ 35.151099308134427, 32.222289464749252 ], [ 35.151114167811066, 32.222275673507227 ], [ 35.151129133809121, 32.22226188289897 ], [ 35.151145372938103, 32.222248092234494 ], [ 35.151161716379299, 32.22223655649637 ], [ 35.151178696383759, 32.22222502102413 ], [ 35.151195676436579, 32.222213395165184 ], [ 35.151213929566914, 32.222201860223954 ], [ 35.151232182050308, 32.222190234895379 ], [ 35.151250540185934, 32.222180954286799 ], [ 35.151269534242495, 32.222171583558399 ], [ 35.151289271187899, 32.22216221372998 ], [ 35.151309006819417, 32.222155097600989 ], [ 35.151329379014399, 32.222147982326895 ], [ 35.15134975120619, 32.222140867049482 ], [ 35.151370123395154, 32.222133751178056 ], [ 35.151391236470332, 32.222128890498588 ], [ 35.15298218531602, 32.221714008469391 ], [ 35.15299926555025, 32.221711490558938 ], [ 35.153016454122977, 32.221706628011781 ], [ 35.153034277244274, 32.221704110398555 ], [ 35.153052100364931, 32.221701592192076 ], [ 35.153069923534716, 32.221698984780154 ], [ 35.153087852979006, 32.221696466611775 ], [ 35.153105674880962, 32.221696113488314 ], [ 35.153123603057992, 32.221695850199112 ], [ 35.15314216784936, 32.221695496781088 ], [ 35.153159353136843, 32.221695233185599 ], [ 35.153178022989195, 32.221697134689641 ], [ 35.153195949902617, 32.221699125683692 ], [ 35.153213878130309, 32.221698772588034 ], [ 35.153231167218372, 32.221703017612818 ], [ 35.153728227857222, 32.221777975206685 ], [ 35.153764186866702, 32.221784121578594 ], [ 35.153800782999177, 32.221788013901303 ], [ 35.15383727475178, 32.221789651877693 ], [ 35.153873870889605, 32.221793544179242 ], [ 35.153911000506113, 32.221792837710872 ], [ 35.15394738718232, 32.221792220728773 ], [ 35.153983879488507, 32.221791604369045 ], [ 35.154020903971407, 32.221788733326186 ], [ 35.15405739821334, 32.221785862061274 ], [ 35.154093681043037, 32.221780736407709 ], [ 35.154129329239879, 32.221773356197382 ], [ 35.154165718386281, 32.221768230565402 ], [ 35.154200623682918, 32.22176084944897 ], [ 35.154236272406386, 32.221751214914633 ], [ 35.154271178878304, 32.221741669869566 ], [ 35.154305343739097, 32.221729779842534 ], [ 35.154339509285933, 32.221717889806506 ], [ 35.154372400951829, 32.221706089641522 ], [ 35.154405931101635, 32.221692035426443 ], [ 35.154437976745463, 32.221675635346493 ], [ 35.154469490857956, 32.221661580317665 ], [ 35.154500263998493, 32.22164527010365 ], [ 35.15453103766373, 32.221626705588257 ], [ 35.154560433205276, 32.221608230906405 ], [ 35.154589191526306, 32.221589665582158 ], [ 35.154617208126872, 32.221568935458841 ], [ 35.154644482570454, 32.221548115243415 ], [ 35.154670485749691, 32.22152513002154 ], [ 35.154695851658211, 32.221502145134423 ], [ 35.154720475312807, 32.221479249153347 ], [ 35.154743825879393, 32.221456263464404 ], [ 35.154766435418324, 32.221431112388899 ], [ 35.154787665544852, 32.221405870974216 ], [ 35.154808364679333, 32.221380719731997 ], [ 35.154827580593704, 32.221353403404173 ], [ 35.154846159984437, 32.221325996439369 ], [ 35.154863466193056, 32.221298679357254 ], [ 35.154879392944629, 32.221271361732242 ], [ 35.154893942157024, 32.221241789271481 ], [ 35.154907855494535, 32.221212216559934 ], [ 35.154920388634118, 32.221182733100228 ], [ 35.154931649389241, 32.221153159347509 ], [ 35.15494153133892, 32.22112367484791 ], [ 35.154950775978804, 32.221094280482568 ], [ 35.154958006573736, 32.221062540649982 ], [ 35.154964600030645, 32.221033145246388 ], [ 35.154969815260436, 32.221001495009162 ], [ 35.154973651044465, 32.220969844232201 ], [ 35.154976318813986, 32.22094044729262 ], [ 35.154977609006494, 32.22090888531369 ], [ 35.154977519757047, 32.220877323386034 ], [ 35.154976051762638, 32.22084576032843 ], [ 35.154973947162702, 32.220814287406213 ], [ 35.154969933587012, 32.220782813737387 ], [ 35.154965176486073, 32.22075124998382 ], [ 35.154958615419417, 32.220722119996935 ], [ 35.154951207115374, 32.220690644999358 ], [ 35.154942523739074, 32.220661514181181 ], [ 35.15493256917128, 32.220630128570455 ], [ 35.154921234647723, 32.220600996713102 ], [ 35.154908626324641, 32.220571864355932 ], [ 35.1548952757759, 32.220542821500437 ], [ 35.154880758448513, 32.220513778777104 ], [ 35.154864756066303, 32.220484735470073 ], [ 35.154847585685758, 32.2204579454068 ], [ 35.153074502513128, 32.217703658638406 ], [ 35.153036769752568, 32.217647913302514 ], [ 35.152996279594809, 32.217592257218264 ], [ 35.152953243347383, 32.217536600084522 ], [ 35.152908932762585, 32.217483286505882 ], [ 35.152861969195804, 32.217432226716078 ], [ 35.152812990454841, 32.21738116608617 ], [ 35.152761464310217, 32.217332449076487 ], [ 35.152708663879181, 32.21728598582002 ], [ 35.152653848227146, 32.217239612100848 ], [ 35.152597121755562, 32.217195491870257 ], [ 35.152538484462688, 32.217153625716477 ], [ 35.152478468483615, 32.217111848762784 ], [ 35.152415799525571, 32.217072324985153 ], [ 35.15235259912653, 32.21703505525312 ], [ 35.152288123736128, 32.217000039850184 ], [ 35.152221738158794, 32.216967368305994 ], [ 35.152153973943072, 32.216934695566344 ], [ 35.152085039706719, 32.216906621872731 ], [ 35.152015469729342, 32.216878457493507 ], [ 35.151943986869433, 32.216854891848932 ], [ 35.151872398421744, 32.216831325529228 ], [ 35.151799641973838, 32.216810012978684 ], [ 35.151725611895827, 32.216790954742081 ], [ 35.15165094332297, 32.21677415049141 ], [ 35.151575743212625, 32.216759690654776 ], [ 35.151500435501113, 32.216747485024101 ], [ 35.151424702665302, 32.216737443672443 ], [ 35.151348225635871, 32.216729746643352 ], [ 35.151271217099321, 32.216724303640426 ], [ 35.15119420725928, 32.216721114885772 ], [ 35.149272023854323, 32.216665914116597 ], [ 35.148453259667654, 32.21607777515711 ], [ 35.14844965067374, 32.216081831410818 ], [ 35.147283400480326, 32.214296509847436 ] ] ] } },
{ "type": "Feature", "properties": { "Physical_M": 1, "Designatio": 1, "Status_sim": 1, "Physical_1": "Fence", "Designat_1": "Main Barrier", "Status_sip": "Planned", "Shape_Leng": 7996.5161928300004 }, "geometry": { "type": "MultiLineString", "coordinates": [ [ [ 35.147283400480326, 32.214296509847436 ], [ 35.146572815733322, 32.213954051835096 ], [ 35.146828444184258, 32.212621339082169 ], [ 35.146430658318131, 32.211977377643223 ], [ 35.144988883117215, 32.211409218534236 ], [ 35.144467632967171, 32.210791344005862 ], [ 35.14358056784711, 32.210318027098587 ], [ 35.142730336869192, 32.209658234273263 ], [ 35.141955509748307, 32.208722077399756 ], [ 35.140630302961185, 32.207657947070942 ], [ 35.139355189429637, 32.206742712645877 ], [ 35.139055587786004, 32.205955574983768 ], [ 35.139431462696606, 32.204934863385077 ], [ 35.140107694491959, 32.203765419919542 ], [ 35.14075898534405, 32.202595959466798 ], [ 35.141234961339777, 32.201554010516524 ], [ 35.141878650363218, 32.199980092031254 ], [ 35.141480739368681, 32.195641154887376 ], [ 35.141477094145827, 32.191999127455624 ], [ 35.140527179041982, 32.188568361751088 ], [ 35.139669500759688, 32.186760934124187 ], [ 35.139580246045298, 32.185069324371149 ], [ 35.137991798202094, 32.183418868650385 ], [ 35.136462512329885, 32.182853179440016 ], [ 35.136373148459498, 32.18139215208236 ], [ 35.136600242075161, 32.180008216702809 ], [ 35.136148764054404, 32.179277529461352 ], [ 35.136330379805024, 32.178162661778643 ], [ 35.136014698869566, 32.177201279633699 ], [ 35.135090270084746, 32.176009429954959 ], [ 35.134493666060841, 32.174867352076497 ], [ 35.133903418413567, 32.174027283251149 ], [ 35.132955489227712, 32.173134616265308 ], [ 35.132018754579882, 32.172724312578616 ], [ 35.131191025321506, 32.171249598826492 ], [ 35.127990804032365, 32.169843717563715 ], [ 35.126790493854308, 32.169630255783083 ], [ 35.125889497964167, 32.170395496042623 ], [ 35.12533802182606, 32.171926743440032 ], [ 35.125586448930981, 32.173884041989695 ], [ 35.125656302094171, 32.175138016054802 ], [ 35.125396858910179, 32.176233612544941 ], [ 35.125148836034462, 32.180907222128354 ], [ 35.124819226702847, 32.182064904718111 ], [ 35.124488174351214, 32.183163969785923 ], [ 35.124234898098848, 32.184561663549225 ], [ 35.123774083573018, 32.186208566814905 ], [ 35.123746148604368, 32.186260852332808 ], [ 35.123382241281021, 32.186949491590411 ] ] ] } },
{ "type": "Feature", "properties": { "Physical_M": 2, "Designatio": 1, "Status_sim": 0, "Physical_1": "Wall", "Designat_1": "Main Barrier", "Status_sip": "Completed", "Shape_Leng": 823.51799662799999 }, "geometry": { "type": "MultiLineString", "coordinates": [ [ [ 35.220030283175703, 31.866665698825955 ], [ 35.220198069707152, 31.86652968262478 ], [ 35.220407701602703, 31.866386536114849 ], [ 35.22080194050492, 31.866221812096168 ], [ 35.222420640889752, 31.865658941742474 ], [ 35.222865172164909, 31.865487079347758 ], [ 35.223304625029996, 31.865295917689881 ], [ 35.223690498137735, 31.865095382816779 ], [ 35.224034320332201, 31.864930746777457 ], [ 35.224470499722251, 31.864773219486619 ], [ 35.224780839729029, 31.864694349835947 ], [ 35.225233719461301, 31.864565495540901 ], [ 35.225544060461353, 31.864493839237642 ], [ 35.225862743784866, 31.864400717091474 ], [ 35.22618142141755, 31.864286130469537 ], [ 35.226533687426183, 31.864114270993898 ], [ 35.226860796069403, 31.863913827075052 ], [ 35.227699351735843, 31.86330521265165 ] ] ] } },
{ "type": "Feature", "properties": { "Physical_M": 2, "Designatio": 1, "Status_sim": 0, "Physical_1": "Wall", "Designat_1": "Main Barrier", "Status_sip": "Completed", "Shape_Leng": 2028.6110532099999 }, "geometry": { "type": "MultiLineString", "coordinates": [ [ [ 35.227699351735843, 31.86330521265165 ], [ 35.227567079773564, 31.862922975824407 ], [ 35.227707568057873, 31.8628466406733 ], [ 35.227642981662726, 31.862734899092359 ], [ 35.227721016326775, 31.862688259143969 ], [ 35.227525820830401, 31.862375233185674 ], [ 35.228384263129108, 31.862095316617722 ], [ 35.228345218832473, 31.862015393597854 ], [ 35.22867298308973, 31.861895435274896 ], [ 35.228641748699857, 31.861835492857146 ], [ 35.229258256272168, 31.861615564653111 ], [ 35.228914631928056, 31.860783021566835 ], [ 35.227517741545448, 31.861276188930468 ], [ 35.227189959947324, 31.861322874373425 ], [ 35.226815337458838, 31.861309618856353 ], [ 35.226729480336445, 31.861282990306126 ], [ 35.226507812684979, 31.861075562491546 ], [ 35.226004376410415, 31.860467184690634 ], [ 35.225777864984387, 31.860173767528785 ], [ 35.225660403372451, 31.859887456586439 ], [ 35.225542951354015, 31.859636948078272 ], [ 35.225500951527714, 31.859415014881044 ], [ 35.225391763474185, 31.858792319373418 ], [ 35.225265733267705, 31.857980603436829 ], [ 35.225005457816259, 31.85644158315144 ], [ 35.224829089865111, 31.855403605061273 ], [ 35.224702547591086, 31.854621558479533 ], [ 35.224617580409017, 31.854061895617384 ], [ 35.22461752942111, 31.85382832156909 ], [ 35.224641036876633, 31.853578691616587 ], [ 35.224673941758226, 31.853300922369151 ], [ 35.224820025725172, 31.852631199877653 ], [ 35.224890780232037, 31.852466153419673 ], [ 35.224970931133122, 31.85227287840285 ], [ 35.225074643051933, 31.852075540824845 ], [ 35.225668893976362, 31.85130636153098 ], [ 35.226173557694217, 31.850617728458108 ], [ 35.226456413965963, 31.850243239308437 ], [ 35.22691861313519, 31.849633520782461 ] ] ] } },
{ "type": "Feature", "properties": { "Physical_M": 2, "Designatio": 1, "Status_sim": 0, "Physical_1": "Wall", "Designat_1": "Main Barrier", "Status_sip": "Completed", "Shape_Leng": 567.94363569799998 }, "geometry": { "type": "MultiLineString", "coordinates": [ [ [ 35.22691861313519, 31.849633520782461 ], [ 35.227325670961683, 31.849092890702341 ], [ 35.227781633487822, 31.848517980753105 ], [ 35.228135242795787, 31.848058973277045 ], [ 35.228257843981901, 31.847819694498803 ], [ 35.228342739755767, 31.84763047441626 ], [ 35.228399332445314, 31.847489507084074 ], [ 35.228460556161444, 31.847280180537563 ], [ 35.228592465417037, 31.846684225659207 ], [ 35.228719738885459, 31.846144635721028 ], [ 35.228771562229177, 31.845951273145587 ], [ 35.228842281766674, 31.84569964861285 ], [ 35.22891765705505, 31.845478144209146 ], [ 35.228992660578612, 31.845327999334803 ], [ 35.229040152864542, 31.845188346737693 ], [ 35.229111960558896, 31.845038311109583 ], [ 35.229149519344766, 31.844952442338464 ] ] ] } },
{ "type": "Feature", "properties": { "Physical_M": 1, "Designatio": 1, "Status_sim": 1, "Physical_1": "Fence", "Designat_1": "Main Barrier", "Status_sip": "Planned", "Shape_Leng": 21718.4171522 }, "geometry": { "type": "MultiLineString", "coordinates": [ [ [ 35.351516331342118, 31.792175148519259 ], [ 35.35208615935921, 31.792446708785299 ], [ 35.352485257002662, 31.793193813674687 ], [ 35.353243626616916, 31.79393207544253 ], [ 35.354705471874652, 31.794808116223543 ], [ 35.356978081369647, 31.795359772488645 ], [ 35.358601513651855, 31.795773563271844 ], [ 35.360170403285757, 31.79595643965088 ], [ 35.361685940254056, 31.796555200226877 ], [ 35.36276908593603, 31.797339177121636 ], [ 35.363799189975083, 31.798769917867961 ], [ 35.364179765774303, 31.799878158373325 ], [ 35.364560589123521, 31.801125009844714 ], [ 35.365590362133482, 31.802324865776498 ], [ 35.366838050531953, 31.804328151019423 ], [ 35.368193574452242, 31.806128101563694 ], [ 35.369442405464994, 31.808713492995732 ], [ 35.369498941572829, 31.810099269846727 ], [ 35.368797818670728, 31.811301331238369 ], [ 35.367663718382992, 31.81241141594673 ], [ 35.366312948819989, 31.813383335252581 ], [ 35.364908849548151, 31.814863400778531 ], [ 35.364478034202968, 31.816018832117859 ], [ 35.364588762158235, 31.817450715485652 ], [ 35.364428978092384, 31.818929202623167 ], [ 35.364051817695731, 31.819853604840318 ], [ 35.36351297082809, 31.821101605818317 ], [ 35.362865924487522, 31.822395912415871 ], [ 35.362813344289918, 31.823273732583694 ], [ 35.362545098688486, 31.824659912847874 ], [ 35.362168159543472, 31.825676746654 ], [ 35.361412871630577, 31.82701735308617 ], [ 35.360981878974208, 31.828126597505435 ], [ 35.36098398463745, 31.829373829093058 ], [ 35.361147822683911, 31.83025138054602 ], [ 35.360554219874452, 31.831222211231861 ], [ 35.359311146344851, 31.832055310446844 ], [ 35.358044192940952, 31.833089804835094 ], [ 35.358100653773903, 31.833376068045165 ], [ 35.358101286519833, 31.833757813123981 ], [ 35.358101682047334, 31.83399643709193 ], [ 35.358102038116328, 31.834211253125513 ], [ 35.358074795982084, 31.834664636520547 ], [ 35.357935828449612, 31.835141963315458 ], [ 35.35762897537758, 31.835476461871973 ], [ 35.357210170039203, 31.835763297474259 ], [ 35.356539758965411, 31.836002635511004 ], [ 35.355897182052409, 31.83614661284231 ], [ 35.355142615536238, 31.836219114397959 ], [ 35.354388086335213, 31.836315419993902 ], [ 35.35374527389078, 31.836316176194916 ], [ 35.353214006650319, 31.836245193449951 ], [ 35.35259895998518, 31.83610279062583 ], [ 35.352123112600168, 31.835673801559697 ], [ 35.351926749490516, 31.835220678934295 ], [ 35.351618631939871, 31.83483929003452 ], [ 35.351254665208167, 31.834410168697548 ], [ 35.350639264413623, 31.834100737570633 ], [ 35.350415219090699, 31.833838471456268 ], [ 35.350079224992534, 31.833457111305911 ], [ 35.349910869701084, 31.833003952721995 ], [ 35.349910420405607, 31.8327176217676 ], [ 35.349686230319293, 31.832359940571347 ], [ 35.349406535360998, 31.832240947371215 ], [ 35.348847481504528, 31.832217774714731 ], [ 35.348540048697124, 31.832194224995096 ], [ 35.348400331853917, 31.832218281575685 ], [ 35.348260355699942, 31.832075229266611 ], [ 35.348232283002446, 31.831955948723227 ], [ 35.347975230430578, 31.831244603001494 ], [ 35.347540514659975, 31.830948480423569 ], [ 35.347112086441342, 31.830549449540662 ], [ 35.346636842608618, 31.830478376350428 ], [ 35.346161671729114, 31.830455008268423 ], [ 35.345826180473267, 31.830383866064029 ], [ 35.345350756430378, 31.830193475944537 ], [ 35.344735400778568, 31.829812409974299 ], [ 35.344343459728378, 31.829431005672003 ], [ 35.34411962068512, 31.829216525368683 ], [ 35.343281214807675, 31.828926151348675 ], [ 35.3424139219143, 31.828669621953164 ], [ 35.341491594107495, 31.828622821655795 ], [ 35.340792850335681, 31.828623572577033 ], [ 35.340233645863457, 31.828409444437554 ], [ 35.339283121134812, 31.828219537847112 ], [ 35.338500407086435, 31.828148849575037 ], [ 35.337773780322657, 31.828149613295285 ], [ 35.336990832594061, 31.82784020082407 ], [ 35.336291891069934, 31.827697806831644 ], [ 35.335285301756734, 31.82736471704699 ], [ 35.334418967783492, 31.827389503629835 ], [ 35.333468764187415, 31.827414369416168 ], [ 35.332881757579493, 31.827319459691257 ], [ 35.331819208835455, 31.826914883326545 ], [ 35.331092461910238, 31.82682019498786 ], [ 35.330393763890605, 31.826844787733908 ], [ 35.32969483974739, 31.826702266458263 ], [ 35.329023524335348, 31.826273472822823 ], [ 35.328380301683701, 31.825916163272129 ], [ 35.327793373961832, 31.8258690267687 ], [ 35.327010688140774, 31.825798177926679 ], [ 35.326312070424883, 31.825798849178945 ], [ 35.32550165630721, 31.825847330062025 ], [ 35.32466355972646, 31.826134456839867 ], [ 35.324160777666997, 31.82630195109251 ], [ 35.323546164311836, 31.826493445936876 ], [ 35.322959357277512, 31.826541701062141 ], [ 35.322593872995149, 31.826680724741031 ], [ 35.321938871923038, 31.826669918701388 ], [ 35.320922460097712, 31.826260002607 ], [ 35.320186575516615, 31.825701458526787 ], [ 35.31955786323887, 31.825325415210802 ], [ 35.318768501439962, 31.824744086250966 ], [ 35.317965976110528, 31.824322539402008 ], [ 35.317109564001925, 31.823547247953275 ], [ 35.316667346317949, 31.822623220926488 ], [ 35.316413824411434, 31.82175158897515 ], [ 35.316022311162911, 31.821513307914387 ], [ 35.315435445893485, 31.821489922317571 ], [ 35.314959958922337, 31.821156297094909 ], [ 35.314708112302526, 31.820941788971766 ], [ 35.314204662460973, 31.820536579036723 ], [ 35.313924992133089, 31.820369800411534 ], [ 35.313673059078411, 31.819988180245236 ], [ 35.31342121234767, 31.819678255381181 ], [ 35.31294590934403, 31.819487743586301 ], [ 35.31233087357009, 31.819297348595523 ], [ 35.31196729331301, 31.819082929094691 ], [ 35.311603930151882, 31.818963923114843 ], [ 35.310059642334977, 31.818477051843519 ], [ 35.308409537522031, 31.818552632109245 ], [ 35.307367455165775, 31.818701741219304 ], [ 35.306644570830727, 31.819443902403414 ], [ 35.305921244500126, 31.819889446665165 ], [ 35.305182923161013, 31.820538362831826 ], [ 35.304948745769543, 31.82081712448435 ], [ 35.304794838644717, 31.821094470085924 ], [ 35.304822668490885, 31.822215067294689 ], [ 35.305406476138671, 31.825733561180009 ], [ 35.305465623568764, 31.8267964152781 ], [ 35.304076881752394, 31.827736860926532 ], [ 35.303701212987065, 31.828478731978876 ], [ 35.302804433736711, 31.829196296387572 ], [ 35.301907719242358, 31.829987984780157 ], [ 35.301416301978236, 31.830779357783282 ], [ 35.301436088240735, 31.831517493128629 ], [ 35.30112997816785, 31.832140802490851 ], [ 35.300713229180786, 31.832628830313233 ], [ 35.299573859099688, 31.83315275068486 ], [ 35.297428007580166, 31.833077140683098 ], [ 35.294048737232522, 31.832978020422225 ], [ 35.29223610252663, 31.832827686644396 ], [ 35.290783302125455, 31.832602141091691 ], [ 35.289561466901539, 31.831960679164631 ], [ 35.288596784749622, 31.830879843008088 ], [ 35.287940319415263, 31.830342512635049 ], [ 35.286295200044215, 31.829863445903161 ], [ 35.285507951309448, 31.828564317936575 ], [ 35.285833177554871, 31.8274703666786 ], [ 35.286773816766782, 31.826056948288429 ], [ 35.286825575503691, 31.825582279545387 ], [ 35.285833929446291, 31.823995960861993 ], [ 35.284009167677915, 31.823033054473171 ], [ 35.282277577374167, 31.822920765623866 ], [ 35.281390650804951, 31.821772999447301 ], [ 35.281897612457932, 31.820096361267531 ], [ 35.282383658865143, 31.819947261480994 ], [ 35.283290407143674, 31.819693016427966 ], [ 35.284022284954943, 31.819487844637745 ], [ 35.285237043180572, 31.819149251198191 ], [ 35.286649758998124, 31.818851551947269 ], [ 35.287704113888694, 31.818568682226044 ], [ 35.289113151500231, 31.818077875192351 ], [ 35.289858653867135, 31.81755620595057 ], [ 35.290536198575708, 31.816880184811712 ], [ 35.291123416491764, 31.816300717545559 ], [ 35.291710717183541, 31.815817744020958 ], [ 35.292265656653157, 31.815518764284395 ], [ 35.292930798420784, 31.815160545413821 ], [ 35.293699228810603, 31.815024913591341 ], [ 35.294447144214672, 31.815082464367606 ], [ 35.295281694639606, 31.815062391756193 ], [ 35.295620319982653, 31.814656774248153 ], [ 35.294816937288537, 31.814468052736643 ], [ 35.294227792214521, 31.81432958685431 ], [ 35.293709244661159, 31.814128752641263 ], [ 35.293355256647622, 31.813939524943926 ], [ 35.292751545458415, 31.813471621934546 ], [ 35.291808147694127, 31.812958768242282 ], [ 35.290537305842797, 31.812270542066347 ], [ 35.288990356759911, 31.811748875291169 ], [ 35.287518270953306, 31.811310380762947 ], [ 35.286586456785287, 31.810940151274625 ], [ 35.285340892508657, 31.810460450776382 ], [ 35.283896059359655, 31.809984200012586 ], [ 35.282956999952077, 31.809755716975697 ], [ 35.28221888916007, 31.809240770884031 ], [ 35.281527144765718, 31.808847540430776 ], [ 35.280705853367074, 31.808488833853719 ], [ 35.279675476476285, 31.808273006942382 ], [ 35.278462497209198, 31.808040413478746 ], [ 35.277926414437445, 31.807746634966463 ], [ 35.276852331413728, 31.807125074221677 ], [ 35.276449795095417, 31.8068962359017 ], [ 35.276181379141669, 31.806667321320571 ], [ 35.275866149059304, 31.806532944715986 ], [ 35.274906989002609, 31.806324433387903 ], [ 35.273822334724144, 31.806204544603844 ], [ 35.273431558197991, 31.806153442605993 ], [ 35.272863276336729, 31.805980506701776 ], [ 35.27206695731212, 31.805753128184477 ], [ 35.271218155551594, 31.805524690506811 ], [ 35.270469254424995, 31.805289521813879 ], [ 35.269071734552874, 31.804895866410664 ], [ 35.26799856823979, 31.804552806779917 ], [ 35.267260776272465, 31.80432410694938 ], [ 35.265994002985749, 31.804222367734265 ], [ 35.264801722028523, 31.803695183931126 ], [ 35.263187745919701, 31.802934518695093 ], [ 35.262074857346704, 31.802663574233037 ], [ 35.261774447366271, 31.802498900523702 ], [ 35.261435272992777, 31.802322795797021 ], [ 35.261199362024705, 31.802259952344038 ], [ 35.260727557706701, 31.802159444049643 ], [ 35.260403219498478, 31.802134407825704 ], [ 35.260005185361926, 31.802134582334457 ], [ 35.259474587518611, 31.80232365927785 ], [ 35.259120838194747, 31.802424529811365 ], [ 35.258894865960855, 31.80245947492233 ] ] ] } },
{ "type": "Feature", "properties": { "Physical_M": 1, "Designatio": 1, "Status_sim": 1, "Physical_1": "Fence", "Designat_1": "Main Barrier", "Status_sip": "Planned", "Shape_Leng": 3717.5976449099999 }, "geometry": { "type": "MultiLineString", "coordinates": [ [ [ 35.288625560169379, 31.767410443270951 ], [ 35.288590053069797, 31.767326172225388 ], [ 35.288444793337433, 31.766733036892219 ], [ 35.288114098878744, 31.766292614414372 ], [ 35.288028489999391, 31.765940230617037 ], [ 35.287885912853682, 31.765624318130225 ], [ 35.287672196992489, 31.765199149292965 ], [ 35.287501248815204, 31.764907604895544 ], [ 35.287330193355977, 31.76449458260106 ], [ 35.287173432274741, 31.764130069421977 ], [ 35.287144629425434, 31.76378982298662 ], [ 35.287186938439085, 31.763413095688474 ], [ 35.287689315170397, 31.763097213397309 ], [ 35.288296760740778, 31.762948551738251 ], [ 35.289367088571993, 31.762824199858983 ], [ 35.290187722603186, 31.762644273403932 ], [ 35.290726256152325, 31.762064385401402 ], [ 35.290957063509261, 31.761339958487167 ], [ 35.29153436616712, 31.759905814533752 ], [ 35.291360185253296, 31.759320095958351 ], [ 35.291272682529467, 31.758529149330254 ], [ 35.291185389537837, 31.757960596202164 ], [ 35.291156123066465, 31.757589868221924 ], [ 35.291155569665491, 31.756996635851284 ], [ 35.290978361638949, 31.756666140876245 ], [ 35.291077750441019, 31.756398676520998 ], [ 35.291248138121517, 31.756094819406599 ], [ 35.291347374308579, 31.755778745808701 ], [ 35.291531858286781, 31.755426179158299 ], [ 35.291773301221525, 31.755037228876432 ], [ 35.292114375887657, 31.754757422633954 ], [ 35.292341715792382, 31.75452639413588 ], [ 35.292711376261188, 31.754343875771774 ], [ 35.292952960769746, 31.754222139182243 ], [ 35.293152021464643, 31.754112697182709 ], [ 35.293322537522954, 31.753954575280392 ], [ 35.29337928742094, 31.753808707683685 ], [ 35.293379171124649, 31.753687138862244 ], [ 35.293279375036931, 31.753407727000301 ], [ 35.29309421653042, 31.753152724562238 ], [ 35.292909117484292, 31.752958415575488 ], [ 35.292795202005088, 31.752812666669506 ], [ 35.292539015962561, 31.752557622268959 ], [ 35.292396615949052, 31.752424067138936 ], [ 35.292339498396274, 31.752181059696227 ], [ 35.292353608344179, 31.752035221940623 ], [ 35.292424538038858, 31.751816385137865 ], [ 35.292623442243929, 31.751658244500231 ], [ 35.293007302905565, 31.751548674583859 ], [ 35.293305930820914, 31.751487682362765 ], [ 35.293689813948156, 31.751402370046311 ], [ 35.293989418287332, 31.751369783159049 ], [ 35.294408293178051, 31.751345589218751 ], [ 35.294715550904925, 31.751369270474029 ], [ 35.295246067105587, 31.751321185689967 ], [ 35.296083851612316, 31.751416000738434 ], [ 35.296893751312332, 31.751487022215525 ], [ 35.297591820502632, 31.751391007926784 ], [ 35.298484836813181, 31.75088928651801 ], [ 35.299182462977434, 31.750363806220577 ], [ 35.299600892450528, 31.749910136715226 ], [ 35.299768239224512, 31.749766888741529 ], [ 35.29996343086912, 31.749504215941954 ], [ 35.299963112279855, 31.749194071816586 ], [ 35.299990712402611, 31.748836108728014 ], [ 35.299962278912837, 31.748382773010508 ], [ 35.299850275696031, 31.748048813247578 ], [ 35.299738224306026, 31.747667055980966 ], [ 35.299570288053921, 31.747333138363629 ], [ 35.299346498509465, 31.746975362834416 ], [ 35.299206637842097, 31.746641423773852 ], [ 35.29943020872259, 31.746269967519826 ], [ 35.299614878852019, 31.746148261206304 ], [ 35.299771177812801, 31.745941621746059 ], [ 35.299771003375987, 31.745771443648135 ], [ 35.299770754249366, 31.745528396721276 ], [ 35.299798881891704, 31.745273243299835 ], [ 35.299898227237776, 31.745102990633747 ], [ 35.300154031588825, 31.744884101603102 ], [ 35.300608885257468, 31.74467714597543 ], [ 35.300836368367086, 31.744628364815025 ], [ 35.301078043324971, 31.744628181674781 ], [ 35.301405201784782, 31.744627933025331 ], [ 35.301589993051103, 31.744627792207687 ], [ 35.301874383899168, 31.744603224880596 ], [ 35.302101866158658, 31.744554441462277 ], [ 35.302371107642948, 31.74457506724093 ] ] ] } },
{ "type": "Feature", "properties": { "Physical_M": 1, "Designatio": 1, "Status_sim": 1, "Physical_1": "Fence", "Designat_1": "Main Barrier", "Status_sip": "Planned", "Shape_Leng": 1439.5334431399999 }, "geometry": { "type": "MultiLineString", "coordinates": [ [ [ 35.233341138596735, 31.712408690805045 ], [ 35.233039547945268, 31.712163726521609 ], [ 35.232761810225213, 31.711945270519418 ], [ 35.232395854718916, 31.711651438353964 ], [ 35.232122548485258, 31.711425493997002 ], [ 35.231902105604121, 31.711225872360906 ], [ 35.231659627951167, 31.711071437324748 ], [ 35.231410156551071, 31.710807699032927 ], [ 35.231070712988462, 31.710596827541956 ], [ 35.230784237949607, 31.710412278309565 ], [ 35.230528585203245, 31.710287966135038 ], [ 35.230272953721801, 31.710235259646133 ], [ 35.230021662966848, 31.71023909859559 ], [ 35.229642799027125, 31.710525511575753 ], [ 35.229387122315543, 31.710698897850065 ], [ 35.22921530661597, 31.710842055200423 ], [ 35.229078706289947, 31.710909900333487 ], [ 35.228360409781899, 31.711034402832166 ], [ 35.228197332777341, 31.711117313736786 ], [ 35.228122478290146, 31.711305724125943 ], [ 35.228122519549608, 31.711467696624531 ], [ 35.228078440627968, 31.711543099194241 ], [ 35.227875707348744, 31.711674987493314 ], [ 35.227703846046857, 31.711652382707054 ], [ 35.227448235740937, 31.711693914264693 ], [ 35.22728961894267, 31.711904885208426 ], [ 35.227346937719751, 31.712040513273404 ], [ 35.227562921443628, 31.712157263829756 ], [ 35.227823007301573, 31.712289157459757 ], [ 35.227994907698189, 31.712458583016371 ], [ 35.228083143416903, 31.712613053747457 ], [ 35.228052261354335, 31.712726151315675 ], [ 35.227898040692473, 31.712801484402728 ], [ 35.227682094626736, 31.71284300910245 ], [ 35.227368244093505, 31.712878869440814 ], [ 35.226879061275881, 31.712946775850167 ], [ 35.226667543359682, 31.712980722871087 ], [ 35.226425089411066, 31.7129091582425 ], [ 35.226248811348022, 31.712954370849406 ], [ 35.226019688539623, 31.713048653611203 ], [ 35.225852197730248, 31.713229502526513 ], [ 35.225662791923824, 31.713542206219554 ], [ 35.225539421119173, 31.713824866188723 ], [ 35.225380802164601, 31.714058471602549 ], [ 35.225231051787453, 31.714329772826162 ], [ 35.225081183267434, 31.714546060800142 ], [ 35.224913802808778, 31.71476830367336 ], [ 35.22470664034708, 31.714960521363185 ], [ 35.224459908100044, 31.715126320449752 ], [ 35.224151361319826, 31.715341099074234 ], [ 35.22385443822057, 31.715649396863018 ], [ 35.223846421174599, 31.715656703268994 ] ] ] } },
{ "type": "Feature", "properties": { "Physical_M": 1, "Designatio": 1, "Status_sim": 0, "Physical_1": "Fence", "Designat_1": "Main Barrier", "Status_sip": "Completed", "Shape_Leng": 1105.1562490700001 }, "geometry": { "type": "MultiLineString", "coordinates": [ [ [ 35.195200307371429, 31.723632009681261 ], [ 35.195036874288654, 31.723587897358744 ], [ 35.194576219698583, 31.723523470874362 ], [ 35.194325000496804, 31.723498379750641 ], [ 35.194018495011193, 31.72345903427626 ], [ 35.193591396645083, 31.723369445612235 ], [ 35.193377744762579, 31.723301428081438 ], [ 35.193201974113357, 31.723215556758554 ], [ 35.193000989394989, 31.723104521006313 ], [ 35.19287110870804, 31.723083045777152 ], [ 35.192741325981942, 31.723118837314271 ], [ 35.192657542125716, 31.723186828894587 ], [ 35.192607308704019, 31.72326555530487 ], [ 35.192611512382427, 31.723398037803609 ], [ 35.192703598143112, 31.723602044049134 ], [ 35.193030085275311, 31.724174747694796 ], [ 35.193038514004925, 31.724274943625147 ], [ 35.193021726066554, 31.724371620309036 ], [ 35.192946381374647, 31.72444673779756 ], [ 35.19283748659722, 31.724496871057667 ], [ 35.192665816306864, 31.724511194558772 ], [ 35.192452157443256, 31.724482495805518 ], [ 35.192238602594969, 31.724468136464306 ], [ 35.192075373696774, 31.724478942975779 ], [ 35.191891037287526, 31.724532585117661 ], [ 35.191752912577769, 31.724600570749889 ], [ 35.191254523182657, 31.724987052878532 ], [ 35.191160719786801, 31.725004989739091 ], [ 35.191068606847814, 31.725004980149006 ], [ 35.190980610897029, 31.724994239147097 ], [ 35.190888506268962, 31.724936961964325 ], [ 35.190804741349353, 31.724854614065457 ], [ 35.19076297003064, 31.724772271196084 ], [ 35.190361077927506, 31.724038483483795 ], [ 35.190273095449292, 31.723945402980039 ], [ 35.190134890966512, 31.723841584438496 ], [ 35.189971679003463, 31.723748495291417 ], [ 35.18977902493728, 31.723687688887768 ], [ 35.189603141477903, 31.723662597070035 ], [ 35.189381251503249, 31.723662571145169 ], [ 35.189180246406252, 31.723698350650018 ], [ 35.188954020074206, 31.72375910852843 ], [ 35.188451547435811, 31.723920116758407 ], [ 35.187953190922983, 31.724063266774145 ], [ 35.187651725035117, 31.724170547716227 ], [ 35.187421370702772, 31.724288659597914 ], [ 35.187202722929584, 31.724435361177733 ], [ 35.187093818428082, 31.72452129225708 ], [ 35.186938902634104, 31.724650145250006 ] ] ] } },
{ "type": "Feature", "properties": { "Physical_M": 2, "Designatio": 1, "Status_sim": 0, "Physical_1": "Wall", "Designat_1": "Main Barrier", "Status_sip": "Completed", "Shape_Leng": 1313.5331069 }, "geometry": { "type": "MultiLineString", "coordinates": [ [ [ 35.202142999233793, 31.721464727114174 ], [ 35.202329408581122, 31.721240396672211 ], [ 35.202533915246626, 31.721167664124614 ], [ 35.203103557120109, 31.721023555634339 ], [ 35.202820803999572, 31.72050309543425 ], [ 35.202605365479158, 31.720062629133736 ], [ 35.202912076538517, 31.719955853986132 ], [ 35.203128676527477, 31.720412102277582 ], [ 35.203929163940792, 31.72015697413692 ], [ 35.203980757265143, 31.720108725285776 ], [ 35.203978963875556, 31.720063723261845 ], [ 35.203461774167721, 31.719414208448264 ], [ 35.202664034473571, 31.719703152587691 ], [ 35.202562852304723, 31.71974544795183 ], [ 35.202473910079945, 31.719746979760945 ], [ 35.202451754335847, 31.719731557910237 ], [ 35.202433397301533, 31.71964795662231 ], [ 35.202383294616226, 31.719069870199089 ], [ 35.202351747827613, 31.719072665340711 ], [ 35.202273585087056, 31.718305099808351 ], [ 35.201768106174896, 31.718428914544369 ], [ 35.201431542702572, 31.718475262137748 ], [ 35.201429630873086, 31.718869911305827 ], [ 35.201585773469077, 31.719088162723743 ], [ 35.201861252694918, 31.718968402545155 ], [ 35.201897653344766, 31.718945225787792 ], [ 35.202147809345647, 31.718868753803026 ], [ 35.2021561435634, 31.718918175121317 ], [ 35.202199612151048, 31.718915200040666 ], [ 35.202242016396411, 31.719300380686814 ], [ 35.202315543044698, 31.719801629349053 ], [ 35.202256353375496, 31.719807129854775 ], [ 35.202269645645174, 31.719879909494228 ], [ 35.202357212810064, 31.720057935696271 ], [ 35.202849624178441, 31.720943551546636 ], [ 35.202493613128247, 31.721076446609359 ], [ 35.202177822053734, 31.721211760682397 ], [ 35.201960580444904, 31.721242508185725 ] ] ] } },
{ "type": "Feature", "properties": { "Physical_M": 1, "Designatio": 1, "Status_sim": 0, "Physical_1": "Fence", "Designat_1": "Main Barrier", "Status_sip": "Completed", "Shape_Leng": 3847.6559630199999 }, "geometry": { "type": "MultiLineString", "coordinates": [ [ [ 35.16764615762645, 31.726826804948256 ], [ 35.168111833057239, 31.726999281214361 ], [ 35.16832730370129, 31.727248162350573 ], [ 35.168414405041077, 31.727388694913071 ], [ 35.168465849396881, 31.727784710961107 ], [ 35.168429559693536, 31.728037849449102 ], [ 35.16826532006737, 31.728182639697639 ], [ 35.167851080518012, 31.728406180275275 ], [ 35.167567373091138, 31.728709561117942 ], [ 35.167316818769606, 31.728961325027843 ], [ 35.166948358066044, 31.72932638052535 ], [ 35.166624147220759, 31.729552938215779 ], [ 35.166447206176976, 31.729918048231767 ], [ 35.166181800793332, 31.730446826262504 ], [ 35.166152726514966, 31.730809818336585 ], [ 35.166177105810647, 31.731081946400295 ], [ 35.166127994024272, 31.731395916048154 ], [ 35.165944206386911, 31.731636583161475 ], [ 35.165919524940044, 31.732097086919499 ], [ 35.165905909904708, 31.732536946928224 ], [ 35.16606288038485, 31.733015522789877 ], [ 35.165871074940064, 31.733474792720024 ], [ 35.165967209623865, 31.733975978209862 ], [ 35.166189432730306, 31.734511111204053 ], [ 35.16649533921742, 31.735044825364799 ], [ 35.166513800858226, 31.735835931398388 ], [ 35.166478332059725, 31.736125143083797 ], [ 35.166194923305589, 31.73656065028991 ], [ 35.165826169424797, 31.73692768115956 ], [ 35.165370504125342, 31.737185741525007 ], [ 35.165081282707149, 31.737370982088848 ], [ 35.164751507169328, 31.73762916878378 ], [ 35.164466428532712, 31.737992523873622 ], [ 35.164262845308741, 31.738284568095715 ], [ 35.16393369851982, 31.738540407975247 ], [ 35.163771495678674, 31.738795759729406 ], [ 35.163653055255111, 31.739122460552345 ], [ 35.163331463961654, 31.739702876363932 ], [ 35.162959464151406, 31.739959511603736 ], [ 35.162543503678805, 31.740110885715335 ], [ 35.162001537506306, 31.740264381285268 ], [ 35.161460502786042, 31.74045394866722 ], [ 35.161044432948493, 31.740603063369679 ], [ 35.160252950822958, 31.740832942735445 ], [ 35.160169352643379, 31.740870430869471 ], [ 35.159666283708468, 31.740878912809112 ], [ 35.159498804853868, 31.740881830343476 ], [ 35.159117694363303, 31.740743983522044 ], [ 35.158735564326832, 31.740536242045966 ], [ 35.15856156263991, 31.740286638771408 ], [ 35.158389020713074, 31.740073109586113 ], [ 35.158214298579921, 31.739789686215254 ], [ 35.158039279282256, 31.739467934206949 ], [ 35.157822980701454, 31.739185306896893 ], [ 35.1575568264712, 31.738576462852208 ], [ 35.157596558358705, 31.738469789099955 ], [ 35.157464774992008, 31.73821947838551 ], [ 35.157125889765275, 31.738080919739172 ], [ 35.156788552429219, 31.738014508408558 ], [ 35.156621078689923, 31.738017331776248 ], [ 35.15645195388656, 31.737948096462542 ], [ 35.156238140002046, 31.737773508608786 ], [ 35.156151240677737, 31.737666787392193 ], [ 35.156145356495102, 31.737414358205463 ], [ 35.156224824275085, 31.737198756473596 ], [ 35.156261342954807, 31.736981695757674 ], [ 35.156257215117648, 31.736801414866555 ], [ 35.156416956742767, 31.736440195641368 ], [ 35.156451823696926, 31.736150985970795 ], [ 35.15648990596673, 31.735969909772514 ], [ 35.156483194309629, 31.735683660856125 ], [ 35.156478240603718, 31.735467305790166 ], [ 35.156348940807142, 31.735325216249301 ], [ 35.155923803210321, 31.735082098079456 ], [ 35.155754876252288, 31.73504893572478 ], [ 35.1554173583745, 31.734946357034094 ], [ 35.155373498267771, 31.734875003659248 ], [ 35.155242550273158, 31.734660764673006 ], [ 35.155193546156326, 31.734339146836469 ], [ 35.155274857224171, 31.734229513952435 ], [ 35.155352761414647, 31.733975674134637 ], [ 35.155303844020182, 31.733690130183806 ], [ 35.155089218267669, 31.733477301468252 ], [ 35.154877892961487, 31.733408679251784 ], [ 35.154374039189115, 31.733381156577444 ], [ 35.154248043988737, 31.733383271744209 ], [ 35.152744921197517, 31.734259537160909 ], [ 35.151865397292838, 31.734611439462856 ], [ 35.151095997202027, 31.73465810647394 ], [ 35.150408915206796, 31.734869210269501 ], [ 35.149584590110052, 31.734821872123263 ], [ 35.148375094575336, 31.735666737759573 ] ] ] } },
{ "type": "Feature", "properties": { "Physical_M": 1, "Designatio": 1, "Status_sim": 1, "Physical_1": "Fence", "Designat_1": "Main Barrier", "Status_sip": "Planned", "Shape_Leng": 1153.20628687 }, "geometry": { "type": "MultiLineString", "coordinates": [ [ [ 35.168498457345734, 31.721858282125982 ], [ 35.168002738612195, 31.721564969862378 ], [ 35.167869961613505, 31.721224113141925 ], [ 35.167957255580376, 31.720249801370105 ], [ 35.168086481971464, 31.719832498488433 ], [ 35.168733751685842, 31.718971559370036 ], [ 35.169432511999943, 31.718142592383138 ], [ 35.169888559181217, 31.71771154207002 ], [ 35.170460961713353, 31.717309561044541 ], [ 35.171037212389173, 31.717050611669272 ], [ 35.1716580681395, 31.716847676139519 ], [ 35.172235227961465, 31.716686121211918 ], [ 35.172754264259154, 31.716495509910533 ], [ 35.173195636156656, 31.716338065426221 ], [ 35.173438245450342, 31.716164067457257 ], [ 35.173671067040722, 31.715915393708237 ], [ 35.173787524683263, 31.715645948833483 ], [ 35.173831269103253, 31.71544277246997 ], [ 35.173962530542795, 31.714421729570837 ], [ 35.173967452660456, 31.714210337114711 ] ] ] } },
{ "type": "Feature", "properties": { "Physical_M": 2, "Designatio": 2, "Status_sim": 0, "Physical_1": "Wall", "Designat_1": "Road Protection", "Status_sip": "Planned", "Shape_Leng": 2878.6116863000002 }, "geometry": { "type": "MultiLineString", "coordinates": [ [ [ 35.16714427418821, 31.705114110106312 ], [ 35.166890513621233, 31.705169815757188 ], [ 35.166327434858054, 31.705229560989959 ], [ 35.165469504273148, 31.705363588819928 ], [ 35.164766217455195, 31.705530712280396 ], [ 35.164014613551579, 31.705658564672103 ], [ 35.163507097677972, 31.705745172609777 ], [ 35.162917419101873, 31.705829686410915 ], [ 35.162226243482493, 31.70591416219537 ], [ 35.161614849937401, 31.705922223240435 ], [ 35.160988985499351, 31.705866231190782 ], [ 35.160343831284379, 31.705721393777008 ], [ 35.159896835030438, 31.705580755592866 ], [ 35.159435370865722, 31.705378131510447 ], [ 35.159047607963231, 31.70516017836967 ], [ 35.158757019616907, 31.704954163391488 ], [ 35.158400042144301, 31.704641616283734 ], [ 35.158184239863964, 31.704364622100158 ], [ 35.157914031733206, 31.704012740855394 ], [ 35.157618145787076, 31.703627441853481 ], [ 35.157386743425754, 31.70301105116371 ], [ 35.156949782638968, 31.701602191109689 ], [ 35.156494092601591, 31.699819072123169 ], [ 35.156556085480219, 31.699696254607048 ], [ 35.156499832417531, 31.699435270975815 ], [ 35.156505549590975, 31.699094114086527 ], [ 35.156450270191826, 31.698819271867244 ], [ 35.156262035871165, 31.698440136396485 ], [ 35.155924121611086, 31.698150971211678 ], [ 35.155508979743495, 31.697179458474746 ], [ 35.155332040572517, 31.6964117841943 ], [ 35.155348943205361, 31.695885838502896 ], [ 35.155521016998598, 31.695359951127973 ], [ 35.155953586687929, 31.694772565573285 ], [ 35.156430378208469, 31.694393680318139 ], [ 35.157139895871083, 31.694062262781689 ], [ 35.157865967836322, 31.693863520258986 ], [ 35.158220685889297, 31.693773621706047 ], [ 35.158761060686253, 31.693660543798327 ], [ 35.159944319708217, 31.693466243106972 ], [ 35.16059283016655, 31.693196383316931 ], [ 35.161008594369001, 31.692907488501465 ], [ 35.161307982907914, 31.692613814280829 ], [ 35.161829106288522, 31.692163848977582 ], [ 35.162122926185873, 31.691917554073601 ], [ 35.162416763723407, 31.69162861473777 ], [ 35.162649703361531, 31.691202242424144 ], [ 35.162765308353869, 31.691032379872496 ], [ 35.162842939200644, 31.690791880928437 ] ] ] } },
{ "type": "Feature", "properties": { "Physical_M": 1, "Designatio": 1, "Status_sim": 0, "Physical_1": "Fence", "Designat_1": "Main Barrier", "Status_sip": "Completed", "Shape_Leng": 38974.40152330001 }, "geometry": { "type": "MultiLineString", "coordinates": [ [ [ 34.888848555469494, 31.413054552189262 ], [ 34.892284601525795, 31.420518044362051 ], [ 34.892981137426382, 31.421951481797578 ], [ 34.893685655169918, 31.423139260543088 ], [ 34.894799256831575, 31.424857972038925 ], [ 34.896110304042608, 31.426861155462909 ], [ 34.896634017276533, 31.42805110791867 ], [ 34.897380464295857, 31.430922682014412 ], [ 34.897850256951379, 31.432813704312991 ], [ 34.898023395773023, 31.433458424262238 ], [ 34.89827996990909, 31.434161334356808 ], [ 34.898503520382178, 31.434734564552091 ], [ 34.898868632263515, 31.435444135697999 ], [ 34.899233899248138, 31.436074972049934 ], [ 34.899425042196377, 31.436361774939275 ], [ 34.900231545479869, 31.437394544952973 ], [ 34.901841495973805, 31.439412802802664 ], [ 34.902515205781448, 31.440244845931577 ], [ 34.90341335739344, 31.441356546078143 ], [ 34.903579304768236, 31.441700553075428 ], [ 34.90361187429464, 31.441943957417035 ], [ 34.903619352135784, 31.442237538210062 ], [ 34.903476174541773, 31.442602284171663 ], [ 34.903425186870869, 31.442888511964547 ], [ 34.90344914787115, 31.443225060769059 ], [ 34.903560310988894, 31.443464410551513 ], [ 34.903684852822813, 31.44366510141991 ], [ 34.903926348363726, 31.443873281561199 ], [ 34.904092964748813, 31.444009675828614 ], [ 34.904367969125957, 31.444167879106299 ], [ 34.904718280211803, 31.444297488157751 ], [ 34.905060472890703, 31.444334092804429 ], [ 34.905369500764131, 31.444313349512385 ], [ 34.905653582776978, 31.444263867889021 ], [ 34.906012796470662, 31.444207435392833 ], [ 34.906263175980065, 31.444236697710537 ], [ 34.906505132471104, 31.444301655407877 ], [ 34.906721894050541, 31.444416697895651 ], [ 34.906905045303716, 31.444581807531417 ], [ 34.907113211547546, 31.444754099018692 ], [ 34.907329929675605, 31.444883480675045 ], [ 34.907655346624217, 31.444970094068072 ], [ 34.910515787433255, 31.445062637263415 ], [ 34.910949620718426, 31.445163830662793 ], [ 34.911210963473778, 31.445322439370823 ], [ 34.911343872076991, 31.445544696717594 ], [ 34.911314300521639, 31.446055184385784 ], [ 34.911363550583175, 31.446320180185388 ], [ 34.91148786100235, 31.446635491964265 ], [ 34.911582095564711, 31.446812295936134 ], [ 34.911737091869384, 31.447036948268874 ], [ 34.912028512097294, 31.447302406388165 ], [ 34.912346353161354, 31.447495322779687 ], [ 34.912636637193167, 31.447754824442988 ], [ 34.912786257677801, 31.447984242950163 ], [ 34.91288567111139, 31.448256476937981 ], [ 34.912918199419479, 31.448521434017966 ], [ 34.9128087902562, 31.448793192737639 ], [ 34.912590806579104, 31.449100599119216 ], [ 34.912523271611313, 31.449336647704438 ], [ 34.912572748681747, 31.449530034148033 ], [ 34.912730815473665, 31.449716542609124 ], [ 34.912955864148564, 31.449845933688742 ], [ 34.913155675307912, 31.450039661238971 ], [ 34.913255025553227, 31.450333359664899 ], [ 34.913295977731103, 31.450562530482635 ], [ 34.913270186595284, 31.450805889902387 ], [ 34.913136109140488, 31.45095737228597 ], [ 34.912960403303217, 31.451064296183212 ], [ 34.912642866491503, 31.451142307884634 ], [ 34.91225032496304, 31.451184432926933 ], [ 34.911924282090354, 31.451291013031998 ], [ 34.91163140364921, 31.451490832114093 ], [ 34.911430366797227, 31.451690770791046 ], [ 34.911303910146835, 31.452062778312559 ], [ 34.911261319321099, 31.452327563153453 ], [ 34.911126728191512, 31.45264219247758 ], [ 34.910933144322009, 31.453150049317685 ], [ 34.910840072688615, 31.453543507298004 ], [ 34.910864374358212, 31.453779856234885 ], [ 34.91096386127883, 31.453994822091079 ], [ 34.911130394175821, 31.454167012117892 ], [ 34.911463845703338, 31.454353923450881 ], [ 34.912693467949396, 31.454572008671729 ], [ 34.912896763320497, 31.454628929243313 ], [ 34.91323303233775, 31.454723038817487 ], [ 34.913508609411686, 31.454745129274148 ], [ 34.914115434307966, 31.454818115737137 ], [ 34.914557688871504, 31.454933655725398 ], [ 34.914841291724869, 31.455048836235935 ], [ 34.915191240376622, 31.45531450964614 ], [ 34.915574124621223, 31.455716259790872 ], [ 34.915899173853724, 31.455903140640075 ], [ 34.916358116339218, 31.456034405253348 ], [ 34.917500978218371, 31.456423516105986 ], [ 34.917834451180973, 31.456610410914525 ], [ 34.918109998613197, 31.456782655510501 ], [ 34.918326476676498, 31.45700509209944 ], [ 34.918542564612956, 31.457356315813062 ], [ 34.918641129533675, 31.457743262408346 ], [ 34.918764918121617, 31.458208909215838 ], [ 34.91890617113976, 31.458466891817093 ], [ 34.919164164395539, 31.458775278572602 ], [ 34.919888639264833, 31.459442658665264 ], [ 34.920819893010972, 31.460242256877471 ], [ 34.921036213238864, 31.460521868180198 ], [ 34.922841883718789, 31.462709303699121 ], [ 34.925455033620644, 31.465839045756898 ], [ 34.925871740134816, 31.466147764398915 ], [ 34.926155327251266, 31.466284384107812 ], [ 34.92648904189133, 31.466406862701547 ], [ 34.926814487712136, 31.466479177669516 ], [ 34.928400563053088, 31.466776077712201 ], [ 34.928951374961535, 31.46689180255667 ], [ 34.929184946683122, 31.467006843669189 ], [ 34.92946001823428, 31.467179242339817 ], [ 34.929609941040432, 31.467329907635762 ], [ 34.929734904427626, 31.467451839292369 ], [ 34.930041852991977, 31.468168409621427 ], [ 34.930480145280505, 31.469636887137824 ], [ 34.930512689808658, 31.469951893533047 ], [ 34.930453288304939, 31.470259578016833 ], [ 34.929503749361878, 31.47223482435356 ], [ 34.929436302421145, 31.472449416999723 ], [ 34.929393376089713, 31.472843084969121 ], [ 34.929392392563905, 31.473179484352368 ], [ 34.929557946433334, 31.473709603614367 ], [ 34.929806427526742, 31.474418833344451 ], [ 34.929955860336335, 31.474741305278901 ], [ 34.930171947360456, 31.475085384076309 ], [ 34.930853954989011, 31.476096226021415 ], [ 34.932081678232265, 31.477883481090352 ], [ 34.932372856735192, 31.478284985123555 ], [ 34.932639467687885, 31.478521753421031 ], [ 34.932947899748697, 31.478744359986891 ], [ 34.933289754435449, 31.47894557171718 ], [ 34.933623276348072, 31.479153799733901 ], [ 34.933935132247633, 31.479431516377471 ], [ 34.934131362171051, 31.479663172384321 ], [ 34.934306028813225, 31.479928422364235 ], [ 34.934555259682725, 31.480394227447107 ], [ 34.934833292713385, 31.480725622241433 ], [ 34.935033153482351, 31.480940780095516 ], [ 34.935541625063365, 31.481321268928465 ], [ 34.936250190918273, 31.481838178539657 ], [ 34.936992229857587, 31.482355154132211 ], [ 34.937550485999417, 31.482850277631321 ], [ 34.938875083880582, 31.484098615853878 ], [ 34.93918198416673, 31.484465594867842 ], [ 34.939756937053112, 31.484982207513056 ], [ 34.939997854031795, 31.485462324224887 ], [ 34.940128266272389, 31.485830740057583 ], [ 34.940202388048263, 31.486231777743811 ], [ 34.940178302809343, 31.486638114367324 ], [ 34.939911909166327, 31.488516175934105 ], [ 34.939732534636029, 31.489911821228283 ], [ 34.939697720020746, 31.490427172257313 ], [ 34.939729007391357, 31.491164521447725 ], [ 34.939827938252179, 31.491651559430601 ], [ 34.939935443082078, 31.492009736259867 ], [ 34.940350073892212, 31.493115121113878 ], [ 34.942232295309601, 31.498203049424109 ], [ 34.943095352174467, 31.500302307500924 ], [ 34.943510777304525, 31.501147942616264 ], [ 34.943751873682658, 31.501585031638097 ], [ 34.944011674931026, 31.502072213025524 ], [ 34.944361127795744, 31.5026098098411 ], [ 34.944618962118007, 31.503011217165593 ], [ 34.944751733829044, 31.503340761509179 ], [ 34.944832170049921, 31.503716285266144 ], [ 34.944688977410337, 31.504109663420337 ], [ 34.944453478657266, 31.50468909143288 ], [ 34.944251464754316, 31.505225567647244 ], [ 34.94395074967737, 31.505975676937581 ], [ 34.94364442884774, 31.50718861644771 ], [ 34.943618003988675, 31.507682519523595 ], [ 34.943700208624882, 31.508140839535479 ], [ 34.944110786251208, 31.510750257909493 ], [ 34.94418545938575, 31.51096523645375 ], [ 34.944318261029416, 31.51128765574785 ], [ 34.944975402214375, 31.512341297173293 ], [ 34.945101851997208, 31.512716462160665 ], [ 34.945032115109605, 31.512999960401686 ], [ 34.944897658915451, 31.513274579216546 ], [ 34.94401796494882, 31.514081773216898 ], [ 34.943339347617943, 31.514731814546074 ], [ 34.943012022354907, 31.515232227226853 ], [ 34.942827035445909, 31.515654196850047 ], [ 34.942582834260662, 31.516319460842016 ], [ 34.942059804367133, 31.518095170577528 ], [ 34.941326072221116, 31.520477495739573 ], [ 34.940415305561764, 31.523426367666648 ], [ 34.94028010365642, 31.523955848497362 ], [ 34.940254119118379, 31.524285068631308 ], [ 34.940261147263769, 31.524743234418679 ], [ 34.940326815529559, 31.525165806769394 ], [ 34.940475659514142, 31.525738803083694 ], [ 34.940741641207381, 31.526254771680044 ], [ 34.940932751006478, 31.526663172161921 ], [ 34.941165215627684, 31.527193410331755 ], [ 34.94135009762855, 31.527608832690269 ], [ 34.941582686685308, 31.528096051079729 ], [ 34.941856798436355, 31.528683642404381 ], [ 34.942047858657013, 31.529113505700654 ], [ 34.942313697829292, 31.52968673946846 ], [ 34.942529960792733, 31.530066599651875 ], [ 34.942804513270524, 31.530500240119803 ], [ 34.943054197507145, 31.530865918581377 ], [ 34.943251702254464, 31.531215796947247 ], [ 34.94368720199499, 31.53166897410933 ], [ 34.944028933717256, 31.531991728608649 ], [ 34.944396011739151, 31.532250230018619 ], [ 34.944629421311781, 31.532451100265408 ], [ 34.944887371316803, 31.532878299249443 ], [ 34.944986827242204, 31.533200649204179 ], [ 34.944952571142011, 31.533479799139599 ], [ 34.944885035320247, 31.533722987514796 ], [ 34.944733893805541, 31.533966095362278 ], [ 34.944499350211721, 31.534173229958185 ], [ 34.943268598988482, 31.534943897486841 ], [ 34.942883195402942, 31.535250918665188 ], [ 34.942581560532375, 31.535536646061498 ], [ 34.942355107385445, 31.535822526182294 ], [ 34.942195437025788, 31.53613713263875 ], [ 34.942044004462915, 31.536480434820064 ], [ 34.941984296535118, 31.536895533415688 ], [ 34.941983415464534, 31.537210555026036 ], [ 34.94197443637843, 31.537446736657209 ], [ 34.941981749640249, 31.537806147155894 ], [ 34.941954686290487, 31.538521906651351 ], [ 34.941944064096184, 31.539345112355544 ], [ 34.94192567894153, 31.539932102068963 ], [ 34.942008067957552, 31.540368956641316 ], [ 34.942155486759539, 31.540672918633174 ], [ 34.94306569816618, 31.541745572482604 ], [ 34.943440354537103, 31.542283220466686 ], [ 34.943673314670384, 31.542691701961029 ], [ 34.943739288954404, 31.54301398415166 ], [ 34.943763216146451, 31.543422851008387 ], [ 34.943507761615741, 31.545118927538379 ], [ 34.942887812667294, 31.548590941049085 ], [ 34.942895219438618, 31.548956123267999 ], [ 34.942944450272194, 31.54927828151579 ], [ 34.943018706086782, 31.549614920770729 ], [ 34.943241386206211, 31.549939146629864 ], [ 34.943501998029262, 31.550181469603416 ], [ 34.945555681406283, 31.551159210856323 ], [ 34.946114922107832, 31.551460934531836 ], [ 34.946440094119332, 31.551783738216823 ], [ 34.946564581483464, 31.552127601792954 ], [ 34.946647172290994, 31.552464255057924 ], [ 34.946554043985586, 31.552895701818905 ], [ 34.946394377785523, 31.553203187498376 ], [ 34.946142905978832, 31.553460434367839 ], [ 34.944175326351129, 31.554566013985401 ], [ 34.943647648224633, 31.554915675278682 ], [ 34.94330396108414, 31.555265801182056 ], [ 34.943177726502768, 31.555551886327667 ], [ 34.94312463159703, 31.555859044242226 ], [ 34.943207512461136, 31.556088288406102 ], [ 34.943359383690847, 31.556354018057668 ], [ 34.943666841685314, 31.557027529158351 ], [ 34.943958113996494, 31.557500611850088 ], [ 34.944124293682385, 31.557887490443306 ], [ 34.944106310624932, 31.558332706046262 ], [ 34.94398020033352, 31.558611667553887 ], [ 34.943803650201353, 31.558962044480364 ], [ 34.943467870710457, 31.559455312579416 ], [ 34.943299657349115, 31.559798580635732 ], [ 34.943047440893984, 31.560313482769963 ], [ 34.942904032620952, 31.56074987368498 ], [ 34.942978043465828, 31.561215298877936 ], [ 34.943077136991086, 31.561637935880334 ], [ 34.943418980935817, 31.561996495154364 ], [ 34.943869540363657, 31.562312436296676 ], [ 34.944278605619857, 31.56251366432274 ], [ 34.944754918832984, 31.562622044722698 ], [ 34.945853342229299, 31.562794092805856 ], [ 34.949429765952416, 31.563502837539129 ], [ 34.949964354185354, 31.563682833073695 ], [ 34.950158943052095, 31.563938629411641 ], [ 34.950350393762903, 31.564225352658863 ], [ 34.950405186769935, 31.564528489144859 ], [ 34.950281897984773, 31.564819366989816 ], [ 34.950122515247763, 31.565019534935114 ], [ 34.949636490052619, 31.565415839732268 ], [ 34.946491737904957, 31.567772064316166 ], [ 34.946168085835083, 31.567985965133808 ], [ 34.9459132881328, 31.568365046035666 ], [ 34.945903834644831, 31.568737227040277 ], [ 34.945961275966631, 31.569145437696985 ], [ 34.946194286213071, 31.569525324148572 ], [ 34.946503087687439, 31.56973355672412 ], [ 34.946945707066355, 31.569927719271927 ], [ 34.948695747168998, 31.570210359337953 ], [ 34.949130324962304, 31.570304300510543 ], [ 34.949321753091425, 31.570487040204565 ], [ 34.949630466684937, 31.570731069662585 ], [ 34.949822085784618, 31.570960525185605 ], [ 34.949980254729169, 31.571211378412645 ], [ 34.949988210064589, 31.571501524824495 ], [ 34.949928892477779, 31.571816338164677 ], [ 34.949331478271269, 31.573067028221303 ], [ 34.948355049104023, 31.575427423325472 ], [ 34.948262282814355, 31.575720704703127 ], [ 34.948219658201332, 31.576014176307023 ], [ 34.948235762394553, 31.576250407257422 ], [ 34.948318661694529, 31.576522576024402 ], [ 34.948733947746256, 31.577519878517109 ], [ 34.949174443432334, 31.578508662020575 ], [ 34.949881208786124, 31.579984710944988 ], [ 34.949938790615057, 31.580349990973239 ], [ 34.949896111651789, 31.580664836969415 ], [ 34.949339841555776, 31.582260118970829 ], [ 34.949196514371764, 31.582703640701929 ], [ 34.949178554407865, 31.583147412066591 ], [ 34.949202299075722, 31.583635007499019 ], [ 34.949326701740574, 31.584028919652066 ], [ 34.949584719656947, 31.584451777574426 ], [ 34.949926710661821, 31.584796069205296 ], [ 34.952402790829765, 31.586970049590544 ], [ 34.953095838030443, 31.587357953473859 ], [ 34.953654379141135, 31.587538251064988 ], [ 34.954306164294763, 31.587718458144352 ], [ 34.955067109253008, 31.587777213524415 ], [ 34.95561910121743, 31.587728145377309 ], [ 34.956033696755981, 31.587683046907152 ], [ 34.956375432297719, 31.587580086465781 ], [ 34.95673203451328, 31.587472644899488 ], [ 34.959443532467638, 31.58657573613349 ], [ 34.963335652381836, 31.585244499448613 ], [ 34.963994629759355, 31.585045436652951 ], [ 34.964195144757326, 31.585117421604977 ], [ 34.964495806018604, 31.585289791829869 ], [ 34.964821218342344, 31.585548064691807 ], [ 34.964847864441857, 31.585798472328221 ], [ 34.964889012719404, 31.586063427339681 ], [ 34.964846600879639, 31.586292421179071 ], [ 34.96463686544768, 31.586528316679129 ], [ 34.964251717376897, 31.586720862866134 ], [ 34.962309685049149, 31.587454473281863 ], [ 34.961849235164394, 31.587632619882527 ], [ 34.961522598617996, 31.587846733341173 ], [ 34.961201365035592, 31.588333129095624 ], [ 34.961257215293898, 31.588996879558639 ], [ 34.961300321593285, 31.589335824548801 ], [ 34.96140969885186, 31.589561941417546 ], [ 34.961826636239536, 31.589920422484958 ], [ 34.963648374272474, 31.591354622673268 ], [ 34.963736056930948, 31.591467741940807 ], [ 34.963889816090116, 31.591543334165106 ], [ 34.964167569310995, 31.591691372787963 ], [ 34.965000296157974, 31.591757748599701 ], [ 34.965681787916374, 31.591746061297791 ], [ 34.966393599791409, 31.591721464000198 ], [ 34.967044212343843, 31.591943034714525 ], [ 34.967542965112415, 31.592332832873698 ], [ 34.967693156566234, 31.592825684185893 ], [ 34.967721542883595, 31.593577556380279 ], [ 34.967679802066471, 31.594220848219624 ], [ 34.967551547797278, 31.595355245004544 ], [ 34.967270230978414, 31.597430721871646 ], [ 34.967175117585498, 31.598664655163589 ], [ 34.967098249969148, 31.599308802711043 ], [ 34.967020746755061, 31.600203397087196 ], [ 34.967158373598373, 31.601986184148839 ], [ 34.967198646261124, 31.602601870107993 ], [ 34.967147067760884, 31.603162281827384 ], [ 34.966280955774458, 31.6049574506117 ], [ 34.966137764159505, 31.605365276127671 ], [ 34.96604473514514, 31.605730176324652 ], [ 34.966043896404621, 31.606059444629238 ], [ 34.966118129395404, 31.606496264483866 ], [ 34.966284325441499, 31.606904576368088 ], [ 34.966609776640169, 31.607220203402655 ], [ 34.966960510483126, 31.607457052856979 ], [ 34.96916118278002, 31.608451188083176 ], [ 34.971116569564785, 31.609235064887212 ], [ 34.974975234624722, 31.610906438570431 ], [ 34.977724330289369, 31.612142567419546 ], [ 34.978058077122597, 31.612493893345786 ], [ 34.978266312660431, 31.612845086057256 ], [ 34.978349106204661, 31.613210306051123 ], [ 34.978331502540648, 31.613561008958239 ], [ 34.978196952205323, 31.61385432634156 ], [ 34.977374423675585, 31.614976766487725 ], [ 34.977097353075578, 31.61541286425868 ], [ 34.977088261424989, 31.615727868007099 ], [ 34.977204583538189, 31.616043005075607 ], [ 34.977367382970911, 31.61653156188526 ], [ 34.978318316318123, 31.617621343769663 ], [ 34.979160630167115, 31.618703801876375 ], [ 34.97943584410271, 31.619083609009135 ], [ 34.979585518695821, 31.619427481822061 ], [ 34.979651582942317, 31.619785546107746 ], [ 34.979575187228534, 31.62026150408299 ], [ 34.978950478065741, 31.62197255190987 ], [ 34.978766569903556, 31.62285366665574 ], [ 34.978808950351478, 31.62412405478716 ], [ 34.979079973212748, 31.624811537339301 ], [ 34.979592885461038, 31.625706844945988 ], [ 34.980151969455235, 31.626304097162016 ], [ 34.981044250926139, 31.626940816044506 ], [ 34.982073442941363, 31.627344444888138 ], [ 34.983496221248153, 31.627878369863431 ], [ 34.988346234104469, 31.629683851883897 ], [ 34.991960379052138, 31.631016911147036 ], [ 34.992642063293523, 31.631286436681176 ], [ 34.993150131207969, 31.631749030044485 ], [ 34.993550955432291, 31.632093300657374 ], [ 34.993843067406154, 31.632408712124338 ], [ 34.994426558561145, 31.633414794426837 ], [ 34.995250181742421, 31.635506384310101 ], [ 34.995965157006886, 31.637552066555802 ], [ 34.996946260245011, 31.640345456130127 ], [ 34.997237151662567, 31.641227855110639 ], [ 34.997579043396648, 31.641980017825727 ], [ 34.997779232246586, 31.642266681562138 ], [ 34.998434813889375, 31.642848988405088 ], [ 34.999270032876368, 31.643530423829915 ], [ 34.999578819977629, 31.643910330833659 ], [ 34.999757601361729, 31.644252782350492 ], [ 34.999758277149141, 31.644714534428736 ], [ 34.99921797316717, 31.646882724078683 ], [ 34.999250244976459, 31.647405311765592 ], [ 34.999458653165149, 31.647749253868348 ], [ 34.999809684851435, 31.647957424539808 ], [ 35.000253082447891, 31.648015402364013 ], [ 35.00073859952743, 31.647951784826954 ], [ 35.001073807416994, 31.647730372240108 ], [ 35.001806421951429, 31.645584034995654 ], [ 35.002125071631113, 31.645117017192593 ], [ 35.002476981421943, 31.644917091605304 ], [ 35.002970855933491, 31.644832014952836 ], [ 35.003271906118606, 31.644896882070437 ], [ 35.00355608502749, 31.645062008474142 ], [ 35.00382336487548, 31.645291500762376 ], [ 35.004165431951904, 31.645944170459522 ], [ 35.004589537520779, 31.64698494709392 ], [ 35.005039732960775, 31.647808866131712 ], [ 35.00558945008342, 31.6489837607268 ], [ 35.006089436573134, 31.650001021083096 ], [ 35.006606228832844, 31.6509539135543 ], [ 35.007223837882734, 31.651749494390454 ], [ 35.007863814853039, 31.652241542629735 ], [ 35.008407082004041, 31.652600324396264 ], [ 35.008883479677046, 31.652873054891579 ], [ 35.009552396825555, 31.653146077620764 ], [ 35.011450424518742, 31.653936371681898 ], [ 35.011643177439609, 31.654078344266402 ], [ 35.011834662466335, 31.654273434594856 ], [ 35.012679737140033, 31.655387146292178 ], [ 35.012946907517964, 31.655695350748712 ], [ 35.013189395747894, 31.655803125073643 ], [ 35.013564184270308, 31.655869521676141 ], [ 35.01420033718388, 31.655784614481554 ], [ 35.015364115969177, 31.655578735878549 ], [ 35.015635769821422, 31.655498873096064 ], [ 35.015895198360845, 31.655520810618288 ], [ 35.016074287839132, 31.655594215334727 ], [ 35.016736395711689, 31.655865657226524 ], [ 35.018325319468921, 31.656433447439849 ], [ 35.0216588218955, 31.65763737145458 ], [ 35.02251196573809, 31.657932054185665 ], [ 35.023273032910154, 31.658190796381653 ], [ 35.024257909929979, 31.658469330532636 ], [ 35.024552684247112, 31.658593480833762 ], [ 35.025213578827483, 31.658751964674728 ], [ 35.025953000190114, 31.658979186267178 ], [ 35.026742840757407, 31.659149703288676 ], [ 35.027554989134764, 31.659597643048336 ], [ 35.027929833372781, 31.659802688825394 ], [ 35.028179785411155, 31.659910017246968 ], [ 35.028576876134927, 31.660023841738731 ], [ 35.029256517153783, 31.660193511932636 ], [ 35.029720539261575, 31.660255110621822 ], [ 35.029981647144524, 31.660299520640283 ], [ 35.030257437331926, 31.660362827369237 ], [ 35.03047072932047, 31.660404023951795 ], [ 35.030769205605736, 31.660446203974718 ], [ 35.031179126616259, 31.660518278377562 ], [ 35.03152613170019, 31.660622570562708 ], [ 35.031790660620679, 31.660808575364637 ], [ 35.032003466310179, 31.661114080980482 ], [ 35.032127860019834, 31.661485543062557 ], [ 35.03222157557736, 31.661794101433053 ], [ 35.032456919861779, 31.662023309573215 ], [ 35.03284154264005, 31.662209970175756 ], [ 35.033502423882247, 31.662339731923343 ], [ 35.034395600380435, 31.662756049038112 ], [ 35.035156403196588, 31.663200953372005 ], [ 35.035766651352809, 31.663581081775671 ], [ 35.036242934741296, 31.663934155372168 ] ] ] } },
{ "type": "Feature", "properties": { "Physical_M": 1, "Designatio": 1, "Status_sim": 0, "Physical_1": "Fence", "Designat_1": "Main Barrier", "Status_sip": "Completed", "Shape_Leng": 3036.0736400699998 }, "geometry": { "type": "MultiLineString", "coordinates": [ [ [ 35.261239972139748, 31.847987161706342 ], [ 35.261142143722743, 31.848341354235703 ], [ 35.261100501830938, 31.848835305542742 ], [ 35.261117365470589, 31.84911450486312 ], [ 35.261226492385575, 31.849264791428116 ], [ 35.261377529048424, 31.84935779279521 ], [ 35.261752083284193, 31.849374578723992 ], [ 35.261981248769573, 31.849207185623509 ], [ 35.262157182066368, 31.848899311043013 ], [ 35.26234978742005, 31.848390951226609 ], [ 35.262584332770146, 31.848047246683215 ], [ 35.262860829258507, 31.8477178613029 ], [ 35.263288305934587, 31.847230856123197 ], [ 35.263942192702558, 31.846915631952626 ], [ 35.264257357054163, 31.84676226271781 ], [ 35.264524090952904, 31.846707666729674 ], [ 35.264752101342062, 31.846568766714991 ], [ 35.265045524400406, 31.84645409443387 ], [ 35.265361643371229, 31.846311454161395 ], [ 35.265653927398319, 31.846073771156991 ], [ 35.26576235512367, 31.845960990423663 ], [ 35.265837677794067, 31.845791860763935 ], [ 35.265894164207111, 31.845578370000698 ], [ 35.26590342020075, 31.845356965473695 ], [ 35.265856169665874, 31.845159667977306 ], [ 35.265771096810184, 31.844962388121267 ], [ 35.265638910291443, 31.844773247662093 ], [ 35.265450115531479, 31.844612271466897 ], [ 35.265275512591899, 31.844503594355313 ], [ 35.265072617596402, 31.844427215613628 ], [ 35.264572483685839, 31.844274412614347 ], [ 35.264322448278278, 31.844163425032274 ], [ 35.26416664530214, 31.844042742861941 ], [ 35.263991975066915, 31.843825393588912 ], [ 35.263888076085991, 31.843587809159015 ], [ 35.263807637087901, 31.843193295759846 ], [ 35.263623199982796, 31.842402114484521 ], [ 35.263547619115009, 31.842168665604554 ], [ 35.263453139249393, 31.841951277619419 ], [ 35.263264281752754, 31.841677568992431 ], [ 35.262871518841038, 31.841216643738107 ], [ 35.262640233703664, 31.841003376018826 ], [ 35.262404291600973, 31.840773968019516 ], [ 35.262215515611686, 31.84062101269712 ], [ 35.261974861096959, 31.840456086497092 ], [ 35.261743632886898, 31.840327319216044 ], [ 35.261469938644971, 31.84020262925387 ], [ 35.2612057625322, 31.840093986037061 ], [ 35.260866060042062, 31.839997551275637 ], [ 35.260394296599721, 31.839888998940275 ], [ 35.259729204801083, 31.839776560799006 ], [ 35.25923949852065, 31.839692271323674 ], [ 35.258701683629418, 31.839535402662751 ], [ 35.25832899559969, 31.839388202071621 ], [ 35.258012917893915, 31.839215184107665 ], [ 35.257635439912299, 31.839001968744391 ], [ 35.257149435428467, 31.838728374908023 ], [ 35.256856916440839, 31.838547317893042 ], [ 35.256663402033759, 31.838398414907427 ], [ 35.25650294756062, 31.838237413606347 ], [ 35.256352003912895, 31.838080375917787 ], [ 35.256252831291164, 31.837935491823533 ], [ 35.256115886849358, 31.837685920182832 ], [ 35.256040330950817, 31.83745643493857 ], [ 35.255922254613921, 31.837129117124938 ], [ 35.255771174441513, 31.836911746749927 ], [ 35.255550253677185, 31.836670234732733 ], [ 35.255069007946894, 31.836372461956092 ], [ 35.254389635895258, 31.835970062499552 ], [ 35.253596980564026, 31.835483201057905 ], [ 35.252969404601629, 31.835120995666909 ], [ 35.252667494904664, 31.834923789908249 ], [ 35.252459832159161, 31.834760816872478 ], [ 35.252318302183724, 31.83460386113806 ], [ 35.252200330457448, 31.834446896391974 ], [ 35.252101170253567, 31.83430597726441 ], [ 35.251799085291381, 31.833758497136145 ], [ 35.251612147576935, 31.833418665501384 ], [ 35.251347721831131, 31.832963788659438 ], [ 35.251106980713999, 31.832549124312177 ], [ 35.250951220569696, 31.832231104940224 ], [ 35.250856746085013, 31.831945258375786 ], [ 35.250727560930713, 31.831777462487128 ] ] ] } },
{ "type": "Feature", "properties": { "Physical_M": 2, "Designatio": 1, "Status_sim": 0, "Physical_1": "Wall", "Designat_1": "Main Barrier", "Status_sip": "Completed", "Shape_Leng": 780.26768402799996 }, "geometry": { "type": "MultiLineString", "coordinates": [ [ [ 35.250727560930713, 31.831777462487128 ], [ 35.250654268017989, 31.831531280975828 ], [ 35.250587266828099, 31.831199741786769 ], [ 35.250579911892572, 31.830939121114316 ], [ 35.250619357424384, 31.830350003754035 ], [ 35.250691398402154, 31.8299243439462 ], [ 35.250747327544559, 31.829788613888994 ], [ 35.250833927062054, 31.829580391035407 ], [ 35.25097292099651, 31.829396824243585 ], [ 35.251149858318293, 31.829234833578425 ], [ 35.251402661101835, 31.829074356604714 ], [ 35.251698838523652, 31.828961669884158 ], [ 35.252004043075495, 31.828842809531935 ], [ 35.252152119972152, 31.828764104660181 ], [ 35.252326520340588, 31.828634893570634 ], [ 35.252401913262652, 31.82858255885138 ], [ 35.252831000110596, 31.828207864783067 ], [ 35.25300069203972, 31.82810309708449 ], [ 35.253302255545982, 31.828066461583987 ], [ 35.253557126650598, 31.82812008577152 ], [ 35.253749091246384, 31.82820596766426 ], [ 35.254523306928334, 31.828659622110614 ], [ 35.25514956332416, 31.828944104229915 ], [ 35.255492573938355, 31.829072901530662 ] ] ] } },
{ "type": "Feature", "properties": { "Physical_M": 2, "Designatio": 1, "Status_sim": 0, "Physical_1": "Wall", "Designat_1": "Main Barrier", "Status_sip": "Completed", "Shape_Leng": 1667.4632952500001 }, "geometry": { "type": "MultiLineString", "coordinates": [ [ [ 35.259014638490719, 31.750377887834773 ], [ 35.258894848842381, 31.750377939133347 ], [ 35.258779136525433, 31.750312063890476 ], [ 35.258684707870813, 31.750183951959674 ], [ 35.258680400705508, 31.750037404330111 ], [ 35.258735937989599, 31.749715151538961 ], [ 35.258765847554763, 31.749605203631294 ], [ 35.258864308689517, 31.749411084659389 ], [ 35.259061314308788, 31.749165608355334 ], [ 35.259288332839382, 31.748989740689215 ], [ 35.259768290381409, 31.748747838821711 ], [ 35.260179579606074, 31.748574054000532 ], [ 35.260338159009642, 31.748497057444013 ], [ 35.260419575873009, 31.748398088821968 ], [ 35.260539479505226, 31.748240574018141 ], [ 35.260543623720146, 31.748112419948264 ], [ 35.260500673297216, 31.747943974518073 ], [ 35.260324832072413, 31.747746277097388 ], [ 35.259938966553818, 31.74754127621431 ], [ 35.259484450770827, 31.74724855409406 ], [ 35.25915429064117, 31.747006911784844 ], [ 35.25890561518824, 31.746777769202744 ], [ 35.258794090979258, 31.746645966824083 ], [ 35.25872541022305, 31.746506841528507 ], [ 35.258691094121353, 31.7462980790547 ], [ 35.258703740340437, 31.746085689178855 ], [ 35.258742092954641, 31.74561689335281 ], [ 35.258835748930139, 31.744611836468298 ], [ 35.258822766104892, 31.744428767273511 ], [ 35.258758356301556, 31.74419070779852 ], [ 35.258612504417606, 31.743822726350182 ], [ 35.258380891693236, 31.74351881293796 ], [ 35.257973508725975, 31.743112432809358 ], [ 35.257664753415348, 31.742804942503003 ], [ 35.257214516295768, 31.742374768865794 ], [ 35.25711153081707, 31.74221365156713 ], [ 35.256879924967443, 31.74190612737085 ], [ 35.256653543198993, 31.741690138599598 ], [ 35.25625913405414, 31.741433904591311 ], [ 35.255898984275618, 31.741294895954418 ], [ 35.255118868931383, 31.741049816638849 ], [ 35.254951689959434, 31.741016965290115 ], [ 35.254351682087567, 31.740896354694723 ], [ 35.254013102109717, 31.740826864425312 ], [ 35.253764426997904, 31.740742728740219 ], [ 35.253554394601409, 31.740691494866081 ], [ 35.253387331542207, 31.74067694949462 ], [ 35.253241599599157, 31.740688007776299 ], [ 35.253108725538013, 31.740666053385251 ], [ 35.252806942830787, 31.740529899684613 ], [ 35.252691141989388, 31.740464018244083 ], [ 35.252485438361369, 31.740416569127813 ], [ 35.252258312953174, 31.740369037336091 ], [ 35.252181153642383, 31.740336058702415 ], [ 35.252172074890034, 31.740330019478122 ] ] ] } },
{ "type": "Feature", "properties": { "Physical_M": 1, "Designatio": 1, "Status_sim": 0, "Physical_1": "Fence", "Designat_1": "Main Barrier", "Status_sip": "Completed", "Shape_Leng": 17093.863921100001 }, "geometry": { "type": "MultiLineString", "coordinates": [ [ [ 35.037698575796675, 31.876302003518777 ], [ 35.037652864527772, 31.875921823885363 ], [ 35.037603642414375, 31.875320512729811 ], [ 35.037603990722573, 31.875127161194762 ], [ 35.037721971253511, 31.87481239866521 ], [ 35.037845289450047, 31.874526501386644 ], [ 35.038085910846959, 31.874074551144147 ], [ 35.038182858289126, 31.873768487609933 ], [ 35.038186155495964, 31.873423456682197 ], [ 35.038098788430794, 31.872868087791446 ], [ 35.03789512589622, 31.871848414155338 ], [ 35.037654867983335, 31.870173047167668 ], [ 35.037505648103789, 31.869177866707556 ], [ 35.037373007564312, 31.868307970752195 ], [ 35.037098597333951, 31.867004741261233 ], [ 35.03691531189655, 31.86627077370451 ], [ 35.036732413745149, 31.865382954769935 ], [ 35.036524434252613, 31.864459209500605 ], [ 35.036195043837928, 31.862895456868387 ], [ 35.036170219342495, 31.862716501481216 ], [ 35.036195836707151, 31.862458793250646 ], [ 35.036357601846859, 31.861184814790811 ], [ 35.036349499054722, 31.860991542648808 ], [ 35.036249371769621, 31.860733757928834 ], [ 35.036056919057593, 31.860461422321698 ], [ 35.035939875435446, 31.860268005305546 ], [ 35.03594020077378, 31.860089083110029 ], [ 35.035999118015489, 31.859938826372918 ], [ 35.036150374860462, 31.859795906990261 ], [ 35.036326674674903, 31.8597101956777 ], [ 35.036561608334587, 31.859689042257664 ], [ 35.037719154890688, 31.859583156998891 ], [ 35.038264503495576, 31.859519480129762 ], [ 35.038558144641108, 31.859462597197449 ], [ 35.038885488720332, 31.859348491302587 ], [ 35.039599094575621, 31.858905628157807 ], [ 35.041051683067586, 31.857998369446438 ], [ 35.041617592094703, 31.857652612598596 ], [ 35.042096081440874, 31.857445623057902 ], [ 35.043069655091493, 31.857024535364296 ], [ 35.043665665697318, 31.856738959639522 ], [ 35.043909048095202, 31.856653412889901 ], [ 35.04417752901994, 31.856596485183857 ], [ 35.044471082540973, 31.85658251576827 ], [ 35.044882063777507, 31.85654722873765 ], [ 35.04647574594167, 31.856434685606246 ], [ 35.046895263794333, 31.856349351691804 ], [ 35.047230958017757, 31.856220895709566 ], [ 35.047508070447755, 31.856056563485286 ], [ 35.047944666389824, 31.855742182998721 ], [ 35.049313489906503, 31.854679431029872 ], [ 35.050573079640785, 31.853714560397037 ], [ 35.050950967030367, 31.853428686336738 ], [ 35.051177558358496, 31.853328766491313 ], [ 35.051420831221385, 31.853300380985019 ], [ 35.051647209310907, 31.853329331332056 ], [ 35.05189865197071, 31.853472752778369 ], [ 35.052602385131742, 31.853895921096246 ], [ 35.052795224471019, 31.853953417284547 ], [ 35.053004851925394, 31.853953666950666 ], [ 35.053483017100454, 31.85391843261824 ], [ 35.053776549099069, 31.853911656297456 ], [ 35.05410362207089, 31.853876240041004 ], [ 35.054313331348226, 31.853890827093288 ], [ 35.054497789172217, 31.853905383454414 ], [ 35.054665448017694, 31.8539843108125 ], [ 35.055000615124349, 31.854170842397735 ], [ 35.055788135208736, 31.854672820756171 ], [ 35.056399665667513, 31.855088736048774 ], [ 35.057353106925646, 31.855712554253135 ], [ 35.057931223827879, 31.856085496161779 ], [ 35.058400449115979, 31.85636515197136 ], [ 35.05897346966259, 31.856691639006034 ], [ 35.059258355415921, 31.856813621016606 ], [ 35.059635714390431, 31.856856977801126 ], [ 35.059895849734332, 31.856792883170741 ], [ 35.061837226946999, 31.855392730406191 ], [ 35.062095543626903, 31.855270641068394 ], [ 35.062355596800465, 31.855256592877115 ], [ 35.063131290308505, 31.855300473872781 ], [ 35.063730783873439, 31.855386992372821 ], [ 35.064074622404881, 31.855444638362258 ], [ 35.064384840090014, 31.855516585273925 ], [ 35.06476197170057, 31.855638656491259 ], [ 35.066375394510288, 31.856363413875624 ], [ 35.0668784068096, 31.856535757316166 ], [ 35.068244767474098, 31.857009695110417 ], [ 35.068898536758546, 31.857275259975975 ], [ 35.069434918280265, 31.85754069756484 ], [ 35.070046632271868, 31.857884941756872 ], [ 35.070398697329267, 31.858035648057559 ], [ 35.070851458790074, 31.858114854102766 ], [ 35.071193089584611, 31.858101504439968 ], [ 35.07160416966142, 31.857994526711263 ], [ 35.071966202507078, 31.857974793382247 ], [ 35.072218235723554, 31.857808938492607 ], [ 35.072218500490948, 31.857623342473151 ], [ 35.072295270892575, 31.85728595791765 ], [ 35.072647713979222, 31.85717179105924 ], [ 35.07303127446125, 31.857094089437073 ], [ 35.073620884110042, 31.856936606287892 ], [ 35.073897880792259, 31.856822358952613 ], [ 35.074174801746871, 31.856686646664592 ], [ 35.07437228322469, 31.856537145278928 ], [ 35.074892916690516, 31.856058083612343 ], [ 35.075640459208323, 31.855307168191914 ], [ 35.075992864122291, 31.855135725744276 ], [ 35.076378795722491, 31.855093187965725 ], [ 35.076764522444428, 31.855122253305737 ], [ 35.077150662563838, 31.855311663679526 ], [ 35.077552955875476, 31.855512452078742 ], [ 35.07798030759421, 31.855856474269594 ], [ 35.078164577389281, 31.85601420687912 ], [ 35.078374073465305, 31.856114607605054 ], [ 35.078659166762904, 31.856179280789465 ], [ 35.079019818934512, 31.856158173108579 ], [ 35.079447846092599, 31.855929529400758 ], [ 35.0797912692354, 31.855755182238099 ], [ 35.080016026410448, 31.85566521941487 ], [ 35.080242553645697, 31.855593925435251 ], [ 35.080485795061477, 31.855586947997114 ], [ 35.080770906545752, 31.855637367411088 ], [ 35.081391140584728, 31.855874157258512 ], [ 35.081894159418368, 31.856060780234085 ], [ 35.08212900700417, 31.856089594703356 ], [ 35.082313549172873, 31.856046844592161 ], [ 35.082531709156186, 31.855989787567029 ], [ 35.083295572610943, 31.855558090417205 ], [ 35.083547341156972, 31.855493938809936 ], [ 35.083849205314877, 31.855501350071847 ], [ 35.084251652493066, 31.855594799612245 ], [ 35.085031398932557, 31.855619973177486 ], [ 35.085355925753589, 31.855670328909543 ], [ 35.086001525076803, 31.855828481093546 ], [ 35.086353708848137, 31.855900323114202 ], [ 35.086705974145225, 31.855907864160066 ], [ 35.08713372767793, 31.855879580909775 ], [ 35.087460795157178, 31.855844079462965 ], [ 35.088266229957071, 31.855608628193153 ], [ 35.088459283276912, 31.855515735517738 ], [ 35.088551740309512, 31.855344021637702 ], [ 35.088509999029796, 31.855179309730048 ], [ 35.088325686230782, 31.855043145511548 ], [ 35.087830797418768, 31.855107173825889 ], [ 35.087243693270523, 31.855149561828359 ], [ 35.086832764923805, 31.855077577005876 ], [ 35.086329865464819, 31.854876725164274 ], [ 35.086162268555867, 31.854726234462369 ], [ 35.086060509924486, 31.854649574530946 ], [ 35.086120623195981, 31.854489916155309 ], [ 35.086137715851024, 31.854260867665072 ], [ 35.086095978539831, 31.854096244746792 ], [ 35.08596188325874, 31.854024514855773 ], [ 35.085660032969841, 31.854009893999535 ], [ 35.085274165920467, 31.854009533229384 ], [ 35.085056301107528, 31.853923474843381 ], [ 35.08476171975682, 31.853680966978892 ], [ 35.084629024469244, 31.853507871252024 ], [ 35.084595697362957, 31.85337896850378 ], [ 35.08458011985482, 31.853250803808887 ], [ 35.084663104261104, 31.853135718486477 ], [ 35.08489800628567, 31.853035655934075 ], [ 35.085870997457995, 31.852965050935666 ], [ 35.086323911769462, 31.852915330712761 ], [ 35.087189025827797, 31.852759302412803 ], [ 35.087700632633712, 31.852666703956459 ], [ 35.088261762138345, 31.852513365475286 ], [ 35.088907799539534, 31.852306352287588 ], [ 35.089411152476231, 31.852135009479795 ], [ 35.090325702476157, 31.851806574721607 ], [ 35.090703249093359, 31.85169238076627 ], [ 35.091272041065459, 31.851571231071027 ], [ 35.09174186661965, 31.851421312890608 ], [ 35.091918178169053, 31.851271133782767 ], [ 35.093143947179534, 31.850083960404874 ], [ 35.093530124144657, 31.849812215174275 ], [ 35.09399160416374, 31.849562088231096 ], [ 35.094604183880705, 31.849297751221204 ], [ 35.095677996561378, 31.84898375399764 ], [ 35.096430245446129, 31.848715559158158 ], [ 35.096668080157009, 31.84852574509684 ], [ 35.096752210245583, 31.848318214800244 ], [ 35.09673996205089, 31.848129632018093 ], [ 35.096671560256183, 31.847895007509226 ], [ 35.096442998599485, 31.847562669977616 ], [ 35.096100149441646, 31.847389136949289 ], [ 35.095513207772456, 31.847338584272379 ], [ 35.094993304336704, 31.847330923600452 ], [ 35.094288743078842, 31.847394796699767 ], [ 35.092342630289238, 31.847836887860428 ], [ 35.091972570061913, 31.847891753439637 ], [ 35.091746278619908, 31.847791360115121 ], [ 35.091662599947881, 31.847619487065085 ], [ 35.09178131164326, 31.847392601792926 ], [ 35.092083444371838, 31.847156589001283 ], [ 35.092519989852065, 31.846811933656962 ], [ 35.09334298122721, 31.845867806794047 ], [ 35.093880579129852, 31.845116598595943 ], [ 35.094181911172804, 31.844744043057393 ], [ 35.094350009072521, 31.844379127400462 ], [ 35.094392257185071, 31.844121420794313 ], [ 35.094291803961255, 31.843928071729728 ], [ 35.094023518740265, 31.843877697169518 ], [ 35.093571392076576, 31.844192945167684 ], [ 35.09310149371106, 31.84443593922138 ], [ 35.091524015556431, 31.845164671754702 ], [ 35.091188386806074, 31.845321833055799 ], [ 35.090735451490616, 31.845421622389427 ], [ 35.090232216628124, 31.845442725912005 ], [ 35.089796254073349, 31.845399316705816 ], [ 35.089402272095015, 31.845241501101235 ], [ 35.088973213618665, 31.844999872984463 ], [ 35.088654915992684, 31.844727591628867 ], [ 35.088454022803816, 31.844433952791274 ], [ 35.088353839932658, 31.844118851998765 ], [ 35.088287147830862, 31.84380387207149 ], [ 35.088279117480603, 31.843467391530012 ], [ 35.088304646431084, 31.843159619965025 ], [ 35.088397297394373, 31.842823231226138 ], [ 35.088573812576712, 31.842501258255666 ], [ 35.088893028648663, 31.842115023454163 ], [ 35.089270679868086, 31.841800356166374 ], [ 35.089757460570844, 31.841485875913307 ], [ 35.09033657976218, 31.841078408184277 ], [ 35.090840281876027, 31.840656440622027 ], [ 35.091159323833899, 31.84031312732256 ], [ 35.091537205209306, 31.839884011033799 ], [ 35.092160171152912, 31.839195923400819 ], [ 35.092521283334179, 31.838824055696726 ], [ 35.092915749314862, 31.838473588935141 ], [ 35.093454568768458, 31.837904372887255 ], [ 35.093815479557414, 31.83760401615843 ], [ 35.094109386752507, 31.837325064671038 ], [ 35.094369448880173, 31.837167829505873 ], [ 35.094662942140793, 31.837146619795554 ], [ 35.095157713502246, 31.837096903379472 ], [ 35.095577182857319, 31.836939803081609 ], [ 35.095954779619674, 31.836725399305021 ], [ 35.096164708346315, 31.836525100406163 ], [ 35.096374671306329, 31.836203144683971 ], [ 35.096568084566954, 31.835759516884679 ], [ 35.096643917765356, 31.83540885892457 ], [ 35.096820464844775, 31.835022482825995 ], [ 35.096970030360715, 31.834854958382394 ], [ 35.097230301682011, 31.834597524698498 ], [ 35.097594449172504, 31.834400239129664 ], [ 35.097955143912543, 31.834264545320369 ], [ 35.098357604038405, 31.834279220249648 ], [ 35.098878668451249, 31.834501594288351 ], [ 35.099364664865483, 31.834817006350047 ], [ 35.099641183845215, 31.835039085366329 ], [ 35.099909310215736, 31.835211104515228 ], [ 35.100219414577907, 31.835254376096948 ], [ 35.100395585321586, 31.835190039720846 ], [ 35.100504747909952, 31.83506125653658 ], [ 35.100555223462777, 31.834889499036802 ], [ 35.100500025221379, 31.834750210998095 ], [ 35.100413031562617, 31.834610265406241 ], [ 35.100019124924067, 31.834409465779011 ], [ 35.099516413963485, 31.834115595983587 ], [ 35.099114263817334, 31.833828932285908 ], [ 35.098460886698874, 31.833287921544461 ], [ 35.098150774645354, 31.833166005846564 ], [ 35.09786577955618, 31.833065483797672 ], [ 35.09759747355325, 31.833058134633291 ], [ 35.097236890525224, 31.833100758430998 ], [ 35.096851066091752, 31.833229305327073 ], [ 35.096616246786937, 31.833221981799539 ], [ 35.096532538892959, 31.833078700157767 ], [ 35.096532705344742, 31.832935579381139 ], [ 35.096750902667367, 31.832792552838196 ], [ 35.097025431788822, 31.832715588236077 ], [ 35.097556947740514, 31.832566421373489 ], [ 35.098201712507198, 31.832593385071629 ], [ 35.098788579280843, 31.832629676159076 ], [ 35.099350166750192, 31.832787600836742 ], [ 35.099687424217187, 31.83300666318225 ], [ 35.100019143492588, 31.833173053482238 ], [ 35.100282321175243, 31.833231888424358 ], [ 35.10048865659067, 31.833017150013763 ], [ 35.10040663296045, 31.832874323051573 ], [ 35.100297842383604, 31.832673846719583 ], [ 35.099350892367539, 31.832146939462273 ], [ 35.099099588414653, 31.831960593481046 ], [ 35.098797987746522, 31.831788544188065 ], [ 35.098337084586149, 31.831530417212317 ], [ 35.097959999042608, 31.831322590690721 ], [ 35.097675092799051, 31.831150552686886 ], [ 35.097558022560911, 31.830899835615845 ], [ 35.097574999965552, 31.830742389389904 ], [ 35.097790515372083, 31.830445145807779 ], [ 35.099244702279726, 31.829748787999826 ], [ 35.099607939789585, 31.829353834719672 ], [ 35.100078746401529, 31.828940569804473 ], [ 35.100560726958008, 31.828665195955775 ], [ 35.100711054423115, 31.828522596868758 ], [ 35.100765058306187, 31.828370242742743 ], [ 35.100734019521262, 31.828256523395211 ], [ 35.100558519520966, 31.828106400868204 ], [ 35.1002921610973, 31.82812795483791 ], [ 35.099799413441119, 31.828496508561596 ], [ 35.099078015565546, 31.828818048134973 ], [ 35.098472185763832, 31.828975528096009 ], [ 35.098200177141642, 31.828980139329904 ], [ 35.098129440400186, 31.828895414409278 ], [ 35.098104028315014, 31.828817985097352 ], [ 35.098180709268505, 31.828660813088103 ], [ 35.098673975450623, 31.828431417039315 ], [ 35.099775193574274, 31.827680509818823 ], [ 35.100559575546079, 31.827162984742202 ], [ 35.101671404690585, 31.82648297670973 ], [ 35.102441718401948, 31.826030424888085 ], [ 35.10288633608171, 31.825808839106372 ], [ 35.103339373120946, 31.825515742796274 ], [ 35.103700192942256, 31.825322766034819 ], [ 35.104144636481358, 31.825158442208338 ], [ 35.104555653902068, 31.825037107404398 ], [ 35.105058730283702, 31.82495877134016 ], [ 35.105528276684311, 31.824923334243078 ], [ 35.106041426937246, 31.824906506340465 ], [ 35.106485841045483, 31.824863922012227 ], [ 35.10689668876001, 31.824799846623993 ], [ 35.107274081900506, 31.824707065923118 ], [ 35.107576170426157, 31.824506818047148 ], [ 35.108356602460745, 31.82382742680073 ], [ 35.108678528173577, 31.823641621159339 ], [ 35.109128199082292, 31.823512996143862 ], [ 35.109463607944242, 31.823463194891481 ], [ 35.109857598227592, 31.823556467051148 ], [ 35.110343807058463, 31.823642772289137 ], [ 35.110754588241306, 31.823635950915708 ], [ 35.111098291139555, 31.823636203335138 ], [ 35.111400245309824, 31.82355760359405 ], [ 35.111903357854835, 31.823429188583955 ], [ 35.11222887342182, 31.823236161293352 ], [ 35.112665067231688, 31.823057462711777 ], [ 35.113319175061719, 31.822864669613899 ], [ 35.114761511291157, 31.822493506181679 ], [ 35.115575002990894, 31.822293598944768 ], [ 35.115935535709561, 31.822250922422747 ], [ 35.116186976695978, 31.822301148825687 ], [ 35.116421628064757, 31.822458861763376 ], [ 35.116589022168327, 31.822702292127705 ], [ 35.116630737985737, 31.822931387110479 ], [ 35.116730511013223, 31.823869273050352 ] ] ] } },
{ "type": "Feature", "properties": { "Physical_M": 1, "Designatio": 1, "Status_sim": 0, "Physical_1": "Fence", "Designat_1": "Main Barrier", "Status_sip": "Completed", "Shape_Leng": 2704.3642952499999 }, "geometry": { "type": "MultiLineString", "coordinates": [ [ [ 35.042280394948079, 31.897621005074953 ], [ 35.04219187832723, 31.897220663628485 ], [ 35.042107656348122, 31.897144532544939 ], [ 35.04200913625494, 31.897144406716375 ], [ 35.041398995244251, 31.89731966141002 ], [ 35.040207265071686, 31.897422197700955 ], [ 35.039794239735215, 31.897493719411411 ], [ 35.039653526850628, 31.897501562816934 ], [ 35.039456543008846, 31.897469293135899 ], [ 35.039306558499739, 31.897401010758472 ], [ 35.039128677260337, 31.897208691349 ], [ 35.039142284201532, 31.896810824728842 ], [ 35.039376659930674, 31.89460662354243 ], [ 35.039574240719666, 31.892994691200059 ], [ 35.039586474500659, 31.892535498583815 ], [ 35.039564722078069, 31.891929715920718 ], [ 35.039581428386029, 31.88895940122455 ], [ 35.03971984520782, 31.888392875049206 ], [ 35.039893463565761, 31.88734761525431 ], [ 35.039857599832111, 31.88623616092196 ], [ 35.039617282940654, 31.884553677010054 ], [ 35.039260502676989, 31.882337702078217 ], [ 35.039185559285549, 31.881986884871779 ], [ 35.038934689845689, 31.881549895249869 ], [ 35.038549949810466, 31.880915861828026 ], [ 35.03844988171933, 31.880550672551482 ], [ 35.037975243380515, 31.878603012399221 ], [ 35.037698575796675, 31.876302003518777 ] ] ] } },
{ "type": "Feature", "properties": { "Physical_M": 1, "Designatio": 1, "Status_sim": 0, "Physical_1": "Fence", "Designat_1": "Main Barrier", "Status_sip": "Completed", "Shape_Leng": 14936.2442532 }, "geometry": { "type": "MultiLineString", "coordinates": [ [ [ 35.129358872230327, 31.875104931102548 ], [ 35.129962542280502, 31.87549180909814 ], [ 35.129828224592025, 31.875615551409581 ], [ 35.128309085780238, 31.87655958522684 ], [ 35.128158173706112, 31.876552370619638 ], [ 35.12799887708551, 31.876459206487432 ], [ 35.127906644667284, 31.876294477615115 ], [ 35.127764200428444, 31.876144057243167 ], [ 35.127487507530113, 31.876029358032813 ], [ 35.125384664053549, 31.876693797469741 ], [ 35.12513288667293, 31.87685831418116 ], [ 35.124990175997439, 31.877022808747299 ], [ 35.125005984436854, 31.878060820615367 ], [ 35.124921518120253, 31.87825686125537 ], [ 35.124787663631629, 31.878397065862721 ], [ 35.12456107686252, 31.878511455318787 ], [ 35.124216978174729, 31.878611521895664 ], [ 35.123914979230705, 31.87866859715637 ], [ 35.123470227239189, 31.878811434807435 ], [ 35.122933151441195, 31.879018692433679 ], [ 35.122622600489294, 31.87918316643395 ], [ 35.122253184587429, 31.879462043358178 ], [ 35.121136509399612, 31.880487865742321 ], [ 35.120909810411945, 31.880716781228795 ], [ 35.121018669547233, 31.880953041001284 ], [ 35.121135962146944, 31.881096327544331 ], [ 35.121488186129469, 31.881261141197349 ], [ 35.121756537195026, 31.881375847956022 ], [ 35.122821751554874, 31.881662865391412 ], [ 35.123182455608074, 31.881684559912308 ], [ 35.123467709132974, 31.881691956397407 ], [ 35.123769730707686, 31.881620542851593 ], [ 35.124071869499943, 31.88153479044291 ], [ 35.124852281637473, 31.881299092747575 ], [ 35.126496905790944, 31.880827644518131 ], [ 35.126782174259652, 31.88081356996172 ], [ 35.126966625578305, 31.88091387509257 ], [ 35.127016796120238, 31.881078489140062 ], [ 35.126949509061753, 31.881286048693362 ], [ 35.126764847618666, 31.881436269971402 ], [ 35.126546557686396, 31.88160793459188 ], [ 35.124372868278449, 31.88264458691215 ], [ 35.123961677034409, 31.88282324970417 ], [ 35.123835964314253, 31.882995508721656 ], [ 35.123852508213226, 31.883174441453448 ], [ 35.123961408774171, 31.883374986633097 ], [ 35.124271711172192, 31.883511177599754 ], [ 35.124942855041141, 31.883272705351715 ], [ 35.125563821949328, 31.883122757453389 ], [ 35.12617655926838, 31.882953953228693 ], [ 35.127200292685693, 31.882704051834029 ], [ 35.127779053900341, 31.882587254495846 ], [ 35.128131425390549, 31.882465720297766 ], [ 35.128539505167083, 31.882332674538493 ], [ 35.128967607489059, 31.882010796688959 ], [ 35.129294932273588, 31.881882119589289 ], [ 35.129532950678978, 31.881879644577268 ], [ 35.129717412236808, 31.881972731112338 ], [ 35.129843100646454, 31.88220908357933 ], [ 35.129809236832365, 31.882523981065752 ], [ 35.129637839727557, 31.883135048193655 ], [ 35.129511735317301, 31.883542959706904 ], [ 35.129321657146207, 31.883855150101834 ], [ 35.129178778893262, 31.884091343697229 ], [ 35.128885027791043, 31.884255752996761 ], [ 35.126199817352884, 31.884948535263771 ], [ 35.125629206878791, 31.885155693029738 ], [ 35.125196198145268, 31.885498839213945 ], [ 35.124974237444299, 31.885745891591956 ], [ 35.124873369261351, 31.886032157895556 ], [ 35.124789225304646, 31.886289756982162 ], [ 35.12478900361323, 31.886547498377741 ], [ 35.124839037882637, 31.886869661406614 ], [ 35.125040022375714, 31.887299236074515 ], [ 35.125333368006451, 31.887628765698448 ], [ 35.125878464522415, 31.887986947766354 ], [ 35.126977058502149, 31.888531692247607 ], [ 35.128151073306299, 31.889150873958197 ], [ 35.128629023255293, 31.889566359633502 ], [ 35.128972679319077, 31.889924408130334 ], [ 35.129542855402875, 31.890411550343003 ], [ 35.129978841614275, 31.89071247426002 ], [ 35.130498745464884, 31.891027695059996 ], [ 35.130976863335881, 31.891257035282354 ], [ 35.131547246705651, 31.891371895310858 ], [ 35.132075800384001, 31.891450926623719 ], [ 35.132587570773516, 31.891501357891517 ], [ 35.133220237043851, 31.891451572538163 ], [ 35.134050963554856, 31.891294575894115 ], [ 35.134839729182104, 31.891130336864432 ], [ 35.135939070046511, 31.890787338504822 ], [ 35.136635655456537, 31.890479918948149 ], [ 35.138473880348215, 31.889471562938468 ], [ 35.139187309571007, 31.889085408497177 ], [ 35.140018179057378, 31.88867784655023 ], [ 35.140639141501588, 31.888398954404394 ], [ 35.140864097190573, 31.888356139841111 ], [ 35.141132567020684, 31.888363398514919 ], [ 35.141417649066874, 31.888499535008787 ], [ 35.141660851254805, 31.888671453177064 ], [ 35.142247604779698, 31.889587995703852 ], [ 35.142608095821011, 31.889981907788041 ], [ 35.142951836089019, 31.890296991982158 ], [ 35.143186685549544, 31.890483241942672 ], [ 35.143698215305932, 31.890741228616086 ], [ 35.144092492959665, 31.89088453595005 ], [ 35.144478330248972, 31.891006464888285 ], [ 35.144847508989685, 31.891063904308563 ], [ 35.145292178069738, 31.891092699604609 ], [ 35.14564458701237, 31.891092862958498 ], [ 35.146357705067281, 31.891007336787588 ], [ 35.146920020574527, 31.890864382178115 ], [ 35.14736471129681, 31.890685660377297 ], [ 35.147834697632028, 31.890449592512695 ], [ 35.148195708665341, 31.890206440368253 ], [ 35.148551598208016, 31.889863001410813 ], [ 35.148769909930451, 31.889619694457615 ], [ 35.149063737720724, 31.889297691040511 ], [ 35.149332308187986, 31.88914034911717 ], [ 35.149651161351201, 31.889033079075524 ], [ 35.150003613628549, 31.888947376590242 ], [ 35.150356056934129, 31.888875922119809 ], [ 35.150632940683209, 31.888775846946373 ], [ 35.150985457225907, 31.888575519415184 ], [ 35.151254068233328, 31.888339444445187 ], [ 35.151421984051602, 31.888038845812453 ], [ 35.151766433246529, 31.887332498633246 ], [ 35.152001406577625, 31.887132120112053 ], [ 35.152269913352796, 31.887067840285042 ], [ 35.15252165998038, 31.887110869853707 ], [ 35.152815202748705, 31.887261323666376 ], [ 35.152949319180934, 31.887476102580315 ], [ 35.153921324883598, 31.889588206315459 ], [ 35.154156156526341, 31.889845951002965 ], [ 35.154424549846432, 31.890003605101615 ], [ 35.154734946317475, 31.890089580486453 ], [ 35.155120850863341, 31.890104070030585 ], [ 35.15547332868482, 31.889968210637871 ], [ 35.156136249763335, 31.889624868785003 ], [ 35.158484292303882, 31.888516223031854 ], [ 35.158769573390444, 31.88851632573353 ], [ 35.159071625297486, 31.888587948165544 ], [ 35.15933158557295, 31.888709787132925 ], [ 35.159532855004429, 31.888888780460157 ], [ 35.160840932937326, 31.890578624335312 ], [ 35.161050600452405, 31.890671673947789 ], [ 35.161077234779356, 31.890677004170826 ], [ 35.161411326149349, 31.890743401772227 ], [ 35.16188965086188, 31.890686296635494 ], [ 35.162599499433121, 31.890543412272248 ], [ 35.163128059237962, 31.890421838420298 ], [ 35.163530865070939, 31.890228707634755 ], [ 35.163866546185581, 31.890042678387584 ], [ 35.16421907309455, 31.889763675605021 ], [ 35.164538121967055, 31.889412965588313 ], [ 35.164756352126382, 31.889012172560118 ], [ 35.164957877400049, 31.888618588543807 ], [ 35.165142681555352, 31.888267835820514 ], [ 35.16526859308199, 31.887960081686824 ], [ 35.165377782193225, 31.887702463478345 ], [ 35.165394714586782, 31.887401799905955 ], [ 35.165386473016504, 31.886893528790974 ], [ 35.165361590851703, 31.886245740008171 ], [ 35.1653953827024, 31.885816210720318 ], [ 35.165512994462084, 31.885379672645794 ], [ 35.165605400942951, 31.885057568979253 ], [ 35.16572290611316, 31.884871467917282 ], [ 35.165999896938857, 31.884699753809546 ], [ 35.166335512526153, 31.884613911082532 ], [ 35.166947983510305, 31.884420831273864 ], [ 35.167115877307914, 31.884292009758177 ], [ 35.167325665875829, 31.884063007588065 ], [ 35.167468343666705, 31.883819735988826 ], [ 35.16753561869897, 31.883418893893005 ], [ 35.167485391963368, 31.88321127939524 ], [ 35.167342947224867, 31.882874766558313 ], [ 35.166724578893408, 31.881482796063533 ], [ 35.166682718869438, 31.881239471031098 ], [ 35.166699628339686, 31.880981734207424 ], [ 35.166741666551282, 31.880788484881656 ], [ 35.166884340855859, 31.880545124601902 ], [ 35.167052265210167, 31.880323324399296 ], [ 35.168554146435611, 31.879143536163962 ], [ 35.168772216526108, 31.879050528926655 ], [ 35.168998836164057, 31.878986201924555 ], [ 35.169267286539153, 31.878979061763292 ], [ 35.169560863100529, 31.879043623201806 ], [ 35.169778851663345, 31.879165339088534 ], [ 35.170005393773678, 31.879308610336562 ], [ 35.171087093579096, 31.880540072277093 ], [ 35.171330347266711, 31.880661792093047 ], [ 35.17157362003104, 31.880733459992605 ], [ 35.171816910816879, 31.880754986178371 ], [ 35.172051755825819, 31.880747921326137 ], [ 35.17226157292454, 31.880683584251386 ], [ 35.17253007723717, 31.880533317267663 ], [ 35.17272301191133, 31.880383031503477 ], [ 35.172924416379622, 31.880189819703961 ], [ 35.173150963840406, 31.880025202187522 ], [ 35.173427917490606, 31.879882149970239 ], [ 35.173729889329401, 31.879824957086001 ], [ 35.174023492847205, 31.879825027551252 ], [ 35.174291919678545, 31.879896606465824 ], [ 35.174551967023902, 31.880061341150245 ], [ 35.174776715172989, 31.880226067081708 ], [ 35.174919332135666, 31.880426486240466 ], [ 35.175036666731948, 31.880698504273244 ], [ 35.175338384811937, 31.881457370510944 ], [ 35.175464204046847, 31.881643536165445 ], [ 35.175640335372869, 31.881822498475973 ], [ 35.175858431153237, 31.881987220947391 ], [ 35.176059725228576, 31.882144724696452 ], [ 35.176302880085665, 31.882280774353564 ], [ 35.176588111888471, 31.882381120122204 ], [ 35.176965615080498, 31.882474180197278 ], [ 35.176966249300321, 31.882474180334093 ], [ 35.177510985278381, 31.882474296672658 ], [ 35.178257611057766, 31.882410062082005 ], [ 35.178844840440824, 31.882388717817438 ], [ 35.17966702280804, 31.882367416748053 ], [ 35.180363322485022, 31.882360335647562 ], [ 35.181730764232647, 31.882353462514764 ], [ 35.183156967476215, 31.882360832925336 ], [ 35.185011025587954, 31.882296738806509 ], [ 35.186344968869726, 31.882254008502969 ], [ 35.186915374505432, 31.882318478444716 ], [ 35.187217412767538, 31.882475978333066 ], [ 35.187485829339899, 31.882697953677578 ], [ 35.188207164977968, 31.88337811462436 ], [ 35.188416858549914, 31.883385265946032 ], [ 35.188534304694954, 31.883263623773136 ], [ 35.188668576599554, 31.883013113272224 ], [ 35.188786177887593, 31.882590712647982 ], [ 35.188844917615782, 31.882111128453886 ], [ 35.188878579256468, 31.881803339292947 ], [ 35.188912111999016, 31.881631545225893 ], [ 35.18902120050722, 31.881538489973885 ], [ 35.189339966419077, 31.881524189294005 ], [ 35.189943988443318, 31.881531473965921 ], [ 35.190288026014514, 31.881438444105214 ], [ 35.190405461834338, 31.881352512801076 ], [ 35.190556521457367, 31.881166482734272 ], [ 35.190632009783556, 31.880994692753983 ], [ 35.190665647036674, 31.880808559396304 ], [ 35.190674069483528, 31.880314629960566 ], [ 35.190674095995327, 31.880135707553993 ], [ 35.19071608626728, 31.879920897420885 ], [ 35.190808461189661, 31.879183663593736 ], [ 35.190842116288955, 31.87886865916353 ], [ 35.190817012797538, 31.878525060603991 ], [ 35.190758302957015, 31.878167209397912 ], [ 35.190582163238417, 31.877895108991289 ], [ 35.190406001448608, 31.877780558155379 ], [ 35.19015436996682, 31.87772326414273 ], [ 35.189617491300858, 31.877673151415546 ], [ 35.189290284964741, 31.877680237193907 ], [ 35.188870799644107, 31.877773255225474 ], [ 35.188552034341711, 31.877859069851649 ], [ 35.188182964952965, 31.877923504033234 ], [ 35.187688039854301, 31.877894761743107 ], [ 35.187268573136478, 31.877873242907473 ], [ 35.185716580592434, 31.877794294720058 ], [ 35.185448162741984, 31.877665384016787 ], [ 35.185272137359831, 31.877432776402856 ], [ 35.185246928975452, 31.877189369423181 ], [ 35.185339335077529, 31.877010370417956 ], [ 35.186295860224547, 31.875571735197703 ], [ 35.186488911040392, 31.875199578606857 ], [ 35.186488960873838, 31.874941836510764 ], [ 35.186472199605049, 31.874724223156512 ], [ 35.186405138056003, 31.874480810397241 ], [ 35.186195582977916, 31.873872317509694 ], [ 35.186094952553084, 31.873442852928761 ], [ 35.186095007720574, 31.873163647115565 ], [ 35.186137013178588, 31.87291312557894 ], [ 35.186237775836915, 31.872662612420154 ], [ 35.186388741122968, 31.872390642638969 ], [ 35.186648884952852, 31.87205420719572 ], [ 35.18688387225427, 31.871732106578314 ], [ 35.187076763304646, 31.871596137643323 ], [ 35.187252961575034, 31.871431487306694 ], [ 35.187504633509057, 31.871159529679169 ], [ 35.187638895800873, 31.870880431903959 ], [ 35.187722863811786, 31.870554702974481 ], [ 35.187781687362417, 31.870182436069246 ], [ 35.187815260195094, 31.869774453124592 ], [ 35.187865612814562, 31.869495253694161 ], [ 35.187983180259792, 31.869187475034167 ], [ 35.188192896755481, 31.868879708021119 ], [ 35.188394254350079, 31.868622080947134 ], [ 35.188738160855038, 31.868407308696966 ], [ 35.189140837532861, 31.868092438866842 ], [ 35.189797579576656, 31.86762248286729 ], [ 35.190104473583034, 31.867531433455149 ], [ 35.190611615480215, 31.867474493813138 ], [ 35.190945231015526, 31.867474529522674 ], [ 35.191665906237624, 31.867668226255187 ], [ 35.193592290909919, 31.868274883661947 ] ] ] } },
{ "type": "Feature", "properties": { "Physical_M": 1, "Designatio": 1, "Status_sim": 0, "Physical_1": "Fence", "Designat_1": "Main Barrier", "Status_sip": "Completed", "Shape_Leng": 3054.5761361199998 }, "geometry": { "type": "MultiLineString", "coordinates": [ [ [ 35.206157661988591, 31.878780466970298 ], [ 35.207177137382537, 31.879607405385975 ], [ 35.208007661473232, 31.880176437264666 ], [ 35.208284465338174, 31.880276621810289 ], [ 35.208502608263458, 31.880276614941639 ], [ 35.208737553881726, 31.880226555663523 ], [ 35.208997543279871, 31.880104800362052 ], [ 35.209190519715186, 31.879875728950783 ], [ 35.20976932418813, 31.878937986755012 ], [ 35.209895084164586, 31.878801985587888 ], [ 35.210130022619893, 31.878708906669377 ], [ 35.21038166196788, 31.878665968393296 ], [ 35.210582999217507, 31.8787088854132 ], [ 35.211821268257964, 31.879116895628567 ], [ 35.21212332400389, 31.879109663010539 ], [ 35.212374960427873, 31.879030918343513 ], [ 35.212567829250276, 31.878894910302673 ], [ 35.212676888831901, 31.878780371084957 ], [ 35.21281954326485, 31.878515495527509 ], [ 35.212894972330858, 31.87817189400846 ], [ 35.212886600972205, 31.877928491994464 ], [ 35.212811013406515, 31.877692308456012 ], [ 35.212676769651836, 31.877448914093183 ], [ 35.212450267610926, 31.877255667335962 ], [ 35.211644907756437, 31.876840514352445 ], [ 35.210747286060545, 31.87633094002609 ], [ 35.210596248037227, 31.876116222498609 ], [ 35.210512427525359, 31.875930089423274 ], [ 35.210487154603349, 31.87570815102578 ], [ 35.210529098795398, 31.875522011856667 ], [ 35.210612995820107, 31.875285819121359 ], [ 35.210789158768847, 31.875114012044502 ], [ 35.210973672338298, 31.874978007349402 ], [ 35.211225300262164, 31.874913603147242 ], [ 35.211552492231732, 31.874877782665628 ], [ 35.212802400841539, 31.87479897695048 ], [ 35.212995374787795, 31.874755946954267 ], [ 35.213196689768147, 31.874641400939492 ], [ 35.213372745635503, 31.874519732169968 ], [ 35.213523744416527, 31.8742977817525 ], [ 35.213590833027467, 31.874097390690387 ], [ 35.213607615573281, 31.873882664410623 ], [ 35.213557291398345, 31.873689316233541 ], [ 35.212709870764996, 31.871803923123458 ], [ 35.212609131042882, 31.871503260712913 ], [ 35.212558807160477, 31.871267075149561 ], [ 35.212516837494768, 31.871102403621741 ], [ 35.212516821167277, 31.870916356726635 ], [ 35.212550408869873, 31.870708753628744 ], [ 35.212650988606683, 31.870415202346152 ], [ 35.212827130687018, 31.870157538276999 ], [ 35.213045229027024, 31.869935583806118 ], [ 35.213397538820388, 31.869735173566138 ], [ 35.213691101036893, 31.869642083770842 ], [ 35.213976212207406, 31.869584796435966 ], [ 35.214336995086363, 31.869591892952915 ], [ 35.214689223511201, 31.869649131074127 ], [ 35.21505836979297, 31.869785096029215 ], [ 35.21597939552565, 31.870157290054372 ], [ 35.216289783814737, 31.870257454857715 ], [ 35.216616970350209, 31.870314689973696 ], [ 35.216860243278497, 31.870329005190175 ], [ 35.217095060080453, 31.87032898194574 ], [ 35.217304826560174, 31.870300282542228 ], [ 35.217506136347225, 31.870250210397366 ], [ 35.217715791115957, 31.870178583603103 ], [ 35.218026146574189, 31.870042555320964 ], [ 35.218235792973459, 31.869920785736046 ], [ 35.218420284869097, 31.869777645311814 ], [ 35.218604878113176, 31.869612951147449 ], [ 35.218713909336714, 31.869434016200948 ], [ 35.218822834205938, 31.8692549907786 ], [ 35.218931861216767, 31.869054591974585 ], [ 35.219376221476374, 31.867689443466315 ], [ 35.219476882230417, 31.867395976437596 ], [ 35.219543957640518, 31.867224169917375 ], [ 35.219619384348434, 31.867073826025234 ], [ 35.219745208972995, 31.866873334644293 ], [ 35.219912891075346, 31.866737318245502 ], [ 35.220030283175703, 31.866665698825955 ] ] ] } },
{ "type": "Feature", "properties": { "Physical_M": 1, "Designatio": 1, "Status_sim": 1, "Physical_1": "Fence", "Designat_1": "Main Barrier", "Status_sip": "Planned", "Shape_Leng": 5930.5653199300004 }, "geometry": { "type": "MultiLineString", "coordinates": [ [ [ 35.043228514376452, 32.064681552233409 ], [ 35.042904844901635, 32.066871969943861 ], [ 35.042988935605408, 32.068196638502222 ], [ 35.044714612382904, 32.069744145534706 ], [ 35.046008749369825, 32.070996744077974 ], [ 35.04851231081372, 32.072618755724349 ], [ 35.052226032080441, 32.074095003325702 ], [ 35.055508582255861, 32.075055529311221 ], [ 35.058790618210708, 32.076383903135365 ], [ 35.061640727898144, 32.077638119648192 ], [ 35.063540205629387, 32.07889121817513 ], [ 35.064835622906408, 32.079554931358324 ], [ 35.066909805684467, 32.079630785814828 ], [ 35.069503107033555, 32.079339226665759 ], [ 35.072441788531059, 32.079268734109533 ], [ 35.075206677207746, 32.079860276200733 ], [ 35.07848947396797, 32.080967380814073 ], [ 35.082204017297947, 32.082442750101301 ], [ 35.08470909688166, 32.083548940379714 ], [ 35.087732371810937, 32.085023492400197 ], [ 35.090324663964239, 32.085614546012188 ], [ 35.092138622115641, 32.086572791848411 ], [ 35.093519992046261, 32.08789856681264 ], [ 35.093259256979927, 32.089075723563646 ] ] ] } },
{ "type": "Feature", "properties": { "Physical_M": 2, "Designatio": 1, "Status_sim": 1, "Physical_1": "Wall", "Designat_1": "Main Barrier", "Status_sip": "Planned", "Shape_Leng": 6717.6112146699998 }, "geometry": { "type": "MultiLineString", "coordinates": [ [ [ 35.028469583279779, 32.103538338009415 ], [ 35.031062651958543, 32.101827965499496 ], [ 35.034014174762312, 32.100207929989757 ], [ 35.036443162340362, 32.09976830320749 ], [ 35.039449625462758, 32.099673778053514 ], [ 35.042283525477409, 32.100466957409466 ], [ 35.045112266988475, 32.101452689506985 ], [ 35.047481645945901, 32.102095379020525 ], [ 35.051076664760835, 32.101636530298187 ], [ 35.052755372281545, 32.099499586270774 ], [ 35.054746906345599, 32.098165045037817 ], [ 35.057261820680687, 32.096831081104924 ], [ 35.061241944182044, 32.095855300810776 ], [ 35.066478806863948, 32.094524290226062 ], [ 35.069620720939767, 32.093814622613614 ], [ 35.074018451066863, 32.093462744931074 ], [ 35.076217748391272, 32.092930225081169 ], [ 35.079778632197055, 32.092042533438814 ], [ 35.08459498805837, 32.09169069999087 ], [ 35.089097221469601, 32.091338397265645 ], [ 35.092133758406355, 32.090984554921491 ], [ 35.093259256979927, 32.089075723563646 ] ] ] } },
{ "type": "Feature", "properties": { "Physical_M": 2, "Designatio": 1, "Status_sim": 1, "Physical_1": "Wall", "Designat_1": "Main Barrier", "Status_sip": "Planned", "Shape_Leng": 5671.3714273200003 }, "geometry": { "type": "MultiLineString", "coordinates": [ [ [ 35.040149647361922, 32.106205654812932 ], [ 35.041961205040607, 32.105101040373185 ], [ 35.044790003374366, 32.104124207144466 ], [ 35.048664841740745, 32.103772551936224 ], [ 35.051073091158337, 32.103775490073012 ], [ 35.05316691886901, 32.103956291692612 ], [ 35.055783801173803, 32.104404965556995 ], [ 35.0576685873042, 32.104407163033997 ], [ 35.061438192790938, 32.104322376918113 ], [ 35.064684477139068, 32.104058617496491 ], [ 35.06656968611393, 32.10370420407326 ], [ 35.069084293576445, 32.102637387600439 ], [ 35.072855733347659, 32.101215353900926 ], [ 35.077568927763544, 32.100061535385002 ], [ 35.081444427786884, 32.098995918804796 ], [ 35.083225388919509, 32.098195488328209 ], [ 35.086367644430716, 32.097218114173465 ], [ 35.089823715131125, 32.096419140877394 ], [ 35.093279185774044, 32.096065739012765 ], [ 35.095372182324247, 32.096869614340832 ], [ 35.097360443681588, 32.097762554075985 ] ] ] } },
{ "type": "Feature", "properties": { "Physical_M": 1, "Designatio": 1, "Status_sim": 1, "Physical_1": "Fence", "Designat_1": "Main Barrier", "Status_sip": "Planned", "Shape_Leng": 6735.0188377599998 }, "geometry": { "type": "MultiLineString", "coordinates": [ [ [ 35.108594188471557, 32.087940170498676 ], [ 35.111086272493885, 32.08770233303926 ], [ 35.112134674559499, 32.08618799217917 ], [ 35.113078388840812, 32.084673566832208 ], [ 35.115696243604525, 32.083962375656213 ], [ 35.117476024951706, 32.083785414462383 ], [ 35.119256873675432, 32.082449708611868 ], [ 35.120095783845585, 32.080935160056974 ], [ 35.122295153183771, 32.079688876923349 ], [ 35.124179485900555, 32.079511798070044 ], [ 35.125748574079893, 32.080849696845092 ], [ 35.126166438535769, 32.081830299577256 ], [ 35.12857323677229, 32.082901294954269 ], [ 35.131189429794219, 32.084061462393741 ], [ 35.133491241282798, 32.085577880977795 ], [ 35.134224136058386, 32.085578289010485 ], [ 35.13684187870188, 32.084688465560937 ], [ 35.140820080780827, 32.084512239130632 ], [ 35.143017825796626, 32.085404569164467 ], [ 35.14374967140462, 32.086830933039479 ], [ 35.145214809381507, 32.087544676701128 ], [ 35.146995433855174, 32.086208581941975 ], [ 35.149717459848787, 32.085764117913584 ], [ 35.152334709609441, 32.085676123056253 ], [ 35.154847098510565, 32.08576622783535 ], [ 35.157359597838258, 32.085856373222953 ], [ 35.159348163798995, 32.086659244178847 ], [ 35.161231879145262, 32.088175009183708 ], [ 35.162173247508548, 32.090046915398013 ], [ 35.164161555797612, 32.091740956400663 ], [ 35.165103478118233, 32.092543399641059 ], [ 35.166359438037652, 32.093524125520226 ] ] ] } },
{ "type": "Feature", "properties": { "Physical_M": 1, "Designatio": 3, "Status_sim": 0, "Physical_1": "Fence", "Designat_1": "Special Security Arrangement", "Status_sip": "Planned", "Shape_Leng": 9959.2969051500004 }, "geometry": { "type": "MultiLineString", "coordinates": [ [ [ 35.166359438037652, 32.093524125520226 ], [ 35.169441194302877, 32.094846415586559 ], [ 35.170269376066074, 32.0949110294939 ], [ 35.171976644638981, 32.094288697699483 ], [ 35.172540039663609, 32.094195775268055 ], [ 35.173069701441584, 32.094231708582846 ], [ 35.173532160753943, 32.094389365942476 ], [ 35.174111416309039, 32.094704412651033 ], [ 35.174708369728094, 32.095012336872784 ], [ 35.175153910456096, 32.095091167518447 ], [ 35.176263925282065, 32.095034154763468 ], [ 35.181442869426, 32.094813356858978 ], [ 35.183721672036555, 32.094720683898998 ], [ 35.184310214299664, 32.094885356597608 ], [ 35.184966004633324, 32.095157530958339 ], [ 35.185911939931408, 32.095522719539282 ], [ 35.186458440786431, 32.09565166466858 ], [ 35.187038654256725, 32.095658869468345 ], [ 35.187535724231772, 32.095576783180825 ], [ 35.188199118779934, 32.095465768495188 ], [ 35.189889283594191, 32.095115174226663 ], [ 35.191626583377925, 32.094715956195081 ], [ 35.192837472848261, 32.094351025381108 ], [ 35.195323213803327, 32.093549531085223 ], [ 35.199409804028321, 32.092218345351299 ], [ 35.200048896058533, 32.092204120937161 ], [ 35.200595396542333, 32.092361592027927 ], [ 35.201200790828686, 32.092705193034455 ], [ 35.201823028819348, 32.093191906635049 ], [ 35.202444427531304, 32.093609990314228 ], [ 35.203621558479043, 32.094884151030918 ], [ 35.204630598947844, 32.095886228931825 ], [ 35.2053201469908, 32.096365800405913 ], [ 35.205942428500173, 32.096666453220998 ], [ 35.20651418102603, 32.096938426573203 ], [ 35.209186620341647, 32.097786582907851 ], [ 35.209938390403721, 32.098034803597429 ], [ 35.210491513180791, 32.098889366791141 ], [ 35.210942434643506, 32.099539239363217 ], [ 35.211406727835723, 32.099797934057896 ], [ 35.211693950407806, 32.100250500963185 ], [ 35.2120426412244, 32.100363060811993 ], [ 35.212920366461304, 32.100377605396837 ], [ 35.213546932403759, 32.100624563474803 ], [ 35.214194405597212, 32.101182816845892 ], [ 35.214329019257569, 32.101791247033667 ], [ 35.214345944760609, 32.102535677896419 ], [ 35.214447041911214, 32.1037382132197 ], [ 35.214648903061068, 32.104040929728932 ], [ 35.215035748834708, 32.104348680304376 ], [ 35.215582362355264, 32.10463495280883 ], [ 35.216297206346646, 32.104785216900787 ], [ 35.217037272560418, 32.104971275611589 ], [ 35.2173149044431, 32.105322045550764 ], [ 35.217499962722698, 32.105837402208834 ], [ 35.217525259522517, 32.106402824892442 ], [ 35.217432861348549, 32.10707566317204 ], [ 35.217205864115975, 32.107455070986333 ], [ 35.216877898614193, 32.107870290109425 ], [ 35.216297655739226, 32.108249730571664 ], [ 35.2154651261298, 32.108536125501814 ], [ 35.214834413662309, 32.108686508213339 ], [ 35.213961489776793, 32.108801826472487 ], [ 35.212851330478529, 32.108844831157981 ], [ 35.212018756750368, 32.108794743966548 ], [ 35.211337587807208, 32.108730395177538 ], [ 35.210311535447595, 32.108479928995223 ], [ 35.209218206291077, 32.108179317022262 ], [ 35.208444547176171, 32.108072030450892 ], [ 35.207049280319993, 32.108136455927891 ], [ 35.199505662968427, 32.108308180756879 ], [ 35.19802044125462, 32.10827231355033 ], [ 35.197423412121331, 32.108193555233832 ], [ 35.196130873081053, 32.107480519218136 ], [ 35.195390832551311, 32.107251413303182 ], [ 35.194718047411122, 32.107280040291286 ], [ 35.189260497612672, 32.109584311347874 ], [ 35.188318536766424, 32.10982046498961 ], [ 35.187427053485337, 32.10979167208496 ], [ 35.186510267246838, 32.109665655302017 ], [ 35.185980612862252, 32.109648355240907 ], [ 35.184971380846022, 32.109798533597093 ], [ 35.184029438566988, 32.109891450756891 ], [ 35.182752525481412, 32.110100952903913 ], [ 35.182297478653936, 32.110138353807464 ], [ 35.181871809578823, 32.110088305971686 ], [ 35.181196651290961, 32.109850809084925 ], [ 35.180242571229556, 32.109738191666516 ], [ 35.178892057121878, 32.110037767531672 ], [ 35.176528607762044, 32.110649443504457 ] ] ] } },
{ "type": "Feature", "properties": { "Physical_M": 1, "Designatio": 1, "Status_sim": 1, "Physical_1": "Fence", "Designat_1": "Main Barrier", "Status_sip": "Planned", "Shape_Leng": 6253.1749956200001 }, "geometry": { "type": "MultiLineString", "coordinates": [ [ [ 35.176528607762044, 32.110649443504457 ], [ 35.174335764828513, 32.1123727657911 ], [ 35.173262659304733, 32.113133463882619 ], [ 35.171796281549994, 32.113846053063476 ], [ 35.170539599030285, 32.114202202083781 ], [ 35.16886425698862, 32.113756166808479 ], [ 35.166560717052278, 32.113042451582764 ], [ 35.164466649305069, 32.112417947962761 ], [ 35.163105607715565, 32.111793650785721 ], [ 35.161430137914429, 32.11179309343315 ], [ 35.159126326953292, 32.11205967274865 ], [ 35.157450852385139, 32.112059062745416 ], [ 35.154518696331579, 32.112147038834841 ], [ 35.152005992729364, 32.111343969628514 ], [ 35.149388490865462, 32.110808095961026 ], [ 35.147294096913015, 32.110807168949059 ], [ 35.14509495268539, 32.111073540192791 ], [ 35.142162257900921, 32.112141569474105 ], [ 35.141219783138482, 32.112141102818029 ], [ 35.138288380191213, 32.11115926705547 ], [ 35.136194879958168, 32.110088629974264 ], [ 35.13420519160141, 32.110354924760848 ], [ 35.13263380327578, 32.111156189134697 ], [ 35.131062458820921, 32.111868247165901 ], [ 35.131061318849234, 32.113294251829132 ], [ 35.13325969445799, 32.114275935281718 ], [ 35.135457944079235, 32.11534658691059 ], [ 35.136085352931396, 32.116594737746176 ], [ 35.136189048428641, 32.117931611306886 ], [ 35.134721803389731, 32.119445913346212 ], [ 35.133464035534615, 32.120782121849558 ], [ 35.132520739467267, 32.121851025247821 ], [ 35.131577386563208, 32.122830914385823 ] ] ] } },
{ "type": "Feature", "properties": { "Physical_M": 1, "Designatio": 1, "Status_sim": 1, "Physical_1": "Fence", "Designat_1": "Main Barrier", "Status_sip": "Planned", "Shape_Leng": 2409.8662986600002 }, "geometry": { "type": "MultiLineString", "coordinates": [ [ [ 35.131577386563208, 32.122830914385823 ], [ 35.130529100311371, 32.124078026078671 ], [ 35.129585775961992, 32.124968712860692 ], [ 35.127386391676659, 32.125056490999938 ], [ 35.125501866748031, 32.124253277333224 ], [ 35.123827266219294, 32.123004414229989 ], [ 35.122780539252204, 32.122379884376869 ], [ 35.120057707166637, 32.122378100029145 ], [ 35.117439127256034, 32.122732806887768 ], [ 35.115762511473676, 32.123712072181711 ], [ 35.113981512695339, 32.124334672206722 ], [ 35.111886107739316, 32.1251353016359 ], [ 35.110106063355431, 32.124777420193453 ], [ 35.110002176436581, 32.123886102921354 ] ] ] } },
{ "type": "Feature", "properties": { "Physical_M": 1, "Designatio": 1, "Status_sim": 1, "Physical_1": "Fence", "Designat_1": "Main Barrier", "Status_sip": "Planned", "Shape_Leng": 3668.8161139399999 }, "geometry": { "type": "MultiLineString", "coordinates": [ [ [ 35.110002176436581, 32.123886102921354 ], [ 35.110108262830231, 32.122638463311453 ], [ 35.109480428644837, 32.122103231600441 ], [ 35.108328553917055, 32.122013266118003 ], [ 35.106338516726112, 32.122190024565555 ], [ 35.105395843351744, 32.122278387800421 ], [ 35.104140143473927, 32.121297062248154 ], [ 35.104140825605491, 32.120673112899581 ], [ 35.103618622314862, 32.119424979179215 ], [ 35.103410112632766, 32.118533572519674 ], [ 35.102887734079012, 32.117463719321051 ], [ 35.101737115659262, 32.116214981569733 ], [ 35.101528537739789, 32.115501855458731 ], [ 35.102472334218689, 32.114343995313305 ], [ 35.102368731337343, 32.113274385868976 ], [ 35.101952670272354, 32.110778608511758 ], [ 35.101744595753814, 32.109530718926479 ], [ 35.101222988547889, 32.107836907514034 ], [ 35.100386753324699, 32.106499314495366 ], [ 35.099970168525594, 32.104538291132236 ], [ 35.100078090596298, 32.101775463273242 ], [ 35.100289153831397, 32.100260531864251 ], [ 35.10029026582972, 32.099280191892355 ], [ 35.09976752413467, 32.098655809162615 ], [ 35.097360443681588, 32.097762554075985 ] ] ] } },
{ "type": "Feature", "properties": { "Physical_M": 1, "Designatio": 1, "Status_sim": 0, "Physical_1": "Fence", "Designat_1": "Main Barrier", "Status_sip": "Completed", "Shape_Leng": 1227.9834398099999 }, "geometry": { "type": "MultiLineString", "coordinates": [ [ [ 35.16764615762645, 31.726826804948256 ], [ 35.166953963764406, 31.726620430019896 ], [ 35.166292475012519, 31.726599292180822 ], [ 35.165704529338356, 31.726473473899201 ], [ 35.165078517779975, 31.726467471349135 ], [ 35.164312465535716, 31.726416865268099 ], [ 35.163693389575236, 31.726078345580628 ], [ 35.162922344744878, 31.725178005064883 ], [ 35.162812288808553, 31.72484305151827 ], [ 35.162800094894003, 31.72450951168948 ], [ 35.162934350619786, 31.724282859378398 ], [ 35.163036957094675, 31.723914446192534 ], [ 35.163633523267023, 31.723222969934906 ], [ 35.164215753428991, 31.722834850375371 ], [ 35.164712762013636, 31.722531643111854 ], [ 35.165493592446005, 31.722483345228291 ], [ 35.16645895760125, 31.722483636088075 ], [ 35.167111992342448, 31.722495963026812 ], [ 35.167637283057893, 31.722447577630675 ], [ 35.168299251139246, 31.722255180137701 ] ] ] } },
{ "type": "Feature", "properties": { "Physical_M": 2, "Designatio": 2, "Status_sim": 1, "Physical_1": "Wall", "Designat_1": "Road Protection", "Status_sip": "Planned", "Shape_Leng": 2334.1588782499998 }, "geometry": { "type": "MultiLineString", "coordinates": [ [ [ 35.147359038632054, 31.73456260687157 ], [ 35.147153195268913, 31.733975085871496 ], [ 35.146640662578434, 31.733399124208852 ], [ 35.146365423300743, 31.732849439053275 ], [ 35.146358041445865, 31.732411095310827 ], [ 35.146633964549203, 31.731855117344605 ], [ 35.147706664356292, 31.730193831743257 ], [ 35.14811263578072, 31.729749128597224 ], [ 35.149161766739191, 31.729023381387794 ], [ 35.151604272894879, 31.727853328040485 ], [ 35.152117317684443, 31.727519877344488 ], [ 35.152301185323466, 31.727238628926216 ], [ 35.152783985901443, 31.726218212059461 ], [ 35.153121185262897, 31.725485599766809 ], [ 35.153450606143828, 31.724968881447829 ], [ 35.153848828201703, 31.724609209046726 ], [ 35.154201022339237, 31.724432703069745 ], [ 35.154675659014586, 31.724302040518154 ], [ 35.156283041102881, 31.724339458940936 ], [ 35.159624048068679, 31.724536947762498 ], [ 35.160261294888173, 31.724483194375072 ], [ 35.161214413288931, 31.724144952467988 ], [ 35.162001087469953, 31.723713417880834 ], [ 35.162934350619786, 31.724282859378398 ] ] ] } },
{ "type": "Feature", "properties": { "Physical_M": 1, "Designatio": 1, "Status_sim": 1, "Physical_1": "Fence", "Designat_1": "Main Barrier", "Status_sip": "Planned", "Shape_Leng": 13303.268010100001 }, "geometry": { "type": "MultiLineString", "coordinates": [ [ [ 35.156255312617773, 31.64701503139025 ], [ 35.158349652760755, 31.648005010399686 ], [ 35.159049098121656, 31.648334529675818 ], [ 35.159450668001234, 31.648549404311261 ], [ 35.159751854152795, 31.648585313718844 ], [ 35.160036437358499, 31.648506680362832 ], [ 35.160153640252439, 31.648349256525787 ], [ 35.160220755142888, 31.647991331546137 ], [ 35.160271485939774, 31.647053596018523 ], [ 35.159125593014565, 31.645814760917101 ], [ 35.15876582558068, 31.645728685999629 ], [ 35.15836414242353, 31.645771560445652 ], [ 35.157192466682865, 31.646193473642111 ], [ 35.156941332856526, 31.64622196943823 ], [ 35.156405850374682, 31.646085768562408 ], [ 35.154697326118402, 31.645746556750602 ], [ 35.154597070119031, 31.645546034498352 ], [ 35.154530248722594, 31.645316936334741 ], [ 35.154488510701874, 31.645102186689737 ], [ 35.154513746611585, 31.644830196213647 ], [ 35.156162971108763, 31.643399127095602 ], [ 35.156606559112028, 31.64323461379718 ], [ 35.157409947961312, 31.64306310796584 ], [ 35.158725457139063, 31.6426912973889 ], [ 35.159152417910654, 31.642233304394015 ], [ 35.159487305899219, 31.641854010216317 ], [ 35.160023288633319, 31.640894978599917 ], [ 35.159914746349472, 31.640594260416208 ], [ 35.159153538255062, 31.63991895082021 ], [ 35.159011407831066, 31.63976143567228 ], [ 35.158969634139744, 31.639603955510772 ], [ 35.159028359855782, 31.63936777900869 ], [ 35.160166779152306, 31.638408869208416 ], [ 35.160267249040686, 31.638165492254327 ], [ 35.160292472996282, 31.637879159780152 ], [ 35.160167124640346, 31.637678722786287 ], [ 35.159155028135039, 31.636840810211094 ], [ 35.159054768594373, 31.636647506057155 ], [ 35.157190607290879, 31.636099491141582 ], [ 35.154936787547342, 31.636098638149591 ], [ 35.152683254715207, 31.635770279644497 ], [ 35.150472197578914, 31.635478334680123 ], [ 35.148516315069507, 31.635077337976874 ], [ 35.146517923223662, 31.634748982020056 ], [ 35.145614826434823, 31.634649364918729 ], [ 35.145117847285498, 31.634765114457746 ], [ 35.144304820504644, 31.634919313223545 ], [ 35.143220778968853, 31.635073287463438 ], [ 35.142272187625551, 31.635227408850774 ], [ 35.141052527079225, 31.635458677787991 ], [ 35.140289642193757, 31.635490493462914 ], [ 35.139879651905659, 31.635554770116858 ], [ 35.139360981543625, 31.635468560039456 ], [ 35.139001342325983, 31.635282232254255 ], [ 35.138599926951827, 31.63499568479115 ], [ 35.138240261374669, 31.634702033794209 ], [ 35.137905770516511, 31.634436983225466 ], [ 35.13733340244066, 31.633834962180881 ], [ 35.13652649368381, 31.6325247625185 ], [ 35.135719288708266, 31.631505678374065 ], [ 35.134274153432699, 31.630668055743786 ], [ 35.133550754612905, 31.631358933585467 ], [ 35.133635073957898, 31.632341287938502 ], [ 35.135250038831799, 31.633470040210483 ], [ 35.135705024855937, 31.634851034973639 ], [ 35.135252736184597, 31.635523669354118 ], [ 35.132612302137474, 31.639475879573105 ], [ 35.132243731002752, 31.640069817761546 ], [ 35.132134747254206, 31.640320292785475 ], [ 35.132117747469266, 31.640628088008949 ], [ 35.132392310180968, 31.642745088962901 ], [ 35.132299886416277, 31.643253234965293 ], [ 35.132115462331399, 31.643582490205059 ], [ 35.131922836912004, 31.643882970830454 ], [ 35.131688390873165, 31.644004588158392 ], [ 35.131161346892178, 31.643925554947685 ], [ 35.130843432958663, 31.64374635281694 ], [ 35.13054248862241, 31.643438374405498 ], [ 35.130484481022165, 31.642672391288869 ], [ 35.130334369753328, 31.641999426620593 ], [ 35.130217862673675, 31.641226194395145 ], [ 35.130168082045536, 31.640725091638149 ], [ 35.129959697870433, 31.639765752000308 ], [ 35.129884747464146, 31.639235955633367 ], [ 35.129701271890944, 31.638509940589984 ], [ 35.129467180844195, 31.638201998500325 ], [ 35.128460153338366, 31.637814865998863 ], [ 35.127545869587252, 31.637847146936824 ], [ 35.126687178919596, 31.638464852610866 ], [ 35.125421275456915, 31.639932485342381 ], [ 35.124245968813277, 31.64093651496886 ], [ 35.123523264050391, 31.641013258745595 ], [ 35.122665530809435, 31.64047177679193 ], [ 35.121807500961204, 31.640277956261809 ], [ 35.120961276149004, 31.63973583868956 ], [ 35.11959392233306, 31.640662952314045 ], [ 35.117877231461193, 31.640970958327578 ], [ 35.115844384886771, 31.641162742655535 ], [ 35.114849752908661, 31.642166811224136 ], [ 35.113719680123026, 31.643016106849224 ], [ 35.112319005551363, 31.643401551225907 ], [ 35.110828427942081, 31.643439066972828 ], [ 35.109292741703072, 31.6433606430552 ], [ 35.107666393043324, 31.643591289558785 ], [ 35.105271553286435, 31.644285056954853 ], [ 35.104479864257577, 31.645443689494989 ], [ 35.103710466318297, 31.646834202648186 ], [ 35.10339354693707, 31.647529556199206 ], [ 35.103301901623645, 31.648727332692445 ], [ 35.103616908090686, 31.64980963182833 ], [ 35.104068001358257, 31.65042821116678 ], [ 35.105152079585402, 31.650467748324854 ], [ 35.107606750140008, 31.649570750787181 ], [ 35.107916397888452, 31.649563860120278 ], [ 35.108217529666845, 31.649635694778528 ], [ 35.108434918609632, 31.649843466397709 ], [ 35.108568606347333, 31.650043959978266 ], [ 35.108585046710679, 31.650358991468561 ], [ 35.108568018873171, 31.650616639925627 ], [ 35.107729114350896, 31.652663316237451 ], [ 35.107578245961221, 31.652863684770804 ], [ 35.107193127084308, 31.653045928211281 ], [ 35.106673991656862, 31.653238799850993 ], [ 35.103911293147462, 31.65428894334655 ], [ 35.100637646065692, 31.655582023388561 ], [ 35.097628567164278, 31.656676922039864 ], [ 35.096992169527432, 31.657034335626658 ], [ 35.096263392239067, 31.657584935623941 ], [ 35.094260429490369, 31.659092932066333 ] ] ] } },
{ "type": "Feature", "properties": { "Physical_M": 1, "Designatio": 1, "Status_sim": 0, "Physical_1": "Fence", "Designat_1": "Main Barrier", "Status_sip": "Completed", "Shape_Leng": 28232.108154500002 }, "geometry": { "type": "MultiLineString", "coordinates": [ [ [ 34.887277524378369, 31.38021895191385 ], [ 34.887708517076952, 31.378594989632102 ], [ 34.888440587172234, 31.376774884731116 ], [ 34.888996428346971, 31.375244299193085 ], [ 34.889668107103965, 31.373330421176565 ], [ 34.89000499783949, 31.37238624464608 ], [ 34.890050548366474, 31.371238788674884 ], [ 34.890177715706422, 31.37064493384208 ], [ 34.890471362163389, 31.370151686358319 ], [ 34.891292119251069, 31.369223119304788 ], [ 34.891752069240553, 31.368880620105163 ], [ 34.892128000764394, 31.368738314873454 ], [ 34.892560572131416, 31.368631951880371 ], [ 34.893333994556563, 31.368661156897279 ], [ 34.894199604549996, 31.368625193195808 ], [ 34.894799342232382, 31.36847431175924 ], [ 34.895420944002517, 31.368418720882172 ], [ 34.895842481490078, 31.368438765269129 ], [ 34.896298508902653, 31.368583713164519 ], [ 34.897306878473294, 31.368929751979163 ], [ 34.897990444819264, 31.369117537154864 ], [ 34.898832452817054, 31.36932716138352 ], [ 34.900056016292346, 31.369343778820522 ], [ 34.90076621382714, 31.369326431867371 ], [ 34.902119401847337, 31.369500986936611 ], [ 34.902984773098737, 31.369541082733015 ], [ 34.903739797906162, 31.369409554663527 ], [ 34.904384502993764, 31.369030284792473 ], [ 34.904674122406021, 31.368688152396544 ], [ 34.90525433473119, 31.367661258007477 ], [ 34.905616748201709, 31.367132510698241 ], [ 34.906009824244961, 31.366811269467185 ], [ 34.906586387423204, 31.366533382914319 ], [ 34.907094103060828, 31.366288162750898 ], [ 34.907929652801194, 31.365874864731577 ], [ 34.908280958553881, 31.365596540145667 ], [ 34.90844859467753, 31.365332040517302 ], [ 34.908474485187682, 31.365052873902528 ], [ 34.90841689068688, 31.364816534952976 ], [ 34.907912179779792, 31.363529959919692 ], [ 34.907884115097957, 31.363336587474244 ], [ 34.907913779221403, 31.363020333538781 ], [ 34.908112335191042, 31.362398691035253 ], [ 34.908101072839322, 31.362071798641615 ], [ 34.90797913413229, 31.361772769091701 ], [ 34.907766853256369, 31.361547338709755 ], [ 34.907478608477852, 31.361367598479397 ], [ 34.907237328689384, 31.361188013647759 ], [ 34.906859305032519, 31.360993430527355 ], [ 34.906614205921755, 31.360785495006272 ], [ 34.906426606886477, 31.360528487532964 ], [ 34.906338415506696, 31.359920240574287 ], [ 34.906268173338233, 31.358816463499704 ], [ 34.90624541743265, 31.358240000498537 ], [ 34.906287008349608, 31.358039760360224 ], [ 34.906447560089596, 31.357780046403718 ], [ 34.90663652924583, 31.35760123656992 ], [ 34.907090969328678, 31.357297622761251 ], [ 34.908009925673021, 31.356905981802292 ], [ 34.908519662527674, 31.356635146646372 ], [ 34.908971253563962, 31.356271100009689 ], [ 34.909907166737817, 31.35562587045203 ], [ 34.91066228218579, 31.355083448554797 ], [ 34.911126624751113, 31.354588939090469 ], [ 34.91149292760258, 31.354009851465591 ], [ 34.911800011713396, 31.353203380430479 ], [ 34.912878631347283, 31.350902499011358 ], [ 34.913232311155099, 31.350425304149049 ], [ 34.913643169977021, 31.349997441765272 ], [ 34.914878139623873, 31.348981822573219 ], [ 34.916182801228615, 31.347889496112387 ], [ 34.91890703412377, 31.345588803693925 ], [ 34.919853737123582, 31.344862353797222 ], [ 34.920526100039609, 31.344433907998429 ], [ 34.921674383288348, 31.343935709765081 ], [ 34.923144273386519, 31.343593602496792 ], [ 34.924271285478532, 31.343492439253449 ], [ 34.925679514948506, 31.343564590404089 ], [ 34.930204959972919, 31.344109614364278 ], [ 34.930918064654584, 31.344190467858983 ], [ 34.931531512381163, 31.344595948988282 ], [ 34.93213332863337, 31.345218904580133 ], [ 34.932695847871173, 31.345513664664519 ], [ 34.933741685495193, 31.345654045082849 ], [ 34.934981502313065, 31.345153578042162 ], [ 34.936013064055871, 31.345238116478097 ], [ 34.937468814230527, 31.345227422184276 ], [ 34.939044502586057, 31.345230689622316 ], [ 34.939876281542809, 31.345253000493042 ], [ 34.943225098650352, 31.346172858913778 ], [ 34.944392010365327, 31.346491002549712 ], [ 34.945598379374992, 31.347008289996467 ], [ 34.946277376758452, 31.347332295912967 ], [ 34.947244367156799, 31.347643147171539 ], [ 34.94810793951099, 31.347747844436675 ], [ 34.949723461882051, 31.347826571607531 ], [ 34.951578926886995, 31.34791261615873 ], [ 34.953330359238471, 31.348019024855258 ], [ 34.954609910542473, 31.348110760690737 ], [ 34.956512819820588, 31.348409630766245 ], [ 34.957928196297338, 31.348563379728823 ], [ 34.959583805913063, 31.348614601734536 ], [ 34.960167499681361, 31.348698089261834 ], [ 34.960926672775116, 31.348974118416322 ], [ 34.963434201326706, 31.350578316031743 ], [ 34.964117897998101, 31.350989710703793 ], [ 34.964552304164094, 31.35126687590062 ], [ 34.964909836102883, 31.351337069117768 ], [ 34.965271006300412, 31.351309062127367 ], [ 34.965847374366945, 31.351002317168852 ], [ 34.966782884765031, 31.350510083347082 ], [ 34.966900199627716, 31.350288343506385 ], [ 34.966926197399701, 31.349937643267427 ], [ 34.966952054529521, 31.349601192891225 ], [ 34.967033365095965, 31.349194677899771 ], [ 34.967294637157295, 31.348978434409741 ], [ 34.967612218352635, 31.349020959404527 ], [ 34.967912811715706, 31.349343130177076 ], [ 34.968358821975556, 31.350182896769979 ], [ 34.968724664810964, 31.350470192709629 ], [ 34.969253803892755, 31.350639006542959 ], [ 34.969726985207735, 31.350785438765968 ], [ 34.970194154759966, 31.350771952236709 ], [ 34.970452693854206, 31.350724442774307 ], [ 34.970770198410833, 31.35054608460748 ], [ 34.971187890937884, 31.350267616694403 ], [ 34.971762746213081, 31.349882106355142 ], [ 34.972131760943569, 31.349823429745637 ], [ 34.972457051990801, 31.349852608165218 ], [ 34.97273182880776, 31.350039256256437 ], [ 34.972953762533024, 31.350347474457354 ], [ 34.973801366281002, 31.351968989613397 ], [ 34.974017877266846, 31.352134064885274 ], [ 34.974242935378847, 31.352198864675795 ], [ 34.974551021112553, 31.352132856690829 ], [ 34.974935238626685, 31.351918802444491 ], [ 34.975277958802309, 31.351654527134475 ], [ 34.975611819748899, 31.351576386849988 ], [ 34.975936944859747, 31.351677167308765 ], [ 34.976137287848154, 31.351880089904423 ], [ 34.976826361606705, 31.352981719353178 ], [ 34.977092767362834, 31.353204058687218 ], [ 34.977392816526596, 31.353290540298612 ], [ 34.978761975408105, 31.353123218189452 ], [ 34.979103532450353, 31.353035792810378 ], [ 34.97936240839406, 31.352936046393079 ], [ 34.979621791502183, 31.352578537459589 ], [ 34.97979829317579, 31.352027606409067 ], [ 34.979989466220673, 31.351638032454041 ], [ 34.980142293232049, 31.351281337455386 ], [ 34.980398813257722, 31.35104838761643 ], [ 34.98071083625949, 31.351021472594727 ], [ 34.981026434386699, 31.351220837286984 ], [ 34.981357633107692, 31.351496260038445 ], [ 34.981644980365246, 31.351757615634206 ], [ 34.981844520631164, 31.351943308315924 ], [ 34.982140159009298, 31.352081112854947 ], [ 34.982491939896562, 31.352157233419522 ], [ 34.983012005656406, 31.352103214900314 ], [ 34.985179505084126, 31.351714753847169 ], [ 34.98574374895113, 31.351579709899422 ], [ 34.986202535086456, 31.351601956098769 ], [ 34.986719383427236, 31.351738930198646 ], [ 34.987185847549874, 31.352033198441934 ], [ 34.98748313255907, 31.352255007278256 ], [ 34.987688902771971, 31.352687564211003 ], [ 34.988811540847166, 31.354199953801864 ], [ 34.989119565828844, 31.354481863322203 ], [ 34.989394494520887, 31.354668475990753 ], [ 34.989761198102634, 31.354797880613141 ], [ 34.990169861615882, 31.354870174636133 ], [ 34.990561855342811, 31.354878043617049 ], [ 34.991212629659181, 31.354871911224663 ], [ 34.992005025333256, 31.35488756513875 ], [ 34.993297933437503, 31.35493262860593 ], [ 34.99358144486829, 31.35499758045874 ], [ 34.993939789255805, 31.355155640507828 ], [ 34.994231175955065, 31.355413789971344 ], [ 34.994530732793791, 31.355779368541626 ], [ 34.994829837871833, 31.356302507287982 ], [ 34.9949295042111, 31.356524536613406 ], [ 34.995179442202236, 31.356661041256356 ], [ 34.995500662264149, 31.356691687874328 ], [ 34.995939012105353, 31.356461785176268 ], [ 34.996411188593989, 31.356141926911484 ], [ 34.996653329042537, 31.356049243280395 ], [ 34.996928454870066, 31.356106958991635 ], [ 34.997178327553947, 31.356322104577458 ], [ 34.997306806184191, 31.356635811660944 ], [ 34.997422770801883, 31.357001087028742 ], [ 34.997463679704204, 31.357373456429649 ], [ 34.997646651377252, 31.357617083261058 ], [ 34.997926087670066, 31.357676336973146 ], [ 34.998226368893903, 31.357719749835649 ], [ 34.998493400740855, 31.357684373336586 ], [ 34.99905689703025, 31.357369161079344 ], [ 34.999717860587694, 31.356984836272993 ], [ 35.000786869645054, 31.356428081739939 ], [ 35.00171356704405, 31.356114606286958 ], [ 35.002255828902044, 31.356086781141283 ], [ 35.002848161608085, 31.356087712857722 ], [ 35.003306897821467, 31.356145703159356 ], [ 35.003856869355324, 31.356397110987171 ], [ 35.004437202486358, 31.356804953230206 ], [ 35.006605603671332, 31.358012166930088 ], [ 35.007253926845294, 31.358233859045306 ], [ 35.007627559468659, 31.358284578357406 ], [ 35.008094671646461, 31.358313883906078 ], [ 35.010551179443311, 31.358218589963311 ], [ 35.010893116999895, 31.358247786562533 ], [ 35.011076374011736, 31.358369728762064 ], [ 35.011197374556787, 31.358612160555651 ], [ 35.011088246933809, 31.358987817455827 ], [ 35.0108991187236, 31.359371740996995 ], [ 35.010890302133724, 31.35962227478192 ], [ 35.011123490264893, 31.359844583212304 ], [ 35.011380820676152, 31.360031031869173 ], [ 35.011722797386312, 31.360096031592501 ], [ 35.012115107118383, 31.359960614185606 ], [ 35.013091903013041, 31.359611235521069 ], [ 35.013840356338321, 31.359392827600146 ], [ 35.014649654521477, 31.359386902135491 ], [ 35.017446826964886, 31.359553259040144 ], [ 35.0185963478879, 31.359597859349769 ], [ 35.019397140846493, 31.359641946460908 ], [ 35.020181502660364, 31.359542874272613 ], [ 35.020848886458694, 31.359550955446473 ], [ 35.021382554859763, 31.359680598883394 ], [ 35.021874512987253, 31.359803055998036 ], [ 35.022291608326725, 31.359832238725737 ], [ 35.022642047135541, 31.359818395639795 ], [ 35.023785476596913, 31.35953365715967 ], [ 35.024369623536927, 31.359484423211036 ], [ 35.024728241131136, 31.359534980694875 ], [ 35.025037473836711, 31.359523508745813 ], [ 35.025651583016973, 31.359636561316918 ], [ 35.0261851912311, 31.359801900185278 ], [ 35.026673712472352, 31.360022731013451 ], [ 35.027585242924722, 31.360598499564851 ], [ 35.028018575852094, 31.360828177774899 ], [ 35.028360582616116, 31.360828647441522 ], [ 35.028605707876928, 31.360759717936592 ], [ 35.029048182945488, 31.36059572673539 ], [ 35.029537589370761, 31.360457953273333 ], [ 35.029746106627293, 31.360462115447682 ], [ 35.029962848145246, 31.360565948526038 ], [ 35.030124267894813, 31.360690268654775 ], [ 35.030609142373756, 31.361644232817646 ], [ 35.030792338713816, 31.361816292606814 ], [ 35.031113114859579, 31.361875619815358 ], [ 35.031493176213289, 31.361817238928815 ], [ 35.033125285242889, 31.361040728935976 ], [ 35.033367570253077, 31.360854990134019 ], [ 35.03366835577107, 31.360576163017029 ], [ 35.034420815013497, 31.35968662762474 ], [ 35.034521129812987, 31.35954353930731 ], [ 35.034863570538185, 31.359357930767928 ], [ 35.035272645052252, 31.359172318751583 ], [ 35.037466330027897, 31.358459263796874 ], [ 35.037758363174454, 31.358423838072088 ], [ 35.038013062228259, 31.358461237067026 ], [ 35.041381281765808, 31.359653901272335 ], [ 35.04372825963015, 31.360371526347361 ], [ 35.04527462981531, 31.360754053976208 ], [ 35.045919835440124, 31.36083241623167 ], [ 35.046295253012048, 31.360840004131905 ], [ 35.046879456481676, 31.360754861882018 ], [ 35.047496943383265, 31.360626737196643 ], [ 35.048239888278417, 31.360391436188376 ], [ 35.048832662804124, 31.360077123110973 ], [ 35.049287240152232, 31.359816843949258 ], [ 35.049654937249713, 31.359466539852502 ], [ 35.049905817141791, 31.359080288189414 ], [ 35.050131575590427, 31.358758401835956 ], [ 35.050448957562523, 31.358515360426349 ], [ 35.050833019296682, 31.358372689181635 ], [ 35.051366966263707, 31.358351861713565 ], [ 35.052122838800166, 31.358295039453715 ], [ 35.05372198558576, 31.358272666005988 ], [ 35.056227098828785, 31.358117750642524 ], [ 35.058774447343502, 31.358035617713952 ], [ 35.060792731124906, 31.358011917687033 ], [ 35.061255506533811, 31.358000619964788 ], [ 35.06214973585665, 31.357978706195905 ], [ 35.062687320159277, 31.358052174230739 ], [ 35.063564283187688, 31.358332458060666 ], [ 35.066590479312467, 31.359902251990885 ], [ 35.067294790672833, 31.360252582391769 ], [ 35.068075614339783, 31.360462474376121 ], [ 35.068662568763493, 31.360569069735295 ], [ 35.0692678982087, 31.360615705707925 ], [ 35.072807682853949, 31.360236888891652 ], [ 35.073348056878636, 31.360133182739737 ], [ 35.073698668184853, 31.359990318468011 ], [ 35.073974268200168, 31.359747266635754 ], [ 35.074159962311938, 31.359382276058234 ], [ 35.074352538579717, 31.358902841798095 ], [ 35.074812027300275, 31.357458012539809 ], [ 35.074905549041112, 31.357163817490601 ], [ 35.075146913244787, 31.356585401863398 ], [ 35.075380853804177, 31.356284943793625 ], [ 35.075581340090473, 31.35608474352842 ], [ 35.075858387177881, 31.355847551118195 ], [ 35.076049095460895, 31.355648511922286 ], [ 35.076341086373262, 31.355627338849128 ], [ 35.076586606556759, 31.355697029506111 ], [ 35.077576673585121, 31.355978142095125 ], [ 35.078234533759598, 31.356054490339133 ], [ 35.078671929259407, 31.356108550220604 ], [ 35.079015689630189, 31.356082070645343 ], [ 35.079443839643837, 31.35606709718224 ], [ 35.080047109359249, 31.355895369422683 ], [ 35.080875609199815, 31.355896671165358 ], [ 35.082049187502356, 31.356426308576179 ], [ 35.082549621663958, 31.356462590053923 ], [ 35.085694830509404, 31.356365337006789 ], [ 35.087708636296689, 31.356359968739383 ], [ 35.088553724349509, 31.356369573164461 ], [ 35.089776264293008, 31.356344966957373 ], [ 35.090467279783141, 31.356352797479119 ], [ 35.091381179735897, 31.356385983525968 ], [ 35.092090085765996, 31.356551202831703 ], [ 35.092748997300468, 31.356601923110233 ], [ 35.093758565640883, 31.356524061382558 ], [ 35.095339561740417, 31.356349995510172 ], [ 35.096223731133925, 31.356465285280031 ], [ 35.096632199782569, 31.356694711222378 ], [ 35.096848708945728, 31.357059981927758 ], [ 35.097506225162178, 31.358442241724923 ], [ 35.097764620751725, 31.358578462873382 ], [ 35.098064887199634, 31.358678913451321 ], [ 35.098348547870451, 31.358686272971422 ], [ 35.099049410457489, 31.358550844068134 ], [ 35.100034586570466, 31.35782859579842 ], [ 35.100360237526978, 31.357592652575487 ], [ 35.1006522376898, 31.357564298808629 ], [ 35.10095253540316, 31.357636062114654 ], [ 35.101177592809229, 31.357793805294904 ], [ 35.101284109572191, 31.358037223355478 ], [ 35.101335499001507, 31.358330832779469 ], [ 35.101525442842402, 31.358595873354151 ], [ 35.101858798109276, 31.35891108323354 ], [ 35.102709046144675, 31.359520271554224 ], [ 35.102970373629631, 31.359675695294737 ], [ 35.103153673311226, 31.359969318310714 ], [ 35.10315334349982, 31.360277136283376 ], [ 35.102707240246701, 31.361198344548708 ], [ 35.102681978672422, 31.361427406665083 ], [ 35.10280697306554, 31.361599317723247 ], [ 35.103040323786544, 31.361778439077142 ], [ 35.104641441184199, 31.362424010586153 ], [ 35.104908250635695, 31.36257456380471 ], [ 35.105074955681324, 31.362767970312341 ], [ 35.105389808172617, 31.364817057344652 ], [ 35.105481283108098, 31.365089140595895 ], [ 35.10558409254935, 31.365277355723048 ], [ 35.105697815710506, 31.365483076504017 ], [ 35.105856088259053, 31.365705064964892 ], [ 35.10608945480427, 31.365884271088106 ], [ 35.106231218744895, 31.366013260875512 ], [ 35.10643521233812, 31.366137518238556 ], [ 35.106564607786204, 31.366335583619673 ], [ 35.106639411575252, 31.36657193777981 ], [ 35.106680910731576, 31.366793836760337 ], [ 35.106471688878834, 31.367452333553505 ], [ 35.106371132142677, 31.36782447065654 ], [ 35.106379183124126, 31.368067898679922 ], [ 35.106412415760346, 31.368254075894683 ], [ 35.106520676268886, 31.368461775682611 ], [ 35.106737398627565, 31.368683808127386 ], [ 35.107329178149833, 31.369199691572295 ], [ 35.108369960882477, 31.370073782900739 ], [ 35.109580021127826, 31.371134413256193 ], [ 35.109978210325856, 31.37133294401924 ], [ 35.110296845264571, 31.371408396252512 ], [ 35.111579626575363, 31.37156653192125 ], [ 35.11179455241826, 31.371710269322147 ], [ 35.111969363518035, 31.372243687275422 ] ] ] } },
{ "type": "Feature", "properties": { "Physical_M": 1, "Designatio": 1, "Status_sim": 1, "Physical_1": "Fence", "Designat_1": "Main Barrier", "Status_sip": "Planned", "Shape_Leng": 4160.9810954699997 }, "geometry": { "type": "MultiLineString", "coordinates": [ [ [ 35.111973463499858, 31.372240175992602 ], [ 35.112602391737106, 31.372872857413366 ], [ 35.113462616951693, 31.372820709196752 ], [ 35.113831970320554, 31.372082947132164 ], [ 35.113893968164724, 31.371555922131247 ], [ 35.11493889794788, 31.371029495178522 ], [ 35.115984062164188, 31.370239435866527 ], [ 35.117642725616818, 31.370398760796977 ], [ 35.119423904199657, 31.371085214938912 ], [ 35.121144114760739, 31.371086342667709 ], [ 35.122987174098782, 31.37124571860593 ], [ 35.124584018594476, 31.37182655213072 ], [ 35.125812210943977, 31.372565333130577 ], [ 35.126733814705375, 31.372513133478996 ], [ 35.128270949111645, 31.371196200942336 ], [ 35.129808060131303, 31.369721147328125 ], [ 35.131899267602613, 31.36661214826832 ], [ 35.132023393307499, 31.364978067415805 ], [ 35.132577411044622, 31.363607762406758 ], [ 35.133131386842379, 31.36213202266223 ], [ 35.134913851506738, 31.360867905652171 ], [ 35.134423166570116, 31.359813318025541 ], [ 35.13380985164715, 31.358600558359658 ], [ 35.133995468908203, 31.356755643120167 ], [ 35.134978667835249, 31.356334450255659 ], [ 35.136453230476327, 31.355860749326723 ], [ 35.137558783875264, 31.356124955016757 ], [ 35.138559378888175, 31.356648123549451 ] ] ] } },
{ "type": "Feature", "properties": { "Physical_M": 1, "Designatio": 1, "Status_sim": 0, "Physical_1": "Fence", "Designat_1": "Main Barrier", "Status_sip": "Completed", "Shape_Leng": 12934.8767997 }, "geometry": { "type": "MultiLineString", "coordinates": [ [ [ 35.055045063879028, 32.411096477866209 ], [ 35.054906867915001, 32.410581775686886 ], [ 35.054537823579523, 32.40920707075248 ], [ 35.054412059889643, 32.408763169798263 ], [ 35.054370296858458, 32.408498276507224 ], [ 35.054311939848454, 32.408047332028325 ], [ 35.054287066962495, 32.407789581813923 ], [ 35.05418388641781, 32.403852778301129 ], [ 35.054160213135823, 32.402872096173752 ], [ 35.054093250403476, 32.402549910668114 ], [ 35.053975680461321, 32.402234879307855 ], [ 35.053706398670549, 32.401812267626156 ], [ 35.050734297073397, 32.398143962539145 ], [ 35.050313351559851, 32.397606636403289 ], [ 35.050010431358913, 32.397169637229645 ], [ 35.049850797393198, 32.396790074962134 ], [ 35.049716533472605, 32.396367619934814 ], [ 35.049640966276534, 32.396117020726905 ], [ 35.049607737971066, 32.395844921245839 ], [ 35.049608470569503, 32.395415508133063 ], [ 35.049642785373393, 32.39505052116121 ], [ 35.0497279199746, 32.394613997585175 ], [ 35.049872158514169, 32.394170332385315 ], [ 35.05013479617336, 32.393476395179079 ], [ 35.050329742890412, 32.392961282243974 ], [ 35.050355548540907, 32.392660669487924 ], [ 35.050330775905643, 32.392352871276188 ], [ 35.050221567908366, 32.392073645659181 ], [ 35.050036415698251, 32.391830036065762 ], [ 35.049792172295035, 32.391586353730403 ], [ 35.049522550510687, 32.391392777453596 ], [ 35.049033432820266, 32.391277652861618 ], [ 35.048392426080902, 32.391233938055727 ], [ 35.04753194028816, 32.391197070681287 ], [ 35.047177919916734, 32.391074892931179 ], [ 35.046908305249019, 32.390881310478413 ], [ 35.046748327560081, 32.390652065708096 ], [ 35.046656055619309, 32.390358519902449 ], [ 35.046656428826061, 32.390143813192978 ], [ 35.046817418193285, 32.389728848017697 ], [ 35.047020671945809, 32.389271011658749 ], [ 35.047080134804595, 32.389056378665927 ], [ 35.046802092723716, 32.388884247279606 ], [ 35.046211847892252, 32.388690172240736 ], [ 35.045731376154947, 32.388503537046084 ], [ 35.045048475546686, 32.388302215680326 ], [ 35.044568015994102, 32.388051100683462 ], [ 35.044281694320496, 32.387757306856251 ], [ 35.044079833693708, 32.387420606288451 ], [ 35.043432910555012, 32.385995373412001 ], [ 35.043105146343052, 32.385286357125345 ], [ 35.042970842168785, 32.384914031353091 ], [ 35.04294605840915, 32.384627693222967 ], [ 35.04295713901918, 32.384552050628969 ], [ 35.042997267327635, 32.384276976971996 ], [ 35.04337102711181, 32.382838797862568 ], [ 35.04357411777162, 32.382474027310565 ], [ 35.043869916734394, 32.382145174025183 ], [ 35.044207865170456, 32.381837745089413 ], [ 35.044613228030478, 32.381566290611246 ], [ 35.04502684589616, 32.3813735685656 ], [ 35.047010011795194, 32.380832122050457 ], [ 35.051043809945881, 32.379777712396745 ], [ 35.05190456413073, 32.379528249316714 ], [ 35.052292913884415, 32.379306796840709 ], [ 35.052706779510885, 32.378949479422658 ], [ 35.052926756492688, 32.378563162118162 ], [ 35.053079373359097, 32.378105254232139 ], [ 35.053130896926099, 32.377539915956397 ], [ 35.052979929315335, 32.377010044374323 ], [ 35.052770549441298, 32.376143657662382 ], [ 35.052561053652113, 32.375348959900997 ], [ 35.052435179596593, 32.374940764352452 ], [ 35.051747943806362, 32.372313122400847 ], [ 35.051630709862181, 32.371826212880684 ], [ 35.051572257501626, 32.371453987320798 ], [ 35.051614850790138, 32.371210655728397 ], [ 35.051750265919665, 32.370931636314531 ], [ 35.05193648348147, 32.370581168747471 ], [ 35.052114298204415, 32.370108954212419 ], [ 35.052131552481612, 32.369894267158031 ], [ 35.051997149070459, 32.369571997455751 ], [ 35.051409716970568, 32.36783910422038 ], [ 35.051401804851274, 32.367552786811864 ], [ 35.051520345334836, 32.367259499690235 ], [ 35.051799063923653, 32.366994991378398 ], [ 35.05224647150952, 32.366752148020275 ], [ 35.054584530265217, 32.365595379232929 ], [ 35.058593882484132, 32.363474278703855 ], [ 35.059412707143657, 32.363024254094292 ], [ 35.059885532461855, 32.362674103439545 ], [ 35.060156001281804, 32.36229504429344 ], [ 35.060308344623053, 32.361901601719197 ], [ 35.060418568734413, 32.361536606096287 ], [ 35.060452978516217, 32.361143028602768 ], [ 35.060419759723246, 32.360785083766743 ], [ 35.060310751295994, 32.360384128408128 ], [ 35.060151070106613, 32.360047500290733 ], [ 35.059772263240298, 32.359610435879006 ], [ 35.059519686871518, 32.359366851484964 ], [ 35.059123684662396, 32.359123011659982 ], [ 35.058736150224554, 32.358900642334653 ], [ 35.058517142367762, 32.358728604842696 ], [ 35.058357251309296, 32.358528049208559 ], [ 35.058222646733469, 32.358327432884536 ], [ 35.058164005823052, 32.358126994302893 ], [ 35.058122173116018, 32.357912237468341 ], [ 35.05813943453937, 32.357683210849046 ], [ 35.058181920227106, 32.357425538032317 ], [ 35.058233091853786, 32.357117827640671 ], [ 35.058216591503523, 32.35687442413338 ], [ 35.058098939675659, 32.356638117374835 ], [ 35.057922242252921, 32.356387404222097 ], [ 35.057728561667055, 32.35619393273921 ], [ 35.057257267952096, 32.355613553586039 ], [ 35.056928925483483, 32.355326862308523 ], [ 35.056634016097981, 32.35512614646332 ], [ 35.056187414539075, 32.354982423067426 ], [ 35.05572380394878, 32.354845892683819 ], [ 35.055015518919994, 32.354780670455909 ], [ 35.054155587911097, 32.354679373621607 ], [ 35.053734016155282, 32.354628823120365 ], [ 35.053312705528839, 32.354485119754905 ], [ 35.053034626759548, 32.354327339609569 ], [ 35.052209326083201, 32.353660668829889 ], [ 35.051535559203813, 32.353165961422967 ], [ 35.051198587297669, 32.352972306113102 ], [ 35.050701379357747, 32.352799916145742 ], [ 35.050229322413344, 32.352706278644106 ], [ 35.049639094317321, 32.352698432178542 ], [ 35.049234266648945, 32.352740858209494 ], [ 35.048441366034666, 32.352904541738972 ], [ 35.04812087512672, 32.352954192702882 ], [ 35.047809035047472, 32.352853620291896 ], [ 35.047590074775023, 32.352674439523199 ], [ 35.047489167138991, 32.352481067557449 ], [ 35.04745584864591, 32.352273441305925 ], [ 35.047481565100369, 32.352022965110706 ], [ 35.047574962247609, 32.351643711933612 ], [ 35.047533195392631, 32.351407399127375 ], [ 35.047356401266065, 32.351235394022822 ], [ 35.047162661830548, 32.351156429560788 ], [ 35.046909696348777, 32.351170451701705 ], [ 35.046622786978453, 32.351277492894674 ], [ 35.046470619397148, 32.351484796913425 ], [ 35.04639412180105, 32.351856946772941 ], [ 35.04628372890803, 32.352293439445539 ], [ 35.046165384582267, 32.352414938102228 ], [ 35.046005082893402, 32.352471998599903 ], [ 35.045844956483009, 32.352428873449838 ], [ 35.045718737245927, 32.352314191929096 ], [ 35.045643067258169, 32.352149435296703 ], [ 35.045643404817532, 32.351956189234471 ], [ 35.045601705239399, 32.351684166563956 ], [ 35.045543133388371, 32.351462170269265 ], [ 35.045425277337408, 32.351304574995375 ], [ 35.04446610762546, 32.350151005841433 ], [ 35.044280722365379, 32.350036247228665 ], [ 35.044044764598027, 32.349985810041076 ], [ 35.043800244632699, 32.349971160641964 ], [ 35.043547218605752, 32.350020976282153 ], [ 35.043184345437709, 32.350192297575916 ], [ 35.042880353500614, 32.350406617209678 ], [ 35.042331740115451, 32.350720898108101 ], [ 35.042120869160556, 32.350720626998033 ], [ 35.041868146796133, 32.350598564151611 ], [ 35.041733501331414, 32.350448067459247 ], [ 35.041607507918819, 32.350211734415119 ], [ 35.041414183316498, 32.349846453106501 ], [ 35.04118706880881, 32.349545513155945 ], [ 35.041069522261012, 32.349280515015984 ], [ 35.040901240180517, 32.349051250140342 ], [ 35.040690801117336, 32.348872068375577 ], [ 35.040446581720097, 32.348692752563636 ], [ 35.040126463353843, 32.348542102711171 ], [ 35.039115415401589, 32.348046889081061 ], [ 35.037295825157678, 32.347113967608173 ], [ 35.036605073091316, 32.346798066565846 ], [ 35.036074318413007, 32.346532603179895 ], [ 35.03582165564076, 32.346389066847102 ], [ 35.035492909517515, 32.346317027038538 ], [ 35.035071346514442, 32.346287876205047 ], [ 35.034742560212116, 32.346294558715904 ], [ 35.03431244524937, 32.346351240665932 ], [ 35.03312322575583, 32.346521416822064 ], [ 35.03278595305472, 32.346520958442397 ], [ 35.032457099893115, 32.346506172904284 ], [ 35.032229576640461, 32.34644147658318 ], [ 35.031808163793094, 32.346333501528925 ], [ 35.031328000794844, 32.346118135070434 ], [ 35.030957441508122, 32.345859993522055 ], [ 35.030460789783362, 32.345437016137275 ], [ 35.030216791812641, 32.345157495043345 ], [ 35.030107578349678, 32.344942635561267 ], [ 35.030040536957202, 32.344727744481233 ], [ 35.030015763686968, 32.344462953899694 ], [ 35.030058388022901, 32.344226751763415 ], [ 35.030168697915485, 32.343868996512434 ], [ 35.030660285002341, 32.342545531540388 ], [ 35.030686031232278, 32.342302182189989 ], [ 35.03063597511639, 32.342037267018057 ], [ 35.030501607207761, 32.341757987085238 ], [ 35.030400651522655, 32.341614648855348 ], [ 35.030215462699971, 32.341471284063338 ], [ 35.030021721936926, 32.341356492873295 ], [ 35.029087000940443, 32.340789704534082 ], [ 35.028505797541975, 32.34049546297576 ], [ 35.028109669510442, 32.340401848527115 ], [ 35.027814673028921, 32.340358512526727 ], [ 35.027443766278566, 32.34035077876689 ], [ 35.027072697209412, 32.340371719179011 ], [ 35.026988756214848, 32.340385308006304 ], [ 35.026457060227287, 32.340471127965067 ], [ 35.025242595307638, 32.340655442464232 ], [ 35.024635487879451, 32.340683254944103 ], [ 35.024197151090689, 32.34061102949476 ], [ 35.023817929988482, 32.340510302048152 ], [ 35.023447336352888, 32.340345109998623 ], [ 35.022941895110144, 32.340100999187982 ], [ 35.022377504410024, 32.339856891694971 ], [ 35.021905789315603, 32.33964141107927 ], [ 35.021442367153696, 32.339476168614524 ], [ 35.021096729739909, 32.339475666908768 ], [ 35.020700295810826, 32.33953947576402 ], [ 35.02021112188249, 32.339660500171348 ], [ 35.019477090631497, 32.339895597179613 ], [ 35.019148059654938, 32.339980961939347 ], [ 35.018726550347822, 32.339994680048662 ], [ 35.018363974359666, 32.339965560227775 ], [ 35.017959541544847, 32.339836101925229 ], [ 35.017725165916012, 32.339655674334281 ] ] ] } },
{ "type": "Feature", "properties": { "Physical_M": 2, "Designatio": 1, "Status_sim": 0, "Physical_1": "Wall", "Designat_1": "Main Barrier", "Status_sip": "Completed", "Shape_Leng": 1766.0774308499999 }, "geometry": { "type": "MultiLineString", "coordinates": [ [ [ 35.229149519344766, 31.844952442338464 ], [ 35.229256751083547, 31.844998654929224 ], [ 35.229306508334318, 31.845060918461343 ], [ 35.229367327651239, 31.845157146286496 ], [ 35.2296646331909, 31.845034428582558 ], [ 35.230002836330385, 31.844917362838039 ], [ 35.230179671913042, 31.844845618444527 ], [ 35.23039519024649, 31.844762542952914 ], [ 35.230584184422014, 31.84468985261956 ], [ 35.230663764418509, 31.844674739926532 ], [ 35.230931243187165, 31.844625619860754 ], [ 35.231184351399548, 31.844575559369957 ], [ 35.23124403249826, 31.844550072215434 ], [ 35.231412018009735, 31.844459457176931 ], [ 35.231498224229952, 31.844424528276722 ], [ 35.231623120166844, 31.844399969329579 ], [ 35.23178890661211, 31.844348039336236 ], [ 35.231912685327764, 31.844283852971849 ], [ 35.231991151617365, 31.844242319864144 ], [ 35.23206849875821, 31.844154554030183 ], [ 35.232159112097321, 31.84407244672845 ], [ 35.232239796453094, 31.84405921976882 ], [ 35.232385718323115, 31.844117687093572 ], [ 35.232706328793689, 31.844325193718241 ], [ 35.233063375546877, 31.84453089533951 ], [ 35.233272179308365, 31.844665491722807 ], [ 35.233404359503005, 31.844709741432503 ], [ 35.23360245604232, 31.844725838656068 ], [ 35.233795785842794, 31.844701625175706 ], [ 35.234116613698475, 31.844616958734431 ], [ 35.234493855271552, 31.844524251765915 ], [ 35.234923079203284, 31.844443616272414 ], [ 35.235797599172422, 31.84433067426087 ], [ 35.236000421158415, 31.844262174704085 ], [ 35.236222130806937, 31.84412928004744 ], [ 35.236769173314499, 31.843815033780469 ], [ 35.23695784597183, 31.84377476391569 ], [ 35.237329434888707, 31.843846724892988 ], [ 35.237764528180691, 31.843946263623465 ], [ 35.238118201466776, 31.843846878593762 ], [ 35.238146488727509, 31.844063852175609 ], [ 35.238316371362728, 31.844353655257891 ], [ 35.238547684715563, 31.844487064864598 ], [ 35.238702596318625, 31.84457062253686 ], [ 35.239151588608628, 31.844813003531304 ], [ 35.239663981604508, 31.845080616027346 ], [ 35.239895205634959, 31.845245677349538 ], [ 35.240027324867619, 31.845394622901242 ], [ 35.240121750243226, 31.845604001241931 ], [ 35.240154890416434, 31.845789138017345 ], [ 35.240230436489341, 31.846079055928804 ], [ 35.240452517939545, 31.846904439262794 ], [ 35.240453894286496, 31.846912645438252 ], [ 35.240499748228046, 31.847186248220424 ], [ 35.240490396915767, 31.847319180570878 ], [ 35.240377271093905, 31.847661457869737 ], [ 35.240250061752569, 31.84792482815817 ], [ 35.240146273833481, 31.848102067408902 ], [ 35.240148040643774, 31.848298936421585 ], [ 35.240232014665111, 31.848520763541625 ], [ 35.240382577963523, 31.848812012379419 ], [ 35.240665741107392, 31.849382339753298 ], [ 35.24085920708653, 31.849684217512326 ], [ 35.240977304022053, 31.849889530198983 ], [ 35.241076331029852, 31.849962009022388 ], [ 35.241203773702239, 31.850018337002449 ], [ 35.241345253156311, 31.850038406809993 ] ] ] } },
{ "type": "Feature", "properties": { "Physical_M": 2, "Designatio": 1, "Status_sim": 0, "Physical_1": "Wall", "Designat_1": "Main Barrier", "Status_sip": "Completed", "Shape_Leng": 747.59156371100005 }, "geometry": { "type": "MultiLineString", "coordinates": [ [ [ 35.25869279675765, 31.815336316182311 ], [ 35.258588499373367, 31.815241216947445 ], [ 35.258428075844378, 31.815070207174909 ], [ 35.258386160601859, 31.814852613727876 ], [ 35.258323616537162, 31.814700270666808 ], [ 35.258287849373168, 31.814563153784274 ], [ 35.258252027871407, 31.814334614567613 ], [ 35.258251904067151, 31.814121298372221 ], [ 35.25827853700207, 31.813892733884089 ], [ 35.258474575585147, 31.813473635205323 ], [ 35.258483350639665, 31.81322222190985 ], [ 35.25836086614224, 31.813007015706845 ], [ 35.258251205479652, 31.812917581707669 ], [ 35.258001292260793, 31.812742463623096 ], [ 35.257795967652136, 31.812529233047098 ], [ 35.257572742202868, 31.812216968460572 ], [ 35.25742097227225, 31.812041807579789 ], [ 35.257232315227128, 31.811940436839865 ], [ 35.257090763660514, 31.811859102331219 ], [ 35.256930145046809, 31.811813457836788 ], [ 35.25667137526672, 31.811744997748615 ], [ 35.256448294303411, 31.811676523723591 ], [ 35.256260917032336, 31.811638507511613 ], [ 35.256081597889107, 31.811606688642772 ], [ 35.255850478162252, 31.811530306796477 ], [ 35.255279846428685, 31.811502308456244 ], [ 35.254968703657987, 31.81147826341136 ], [ 35.254685771843505, 31.811478375523954 ], [ 35.25420103301694, 31.811506793904897 ], [ 35.254048007912843, 31.811516413207833 ] ] ] } },
{ "type": "Feature", "properties": { "Physical_M": 2, "Designatio": 1, "Status_sim": 0, "Physical_1": "Wall", "Designat_1": "Main Barrier", "Status_sip": "Completed", "Shape_Leng": 672.17825623 }, "geometry": { "type": "MultiLineString", "coordinates": [ [ [ 35.263437544152431, 31.81911866549153 ], [ 35.263345190555114, 31.819052243172905 ], [ 35.263142276390369, 31.818855105650268 ], [ 35.262885164252843, 31.818492247262011 ], [ 35.262831528293603, 31.818332284236593 ], [ 35.26281358344869, 31.818172304214727 ], [ 35.262759953974602, 31.818019959327309 ], [ 35.262697405377892, 31.817875237861141 ], [ 35.262643766701792, 31.817707656561996 ], [ 35.262491996602868, 31.817562975793582 ], [ 35.262367003785116, 31.817433519596598 ], [ 35.262215225070499, 31.817273600362167 ], [ 35.261983160847691, 31.817136572430403 ], [ 35.261599429780205, 31.81701485165177 ], [ 35.261008711212277, 31.81703607865451 ], [ 35.260671513141098, 31.817015265366244 ], [ 35.26043326231126, 31.816959767527738 ], [ 35.260310719860314, 31.816915541453827 ], [ 35.260225260027205, 31.816779289450256 ], [ 35.260171635609026, 31.816626942842259 ], [ 35.260064448526911, 31.81642891115132 ], [ 35.259957246421493, 31.816200403689255 ], [ 35.259734037354278, 31.815941473305948 ], [ 35.25951088000248, 31.815766346048115 ], [ 35.259296681346498, 31.815652162352343 ], [ 35.25908381570278, 31.815567199166974 ], [ 35.258852657605345, 31.815446452468457 ], [ 35.258725344163558, 31.815365972736142 ], [ 35.25869279675765, 31.815336316182311 ] ] ] } },
{ "type": "Feature", "properties": { "Physical_M": 1, "Designatio": 1, "Status_sim": 0, "Physical_1": "Fence", "Designat_1": "Main Barrier", "Status_sip": "Completed", "Shape_Leng": 2449.6542848899999 }, "geometry": { "type": "MultiLineString", "coordinates": [ [ [ 35.255492573938355, 31.829072901530662 ], [ 35.255857618729692, 31.829215119297917 ], [ 35.256002366928932, 31.82925266764887 ], [ 35.256197436753418, 31.82925527349353 ], [ 35.256405083564069, 31.82924713107305 ], [ 35.25660955641785, 31.829185266626165 ], [ 35.256766817134682, 31.829093873204048 ], [ 35.256999560950476, 31.828914870500931 ], [ 35.257277634340561, 31.828636990191441 ], [ 35.257626348380796, 31.828133531165197 ], [ 35.257819607910555, 31.82787570619487 ], [ 35.258059989429839, 31.827638062346281 ], [ 35.258342867432376, 31.827460732137428 ], [ 35.258602120911611, 31.827347892556805 ], [ 35.258988882187381, 31.827259167394164 ], [ 35.259257700771926, 31.827246967269801 ], [ 35.259526422955581, 31.827250818830155 ], [ 35.259771707844841, 31.827274881907694 ], [ 35.26031974212205, 31.827327038318433 ], [ 35.260772558589728, 31.827302669489814 ], [ 35.26153175030187, 31.827189601446843 ], [ 35.26185716882955, 31.827151217546582 ], [ 35.262017485746632, 31.827106774753236 ], [ 35.262229598312935, 31.826953727315267 ], [ 35.262342741511169, 31.826808660642108 ], [ 35.2623991923953, 31.826712048708707 ], [ 35.26247458053642, 31.826494582497187 ], [ 35.262474411577351, 31.826224753452003 ], [ 35.262497880807459, 31.826087844316728 ], [ 35.262530825836699, 31.825902682632378 ], [ 35.262573109341211, 31.825785875784884 ], [ 35.262681415597996, 31.825510406470592 ], [ 35.262723781113856, 31.825357345425545 ], [ 35.262747229504896, 31.825188240823646 ], [ 35.262728265708603, 31.824930505437113 ], [ 35.262676228870376, 31.824652764079609 ], [ 35.262685485441317, 31.824423243440609 ], [ 35.26277493917317, 31.824237965356737 ], [ 35.262902204677538, 31.824048611723079 ], [ 35.263057698495778, 31.823903615852839 ], [ 35.263279346900752, 31.823810894933981 ], [ 35.263471659180162, 31.823762467177282 ], [ 35.26373106118622, 31.82374223557072 ], [ 35.26403760024801, 31.823766261867469 ], [ 35.264669530481477, 31.823729709996027 ], [ 35.26500906421726, 31.823653073369936 ], [ 35.265409902681782, 31.823640797295891 ], [ 35.265669317202438, 31.823640672644736 ], [ 35.265839028909092, 31.823600278596288 ], [ 35.266051167944383, 31.823507557439356 ], [ 35.266286857486726, 31.823410856763306 ], [ 35.266730068915116, 31.823269683843591 ], [ 35.267394915829669, 31.823028566624028 ], [ 35.267677800424167, 31.822907670385227 ], [ 35.268069099241053, 31.822698069060738 ], [ 35.268271827170423, 31.822597323085713 ], [ 35.268417924152075, 31.82247243568235 ], [ 35.268620486097134, 31.8222851126297 ], [ 35.268757136835916, 31.822095748356777 ], [ 35.268841945315394, 31.821934637911646 ], [ 35.268888913166876, 31.821733324754955 ], [ 35.268893504305169, 31.821499747241131 ], [ 35.268874563444975, 31.821298467464594 ], [ 35.268850699587873, 31.82100448120174 ], [ 35.26880883385801, 31.820794645441438 ], [ 35.268784455718809, 31.820672368776656 ], [ 35.26872769429184, 31.820458933179612 ], [ 35.268689898379314, 31.820330170542199 ], [ 35.268519973297245, 31.820052401091839 ], [ 35.268283967674193, 31.819827060754889 ], [ 35.268067051414135, 31.819714350148072 ], [ 35.267722679566418, 31.819642104696985 ], [ 35.267416103941656, 31.819545580181479 ], [ 35.26711431778655, 31.819501448729294 ], [ 35.266793668817343, 31.819521717281798 ], [ 35.266284287280882, 31.819558220162588 ], [ 35.26594948761079, 31.819582551574154 ], [ 35.265633582854228, 31.81959073039442 ], [ 35.265327078386512, 31.819598993729407 ], [ 35.265005456965127, 31.819587062802789 ], [ 35.264694186593545, 31.819575126159052 ], [ 35.264411201494802, 31.819530979977298 ], [ 35.264099897666938, 31.819466645139492 ], [ 35.263798069507061, 31.819354056854394 ], [ 35.26361401003939, 31.819245471798261 ], [ 35.263437544152431, 31.81911866549153 ] ] ] } },
{ "type": "Feature", "properties": { "Physical_M": 1, "Designatio": 1, "Status_sim": 0, "Physical_1": "Fence", "Designat_1": "Main Barrier", "Status_sip": "Completed", "Shape_Leng": 6500.0515131499997 }, "geometry": { "type": "MultiLineString", "coordinates": [ [ [ 35.252172074890034, 31.740330019478122 ], [ 35.252048245883039, 31.740248178420973 ], [ 35.251829577836631, 31.740021265005112 ], [ 35.251700860408988, 31.739871155769183 ], [ 35.251700806405481, 31.739764918239118 ], [ 35.25179503020405, 31.73953049324826 ], [ 35.251829238043371, 31.739354620385562 ], [ 35.251816238038238, 31.73910932269736 ], [ 35.251781876110556, 31.738981093244654 ], [ 35.251807494759078, 31.738724778836982 ], [ 35.251811644941611, 31.738585532121316 ], [ 35.251777226644606, 31.738347547522618 ], [ 35.251721468610569, 31.738061863116489 ], [ 35.251648446964658, 31.737860417982336 ], [ 35.251609862127331, 31.737728582050515 ], [ 35.251592579500645, 31.737567518773449 ], [ 35.251545400498863, 31.737342616003829 ], [ 35.251450922753342, 31.737071645868046 ], [ 35.251330808253691, 31.736811687435861 ], [ 35.251150627386416, 31.73650774097851 ], [ 35.250979118469544, 31.736236799286999 ], [ 35.250859016615919, 31.735998755252993 ], [ 35.250717439826445, 31.735650874492553 ], [ 35.250387108696017, 31.734932402249168 ], [ 35.250245538938827, 31.73459191586193 ], [ 35.250082455753606, 31.734276959286511 ], [ 35.249829444920287, 31.733914507023478 ], [ 35.249520706156396, 31.73352267373766 ], [ 35.249302052301523, 31.733281056196063 ], [ 35.248969338585667, 31.732835840561989 ], [ 35.248862123832104, 31.732605095167514 ], [ 35.248836326384719, 31.732498956884555 ], [ 35.248857661487079, 31.732319481726446 ], [ 35.248926148101276, 31.732106982455957 ], [ 35.249093148944738, 31.73180660884557 ], [ 35.249195850603137, 31.731649110337084 ], [ 35.24928577527762, 31.731475472807734 ], [ 35.249517950617303, 31.731321986521174 ], [ 35.249834941585881, 31.731124098629042 ], [ 35.250267684073975, 31.730922471144627 ], [ 35.250648969718817, 31.730797788117382 ], [ 35.250944558116174, 31.730643915212614 ], [ 35.251008062887252, 31.730608990863814 ], [ 35.251304489513849, 31.73044600854729 ], [ 35.25185288565077, 31.730266337744744 ], [ 35.252148528563957, 31.730225914500952 ], [ 35.252491277088119, 31.730068323131455 ], [ 35.252911111087229, 31.729819073539151 ], [ 35.253112353931385, 31.729654229115496 ], [ 35.253313685683118, 31.729459984073781 ], [ 35.253480729441627, 31.729276844663634 ], [ 35.253656271703733, 31.729004328817439 ], [ 35.253814655900449, 31.728810099558899 ], [ 35.254039794712199, 31.728547394143952 ], [ 35.254190482404816, 31.728368408704057 ], [ 35.254355122190681, 31.728234870933036 ], [ 35.254483662285921, 31.7280773573614 ], [ 35.254727821391469, 31.727872181239505 ], [ 35.25492483745164, 31.727710942965562 ], [ 35.255083232809824, 31.727546112360919 ], [ 35.255173130058054, 31.727348301204255 ], [ 35.255194449761014, 31.727165127665515 ], [ 35.255190050879797, 31.727032196631573 ], [ 35.255130032738222, 31.726874757978919 ], [ 35.255031385701407, 31.726698936729409 ], [ 35.254769782480032, 31.726248567007023 ], [ 35.25464967865981, 31.725999614202859 ], [ 35.254606633530841, 31.725812858696397 ], [ 35.254593761470844, 31.725618695728581 ], [ 35.254584999043495, 31.725413618576262 ], [ 35.25462774654661, 31.725245136777428 ], [ 35.254850077657068, 31.724688698646506 ], [ 35.255137099231952, 31.7241593795687 ], [ 35.255218414443711, 31.723902951901145 ], [ 35.255303963703739, 31.723672224987798 ], [ 35.255458112994319, 31.723474387833591 ], [ 35.255560867563382, 31.723258263592857 ], [ 35.255672052407796, 31.723023828334792 ], [ 35.255856173932465, 31.722652012116026 ], [ 35.255975941963897, 31.72229672551169 ], [ 35.256074315062499, 31.721985367704153 ], [ 35.256146980393531, 31.721739944641513 ], [ 35.256258213978477, 31.721410273902634 ], [ 35.256283821617572, 31.721164870469213 ], [ 35.25635213005522, 31.720866330691756 ], [ 35.256454853062344, 31.72060258761303 ], [ 35.256574657213946, 31.720320530496743 ], [ 35.256634567756734, 31.720100815426374 ], [ 35.256698671498626, 31.719833391339328 ], [ 35.256719980370903, 31.719639304177203 ], [ 35.25670701618305, 31.719474451781725 ], [ 35.256685474406595, 31.719253687723523 ], [ 35.256621089647595, 31.719019323395269 ], [ 35.256552395605759, 31.718814180907529 ], [ 35.256440861205803, 31.718598143303964 ], [ 35.256269381525904, 31.718349212689063 ], [ 35.256097839669117, 31.718177119453046 ], [ 35.255836376669279, 31.717946532254281 ], [ 35.255523559421107, 31.717763492202621 ], [ 35.255193570873082, 31.717624468895718 ], [ 35.254876472443968, 31.717518356946432 ], [ 35.254576506375031, 31.717485558064734 ], [ 35.254216613599382, 31.717452691521078 ], [ 35.25395518796487, 31.717478495960393 ], [ 35.253638166963327, 31.717515233924946 ], [ 35.25335543893101, 31.717559263113341 ], [ 35.25286699728639, 31.717643682362688 ], [ 35.252622777410892, 31.71768769527727 ], [ 35.252340888555061, 31.71772450651979 ], [ 35.251916782632591, 31.717768585614902 ], [ 35.251496889097943, 31.717798051385266 ], [ 35.251089859960011, 31.717812811493477 ], [ 35.250704238391869, 31.71780934477583 ], [ 35.249714494511473, 31.717798697534864 ], [ 35.249251749338889, 31.717795164019357 ], [ 35.249016160971244, 31.717802551292831 ], [ 35.248838711377239, 31.717820920837763 ], [ 35.248620238800342, 31.717879617264277 ], [ 35.248397461456257, 31.717982234493491 ], [ 35.248191899894792, 31.718125158305885 ], [ 35.248029189959297, 31.7183046822243 ], [ 35.247904980089338, 31.718465885244239 ], [ 35.247215729855526, 31.719649074131532 ], [ 35.247023114871418, 31.719967761962305 ], [ 35.246907448360432, 31.720132658896887 ], [ 35.246740347102424, 31.720180242179417 ], [ 35.246564657246758, 31.720136380157346 ], [ 35.246483284862769, 31.720077786630938 ], [ 35.246457478013937, 31.71993863995754 ], [ 35.246513099381787, 31.719748151147957 ], [ 35.246662697188412, 31.719026621893853 ], [ 35.246769623298441, 31.718436957216422 ], [ 35.246927924654045, 31.718070663671444 ], [ 35.247047822179532, 31.717935075766583 ], [ 35.247206255109816, 31.717629205354356 ], [ 35.247253207299231, 31.717405801153486 ], [ 35.24718457859057, 31.717065196062808 ], [ 35.246987341499555, 31.716724723754506 ], [ 35.24673452430897, 31.716655185149946 ], [ 35.24641832927913, 31.716558900984289 ], [ 35.246460333238758, 31.716369998735217 ], [ 35.24652340329888, 31.716226062597986 ], [ 35.246639093672279, 31.716100099299439 ], [ 35.24681792542664, 31.715992102833354 ], [ 35.246944082898438, 31.71574920442513 ], [ 35.247217519458808, 31.715083995125159 ], [ 35.246697167986817, 31.71493711463124 ], [ 35.246944486419217, 31.714420547349114 ], [ 35.24677192241149, 31.714214496464596 ], [ 35.246334848514309, 31.714013257817616 ], [ 35.245859148754825, 31.713779022502571 ], [ 35.2456663481302, 31.713661844698446 ], [ 35.245402276708184, 31.71341103510634 ], [ 35.245089290955534, 31.713000973971912 ], [ 35.244789301760605, 31.712631130455485 ], [ 35.244416425240466, 31.712283313880196 ], [ 35.24413782863526, 31.712092930365195 ], [ 35.243824981552997, 31.711986879887071 ], [ 35.24333662025991, 31.711961417248375 ], [ 35.243028119888621, 31.711902890616116 ], [ 35.242998121200031, 31.711813526529191 ], [ 35.243053807813261, 31.711773196725257 ], [ 35.243456354831238, 31.711443447945619 ], [ 35.243683281642994, 31.711197984796602 ], [ 35.243905974997652, 31.710923302390064 ], [ 35.244060113394944, 31.710692470873862 ], [ 35.244248508259417, 31.710395793742684 ], [ 35.244595236987422, 31.709819221958472 ], [ 35.244715106006936, 31.709636017953791 ], [ 35.244817903662543, 31.709496829978825 ], [ 35.244886463073023, 31.709467498257354 ], [ 35.244997876729776, 31.70949307499632 ], [ 35.245233495805948, 31.709602935585938 ], [ 35.24546492301544, 31.709774934021244 ], [ 35.245563523631887, 31.70992875840135 ], [ 35.245615077326022, 31.710089902518835 ], [ 35.245666785654684, 31.710839954546778 ], [ 35.245701134266305, 31.710979098813585 ], [ 35.245765427431003, 31.711081618801337 ], [ 35.245863995685355, 31.71115851426131 ], [ 35.245996837382279, 31.71120608909872 ], [ 35.246133880070737, 31.711209651701044 ], [ 35.246253816977585, 31.711180301829348 ], [ 35.246378069550168, 31.711129036045357 ], [ 35.246446619736169, 31.711077698134339 ], [ 35.246515154273204, 31.710993442836614 ], [ 35.246540742003987, 31.71088728614567 ], [ 35.246566397245893, 31.71069680694815 ], [ 35.246621964743674, 31.710400079792137 ], [ 35.246733875041841, 31.709656647497958 ], [ 35.246815192446697, 31.709381916431699 ], [ 35.246857961687724, 31.709246354166464 ], [ 35.246981978359194, 31.708916686013954 ], [ 35.247110422039441, 31.708579711642294 ], [ 35.247187418167805, 31.708318600174572 ], [ 35.247285681886567, 31.707736242178843 ], [ 35.247345378955039, 31.70725273956737 ], [ 35.247392371476934, 31.70690109205534 ], [ 35.247375133323452, 31.706578866545321 ], [ 35.247310680758666, 31.706355409645255 ], [ 35.247237793610878, 31.706143047733775 ], [ 35.24711775586411, 31.7059376463889 ], [ 35.246997749910953, 31.705802138445446 ], [ 35.246822052716603, 31.705681349117366 ], [ 35.246689202846056, 31.705600857714742 ], [ 35.246470700335365, 31.705531307061836 ], [ 35.246380182821284, 31.705517177884126 ] ] ] } },
{ "type": "Feature", "properties": { "Physical_M": 1, "Designatio": 1, "Status_sim": 0, "Physical_1": "Fence", "Designat_1": "Main Barrier", "Status_sip": "Completed", "Shape_Leng": 6870.4601014700002 }, "geometry": { "type": "MultiLineString", "coordinates": [ [ [ 35.246380182821284, 31.705517177884126 ], [ 35.246260758924016, 31.705498458790188 ], [ 35.245990808146232, 31.705498547148345 ], [ 35.245772354480572, 31.705538840808735 ], [ 35.245494011884595, 31.705645168963539 ], [ 35.2443528920262, 31.706079502693687 ], [ 35.243993116937794, 31.706211465248643 ], [ 35.243688913566622, 31.706292184705752 ], [ 35.243384809250287, 31.706358203811504 ], [ 35.24293502723345, 31.706442573307154 ], [ 35.242502345018586, 31.706552548882811 ], [ 35.24217252395654, 31.706680800135679 ], [ 35.241898413480264, 31.706838434526087 ], [ 35.241671467636102, 31.70702157692574 ], [ 35.241465930097263, 31.707190102310705 ], [ 35.241286043993014, 31.70740263068874 ], [ 35.240869853042241, 31.70788758529331 ], [ 35.240672861640213, 31.708067109914609 ], [ 35.24037302078262, 31.708268668665173 ], [ 35.240115983228073, 31.708400591207194 ], [ 35.239576260460488, 31.708638830222647 ], [ 35.239254987652991, 31.708807383891031 ], [ 35.238998053413709, 31.708942912131132 ], [ 35.238732495098773, 31.709151762287522 ], [ 35.238526947546376, 31.709320283476817 ], [ 35.238287150134198, 31.70959135371367 ], [ 35.238141530019675, 31.709781863099845 ], [ 35.238002789882792, 31.710035680162537 ], [ 35.237840116502134, 31.710332432328091 ], [ 35.237694512626632, 31.710574166110739 ], [ 35.237480430200051, 31.710786607550155 ], [ 35.23727475553796, 31.710911206379915 ], [ 35.237000610220356, 31.711028517220338 ], [ 35.236739321328201, 31.711105511864538 ], [ 35.236400896718351, 31.711134817440744 ], [ 35.236156667394432, 31.711123965942146 ], [ 35.235651121564139, 31.711113088516012 ], [ 35.235274083431172, 31.711138792575209 ], [ 35.234922803445727, 31.711215805263922 ], [ 35.234674385124478, 31.711300097188399 ], [ 35.234271658409547, 31.711494270909103 ], [ 35.234044675756401, 31.711644481676366 ], [ 35.23382023837334, 31.711840505866782 ], [ 35.233567562385147, 31.712148185240391 ], [ 35.233349153787387, 31.712400933612965 ], [ 35.2331435983753, 31.71259875540748 ], [ 35.232822321519492, 31.712836916240082 ], [ 35.232445339187514, 31.713071390737287 ], [ 35.232179737341987, 31.713225304430765 ], [ 35.231841343158855, 31.71338653844683 ], [ 35.231481542339722, 31.713587998639863 ], [ 35.231185989567294, 31.713789534124771 ], [ 35.230873256103258, 31.714051406867387 ], [ 35.230496312542243, 31.714461736396618 ], [ 35.230277902084516, 31.71475479174309 ], [ 35.230085237200882, 31.715066059276545 ], [ 35.229933620986259, 31.715412580486191 ], [ 35.229740983511704, 31.715833782620972 ], [ 35.229548243213301, 31.716269685211859 ], [ 35.229449759174088, 31.716478482728441 ], [ 35.229334147769237, 31.716551735632628 ], [ 35.229179903717458, 31.716559070310581 ], [ 35.22895273586429, 31.716485884053608 ], [ 35.228777074490388, 31.716489615565269 ], [ 35.228562916315063, 31.716540881240523 ], [ 35.22842578216855, 31.716617835186181 ], [ 35.228284445759456, 31.716768019998952 ], [ 35.228000926002089, 31.717056303998238 ], [ 35.227812447755873, 31.717283424417595 ], [ 35.227658244455405, 31.717459223028651 ], [ 35.227491205600955, 31.717781574600195 ], [ 35.227426974101832, 31.717865818813724 ], [ 35.227345536166624, 31.717913450986398 ], [ 35.227246989511649, 31.717891463946042 ], [ 35.227182722758776, 31.717832855006385 ], [ 35.227178368168907, 31.71771570528135 ], [ 35.227204085499295, 31.717609463340303 ], [ 35.22749950817488, 31.716799999701358 ], [ 35.227615162248284, 31.716466745456817 ], [ 35.227820686347101, 31.716063851172784 ], [ 35.227876354378445, 31.715913683260307 ], [ 35.227872002667866, 31.715811053495351 ], [ 35.227799180002009, 31.715708526121109 ], [ 35.227709168662024, 31.715635312968825 ], [ 35.227576332018486, 31.715598722078173 ], [ 35.227409222890131, 31.715624364514142 ], [ 35.227272200287878, 31.715723321965811 ], [ 35.227173699172134, 31.715880803054294 ], [ 35.226993770781377, 31.716122530549093 ], [ 35.226796745816486, 31.716346043620788 ], [ 35.22617568852084, 31.716965091214863 ], [ 35.225803014793414, 31.717272774826032 ], [ 35.225687292963038, 31.717342417039596 ], [ 35.225580208728879, 31.717353347459532 ], [ 35.225524488637298, 31.717291128863412 ], [ 35.225507273204265, 31.717210596904657 ], [ 35.225515912672677, 31.717159280200175 ], [ 35.225674334636018, 31.716961478124222 ], [ 35.225764298599479, 31.716829612389116 ], [ 35.225867135873628, 31.716705050191276 ], [ 35.225944232401567, 31.716591584440412 ], [ 35.226021314940084, 31.716415710596063 ], [ 35.226102617488884, 31.716243623568989 ], [ 35.226145414030171, 31.716082455639249 ], [ 35.22618399632114, 31.715946901152709 ], [ 35.226183970620887, 31.715837055800339 ], [ 35.226106828920649, 31.715752836348432 ], [ 35.226021148255143, 31.715697928236011 ], [ 35.22591827928261, 31.715679638089675 ], [ 35.225785460926794, 31.715719882965725 ], [ 35.225661198425591, 31.7158041363782 ], [ 35.225597009155628, 31.716075153068012 ], [ 35.225549994898977, 31.716251021677895 ], [ 35.225498537081776, 31.716371877935742 ], [ 35.225417227523231, 31.716518351836875 ], [ 35.225322934331714, 31.716639215077336 ], [ 35.225224422280832, 31.716763776721642 ], [ 35.225108816164379, 31.71687733869091 ], [ 35.224956282473997, 31.716990905925684 ], [ 35.224827798191853, 31.717078856976805 ], [ 35.224669240470007, 31.717144807933963 ], [ 35.224583578414226, 31.717177738858471 ], [ 35.224472165104523, 31.717170451278736 ], [ 35.224399359277932, 31.717133847615841 ], [ 35.22433931734259, 31.717086239538606 ], [ 35.224305011576156, 31.717005619696451 ], [ 35.224292124005622, 31.716932391483361 ], [ 35.224304968518986, 31.716804236580124 ], [ 35.224309266302406, 31.716676083008799 ], [ 35.224304908224283, 31.716522228247722 ], [ 35.224270580907998, 31.716342765420638 ], [ 35.224223496936332, 31.716203616877841 ], [ 35.224142016091868, 31.716049774075586 ], [ 35.224039116114881, 31.715881324747961 ], [ 35.223923450593446, 31.715716574485519 ], [ 35.22382911644447, 31.715643268273169 ], [ 35.223674864366657, 31.71560667658127 ], [ 35.223503534824317, 31.715636012914537 ], [ 35.223336433456865, 31.715705660114761 ], [ 35.223002327643506, 31.715804552316282 ], [ 35.222800935341994, 31.715863202028086 ], [ 35.222578123621133, 31.715910851510667 ], [ 35.222342543517037, 31.715947500024726 ], [ 35.222170264007673, 31.715980531894733 ], [ 35.222028899749887, 31.716028169030331 ], [ 35.221900406434592, 31.716075714440631 ], [ 35.221793230491087, 31.716156354336352 ], [ 35.221686159420152, 31.716233296930994 ], [ 35.221454833155967, 31.716460413791292 ], [ 35.22133489893455, 31.716584884909306 ], [ 35.221240694235036, 31.716636212675382 ], [ 35.221142156264015, 31.716650836025231 ], [ 35.221073572322574, 31.716610622510213 ], [ 35.221022075100571, 31.716548310993968 ], [ 35.221060672916337, 31.716456768162292 ], [ 35.221184916676215, 31.71624066854756 ], [ 35.221339116838593, 31.715991557692082 ], [ 35.221476112558008, 31.715709530432679 ], [ 35.22155752592289, 31.715522746693527 ], [ 35.221643163774019, 31.715361574478226 ], [ 35.221715913319528, 31.715108866144821 ], [ 35.221763037274386, 31.714918479517223 ], [ 35.221844431173309, 31.714634565881898 ], [ 35.221955776332116, 31.714297619455593 ], [ 35.222062809522043, 31.714033903772659 ], [ 35.222238398475191, 31.713671335395176 ], [ 35.222272659033493, 31.713532175248375 ], [ 35.222268306580986, 31.713392930118768 ], [ 35.222233994155609, 31.713261084168906 ], [ 35.222109789753198, 31.713094529688529 ], [ 35.221981169203879, 31.713006617059602 ], [ 35.221835465127249, 31.712955321774967 ], [ 35.221706963711966, 31.71293703172736 ], [ 35.221552725065465, 31.712940750374489 ], [ 35.221364206713858, 31.71298839313469 ], [ 35.221231398849504, 31.713076341192131 ], [ 35.221098596666543, 31.713193509258396 ], [ 35.220627415889396, 31.713684356852561 ], [ 35.220464651708923, 31.713812530442056 ], [ 35.220306208392444, 31.713918788320282 ], [ 35.220147654705372, 31.713995736067304 ], [ 35.219963464755615, 31.714076293556175 ], [ 35.219766401751308, 31.714149547738383 ], [ 35.219552137161386, 31.714189886320955 ], [ 35.219320781405081, 31.714233833351546 ], [ 35.219145125508199, 31.714252161369455 ], [ 35.218907756262794, 31.714293944853807 ], [ 35.218710691412845, 31.714363589415509 ], [ 35.218530825133918, 31.714447842723072 ], [ 35.218252326692941, 31.714605336203817 ], [ 35.218042398375587, 31.714733602195547 ], [ 35.217892496028853, 31.714836158357247 ], [ 35.217703977202554, 31.714920410817868 ], [ 35.217481169752496, 31.715000969328297 ], [ 35.217224072937327, 31.715077922919118 ], [ 35.217022784308675, 31.715136563500668 ], [ 35.216401506482882, 31.715301391616254 ], [ 35.216080160482576, 31.715403961679176 ], [ 35.215917379796984, 31.715473599353889 ], [ 35.215728859672708, 31.715572459250879 ], [ 35.21554899125784, 31.715675105698288 ], [ 35.215377563645738, 31.715792270544643 ], [ 35.215150545977934, 31.715993763462784 ], [ 35.2150262789281, 31.716125624005073 ], [ 35.214444485480925, 31.716628813602338 ], [ 35.214256074586366, 31.716797383931358 ], [ 35.214041810622341, 31.716925553237235 ], [ 35.213879025807245, 31.717002492883569 ], [ 35.213647664395253, 31.717086743092267 ], [ 35.213416304671888, 31.717185602059313 ], [ 35.213167750051966, 31.717321167884617 ], [ 35.213022164412877, 31.717434720357641 ], [ 35.212863606052558, 31.717592193815847 ], [ 35.212696504319979, 31.717786283330017 ], [ 35.212490896994176, 31.718028082355655 ], [ 35.212375273401399, 31.718145239563341 ], [ 35.212225255195868, 31.718258791980336 ], [ 35.212075341077551, 31.718365039033412 ], [ 35.211878266626023, 31.718485898455587 ], [ 35.211651122342381, 31.718592149520887 ], [ 35.211374389041787, 31.718700206604112 ], [ 35.211241562130738, 31.718758743863972 ], [ 35.21109586815912, 31.718890602260064 ], [ 35.211014528636291, 31.718974839092155 ], [ 35.210963048909413, 31.719073774491978 ], [ 35.210928766336444, 31.719169011794044 ], [ 35.210933099615055, 31.71928255406791 ], [ 35.210971724008324, 31.719410704928922 ], [ 35.211035987929947, 31.71955725238201 ], [ 35.211331642468572, 31.719890469693727 ], [ 35.211520200675068, 31.720113847644591 ], [ 35.211563048943674, 31.720273562463763 ], [ 35.211601572553661, 31.720449330583563 ], [ 35.211588715007068, 31.720632497167937 ], [ 35.211464554997995, 31.720929122048915 ], [ 35.211327415947487, 31.721225838484902 ], [ 35.211228879786951, 31.721342993663061 ], [ 35.211117470741542, 31.721449237466416 ], [ 35.211018929741996, 31.721515167630866 ], [ 35.210877550613191, 31.72155178999493 ], [ 35.210444861575681, 31.721592124161461 ], [ 35.209947810977745, 31.721625064116019 ], [ 35.209712105826398, 31.721663944329823 ], [ 35.209502147622949, 31.721751792860232 ], [ 35.209309388397166, 31.721865342899463 ], [ 35.209172232573124, 31.721982588944186 ], [ 35.20906082009202, 31.722096135523948 ], [ 35.208966606473354, 31.722216986562358 ], [ 35.208872289503702, 31.722392760747361 ], [ 35.208773752126952, 31.722590539735954 ], [ 35.208577520670246, 31.722968871643637 ], [ 35.208431929728903, 31.723276497121727 ], [ 35.208299102987539, 31.723554901925741 ], [ 35.207990610147476, 31.72411522989016 ], [ 35.207917704885816, 31.724199464438918 ], [ 35.207772100099405, 31.724258088778768 ], [ 35.20768209934117, 31.724272700891007 ], [ 35.207557805687699, 31.724258094289436 ], [ 35.207446383701985, 31.724225089330815 ], [ 35.20734783320146, 31.724144556341002 ], [ 35.207266480842947, 31.724049322740658 ], [ 35.207176475569185, 31.723932174939986 ], [ 35.207090797576335, 31.723844246491794 ], [ 35.206979375231946, 31.723774626048307 ], [ 35.206855081395346, 31.723697790975088 ], [ 35.206585179933569, 31.723573250542035 ], [ 35.206345139813415, 31.723463318835673 ], [ 35.206068065801041, 31.72333832663703 ], [ 35.205924253721264, 31.723286923426862 ], [ 35.205652145976067, 31.723644780065367 ], [ 35.205262705357612, 31.723809460781826 ], [ 35.204869042049026, 31.723809462879021 ], [ 35.204500596298047, 31.723730732113633 ], [ 35.20428809607187, 31.723723878320289 ], [ 35.204173933083467, 31.723748588748169 ], [ 35.203746822214477, 31.723863122269172 ] ] ] } },
{ "type": "Feature", "properties": { "Physical_M": 2, "Designatio": 1, "Status_sim": 0, "Physical_1": "Wall", "Designat_1": "Main Barrier", "Status_sip": "Completed", "Shape_Leng": 456.07213846799999 }, "geometry": { "type": "MultiLineString", "coordinates": [ [ [ 35.203746822214477, 31.723863122269172 ], [ 35.203601532193204, 31.723886659296973 ], [ 35.203637194437057, 31.723988298007729 ], [ 35.203631285429864, 31.724067029596593 ], [ 35.203577790093576, 31.72414071018995 ], [ 35.20346774068755, 31.724209340254571 ], [ 35.203313165163124, 31.724232245916756 ], [ 35.203048542120698, 31.724204285842259 ], [ 35.202673975165986, 31.724158467619326 ], [ 35.20259104340974, 31.724131591241775 ], [ 35.202465907714384, 31.724072067474321 ], [ 35.20238561558957, 31.723957801877461 ], [ 35.202360717837578, 31.723834519234526 ], [ 35.202369160606956, 31.723748572960453 ], [ 35.202486389341274, 31.723462237970207 ], [ 35.202528281546677, 31.723276186780581 ], [ 35.202540839917809, 31.723132973657822 ], [ 35.202494734749436, 31.722989849474242 ], [ 35.202360739093237, 31.722857365885652 ], [ 35.20230629841376, 31.722753201439033 ], [ 35.2022435292739, 31.722337988823181 ], [ 35.202189096772514, 31.721876331567572 ], [ 35.202142999233793, 31.721464727114174 ] ] ] } },
{ "type": "Feature", "properties": { "Physical_M": 2, "Designatio": 1, "Status_sim": 0, "Physical_1": "Wall", "Designat_1": "Main Barrier", "Status_sip": "Completed", "Shape_Leng": 857.74641267499999 }, "geometry": { "type": "MultiLineString", "coordinates": [ [ [ 35.201960580444904, 31.721242508185725 ], [ 35.201774568676868, 31.721257114271072 ], [ 35.201514910517716, 31.721289304631505 ], [ 35.201221805494647, 31.72135729697375 ], [ 35.200991476797178, 31.721453969272417 ], [ 35.200549283128723, 31.721607812055353 ], [ 35.200394393170669, 31.721665074793133 ], [ 35.200264617745219, 31.721661463271225 ], [ 35.200164070642074, 31.721589943701868 ], [ 35.19978311191484, 31.720899113741748 ], [ 35.199674234198874, 31.720766718582464 ], [ 35.199481575445425, 31.720791692478262 ], [ 35.199251248707775, 31.720845433318289 ], [ 35.199033473630706, 31.720956351969019 ], [ 35.198853471825949, 31.721027950961005 ], [ 35.198505921674553, 31.721128131223814 ], [ 35.198296484181377, 31.721174656513504 ], [ 35.197423072746723, 31.72134280689799 ], [ 35.19719273834513, 31.721453811509534 ], [ 35.196974955404947, 31.72161486914376 ], [ 35.196866055999301, 31.721790182246398 ], [ 35.196384424880215, 31.722810234742408 ], [ 35.196309080119718, 31.722931979147827 ], [ 35.196204404940772, 31.723032168263032 ], [ 35.195915383579724, 31.723338146652086 ], [ 35.195768816742849, 31.723470618347097 ], [ 35.195643144237749, 31.723560073200037 ], [ 35.195426311666047, 31.723635182381539 ], [ 35.195200307371429, 31.723632009681261 ] ] ] } },
{ "type": "Feature", "properties": { "Physical_M": 1, "Designatio": 1, "Status_sim": 0, "Physical_1": "Fence", "Designat_1": "Main Barrier", "Status_sip": "Completed", "Shape_Leng": 2946.2500476700002 }, "geometry": { "type": "MultiLineString", "coordinates": [ [ [ 35.036242934741296, 31.663934155372168 ], [ 35.036674810169472, 31.664004707337277 ], [ 35.037068385494841, 31.663912152479138 ], [ 35.037848146951568, 31.663140011718475 ], [ 35.037949370432344, 31.662667661795087 ], [ 35.038192620133152, 31.662374514787 ], [ 35.038477410396894, 31.662260350100571 ], [ 35.03873697772174, 31.662217758648318 ], [ 35.039114779753724, 31.661559623362404 ], [ 35.039626657954301, 31.660744285923698 ], [ 35.039786031369189, 31.660594152098014 ], [ 35.040129421430009, 31.660429915753795 ], [ 35.040455936953109, 31.660387406928798 ], [ 35.040702694974279, 31.660430652299453 ], [ 35.041187862073727, 31.660588737566457 ], [ 35.042024262606226, 31.660861894578353 ], [ 35.043279302403263, 31.66111402056228 ], [ 35.044487920490397, 31.661262994008997 ], [ 35.045885284580116, 31.661472344559371 ], [ 35.048987847692189, 31.661934303046859 ], [ 35.049464684054044, 31.662106685997372 ], [ 35.050091831335649, 31.662436713493008 ], [ 35.050484691254525, 31.662766545373458 ], [ 35.050902332001073, 31.663225191172419 ], [ 35.051269536726622, 31.663899950204026 ], [ 35.05138623819667, 31.664172089890563 ], [ 35.051419358906912, 31.664422664984905 ], [ 35.051410583202703, 31.66463026180389 ], [ 35.051224645627947, 31.665746806397085 ], [ 35.050867517254247, 31.667694510080935 ], [ 35.050644527646796, 31.66816386743448 ], [ 35.050543604784224, 31.668457243309259 ], [ 35.050518058812827, 31.668722076951969 ], [ 35.050666909162629, 31.668969546893894 ], [ 35.050969286214013, 31.669180762652545 ], [ 35.05122010583964, 31.669352869351478 ], [ 35.051404023750763, 31.669489101247009 ], [ 35.051864004618736, 31.669718723363225 ], [ 35.052064862841817, 31.669733280110055 ], [ 35.052433251628301, 31.669669292759732 ], [ 35.052960684613197, 31.669598335066922 ], [ 35.053370970282153, 31.669505761668514 ], [ 35.053973753538287, 31.669420571525436 ], [ 35.054559693715518, 31.669399785335901 ], [ 35.055028476842736, 31.669364542556579 ], [ 35.055706507273683, 31.669329542036007 ], [ 35.056317613577683, 31.669272982970995 ], [ 35.056711041345444, 31.669251963955947 ] ] ] } },
{ "type": "Feature", "properties": { "Physical_M": 1, "Designatio": 1, "Status_sim": 0, "Physical_1": "Fence", "Designat_1": "Main Barrier", "Status_sip": "Completed", "Shape_Leng": 33756.351071099998 }, "geometry": { "type": "MultiLineString", "coordinates": [ [ [ 35.224792025161243, 32.551945158833099 ], [ 35.224784785992789, 32.551947775110918 ], [ 35.224580486760061, 32.552016790810228 ], [ 35.22434392192757, 32.552059750635941 ], [ 35.224039621046842, 32.552009752389239 ], [ 35.223667795370275, 32.551845154034723 ], [ 35.223202891347057, 32.55155892511906 ], [ 35.221715366000026, 32.5507431622948 ], [ 35.220270134811038, 32.549927376431228 ], [ 35.218917875914364, 32.549118777578776 ], [ 35.218571276128962, 32.548782381156251 ], [ 35.218309317258871, 32.54843172691708 ], [ 35.218081102432542, 32.548038056541756 ], [ 35.217261130309453, 32.546671118311984 ], [ 35.216779387188041, 32.545912449610057 ], [ 35.21586652564276, 32.544638479850398 ], [ 35.2153764237761, 32.544116059723258 ], [ 35.214886224901015, 32.543622223075218 ], [ 35.214353777673892, 32.543228570619561 ], [ 35.213787581831738, 32.542770534292679 ], [ 35.213314338218822, 32.542405547579541 ], [ 35.212705885311941, 32.541911710617804 ], [ 35.212342515433136, 32.541561050212628 ], [ 35.211886248319203, 32.541654136943478 ], [ 35.211446804039817, 32.541790143235801 ], [ 35.210889086560499, 32.541954829956431 ], [ 35.209579361009119, 32.542319911826262 ], [ 35.209165350880454, 32.542398649022573 ], [ 35.208683732601379, 32.542355744176199 ], [ 35.208185073240649, 32.542098044685034 ], [ 35.207728787254744, 32.541869017906286 ], [ 35.207238651665584, 32.541668664863565 ], [ 35.206393695743394, 32.541418089625402 ], [ 35.205607828176106, 32.54118193643658 ], [ 35.204526229041079, 32.540680939373175 ], [ 35.202954524559829, 32.540008058234754 ], [ 35.2018560286255, 32.539492701185303 ], [ 35.201036451261707, 32.539056152953556 ], [ 35.200749136964291, 32.538927287423434 ], [ 35.200470335406145, 32.538898603772807 ], [ 35.200107008510251, 32.538898591879466 ], [ 35.199549296298983, 32.538912908903292 ], [ 35.199126779816787, 32.538927229791724 ], [ 35.198763458179549, 32.538841278688537 ], [ 35.19848466878441, 32.538640901325394 ], [ 35.198290299834802, 32.538418975114276 ], [ 35.198231133507349, 32.538096873613327 ], [ 35.198298750561406, 32.537810577001892 ], [ 35.198417159517682, 32.537302456200088 ], [ 35.198366401673425, 32.537008939379675 ], [ 35.198189072662231, 32.536729844630841 ], [ 35.197749662343007, 32.53645064564293 ], [ 35.197158249204008, 32.53609271492887 ], [ 35.196702027161962, 32.535806387808059 ], [ 35.196237308185125, 32.535333940766421 ], [ 35.195874040295081, 32.534861588684585 ], [ 35.195747294722672, 32.53449655843211 ], [ 35.195493904889126, 32.533838005171248 ], [ 35.195223620110674, 32.53292894811355 ], [ 35.195240568143973, 32.532699909350882 ], [ 35.195316601763814, 32.532399367162199 ], [ 35.195570089977245, 32.531991350294369 ], [ 35.195823682558917, 32.531576300387016 ], [ 35.195849044519029, 32.531282787454828 ], [ 35.195772954846866, 32.531089540948386 ], [ 35.195612468060794, 32.530767430255558 ], [ 35.195274526662764, 32.53057416485359 ], [ 35.194750742068635, 32.530330747721131 ], [ 35.193829835766635, 32.5299441909835 ], [ 35.192824426303879, 32.529528943858935 ], [ 35.192089482488633, 32.529206774978995 ], [ 35.191692362895601, 32.529085091033203 ], [ 35.191346029266434, 32.528884600314917 ], [ 35.190999600412361, 32.528612600885133 ], [ 35.190095716968017, 32.527818073701802 ], [ 35.189402996363512, 32.527202378989237 ], [ 35.188879321552051, 32.526522408073639 ], [ 35.188558402557597, 32.525942552709836 ], [ 35.188212161117015, 32.52533410829988 ], [ 35.187916493148187, 32.524661285810403 ], [ 35.187663183410429, 32.524031390479422 ], [ 35.187443606444468, 32.523458759951829 ], [ 35.187249438654426, 32.523050788495382 ], [ 35.187063625042924, 32.522936243134787 ], [ 35.186852367988614, 32.522850278287834 ], [ 35.186379262010924, 32.522864548739776 ], [ 35.184376887762177, 32.52340817230457 ], [ 35.183337690377641, 32.523694303701156 ], [ 35.182898400636482, 32.523815963094712 ], [ 35.182484336077245, 32.523930412072424 ], [ 35.181985858696521, 32.524080643458788 ], [ 35.18152964507609, 32.524187867901034 ], [ 35.181225455282302, 32.524166350779183 ], [ 35.180879144425369, 32.524037428679321 ], [ 35.180524357528128, 32.523765398636634 ], [ 35.179806461977392, 32.522927819439758 ], [ 35.178531277825932, 32.521395876202021 ], [ 35.178168095686679, 32.520773062877673 ], [ 35.177517998303642, 32.519727995134161 ], [ 35.17716334213479, 32.51911230406354 ], [ 35.176833940375893, 32.518761547178414 ], [ 35.1760569921464, 32.518110051191414 ], [ 35.175702241495884, 32.517845130806776 ], [ 35.175322138965825, 32.517651801797001 ], [ 35.174621092743052, 32.517329538117039 ], [ 35.174249419708865, 32.517086071055594 ], [ 35.173987700194047, 32.516806920479375 ], [ 35.173928603994945, 32.516577865603416 ], [ 35.173962539117824, 32.516305819936917 ], [ 35.173996383180878, 32.515990942275074 ], [ 35.173903552092852, 32.515754664730949 ], [ 35.17362492331452, 32.515454048369129 ], [ 35.173236336771531, 32.515217698195002 ], [ 35.172645139757016, 32.514917001810936 ], [ 35.172197456238699, 32.514780815535246 ], [ 35.171766690203867, 32.514659060402032 ], [ 35.17133593318939, 32.514515842918584 ], [ 35.170930504241106, 32.514379663227032 ], [ 35.170592690432279, 32.514150532229763 ], [ 35.170364711676626, 32.513914305994369 ], [ 35.170162105944179, 32.513563565610021 ], [ 35.169647346706256, 32.512146165688947 ], [ 35.169487031031409, 32.511709500696014 ], [ 35.169385735670531, 32.511387462377911 ], [ 35.169174693358869, 32.511136810834373 ], [ 35.168921369456655, 32.51097217309345 ], [ 35.168524367004956, 32.510836078335856 ], [ 35.16817807948209, 32.510821641716738 ], [ 35.167713450025303, 32.510814383570555 ], [ 35.167240421136768, 32.510785569368586 ], [ 35.166784353282253, 32.51066378963295 ], [ 35.166074889652741, 32.510312800125256 ], [ 35.165441516180834, 32.509976257363782 ], [ 35.165120650794719, 32.509754240277545 ], [ 35.164977056223933, 32.509589538396909 ], [ 35.164774487393231, 32.50922445173132 ], [ 35.164715541197701, 32.508959592845734 ], [ 35.164707241586008, 32.508472922937962 ], [ 35.164657018407524, 32.507492358503569 ], [ 35.164623549125956, 32.506891069978828 ], [ 35.164522260728184, 32.506604736018026 ], [ 35.164260595995863, 32.506339812980869 ], [ 35.163981844861453, 32.506210865573394 ], [ 35.163660922174387, 32.506153501677666 ], [ 35.163137272919776, 32.506110408031851 ], [ 35.162672690580379, 32.506052994415519 ], [ 35.162309565969714, 32.505902553791366 ], [ 35.162014059681489, 32.505659076226138 ], [ 35.161059959431057, 32.504742586075494 ], [ 35.160350832382967, 32.504062429486339 ], [ 35.159962449602133, 32.503797452984045 ], [ 35.159607776808727, 32.503582623584172 ], [ 35.15875487256848, 32.503181494189775 ], [ 35.158011767303151, 32.502830446634995 ], [ 35.157597981707127, 32.502737234072356 ], [ 35.157192551491349, 32.502744296497092 ], [ 35.156761654568655, 32.502815731899375 ], [ 35.156094391332999, 32.502937122407985 ], [ 35.155621350159322, 32.503015661225291 ], [ 35.155266581807425, 32.503001185780874 ], [ 35.15495414500252, 32.502829282149577 ], [ 35.154760054906305, 32.502628839470027 ], [ 35.154692601921084, 32.5024141091763 ], [ 35.15463369738557, 32.501941665738848 ], [ 35.154627343477692, 32.501885935728367 ], [ 35.15448237668258, 32.500603156270017 ], [ 35.154482495343771, 32.50038836279554 ], [ 35.154541824602759, 32.500087836525523 ], [ 35.154727782141784, 32.499780057172366 ], [ 35.155116518770043, 32.499336464505326 ], [ 35.155530694101088, 32.498871419559215 ], [ 35.156206739049765, 32.498191679595323 ], [ 35.15680664889328, 32.497597842435638 ], [ 35.157372704542915, 32.497225908047518 ], [ 35.157989474240132, 32.49692549730667 ], [ 35.158665218079328, 32.496775424855464 ], [ 35.159425429999644, 32.496654054415174 ], [ 35.160607850558314, 32.496532736647318 ], [ 35.161359624233427, 32.496468612050286 ], [ 35.162204205032381, 32.496354377163264 ], [ 35.162964454659068, 32.496132712022735 ], [ 35.163547358736693, 32.4958394773099 ], [ 35.164206294101938, 32.495403067205714 ], [ 35.164915898961674, 32.494902286110822 ], [ 35.166470453930629, 32.493836277665856 ], [ 35.166960344035139, 32.493528660937912 ], [ 35.167500968925687, 32.493256765757621 ], [ 35.167999303110015, 32.493099467405656 ], [ 35.168590623699664, 32.492956530998057 ], [ 35.169139568058455, 32.492885088084464 ], [ 35.169781490133296, 32.492849467355974 ], [ 35.170524680623352, 32.492878254686261 ], [ 35.171318491231588, 32.492978739259797 ], [ 35.171723817052566, 32.493136288668026 ], [ 35.172137504337861, 32.493422697934257 ], [ 35.172914343052653, 32.494002622646974 ], [ 35.173260527437485, 32.494131567212605 ], [ 35.173657505051665, 32.494146002251917 ], [ 35.173995345125604, 32.494095947955039 ], [ 35.175211587725904, 32.493852856546511 ], [ 35.177466668479596, 32.493416827354629 ], [ 35.178699809957244, 32.493173705817824 ], [ 35.179502117234563, 32.492987748181974 ], [ 35.179983620418653, 32.492823185124095 ], [ 35.180397464826129, 32.492608560723383 ], [ 35.18173199664966, 32.49190022167344 ], [ 35.182264157984683, 32.49164268926878 ], [ 35.18254283215667, 32.491571140033578 ], [ 35.182922877202202, 32.491607004452192 ], [ 35.183463348108987, 32.491743078130554 ], [ 35.184130543204283, 32.491872045848204 ], [ 35.184882141682621, 32.491872164680593 ], [ 35.185380422183066, 32.491793428542152 ], [ 35.185853390590985, 32.491657517151289 ], [ 35.186351809295815, 32.491407086586307 ], [ 35.186748724945552, 32.49114230181614 ], [ 35.187154171212981, 32.490770210390657 ], [ 35.18761038984541, 32.490262051423002 ], [ 35.187889128759281, 32.489789667172708 ], [ 35.188100290668338, 32.489388871511203 ], [ 35.188235487366931, 32.488973818086805 ], [ 35.188328461418223, 32.488458485650114 ], [ 35.188337098902714, 32.48774980934602 ], [ 35.18828661794231, 32.486840848999037 ], [ 35.188286711094221, 32.48631829116875 ], [ 35.188404966686953, 32.486010542423401 ], [ 35.188641408776832, 32.485781529959382 ], [ 35.188996132567269, 32.485688514298062 ], [ 35.189393073268953, 32.485717237743025 ], [ 35.189713921175766, 32.485889056734791 ], [ 35.190262733206289, 32.486282819480458 ], [ 35.190659659911823, 32.486418846156269 ], [ 35.19104809829922, 32.486411674063632 ], [ 35.191461980092264, 32.486297196161551 ], [ 35.191816618987701, 32.486046728865809 ], [ 35.192086892236972, 32.485760452732158 ], [ 35.192196723746918, 32.485495622703908 ], [ 35.192205276531666, 32.485187859657458 ], [ 35.191935130727344, 32.48456509088453 ], [ 35.191462369381966, 32.483577367225493 ], [ 35.191386350868044, 32.483233796393122 ], [ 35.191403319853045, 32.482861559643482 ], [ 35.191487829435992, 32.482596726902713 ], [ 35.191656716954775, 32.482238933410962 ], [ 35.191935509712422, 32.481816586288609 ], [ 35.192290154639331, 32.481380087968937 ], [ 35.192695554952451, 32.480843229984757 ], [ 35.192915193619051, 32.480378041702267 ], [ 35.192965871414181, 32.48007028219083 ], [ 35.19284772692005, 32.479690909169577 ], [ 35.192535349834593, 32.479132612405245 ], [ 35.192087894398931, 32.478402429365701 ], [ 35.191750182035676, 32.47803024746176 ], [ 35.191285882197604, 32.477629375986858 ], [ 35.190905954888635, 32.477171251196111 ], [ 35.190416241819634, 32.476748912135974 ], [ 35.190205202862948, 32.476620029727783 ], [ 35.189884274527984, 32.476484010203571 ], [ 35.189360795254707, 32.476376551547418 ], [ 35.18827161266961, 32.476125913021349 ], [ 35.188035156318712, 32.475982776027507 ], [ 35.187722775544671, 32.475674970682306 ], [ 35.187663791870719, 32.475367108118057 ], [ 35.187655376982065, 32.474851761537401 ], [ 35.187698220492116, 32.471544989416067 ], [ 35.1876392607928, 32.471122695606176 ], [ 35.187504201715413, 32.470929434394392 ], [ 35.187301620275143, 32.470607304383009 ], [ 35.186947042285553, 32.470242230398512 ], [ 35.1866346794138, 32.469963007249042 ], [ 35.186128186507325, 32.469698093352761 ], [ 35.185638480563625, 32.469540576626983 ], [ 35.185055894129036, 32.469476104170091 ], [ 35.184000514121244, 32.469282694352728 ], [ 35.183502399465979, 32.46917521533188 ], [ 35.18199118525748, 32.468709746000201 ], [ 35.181358009141917, 32.468509174532628 ], [ 35.181037139515958, 32.468308748015794 ], [ 35.180758638725557, 32.467986593826595 ], [ 35.180437937698656, 32.467564156604205 ], [ 35.180066453425631, 32.46732079527419 ], [ 35.179770966818587, 32.467292062247168 ], [ 35.179433230057988, 32.46734213290555 ], [ 35.179019524421911, 32.467463695208707 ], [ 35.178099122488028, 32.467778484937469 ], [ 35.177837343032117, 32.467785553523022 ], [ 35.177634729636814, 32.467713912384291 ], [ 35.177288661517338, 32.467513470931934 ], [ 35.176300961381422, 32.467012246328359 ], [ 35.17603079904945, 32.466962048543436 ], [ 35.175642461252274, 32.466911823828568 ], [ 35.174865671648142, 32.466840135540671 ], [ 35.173903173069043, 32.466739632254146 ], [ 35.173126484827414, 32.466689394889464 ], [ 35.172079486517148, 32.466717715619545 ], [ 35.170635691806474, 32.466853319780945 ], [ 35.169622477806911, 32.466981902924573 ], [ 35.168237761843955, 32.467253478403748 ], [ 35.167545336111516, 32.467417935670909 ], [ 35.167047156763253, 32.467539433866989 ], [ 35.166126751858563, 32.467761076206614 ], [ 35.165147175376617, 32.468039954103602 ], [ 35.164437887035604, 32.46830457297262 ], [ 35.163643998028789, 32.46864066829832 ], [ 35.162554609227719, 32.469191455914505 ], [ 35.161836727208481, 32.469599163818309 ], [ 35.161118866771062, 32.469949696683429 ], [ 35.160586858103265, 32.470250153683196 ], [ 35.160130749239144, 32.470428899788054 ], [ 35.159404525079879, 32.470672022610309 ], [ 35.158391176047353, 32.470950745327514 ], [ 35.15768189690224, 32.471115142065663 ], [ 35.156592551778481, 32.471257839633132 ], [ 35.15568068213981, 32.4713147507237 ], [ 35.154802562626926, 32.471314407811796 ], [ 35.153924435826021, 32.471328396246363 ], [ 35.153122267926278, 32.471328072045495 ], [ 35.152792937415256, 32.471320813917934 ], [ 35.15101140785606, 32.471277147737773 ], [ 35.149863146286066, 32.47119784341465 ], [ 35.149010428454019, 32.471061488687823 ], [ 35.148191535732813, 32.47093235662868 ], [ 35.147372682207397, 32.470745868769029 ], [ 35.146536843730686, 32.47050923120991 ], [ 35.145498512716003, 32.470215322599685 ], [ 35.144857078649935, 32.469900132152773 ], [ 35.144392931416341, 32.469484749914052 ], [ 35.144063856607886, 32.469105229845745 ], [ 35.14376031321148, 32.468568276521843 ], [ 35.143625515222112, 32.468131587963839 ], [ 35.143347829315246, 32.466800120541656 ], [ 35.143179317858916, 32.466205970889952 ], [ 35.142917842553238, 32.465769219750911 ], [ 35.142614277323183, 32.465289524130164 ], [ 35.142158742245172, 32.464773953584704 ], [ 35.14163547463744, 32.464387206606702 ], [ 35.141095335466098, 32.464100632979545 ], [ 35.140293485496031, 32.463892645843281 ], [ 35.139255142585917, 32.463748916357019 ], [ 35.138140715147095, 32.463655274904355 ], [ 35.13695039885031, 32.463490074493542 ], [ 35.136064077337409, 32.463324938404178 ], [ 35.135557560556578, 32.463195803447299 ], [ 35.133801927199414, 32.462622224181445 ], [ 35.132578216341273, 32.462077600533242 ], [ 35.131253312627202, 32.461339572444899 ], [ 35.130350497791532, 32.460702053156709 ], [ 35.129565732228194, 32.460222042427553 ], [ 35.128561429538621, 32.459763355794124 ], [ 35.127211119987102, 32.459211389543952 ], [ 35.126088594242979, 32.458845670552321 ], [ 35.125143491060371, 32.458351194241509 ], [ 35.12462052201645, 32.457871316480343 ], [ 35.124308647694903, 32.457305635147932 ], [ 35.123752281962723, 32.456360432574364 ], [ 35.123389549015663, 32.456066772065384 ], [ 35.122959200023026, 32.455866126774893 ], [ 35.122528722807317, 32.455808587386684 ], [ 35.121329998073804, 32.455793464188375 ], [ 35.120874276154446, 32.455664303568355 ], [ 35.120578872561509, 32.455492325390551 ], [ 35.120359752995462, 32.455177289983162 ], [ 35.12023341704225, 32.454819303117816 ], [ 35.119694628537424, 32.453222764296171 ], [ 35.119349141115102, 32.452599877224728 ], [ 35.118683467695966, 32.45126808983683 ], [ 35.118329473143532, 32.450659441724859 ], [ 35.118000716797695, 32.450244052994357 ], [ 35.117755989453457, 32.45015082478686 ], [ 35.117536477682265, 32.450157887515431 ], [ 35.117114440462309, 32.450347089467947 ], [ 35.116806589649947, 32.450448354216029 ], [ 35.116276879866881, 32.450129050947368 ], [ 35.115593199932214, 32.44991111605394 ], [ 35.115011792116597, 32.450012183212628 ], [ 35.114481630508102, 32.450156775916902 ], [ 35.113917158601183, 32.450417317839857 ], [ 35.113626125266933, 32.450794030121777 ], [ 35.113399058460999, 32.451221459255777 ], [ 35.113249308397435, 32.451460618673352 ], [ 35.113061075131533, 32.451619949985606 ], [ 35.112616389372384, 32.451764596165013 ], [ 35.112137699553756, 32.451720755331102 ], [ 35.110916842145336, 32.451627590024451 ], [ 35.109642172152938, 32.451576500625762 ], [ 35.10821563417975, 32.451525372211776 ], [ 35.107084487039103, 32.451524503163547 ], [ 35.106392194692397, 32.451574013175261 ], [ 35.105632330204742, 32.451659355962683 ], [ 35.10483871181161, 32.451780376279508 ], [ 35.10335263523227, 32.452094171844855 ], [ 35.101368380456975, 32.452514850963425 ], [ 35.099679529477882, 32.452957205842161 ], [ 35.098353662165842, 32.453385597098496 ], [ 35.09716285085667, 32.453813999054844 ], [ 35.096191705479711, 32.454106595955039 ], [ 35.094502712772517, 32.454620480011705 ], [ 35.09374261924566, 32.454863195111429 ], [ 35.093345800895975, 32.454870059714885 ], [ 35.093008168987318, 32.454833962339876 ], [ 35.092687571106268, 32.454697695052516 ], [ 35.092426045236955, 32.454525680331201 ], [ 35.091667292970385, 32.453687553936724 ], [ 35.091009639845794, 32.453064219160751 ], [ 35.090410937777754, 32.452591255104956 ], [ 35.089752850146823, 32.452239969142674 ], [ 35.08906111478241, 32.451924358296118 ], [ 35.088310046565191, 32.451687501247605 ], [ 35.087483019661477, 32.45147203088073 ], [ 35.086588477632077, 32.45132799990224 ], [ 35.085837204544653, 32.451255786857324 ], [ 35.08528011968091, 32.451190786350267 ], [ 35.084621714269488, 32.451183038267736 ], [ 35.083760539737426, 32.451303861455571 ], [ 35.083211762088851, 32.451389270389463 ], [ 35.082848662590386, 32.451403168156872 ], [ 35.082553326039161, 32.451324160247395 ], [ 35.082241197082261, 32.451159289886228 ], [ 35.081810943023058, 32.450972751769164 ], [ 35.081473358787974, 32.450915161855157 ], [ 35.081017523564533, 32.450929053579273 ], [ 35.079784974004475, 32.450970763268991 ], [ 35.079227924305307, 32.450884274366906 ], [ 35.078924320915633, 32.450712190313311 ], [ 35.07854472772874, 32.450504229840277 ], [ 35.078249667846791, 32.450231968523077 ], [ 35.078047551803984, 32.449888201440352 ], [ 35.077862447183243, 32.449472852162955 ], [ 35.077626856833177, 32.448885760197435 ], [ 35.077004356459248, 32.4473318766834 ], [ 35.076751640868125, 32.446980932616718 ], [ 35.076431307797435, 32.446694303185652 ], [ 35.076077048108658, 32.446486361505777 ], [ 35.075402196889115, 32.44617790604083 ], [ 35.071690562027229, 32.444506272587653 ], [ 35.070745811531395, 32.444075862682617 ], [ 35.069834971994275, 32.443588130639107 ], [ 35.068055433025947, 32.442541274688871 ], [ 35.067448392479321, 32.442082529463278 ], [ 35.0672462163649, 32.441817466633317 ], [ 35.067128431765418, 32.44158108132855 ], [ 35.067027652888989, 32.441280419762442 ], [ 35.066985979542807, 32.440922471306592 ], [ 35.066994825161132, 32.440629052810841 ], [ 35.067088103379568, 32.440335636585338 ], [ 35.067282795658002, 32.439992283753398 ], [ 35.067663269070138, 32.439570409797824 ], [ 35.068212613561656, 32.439069994730936 ], [ 35.069066200231866, 32.438340771526804 ], [ 35.069243877537211, 32.438061872153106 ], [ 35.069311827248249, 32.437775640332319 ], [ 35.069278685387857, 32.437324641973724 ], [ 35.068910857286362, 32.434990888050656 ], [ 35.068919663923445, 32.434718930804564 ], [ 35.069029814632856, 32.43443986853493 ], [ 35.069258033205855, 32.43420394610245 ], [ 35.070069056243838, 32.433675127821211 ], [ 35.070618277864561, 32.433296347730902 ], [ 35.070939515362767, 32.432924447461964 ], [ 35.071151008681476, 32.432559644274143 ], [ 35.071261328631302, 32.432158934544042 ], [ 35.071279002164751, 32.43163648123204 ], [ 35.071279980185388, 32.430970812522972 ], [ 35.071238620631398, 32.430391035708659 ], [ 35.071129555606667, 32.42993995642879 ], [ 35.070868164338357, 32.429825157593129 ], [ 35.070631961497803, 32.429717509140538 ], [ 35.070446519083113, 32.429581328910274 ], [ 35.070244266481595, 32.429380745305501 ], [ 35.06988232614821, 32.428743274702015 ], [ 35.069579315039114, 32.42816321749487 ], [ 35.069351944578216, 32.427840870090016 ], [ 35.069099238756237, 32.427539956201798 ], [ 35.068702902961718, 32.427303362178606 ], [ 35.068272768534662, 32.427131115607047 ], [ 35.067901599435892, 32.427059114806326 ], [ 35.067479629675432, 32.427044319341455 ], [ 35.065715660932312, 32.427099650887094 ], [ 35.06517556707022, 32.42708480740513 ], [ 35.064762224023639, 32.426991289596252 ], [ 35.064382719229201, 32.426811871295847 ], [ 35.063977988809079, 32.426582377256359 ], [ 35.063657890416543, 32.426216992660812 ], [ 35.063464227162967, 32.425909009785997 ], [ 35.063388970802308, 32.425486637088021 ], [ 35.063313698410873, 32.425007003246208 ], [ 35.063247568513681, 32.424119339354419 ], [ 35.063138678791375, 32.423654005205435 ], [ 35.062919875374462, 32.423245809210037 ], [ 35.062582799250499, 32.422937663722401 ], [ 35.062405781736707, 32.422801390063462 ], [ 35.062017922064548, 32.422607707954064 ], [ 35.061629845408312, 32.422485623046015 ], [ 35.061182768217122, 32.422427854557448 ], [ 35.058693525971712, 32.422260341333789 ], [ 35.058195842923595, 32.422138119046458 ], [ 35.057867000564272, 32.421944492039465 ], [ 35.057555215002552, 32.421657824240953 ], [ 35.05735314804226, 32.421371283762326 ], [ 35.057260962112565, 32.420984596341583 ], [ 35.057168916950623, 32.420512153526637 ], [ 35.057165328266606, 32.420496188438939 ], [ 35.05706832064503, 32.420068194994975 ], [ 35.056883279380017, 32.419710164729096 ], [ 35.056613710052389, 32.419423543937611 ], [ 35.055981450622788, 32.419043435413343 ], [ 35.055475661009893, 32.418756533099206 ], [ 35.054843339172244, 32.418354957002201 ], [ 35.054582096651849, 32.418182863918538 ], [ 35.054379963989064, 32.417946365004426 ] ] ] } },
{ "type": "Feature", "properties": { "Physical_M": 1, "Designatio": 1, "Status_sim": 0, "Physical_1": "Fence", "Designat_1": "Main Barrier", "Status_sip": "Completed", "Shape_Leng": 1236.0089357300001 }, "geometry": { "type": "MultiLineString", "coordinates": [ [ [ 35.057165328266606, 32.420496188438939 ], [ 35.05706832064503, 32.420068194994975 ], [ 35.056883279380017, 32.419710164729096 ], [ 35.056613710052389, 32.419423543937611 ], [ 35.055981450622788, 32.419043435413343 ], [ 35.055475661009893, 32.418756533099206 ], [ 35.054843339172244, 32.418354957002201 ], [ 35.054582096651849, 32.418182863918538 ], [ 35.054384208373961, 32.417951239434828 ] ], [ [ 35.054384208373961, 32.417951239434828 ], [ 35.054316753951369, 32.417855032771406 ], [ 35.054249456759457, 32.417727896291254 ], [ 35.054230669456139, 32.417645634416175 ], [ 35.054178224276576, 32.417473789155771 ], [ 35.054161581528653, 32.417316233760545 ], [ 35.054170300733936, 32.417122999044103 ], [ 35.054170597206976, 32.416944092449164 ], [ 35.054120254272178, 32.416786587232558 ], [ 35.053968694011346, 32.41657160969028 ], [ 35.053766459398425, 32.416399585312945 ], [ 35.053581152848494, 32.41621333249001 ], [ 35.053421137052347, 32.416034144096344 ], [ 35.053387663698309, 32.415898119961142 ], [ 35.053345852684764, 32.415661901736812 ], [ 35.053312499792725, 32.415389804484953 ], [ 35.053380220089032, 32.415261115612999 ], [ 35.053540806279322, 32.415096648769662 ], [ 35.054200297784561, 32.414353043007132 ], [ 35.054403191802628, 32.41412424012303 ], [ 35.054563975151858, 32.413838126280453 ], [ 35.054640303287741, 32.413580587046802 ], [ 35.05496264484902, 32.412535932561475 ], [ 35.055106946167847, 32.412056553717683 ], [ 35.05516645168791, 32.41174885659477 ], [ 35.055124885521415, 32.411362227581996 ], [ 35.055041046285787, 32.41108303696452 ] ], [ [ 35.054379963989064, 32.417946365004426 ], [ 35.054384208373961, 32.417951239434828 ] ] ] } },
{ "type": "Feature", "properties": { "Physical_M": 1, "Designatio": 1, "Status_sim": 0, "Physical_1": "Fence", "Designat_1": "Main Barrier", "Status_sip": "Completed", "Shape_Leng": 8270.7485238400004 }, "geometry": { "type": "MultiLineString", "coordinates": [ [ [ 35.056118964277665, 32.251885898790491 ], [ 35.055933268946518, 32.251716329684548 ], [ 35.055768952845355, 32.25154966887709 ], [ 35.055643932612938, 32.25136312536295 ], [ 35.055534479091186, 32.251196529414536 ], [ 35.055469923642534, 32.250996289647333 ], [ 35.055418786060322, 32.250737955317142 ], [ 35.055389543004317, 32.250366651545463 ], [ 35.055422637705412, 32.250041541274257 ], [ 35.05573306432909, 32.249380078700412 ], [ 35.055964043693159, 32.248911131893159 ], [ 35.056233734982385, 32.248534356650602 ], [ 35.056471240464198, 32.247653734199254 ], [ 35.056716574230855, 32.247093858702513 ], [ 35.057180480946883, 32.246707900548515 ], [ 35.057576785196922, 32.246457848637313 ], [ 35.057661253804888, 32.246257482810243 ], [ 35.057602822794429, 32.245971102169428 ], [ 35.057417712894832, 32.245806313137066 ], [ 35.057021956615678, 32.245784389819114 ], [ 35.055960678568255, 32.245826072260037 ], [ 35.055514109643909, 32.24592573365576 ], [ 35.055160068308659, 32.246089980223026 ], [ 35.054679637132729, 32.246325585758349 ], [ 35.054392384242057, 32.246396214789073 ], [ 35.054132070050564, 32.246346398118199 ], [ 35.054022704098884, 32.246261050708902 ], [ 35.053943720459515, 32.246090341312055 ], [ 35.053949255864765, 32.245951114070813 ], [ 35.054097454452958, 32.24578067446275 ], [ 35.056215326043812, 32.244595180123888 ], [ 35.056662259166707, 32.244266465892643 ], [ 35.056974396321813, 32.243959055225318 ], [ 35.057269799745022, 32.243565685051273 ], [ 35.057573581988322, 32.24317241427741 ], [ 35.057843565833153, 32.242879200595006 ], [ 35.058104901017167, 32.242750729826156 ], [ 35.058492422401642, 32.242672453390576 ], [ 35.058921964689645, 32.242658610058946 ], [ 35.059191725505663, 32.242501470778983 ], [ 35.059301614206845, 32.24225820819332 ], [ 35.059116888661258, 32.241921544074643 ], [ 35.058553304502738, 32.241491470305554 ], [ 35.057838504508894, 32.240810615673944 ], [ 35.057157685487397, 32.239922208005439 ], [ 35.056838638065045, 32.239327747367362 ], [ 35.056552869608026, 32.238955250780457 ], [ 35.056367846778571, 32.238811832740836 ], [ 35.05602280043729, 32.238682654423762 ], [ 35.055416556470732, 32.238603126268536 ], [ 35.05405245229089, 32.238444061127822 ], [ 35.053842194556175, 32.238293484972175 ], [ 35.053800461982775, 32.238057260485235 ], [ 35.05389345446951, 32.237835444690106 ], [ 35.054289717195772, 32.237592617409888 ], [ 35.055267462780385, 32.237056858660011 ], [ 35.055461598190725, 32.236813788390904 ], [ 35.055445137477264, 32.236563166382602 ], [ 35.055293883750423, 32.236341151176084 ], [ 35.055049830567135, 32.236226337482485 ], [ 35.053626724023545, 32.236160170761892 ], [ 35.052523578047911, 32.236115925702045 ], [ 35.052127747481798, 32.236101111405979 ], [ 35.051824706274886, 32.236050697346194 ], [ 35.051294429771524, 32.235856805390114 ], [ 35.050713966350592, 32.235476724506462 ], [ 35.050301798005748, 32.23521137119387 ], [ 35.049956545899093, 32.235153687582816 ], [ 35.049552228435168, 32.235203331214215 ], [ 35.049232006191865, 32.235338926368719 ], [ 35.048903087968569, 32.235596158737359 ], [ 35.048574420759756, 32.235767542194843 ], [ 35.048330194014589, 32.235760116437795 ], [ 35.048010433899215, 32.235623733851988 ], [ 35.047673756325111, 32.23551591566433 ], [ 35.047244209165115, 32.235551182623865 ], [ 35.046932388547461, 32.235672443802336 ], [ 35.046611869526274, 32.235915433039892 ], [ 35.046501917644434, 32.236180146498107 ], [ 35.046297567508212, 32.237468346171823 ], [ 35.046120456880182, 32.237668498862519 ], [ 35.045833879713413, 32.237789788886559 ], [ 35.045488646237523, 32.237717844321566 ], [ 35.045270096792692, 32.237524319329268 ], [ 35.045203222152345, 32.237237922009541 ], [ 35.045203833862175, 32.236887132154173 ], [ 35.045103370586475, 32.23651484351403 ], [ 35.04488483183956, 32.236256840906726 ], [ 35.044565187897547, 32.23605606262695 ], [ 35.044236887075598, 32.23601263244008 ], [ 35.043630444957486, 32.236062000789659 ], [ 35.042181533860642, 32.236253399922383 ], [ 35.04176901715379, 32.236195607007758 ], [ 35.041339797036898, 32.236044728087151 ], [ 35.040969693686939, 32.23576515107392 ], [ 35.040717663769726, 32.235435496615089 ], [ 35.040021356832774, 32.233952977792057 ], [ 35.039752233950594, 32.233752162617421 ], [ 35.0394743780979, 32.233687413768976 ], [ 35.039154366495666, 32.233701333757985 ], [ 35.038808857987505, 32.233851117648697 ], [ 35.038395518491498, 32.234194151374616 ], [ 35.038024651155922, 32.234401252341222 ], [ 35.03772971819388, 32.234508264853915 ], [ 35.037375977655692, 32.234514921660036 ], [ 35.037013986763917, 32.234450056190937 ], [ 35.036660496243314, 32.234320724026865 ], [ 35.036357719847935, 32.234076932802658 ], [ 35.036172963397298, 32.233811925994914 ], [ 35.035509924891834, 32.232629987843474 ], [ 35.035291303166119, 32.23243644481812 ], [ 35.034971494648943, 32.232342953353943 ], [ 35.034609128399438, 32.232428316028752 ], [ 35.034347816212211, 32.232599753011954 ], [ 35.034237632703203, 32.232971857288625 ], [ 35.034244920291421, 32.233558741724295 ], [ 35.034201652719858, 32.234174324986419 ], [ 35.033999124463357, 32.234395888903059 ], [ 35.033746454392883, 32.234424223955941 ], [ 35.033115316812889, 32.234179981177896 ], [ 35.032139189771577, 32.233749229636317 ], [ 35.031289293707886, 32.233447417215096 ], [ 35.030447392528721, 32.233295935374677 ], [ 35.029689720070436, 32.233151688192855 ], [ 35.029016124356268, 32.23309349249589 ], [ 35.028224616400884, 32.233056681669105 ], [ 35.027365558307444, 32.233112744025043 ], [ 35.025622068563209, 32.233231939123684 ], [ 35.025293681318232, 32.23318854941904 ], [ 35.025007716804808, 32.233044942368885 ], [ 35.024764007218515, 32.232779744838254 ], [ 35.024646586264446, 32.232550527468241 ], [ 35.024554635039095, 32.232156772142709 ], [ 35.024378573896122, 32.231805730749336 ], [ 35.024134896864808, 32.231526284403891 ], [ 35.023840565853824, 32.23132539999321 ], [ 35.023402896785029, 32.231181662266664 ], [ 35.022973517641461, 32.231138032078995 ], [ 35.022594553165206, 32.231137487528031 ], [ 35.020084972677715, 32.231162528704125 ], [ 35.019301750537387, 32.231182846488586 ], [ 35.018813433446091, 32.231167792415512 ], [ 35.018299921025402, 32.231073974217615 ], [ 35.017980145454217, 32.230923177075262 ], [ 35.017677478078319, 32.230708017833869 ], [ 35.017433795361661, 32.230442806171467 ], [ 35.017182026463857, 32.230034470921353 ], [ 35.016779288119814, 32.229318045097983 ], [ 35.016183410449408, 32.228322230758749 ], [ 35.015915006700844, 32.227806466338976 ], [ 35.014731894500102, 32.225764701344865 ], [ 35.014530825849278, 32.225270496643276 ], [ 35.014413842860662, 32.224848019992727 ], [ 35.014330519692919, 32.22441125464006 ], [ 35.014297814395292, 32.223967442119232 ], [ 35.014298559309985, 32.223609528318448 ], [ 35.014307122780281, 32.223560308982194 ] ] ] } },
{ "type": "Feature", "properties": { "Physical_M": 1, "Designatio": 1, "Status_sim": 0, "Physical_1": "Fence", "Designat_1": "Main Barrier", "Status_sip": "Completed", "Shape_Leng": 1565.5987796700001 }, "geometry": { "type": "MultiLineString", "coordinates": [ [ [ 34.969282716208127, 32.200675776023651 ], [ 34.968954332472237, 32.200728279754067 ], [ 34.968651183886358, 32.200742053585905 ], [ 34.967211890952655, 32.200653422493325 ], [ 34.965368653717078, 32.200513963963452 ], [ 34.9646871883823, 32.200369561801423 ], [ 34.964174074963779, 32.200211137270145 ], [ 34.963585446772257, 32.199973752264093 ], [ 34.963047492801721, 32.199664950046184 ], [ 34.962585398668828, 32.199306151491733 ], [ 34.962140322862616, 32.198890211268861 ], [ 34.961872062956303, 32.198467304686453 ], [ 34.96147793232506, 32.197879670895347 ], [ 34.961293695011065, 32.197528525422548 ], [ 34.959768156536633, 32.19509195573567 ], [ 34.959257038791719, 32.194203345629738 ], [ 34.959072836453068, 32.193845072408948 ], [ 34.958879997670117, 32.193544135523567 ], [ 34.95870402184903, 32.193243140710408 ], [ 34.958611999144921, 32.193035372952536 ], [ 34.958495065048965, 32.192705906248506 ], [ 34.958394809894251, 32.192405058178707 ], [ 34.958269133903457, 32.192211562737498 ], [ 34.958237760772455, 32.192165601119562 ] ] ] } },
{ "type": "Feature", "properties": { "Physical_M": 1, "Designatio": 1, "Status_sim": 0, "Physical_1": "Fence", "Designat_1": "Main Barrier", "Status_sip": "Completed", "Shape_Leng": 4007.6399201300001 }, "geometry": { "type": "MultiLineString", "coordinates": [ [ [ 35.010846281064424, 32.294730650238201 ], [ 35.010774754196795, 32.29444969463799 ], [ 35.010621628911288, 32.293816240461716 ], [ 35.010553101872311, 32.293490417297626 ], [ 35.010638206644913, 32.29325969626116 ], [ 35.010757801716359, 32.293034979172866 ], [ 35.011044599881366, 32.292863632140403 ], [ 35.011828852100386, 32.292607196634137 ], [ 35.013156070676537, 32.292177628753798 ], [ 35.014822379771523, 32.29163827059849 ], [ 35.015412834235399, 32.291395769076118 ], [ 35.015741972560981, 32.291124288686085 ], [ 35.015970189685945, 32.290781056785676 ], [ 35.016139545064497, 32.290409060401267 ], [ 35.016190979636548, 32.289972591884975 ], [ 35.016024247915951, 32.289127659112665 ], [ 35.015464956571286, 32.286585826275676 ], [ 35.015281252422895, 32.28574095649553 ], [ 35.01520630341448, 32.285332794865489 ], [ 35.015232848650463, 32.285176558330583 ], [ 35.015240370738006, 32.28513247376226 ], [ 35.01540084242049, 32.284996727313313 ], [ 35.01563685321306, 32.284932603939055 ], [ 35.015856002621192, 32.284911469140539 ], [ 35.016024752617888, 32.284775734841737 ], [ 35.016218991178683, 32.284582776028785 ], [ 35.016446836369326, 32.284411328545374 ], [ 35.016784025408249, 32.284340229826689 ], [ 35.017121111577978, 32.284319267994178 ], [ 35.01758461239254, 32.284305616675255 ], [ 35.017778433094875, 32.284262978857022 ], [ 35.017997873153881, 32.284098730853401 ], [ 35.01820893726827, 32.283877116858939 ], [ 35.018495754509289, 32.283727215379791 ], [ 35.018807689111689, 32.283648949724615 ], [ 35.01923758980336, 32.283556518452109 ], [ 35.019777054821972, 32.283457122200062 ], [ 35.020122716352674, 32.283393150672794 ], [ 35.020401050355211, 32.283236107538443 ], [ 35.020553134288413, 32.283043080554634 ], [ 35.020654769579259, 32.282756917608623 ], [ 35.020781774445133, 32.282470790866292 ], [ 35.021060393278546, 32.282170546903551 ], [ 35.021473699121302, 32.281985111285117 ], [ 35.021911975052937, 32.281892682991725 ], [ 35.02237533498996, 32.281943399901003 ], [ 35.022770982504802, 32.282094294263096 ], [ 35.023915790635662, 32.282654219574567 ], [ 35.02424431261111, 32.282719165104751 ], [ 35.024497161797093, 32.282669387607484 ], [ 35.024741765863112, 32.282548087489104 ], [ 35.025019984538346, 32.282498344441194 ], [ 35.025382298466759, 32.282491734830536 ], [ 35.026199287987716, 32.282636000917392 ], [ 35.027353339433304, 32.282823748949717 ], [ 35.028018878268625, 32.282846141903065 ], [ 35.028473892362193, 32.282825314991641 ], [ 35.028988050973133, 32.282740181966588 ], [ 35.02954433777159, 32.282662138547977 ], [ 35.030201530518141, 32.282663046816253 ], [ 35.030968219280417, 32.282692778436179 ], [ 35.031987751107835, 32.282729974608372 ], [ 35.032535353997993, 32.282752183277658 ], [ 35.032973594298532, 32.282731316729063 ], [ 35.033892071121059, 32.28271109799558 ], [ 35.035358256490028, 32.282655807428426 ], [ 35.036377842610946, 32.282607029567458 ], [ 35.037346990295859, 32.282508129163553 ], [ 35.037928676859771, 32.282351448821807 ], [ 35.038401033839278, 32.282072883348128 ], [ 35.038806111428009, 32.281722627085266 ], [ 35.039025910329009, 32.28133641787182 ], [ 35.03916160527595, 32.280849910853952 ], [ 35.039221039955919, 32.280620939851104 ], [ 35.039227012296415, 32.280371338142487 ], [ 35.039239136023831, 32.280105198981744 ] ] ] } },
{ "type": "Feature", "properties": { "Physical_M": 1, "Designatio": 1, "Status_sim": 0, "Physical_1": "Fence", "Designat_1": "Main Barrier", "Status_sip": "Completed", "Shape_Leng": 10937.772405199999 }, "geometry": { "type": "MultiLineString", "coordinates": [ [ [ 35.009596866514634, 32.009240865839146 ], [ 35.009471663835264, 32.008839820834439 ], [ 35.008678487389254, 32.006566589216575 ], [ 35.008528271263849, 32.006086776619007 ], [ 35.008453285301641, 32.005814676011568 ], [ 35.00837811752131, 32.00557837670916 ], [ 35.008319944263789, 32.005313426624404 ], [ 35.008270087461845, 32.005019811180382 ], [ 35.008204052003862, 32.004471410799518 ], [ 35.008196712999727, 32.003991818525762 ], [ 35.008198069696945, 32.003354784346399 ], [ 35.008199152103963, 32.002846528004078 ], [ 35.008201048363873, 32.001956086821579 ], [ 35.008210368880917, 32.001505107335639 ], [ 35.00819401446963, 32.001333288173242 ], [ 35.008118744323973, 32.001147038779031 ], [ 35.007759221210748, 32.000366328663169 ], [ 35.007399750433386, 31.999563974181637 ], [ 35.007057004129635, 31.998811875185307 ], [ 35.006956398530789, 31.998697189579914 ], [ 35.006830607531029, 31.998582464090006 ], [ 35.006637708529887, 31.998474758552842 ], [ 35.005593565707045, 31.99811880652598 ], [ 35.005400609914723, 31.997989725646555 ], [ 35.005216213506202, 31.997817642367643 ], [ 35.005107344538033, 31.997659925591087 ], [ 35.005048847147698, 31.997502378252594 ], [ 35.005049187780095, 31.997344922744638 ], [ 35.005074760990134, 31.997165954496232 ], [ 35.005142252490437, 31.997030067616056 ], [ 35.005428980170223, 31.996515134995761 ], [ 35.005707130836853, 31.996050327867223 ], [ 35.005976903064827, 31.995592631643465 ], [ 35.006027718422828, 31.99543525558942 ], [ 35.006036402274681, 31.995284937722914 ], [ 35.006019869135045, 31.995148919542615 ], [ 35.005944740653071, 31.994950494383072 ], [ 35.005827498732124, 31.994799979517591 ], [ 35.005693369596536, 31.994678115731372 ], [ 35.005466782947117, 31.994591818203169 ], [ 35.004308240693803, 31.994310887327469 ], [ 35.003367944422486, 31.994108929488636 ], [ 35.002872612659431, 31.994007952568492 ], [ 35.002604052214501, 31.993907335129396 ], [ 35.002377490538514, 31.99376376724468 ], [ 35.002209948716342, 31.993584581691142 ], [ 35.002126290432393, 31.993419778375941 ], [ 35.002084720534512, 31.993219330203406 ], [ 35.002110478329591, 31.992958027444033 ], [ 35.002398700365504, 31.991763140023213 ], [ 35.002492003459423, 31.991340971600788 ], [ 35.002517642516324, 31.991133415961787 ], [ 35.002526687850057, 31.990868569598081 ], [ 35.002527267935356, 31.990603709165956 ], [ 35.002502609013376, 31.990363878992206 ], [ 35.002444450018636, 31.990055999282188 ], [ 35.002361045516217, 31.989776666607227 ], [ 35.002260891306179, 31.989511646310405 ], [ 35.002127151544634, 31.989217984540446 ], [ 35.001273940127497, 31.98764900788068 ], [ 35.000254153818624, 31.985819855299258 ], [ 34.999258594864735, 31.984057377857077 ], [ 34.998580883116183, 31.982925321594646 ], [ 34.99839653545078, 31.982703087289085 ], [ 34.998220614981555, 31.982545345252426 ], [ 34.997968954835002, 31.982380265929795 ], [ 34.997658508504969, 31.982243768046555 ], [ 34.997369807537389, 31.982177465152034 ], [ 34.997092719461001, 31.982169798407661 ], [ 34.996731483636943, 31.982176422338096 ], [ 34.995950469869932, 31.982203729342196 ], [ 34.995782451300727, 31.982203453286619 ], [ 34.995589363535586, 31.982153085258773 ], [ 34.995346165266596, 31.982038155558552 ], [ 34.995203588661063, 31.981923390687719 ], [ 34.99507791570997, 31.981772851772426 ], [ 34.994994370463147, 31.981615258162698 ], [ 34.994977953661582, 31.981436221668936 ], [ 34.995003509056524, 31.981271683354695 ], [ 34.995096315351169, 31.981078488465563 ], [ 34.995273129130027, 31.980885522331562 ], [ 34.995871057980388, 31.980170740091168 ], [ 34.996081731330428, 31.979834620732955 ], [ 34.996208178348041, 31.979641569982263 ], [ 34.996301125769754, 31.979383985299776 ], [ 34.996326807426257, 31.979162182452708 ], [ 34.996335617846825, 31.978961724185719 ], [ 34.99630261178212, 31.978725485968869 ], [ 34.996145067535515, 31.977837576486074 ], [ 34.996103711600703, 31.977551183544829 ], [ 34.995688933322235, 31.975278571788525 ], [ 34.995597252600611, 31.974977757257808 ], [ 34.995505556823318, 31.974684157689115 ], [ 34.995363453055539, 31.974411847305365 ], [ 34.995171074378653, 31.974056487428111 ], [ 34.99493663783791, 31.973726849661428 ], [ 34.994693747106147, 31.973440123970985 ], [ 34.99445084978958, 31.973203538170928 ], [ 34.994140814906466, 31.972902361182641 ], [ 34.993847522049144, 31.97263701360141 ], [ 34.993512132578871, 31.972414521311435 ], [ 34.993176612696715, 31.972249382772798 ], [ 34.992866076912783, 31.972170137379361 ], [ 34.991632417179844, 31.971845949136277 ], [ 34.991137079703627, 31.971759175162941 ], [ 34.988476431410007, 31.971189242526545 ], [ 34.986739102180991, 31.970828346655136 ], [ 34.986470626905088, 31.970727695078448 ], [ 34.986277737826299, 31.970605619194085 ], [ 34.986126849015683, 31.97048370562576 ], [ 34.986034747409171, 31.970376141192041 ], [ 34.985959518243085, 31.970246512123655 ], [ 34.98591782429267, 31.970117571670379 ], [ 34.985893002540969, 31.969967196993014 ], [ 34.985901715872956, 31.969816880031054 ], [ 34.986283307773611, 31.968249918232122 ], [ 34.986292024836551, 31.968142527129526 ], [ 34.986283832495857, 31.968027982880802 ], [ 34.986242629767837, 31.967691536622482 ], [ 34.986234814391679, 31.967462463417533 ], [ 34.986235305306209, 31.967254867147009 ], [ 34.986261566257184, 31.9667967920922 ], [ 34.986304189974334, 31.966532003085575 ], [ 34.986405525335535, 31.966267315470109 ], [ 34.986540483630229, 31.966009809558102 ], [ 34.986708945398654, 31.965809715847687 ], [ 34.98690260075017, 31.96560245058479 ], [ 34.987579715525456, 31.965298526264633 ], [ 34.987831910930332, 31.965162963217239 ], [ 34.987991994835895, 31.964969978161776 ], [ 34.98808503316927, 31.96467668702271 ], [ 34.988177937613315, 31.964440570898411 ], [ 34.988379977576535, 31.964219068813883 ], [ 34.988648854429478, 31.964140797617929 ], [ 34.989034940437449, 31.964198718253517 ], [ 34.98935765601086, 31.964213694240822 ], [ 34.989664810121567, 31.96414252001868 ], [ 34.989891905672827, 31.963971109116375 ], [ 34.990068963328902, 31.963663619800158 ], [ 34.990061287820481, 31.9633700666839 ], [ 34.989919278975904, 31.963026236633009 ], [ 34.989567719844445, 31.962588985000547 ], [ 34.988822103152842, 31.961843275484679 ], [ 34.988302776840065, 31.96131843954559 ], [ 34.987951025837951, 31.960924109003955 ], [ 34.987842330187064, 31.96072354140027 ], [ 34.987792415137598, 31.960537322194416 ], [ 34.987801230414249, 31.960387005041873 ], [ 34.987885618239076, 31.960172427515047 ], [ 34.987978349972764, 31.960007914228331 ], [ 34.98818405436166, 31.959798683510016 ], [ 34.988390588135005, 31.959686489112652 ], [ 34.988659401572434, 31.959629680981767 ], [ 34.989087513177729, 31.95966620956106 ], [ 34.990211736784737, 31.960033164707429 ], [ 34.990916629552331, 31.960227700433073 ], [ 34.991470309675421, 31.960400425667363 ], [ 34.992014452451329, 31.960535255869939 ], [ 34.992391912892856, 31.960566548285488 ], [ 34.992727913507487, 31.960502719615036 ], [ 34.993047373674855, 31.960317117695315 ], [ 34.993258166649987, 31.959959538790365 ], [ 34.993409841770813, 31.959687804243625 ], [ 34.993771929071784, 31.959223160485703 ], [ 34.99383157546518, 31.958858205629195 ], [ 34.993639669743324, 31.958451350090662 ], [ 34.992332063155132, 31.957518682260027 ], [ 34.99214796935928, 31.95726063668987 ], [ 34.992123337546673, 31.957024410625529 ], [ 34.992241644756511, 31.956681017756022 ], [ 34.992485651022236, 31.956459489110085 ], [ 34.992863809926256, 31.956317001846021 ], [ 34.993443414193607, 31.956153295183565 ], [ 34.995266543211066, 31.955650213345919 ], [ 34.995913589281365, 31.955407877903323 ], [ 34.996308855455034, 31.955086398850735 ], [ 34.996746570581962, 31.954607530901104 ], [ 34.997217875347566, 31.954100128781594 ], [ 34.999084870110437, 31.95215668645157 ], [ 34.999555752456715, 31.951828195183083 ], [ 35.00014420533337, 31.95147121288997 ], [ 35.000942543669964, 31.95114324210757 ], [ 35.001815178043529, 31.950936679098806 ], [ 35.002075393422572, 31.950781981536483 ], [ 35.002220537671931, 31.950286305366095 ], [ 35.002233636205638, 31.949762552732082 ], [ 35.002312436274863, 31.949374807538479 ], [ 35.002663818441036, 31.949220254352639 ], [ 35.003054182237435, 31.949135201318608 ], [ 35.004053961271673, 31.948814654703629 ], [ 35.004507836749227, 31.948557631509452 ], [ 35.004785472474296, 31.948314668406738 ], [ 35.005040943548416, 31.947951548229316 ], [ 35.005181695947563, 31.947520792077857 ], [ 35.005191053009369, 31.947105610993567 ], [ 35.005074214839901, 31.946747497190099 ], [ 35.004714733499611, 31.946056233040004 ], [ 35.003811110648179, 31.944680443128266 ], [ 35.003375380631823, 31.944286021610914 ], [ 35.003056948850535, 31.944034993115572 ], [ 35.002595772130704, 31.94376939785754 ], [ 35.001799006513565, 31.943460339921785 ], [ 34.999899586021058, 31.942911066477119 ], [ 34.998751089368106, 31.942359646049916 ], [ 34.998063739243008, 31.941893194604713 ], [ 34.997636475556547, 31.941513105712637 ], [ 34.997242981409862, 31.941025754859865 ] ] ] } },
{ "type": "Feature", "properties": { "Physical_M": 1, "Designatio": 1, "Status_sim": 0, "Physical_1": "Fence", "Designat_1": "Main Barrier", "Status_sip": "Completed", "Shape_Leng": 3348.1809001500001 }, "geometry": { "type": "MultiLineString", "coordinates": [ [ [ 35.057227115825064, 31.918296669188443 ], [ 35.056647820566774, 31.918210414795915 ], [ 35.05592881953428, 31.917959141658034 ], [ 35.055509482088709, 31.917829780991667 ], [ 35.05490523369177, 31.917757467162026 ], [ 35.054616723210621, 31.917672266041343 ], [ 35.054125350498637, 31.917434416840017 ], [ 35.053831790666898, 31.917269486945386 ], [ 35.053538232920694, 31.917168856379842 ], [ 35.053194195092573, 31.917161323284574 ], [ 35.051938507546453, 31.917238551937963 ], [ 35.05159451770605, 31.91720233655424 ], [ 35.051393217839362, 31.917130579762574 ], [ 35.051183649042407, 31.917008581403966 ], [ 35.05025361678824, 31.916069744557415 ], [ 35.050102911147903, 31.915840499047896 ], [ 35.050028034757361, 31.915472465374297 ], [ 35.049920393417636, 31.914591887403429 ], [ 35.049862481607782, 31.914069302437351 ], [ 35.049779071075292, 31.913811460864103 ], [ 35.049662101364113, 31.913453385742908 ], [ 35.049336004588902, 31.912780140045193 ], [ 35.049060120932516, 31.912114079597313 ], [ 35.048876391500627, 31.91159846429581 ], [ 35.048358321756417, 31.910292894753276 ], [ 35.048157293470659, 31.910070799512305 ], [ 35.047863837452454, 31.909927229521248 ], [ 35.047339678341643, 31.90979329365554 ], [ 35.046893073891745, 31.909811498642945 ], [ 35.046020921416023, 31.909466821068868 ], [ 35.045039854826378, 31.909014593731516 ], [ 35.044377653852941, 31.908562851107305 ], [ 35.043908393735414, 31.908175648903939 ], [ 35.043528371168001, 31.907785040463228 ], [ 35.043362956567492, 31.90752032684097 ], [ 35.04291742590776, 31.90656617585854 ], [ 35.042780854649941, 31.906313762599499 ], [ 35.042572098456574, 31.906110406932722 ], [ 35.041736351683959, 31.905592596132827 ], [ 35.041001592777327, 31.905124059340594 ], [ 35.04072089956113, 31.904773069941331 ], [ 35.040590892722754, 31.904221438547697 ], [ 35.040199807395055, 31.90233829120681 ], [ 35.040170615014766, 31.901930088792273 ], [ 35.040402085872678, 31.90153665208307 ], [ 35.040720036056513, 31.901198608264433 ], [ 35.041168135501628, 31.900670175758179 ], [ 35.041255041607243, 31.900424180315319 ], [ 35.041235115425586, 31.899495187509661 ], [ 35.041177972662751, 31.899169015272449 ], [ 35.041005445577127, 31.89887353682548 ], [ 35.040679102891751, 31.898523390453647 ], [ 35.041726466179696, 31.898169778010523 ], [ 35.042218713511332, 31.898013129172842 ], [ 35.042350319477912, 31.897833203335058 ], [ 35.042280394948079, 31.897621005074953 ] ] ] } },
{ "type": "Feature", "properties": { "Physical_M": 1, "Designatio": 1, "Status_sim": 0, "Physical_1": "Fence", "Designat_1": "Main Barrier", "Status_sip": "Completed", "Shape_Leng": 6660.0990240299998 }, "geometry": { "type": "MultiLineString", "coordinates": [ [ [ 35.120979228231015, 31.828975966981723 ], [ 35.121508031759994, 31.829077227923122 ], [ 35.121809931061506, 31.829070299340344 ], [ 35.122078278396593, 31.829020331561495 ], [ 35.122539451669233, 31.828913310689355 ], [ 35.123369641590038, 31.828749167325739 ], [ 35.123679871855266, 31.82875648873771 ], [ 35.123813935710302, 31.828856857575463 ], [ 35.123939580889477, 31.829042985115894 ], [ 35.123905580132266, 31.82951543453478 ], [ 35.12377120403572, 31.82977309330721 ], [ 35.12368717000566, 31.830080835698329 ], [ 35.123728745447323, 31.830496066412646 ], [ 35.123770252082899, 31.83086827909181 ], [ 35.123803582278498, 31.831168971543853 ], [ 35.12388721885192, 31.831441017374985 ], [ 35.12402809248249, 31.831733210183195 ], [ 35.124200501084722, 31.831961121759118 ], [ 35.124439673353379, 31.83218700081774 ], [ 35.124758064085498, 31.832423390625358 ], [ 35.125143571356048, 31.832616984286531 ], [ 35.125479209484496, 31.832699710638302 ], [ 35.125797719802762, 31.832800191583765 ], [ 35.12610764406616, 31.832810844236132 ], [ 35.126401098408934, 31.832811024436438 ], [ 35.12674524308931, 31.832829361337506 ], [ 35.127005147177542, 31.832779378053988 ], [ 35.127562068439317, 31.832636594554206 ], [ 35.127818419373753, 31.832539802003165 ], [ 35.129416060703853, 31.831470908908845 ], [ 35.129659287248202, 31.83139944598965 ], [ 35.129885659742556, 31.831399578735031 ], [ 35.130137035660205, 31.831571525119585 ], [ 35.130899620438591, 31.83208736556487 ], [ 35.131377525662934, 31.832202173637754 ], [ 35.131738028059232, 31.832238182681511 ], [ 35.132148845892743, 31.832231291723925 ], [ 35.132643576782101, 31.83217430575106 ], [ 35.133079784514862, 31.83198119794158 ], [ 35.133616701445654, 31.831594971843415 ], [ 35.135051341361716, 31.830428969881034 ], [ 35.136071552176851, 31.829552668938639 ], [ 35.136491185684264, 31.829030280914438 ], [ 35.136810091802374, 31.828586658109966 ], [ 35.137180665756411, 31.828118442007796 ], [ 35.137575044117185, 31.827739248438387 ], [ 35.137960948407063, 31.827388727064484 ], [ 35.138236494636182, 31.827148532332465 ], [ 35.139813214942052, 31.826390629361676 ], [ 35.140148737637766, 31.82616885731133 ], [ 35.140548086234354, 31.825751058571196 ], [ 35.140674064953302, 31.825493377666952 ], [ 35.140808436925575, 31.825164185135989 ], [ 35.140884074600606, 31.824842087423864 ], [ 35.140875941118118, 31.824534287399782 ], [ 35.140760972978818, 31.824294883511229 ], [ 35.140492817643, 31.824101485685755 ], [ 35.140048665156229, 31.823793375518107 ], [ 35.139244029631065, 31.823470921606678 ], [ 35.138874201168989, 31.823373333171535 ], [ 35.138238011921715, 31.823391581895162 ], [ 35.13791105496778, 31.82331268174395 ], [ 35.137668056765946, 31.823104952139825 ], [ 35.137651476043473, 31.822954697956003 ], [ 35.137811014214044, 31.822596843180438 ], [ 35.138314380976276, 31.822053029090906 ], [ 35.13916180106137, 31.821142252219332 ], [ 35.139329749197699, 31.820827327376339 ], [ 35.139388534726386, 31.82059116679385 ], [ 35.139436912150572, 31.820285830542645 ], [ 35.139330301304582, 31.820039935561987 ], [ 35.139171100927818, 31.819782200201836 ], [ 35.138951188368843, 31.819498099174762 ], [ 35.13864334401282, 31.819295118001339 ], [ 35.13810466743243, 31.819168401072172 ], [ 35.137501118731777, 31.819075015933738 ], [ 35.136910952549059, 31.819024652475431 ], [ 35.136365908731719, 31.819088753803229 ], [ 35.135762240521863, 31.819160035277999 ], [ 35.135234067576171, 31.819259943034705 ], [ 35.134605183649548, 31.819431399552247 ], [ 35.13411880671773, 31.819567128355722 ], [ 35.133682779621473, 31.819602689636074 ], [ 35.133305620943297, 31.819588140593901 ], [ 35.133037439007929, 31.819466333061403 ], [ 35.132811172022855, 31.819229925553834 ], [ 35.132685756080477, 31.818879131098534 ], [ 35.132736312438901, 31.818514096739779 ], [ 35.132870652774187, 31.818249303111966 ], [ 35.133055266314408, 31.817984538108039 ], [ 35.133390817745578, 31.817705607366154 ], [ 35.133877333588082, 31.81737652791228 ], [ 35.134900207788668, 31.816855739371231 ], [ 35.135285964940081, 31.816655471627122 ], [ 35.135722025228986, 31.816555513348149 ], [ 35.136225040101202, 31.816462714322604 ], [ 35.136736436120813, 31.816462987174592 ], [ 35.137583163860626, 31.81646343442306 ], [ 35.13850063802073, 31.81648781173265 ], [ 35.138752151610376, 31.816430675062929 ], [ 35.138945028271365, 31.816251850225715 ], [ 35.139112963877892, 31.815944140087918 ], [ 35.139197044096761, 31.815629172115042 ], [ 35.139314884735001, 31.814913445276776 ], [ 35.139298293066553, 31.814627104190492 ], [ 35.13925537843982, 31.814375470104782 ], [ 35.13924822625544, 31.814333530694416 ], [ 35.139172988948381, 31.814090087220411 ], [ 35.13927363885869, 31.81393980265517 ], [ 35.139558695347382, 31.813932823286873 ], [ 35.139977801191129, 31.814040445068727 ], [ 35.140530888440665, 31.814212523099144 ], [ 35.141000279162739, 31.814305827175769 ], [ 35.14122662045768, 31.814291600732794 ], [ 35.141528533306499, 31.814191556459964 ], [ 35.141687861769114, 31.814098565596794 ], [ 35.142104387948976, 31.813806394896407 ], [ 35.142825648611023, 31.813291346519808 ], [ 35.143052177430427, 31.813148334441227 ], [ 35.143228175428725, 31.813076813508637 ], [ 35.143328809813525, 31.813098325077856 ], [ 35.143446089603586, 31.813184326462462 ], [ 35.143420803089818, 31.813413380968967 ], [ 35.143253053513959, 31.813628027559616 ], [ 35.142540041162263, 31.814286203166269 ], [ 35.142422507409343, 31.814422232928109 ], [ 35.14248945797393, 31.814594065432765 ], [ 35.142640328578111, 31.814672869195512 ], [ 35.142841477147762, 31.814744481833614 ], [ 35.143084635288943, 31.814694547216607 ], [ 35.143378117160616, 31.814565815985027 ], [ 35.143722111845875, 31.814229505421064 ], [ 35.143993358552031, 31.8138598822127 ], [ 35.144286952394445, 31.813552224677448 ], [ 35.144712154029719, 31.812891378972694 ], [ 35.14509806103375, 31.812397623808028 ], [ 35.145458641858049, 31.812197403128906 ], [ 35.145844311735274, 31.812068708798606 ], [ 35.146264714574521, 31.811959508560143 ], [ 35.146573354531888, 31.811889305994946 ], [ 35.146964273476115, 31.811807506066248 ], [ 35.14730719686964, 31.811801798530684 ], [ 35.147615814641242, 31.811766855084823 ], [ 35.148020475484678, 31.811661610327889 ], [ 35.148397795886993, 31.811532904547864 ], [ 35.148637891956234, 31.811462756600104 ], [ 35.148932785366434, 31.811416080386007 ], [ 35.14945394748645, 31.811463111406692 ] ] ] } },
{ "type": "Feature", "properties": { "Physical_M": 1, "Designatio": 1, "Status_sim": 0, "Physical_1": "Fence", "Designat_1": "Main Barrier", "Status_sip": "Completed", "Shape_Leng": 5295.5042319300001 }, "geometry": { "type": "MultiLineString", "coordinates": [ [ [ 35.18274073336525, 31.860295019689158 ], [ 35.18202149978832, 31.859697613708548 ], [ 35.180730101126663, 31.858673712889626 ], [ 35.180134762109169, 31.858360756343824 ], [ 35.179723767859656, 31.858210342214623 ], [ 35.179237318615606, 31.85810292904852 ], [ 35.178734154323337, 31.858074150811827 ], [ 35.178088321374965, 31.85812416032957 ], [ 35.176662397549386, 31.85843165187147 ], [ 35.176301764821524, 31.858431572739715 ], [ 35.175999899423971, 31.858374239457561 ], [ 35.175773392548891, 31.858252531937325 ], [ 35.175630918226148, 31.858037683824062 ], [ 35.175605843394763, 31.857801489449489 ], [ 35.175581160424564, 31.856305438339795 ], [ 35.175547990888752, 31.854920309624333 ], [ 35.175447509446471, 31.854576689638552 ], [ 35.175271545695935, 31.854032575652209 ], [ 35.175054911671538, 31.853648521519109 ], [ 35.174130174356847, 31.853490437810589 ], [ 35.172967564961965, 31.853546537819046 ], [ 35.172254224671747, 31.853349025304706 ], [ 35.171957244562861, 31.852570891321481 ], [ 35.171858447321, 31.851753341349024 ], [ 35.172004033094957, 31.850997871639205 ], [ 35.172334363537942, 31.850828812493184 ], [ 35.172729785395518, 31.850677609744999 ], [ 35.173115684750712, 31.850545226346938 ], [ 35.173509839099225, 31.850366399404209 ], [ 35.173753131055371, 31.850144517152021 ], [ 35.174021625790139, 31.849743717780182 ], [ 35.17419786627039, 31.849393038044244 ], [ 35.174270398422529, 31.848855946891373 ], [ 35.174217675796534, 31.84848945766441 ], [ 35.173702810382942, 31.847446284364182 ], [ 35.173451983001954, 31.846933155829788 ], [ 35.173438886273601, 31.846594865601592 ], [ 35.174536128290519, 31.844142549765959 ], [ 35.175302808078015, 31.842535864219641 ], [ 35.175474598574183, 31.84232729305106 ], [ 35.175732230749745, 31.84218639870311 ], [ 35.176901296176773, 31.842147189976085 ], [ 35.177541981461744, 31.842085307533996 ], [ 35.177938325502822, 31.841893694339724 ], [ 35.178374367319421, 31.841448373124837 ], [ 35.178837940757212, 31.840740349258347 ], [ 35.180205301470608, 31.83868975963761 ], [ 35.180726990989349, 31.838160211838154 ], [ 35.181129540761376, 31.837938345145123 ], [ 35.181540406821782, 31.837823886703948 ], [ 35.181951365617465, 31.837759569134775 ], [ 35.182320260614752, 31.837773882771504 ], [ 35.182705937292475, 31.837852678706906 ], [ 35.18423200819997, 31.838425593480903 ], [ 35.18466796673394, 31.838540194685187 ], [ 35.185196256399514, 31.838662022416035 ], [ 35.185523204833252, 31.838726462608133 ], [ 35.185967631225964, 31.838776669320399 ], [ 35.186353434301552, 31.838783848857592 ], [ 35.186960436137987, 31.838877002570452 ], [ 35.187423372866498, 31.838878920206422 ], [ 35.187832824167096, 31.839059394173695 ], [ 35.188321539335895, 31.839206047989311 ], [ 35.189662112554842, 31.840232347642488 ], [ 35.189965896438082, 31.840435355005003 ], [ 35.190329136126266, 31.840553795191699 ], [ 35.190811267805991, 31.840638419408464 ], [ 35.191300020689759, 31.84061028080416 ], [ 35.191854841319142, 31.840424278255096 ], [ 35.192218125472834, 31.840232617844102 ], [ 35.192502161870692, 31.839956377154337 ], [ 35.192686712358949, 31.83965738567127 ], [ 35.192792832625663, 31.839432058686697 ], [ 35.192806077159219, 31.839150154463908 ], [ 35.192839286120709, 31.837656055308496 ], [ 35.192951589219568, 31.837447455544389 ], [ 35.193123322377218, 31.83731215596001 ], [ 35.193466764579988, 31.83722761401517 ], [ 35.193963249567489, 31.837260824047334 ] ] ] } },
{ "type": "Feature", "properties": { "Physical_M": 2, "Designatio": 1, "Status_sim": 0, "Physical_1": "Wall", "Designat_1": "Main Barrier", "Status_sip": "Completed", "Shape_Leng": 2755.0097256200002 }, "geometry": { "type": "MultiLineString", "coordinates": [ [ [ 35.211066259002948, 31.832557254875653 ], [ 35.211049492942394, 31.83297958440286 ], [ 35.211032839456429, 31.833487858229393 ], [ 35.211049562860062, 31.833953113502055 ], [ 35.211108411603895, 31.835532941548013 ], [ 35.211158767245692, 31.836520806507508 ], [ 35.211200775091022, 31.837451405289471 ], [ 35.211225958406708, 31.838012614310582 ], [ 35.211276324250449, 31.839093458149371 ], [ 35.211301620017444, 31.839730601017184 ], [ 35.211326807180292, 31.840317512447598 ], [ 35.211335199448932, 31.840940317199504 ], [ 35.211326897709164, 31.841527320141111 ], [ 35.211293345016138, 31.842099985496315 ], [ 35.211166302379546, 31.842773029308375 ], [ 35.211066736526703, 31.843589643638541 ], [ 35.211008347367212, 31.844069240406277 ], [ 35.210597615125117, 31.846052118406494 ], [ 35.210430008082064, 31.846975511462162 ], [ 35.21028744109605, 31.847959055335863 ], [ 35.21023718786617, 31.848546059496478 ], [ 35.210203642969319, 31.849390716178032 ], [ 35.210195340489683, 31.850092250941621 ], [ 35.210228977028208, 31.85070783901666 ], [ 35.210279309515947, 31.851337855524552 ], [ 35.210413572403723, 31.852565421438449 ], [ 35.210480713181276, 31.85329563003322 ], [ 35.210480745642464, 31.853789472685573 ], [ 35.210430476482415, 31.854161750653084 ], [ 35.210279527808879, 31.854772386744933 ], [ 35.210145367060356, 31.855223308009514 ], [ 35.210019543561891, 31.855523983964904 ], [ 35.209843416016625, 31.855688665669142 ], [ 35.209591848885623, 31.855910526719551 ], [ 35.20949961828623, 31.85613247076212 ], [ 35.209507979552235, 31.856390122908927 ], [ 35.209239618280264, 31.856776748304966 ], [ 35.208969234822519, 31.856922584015184 ] ] ] } },
{ "type": "Feature", "properties": { "Physical_M": 2, "Designatio": 1, "Status_sim": 0, "Physical_1": "Wall", "Designat_1": "Main Barrier", "Status_sip": "Completed", "Shape_Leng": 549.84094689400001 }, "geometry": { "type": "MultiLineString", "coordinates": [ [ [ 35.259238294649442, 31.780285151766417 ], [ 35.259057230834948, 31.780102065513223 ], [ 35.258919924472089, 31.780003283003541 ], [ 35.258709764159299, 31.779889830834311 ], [ 35.258443967555309, 31.77978000989139 ], [ 35.258079451417821, 31.779655709632763 ], [ 35.257770651348629, 31.779483678173307 ], [ 35.257539048717447, 31.779348228514444 ], [ 35.257328854066536, 31.779168940067599 ], [ 35.257131514311247, 31.778945545305085 ], [ 35.256972735277969, 31.778766145155053 ], [ 35.256844021794137, 31.778545427393549 ], [ 35.256728079956282, 31.778318391662879 ], [ 35.256668017030862, 31.778146254435448 ], [ 35.256560724671068, 31.7779046053586 ], [ 35.256444790489134, 31.777688571612302 ], [ 35.256311782984447, 31.77752376969358 ], [ 35.256153135539684, 31.777384679754249 ], [ 35.255917197606735, 31.777223616367728 ], [ 35.255737970781588, 31.777094455354167 ], [ 35.255596324179471, 31.776958965215353 ], [ 35.255489092357173, 31.776819854343412 ], [ 35.255444290812363, 31.776747634719221 ] ] ] } },
{ "type": "Feature", "properties": { "Physical_M": 2, "Designatio": 1, "Status_sim": 0, "Physical_1": "Wall", "Designat_1": "Main Barrier", "Status_sip": "Completed", "Shape_Leng": 4308.1564912699996 }, "geometry": { "type": "MultiLineString", "coordinates": [ [ [ 35.255444290812363, 31.776747634719221 ], [ 35.255411851388359, 31.776695340997922 ], [ 35.25536458439867, 31.776556205978324 ], [ 35.25527013927929, 31.776244928435439 ], [ 35.255192888383874, 31.776102107565674 ], [ 35.255077105382874, 31.7759593019865 ], [ 35.254961246858578, 31.7758715088729 ], [ 35.254793969522368, 31.775772642757953 ], [ 35.254609603588136, 31.775699486048765 ], [ 35.253975052471716, 31.775560580706141 ], [ 35.253674865788796, 31.775465462542535 ], [ 35.253400427463326, 31.775348419607791 ], [ 35.253198848548202, 31.775260567447589 ], [ 35.25302301203498, 31.775139788118299 ], [ 35.252907242430737, 31.775015287924276 ], [ 35.252825675961411, 31.77488716725852 ], [ 35.252782728956177, 31.774722326703252 ], [ 35.252782610725099, 31.774495243174883 ], [ 35.252816857440536, 31.774374383550075 ], [ 35.25300962244085, 31.7741655339148 ], [ 35.253151028107197, 31.774057439199417 ], [ 35.253258233231321, 31.773958556047365 ], [ 35.253352440375131, 31.77383397549626 ], [ 35.253472366745228, 31.773636155400791 ], [ 35.253523812088851, 31.773500679302799 ], [ 35.253609248061302, 31.772962246636588 ], [ 35.253780191800757, 31.772026068710144 ], [ 35.253822979570458, 31.771890505423858 ], [ 35.253908758164158, 31.77180263287687 ], [ 35.254088665274956, 31.771648708126566 ], [ 35.254234412258796, 31.771575421587112 ], [ 35.25459765754249, 31.771718395993695 ], [ 35.254792826526334, 31.771478880635549 ], [ 35.254748778239509, 31.771472679994996 ], [ 35.254743916375709, 31.771439014573613 ], [ 35.254400427490047, 31.77140918090387 ], [ 35.254395266367332, 31.771202061441571 ], [ 35.254531063253204, 31.771217537559828 ], [ 35.25461925857504, 31.771136734739088 ], [ 35.254606487224784, 31.770829823812431 ], [ 35.254411066302509, 31.770765286600742 ], [ 35.254240858839637, 31.770706123682626 ], [ 35.254069561463787, 31.770681424694253 ], [ 35.253731769749699, 31.769970120770303 ], [ 35.253724477645868, 31.769755467122145 ], [ 35.253437377883955, 31.769865972435458 ], [ 35.253222021836649, 31.769890587736132 ], [ 35.253099632569715, 31.769902761154714 ], [ 35.253119257755401, 31.769768140954202 ], [ 35.252370751577857, 31.769659052144782 ], [ 35.252350944414829, 31.769440315442658 ], [ 35.252321347851669, 31.769339367055199 ], [ 35.252331126593084, 31.769204750668418 ], [ 35.252468923198194, 31.769061672578982 ], [ 35.252488470771304, 31.768775613477271 ], [ 35.252183147672014, 31.76870000919326 ], [ 35.252320799636394, 31.768455782712277 ], [ 35.2523764586849, 31.768305604750079 ], [ 35.252329165311011, 31.768096846162127 ], [ 35.252440302207305, 31.767447116983639 ], [ 35.252555881450583, 31.767223596864376 ], [ 35.252307088073444, 31.766839145283416 ], [ 35.251951004653648, 31.766370500768875 ], [ 35.251822339519933, 31.766187474620221 ], [ 35.252130975349942, 31.766148490040138 ], [ 35.25211806723177, 31.766089874881725 ], [ 35.252156586772315, 31.766071553030287 ], [ 35.252087911540698, 31.765745652688569 ], [ 35.25200201945902, 31.765397754147543 ], [ 35.252104823919346, 31.765379408266025 ], [ 35.252246238966499, 31.765313430680887 ], [ 35.25236197595089, 31.765196147140731 ], [ 35.25237477826191, 31.765049682993538 ], [ 35.252357504246554, 31.764917840419972 ], [ 35.252348884592642, 31.764782296825469 ], [ 35.252331747902787, 31.764712770776196 ], [ 35.252271628922202, 31.764602948885909 ], [ 35.252160083291777, 31.764452834258485 ], [ 35.25230576461923, 31.764271058275945 ], [ 35.252528754574456, 31.76437351358631 ], [ 35.252657338763974, 31.764402774640082 ], [ 35.252798789367077, 31.764410026090133 ], [ 35.252901696494845, 31.764388072157296 ], [ 35.25305165721899, 31.764318392656207 ], [ 35.253055971901773, 31.764292778464686 ], [ 35.252931497222249, 31.764047434593618 ], [ 35.25288859904299, 31.763966916722946 ], [ 35.252879997107101, 31.76386798738551 ], [ 35.252905597732259, 31.763772743373693 ], [ 35.25294841935311, 31.763706801914672 ], [ 35.253004124344919, 31.763651858409258 ], [ 35.253192690625781, 31.763530939494554 ], [ 35.253072592571456, 31.763377131158464 ], [ 35.252978248272477, 31.763219705517052 ], [ 35.252926679761941, 31.763109880648418 ], [ 35.252913824106308, 31.762950529803224 ], [ 35.252947968941989, 31.762844279628524 ], [ 35.253020844519369, 31.762723404999946 ], [ 35.253166503434912, 31.762507267606207 ], [ 35.253217830264234, 31.762357090797639 ], [ 35.253264905177737, 31.762151993915026 ], [ 35.253303396609176, 31.762082447204133 ], [ 35.253376180724175, 31.761990791723814 ], [ 35.253474738424885, 31.761932224144523 ], [ 35.253590500670597, 31.761873559454052 ], [ 35.253740474341996, 31.761836886593812 ], [ 35.253924870358041, 31.761822114970329 ], [ 35.254091951266574, 31.761800135099513 ], [ 35.254319210177044, 31.761800046231475 ], [ 35.254864384993716, 31.761774129038617 ], [ 35.255228715328563, 31.761693449336398 ], [ 35.255571554272898, 31.761499145705653 ], [ 35.255743019404214, 31.761389232146865 ], [ 35.255957205134692, 31.761229879644389 ], [ 35.256278532426549, 31.760889123387589 ], [ 35.256702620548594, 31.760467788713985 ], [ 35.256869737947099, 31.760328475289217 ], [ 35.257092574071216, 31.760167314196529 ], [ 35.25740111171838, 31.759995024386967 ], [ 35.258034467897687, 31.759701389608889 ], [ 35.258484416772369, 31.759485117548589 ], [ 35.258758656204179, 31.759331146426501 ], [ 35.258874384031195, 31.75922494956556 ], [ 35.258972913101402, 31.759129673059451 ], [ 35.259037127241974, 31.759016103176659 ], [ 35.259084239987324, 31.758898843432338 ], [ 35.259122668984659, 31.758734060031696 ], [ 35.259186792021538, 31.758466635704117 ], [ 35.259263830564315, 31.758265220768521 ], [ 35.259400925393734, 31.758060082691447 ], [ 35.259692116421924, 31.757668015151754 ], [ 35.259777735663768, 31.757521518466394 ], [ 35.25981193869157, 31.757353039489384 ], [ 35.259824721649686, 31.757195572125255 ], [ 35.259777445602026, 31.757034433118271 ], [ 35.259597296306374, 31.756718053990166 ], [ 35.259434202915884, 31.756326273394684 ], [ 35.259344035809647, 31.756099228099455 ], [ 35.259240999030077, 31.755883190580125 ], [ 35.259116540873379, 31.755674467307987 ], [ 35.25899221055856, 31.755502358737413 ], [ 35.258670474359874, 31.755092337532904 ], [ 35.258558919745226, 31.754926084911435 ], [ 35.25844309630989, 31.754677134423655 ], [ 35.258314262957128, 31.754380482326244 ], [ 35.258206981101409, 31.754116828503193 ], [ 35.25812534740507, 31.753853163763832 ], [ 35.258086705149886, 31.753648100367034 ], [ 35.258056537817971, 31.753314881831944 ], [ 35.258086330959514, 31.752999855075096 ], [ 35.258171975506691, 31.752900164816548 ], [ 35.258887131327171, 31.75179753647112 ], [ 35.259238300501927, 31.751306602105853 ], [ 35.259203811650373, 31.750987995272034 ], [ 35.259786649319594, 31.750866895564048 ], [ 35.260189554392184, 31.750775092676129 ], [ 35.260360916481879, 31.750712790007331 ], [ 35.260476533258, 31.750617504710924 ], [ 35.260532201644033, 31.75052224514608 ], [ 35.260557848811551, 31.750347907128571 ], [ 35.260489133965741, 31.750161165651569 ], [ 35.26038626862568, 31.750047668386216 ], [ 35.260274770694181, 31.749970789738736 ], [ 35.260111907888259, 31.749948946232092 ], [ 35.259979029928573, 31.749945307097097 ], [ 35.259781929132572, 31.750029625084601 ], [ 35.259571965225632, 31.750135953561866 ], [ 35.259332033987398, 31.750253207133209 ], [ 35.259126284242186, 31.750348530148759 ], [ 35.259040601741283, 31.750377876701425 ], [ 35.259014638490719, 31.750377887834773 ] ] ] } },
{ "type": "Feature", "properties": { "Physical_M": 1, "Designatio": 1, "Status_sim": 0, "Physical_1": "Fence", "Designat_1": "Main Barrier", "Status_sip": "Completed", "Shape_Leng": 5205.76883258 }, "geometry": { "type": "MultiLineString", "coordinates": [ [ [ 34.96050090030699, 32.175988901019657 ], [ 34.960698025884525, 32.175982156472315 ], [ 34.961527699523785, 32.175983752037084 ], [ 34.96200754297486, 32.175920285331955 ], [ 34.962530002330872, 32.17569935708277 ], [ 34.962959714544823, 32.175506926464294 ], [ 34.963338917602442, 32.175328736233944 ], [ 34.963641933548239, 32.175293512634987 ], [ 34.964172065380289, 32.175337444913225 ], [ 34.964500278252167, 32.175316605196798 ], [ 34.964879290378633, 32.175209921450168 ], [ 34.965283592446895, 32.175081821825309 ], [ 34.965628787137568, 32.175053887417711 ], [ 34.967025583157103, 32.175142365595526 ], [ 34.968860009045478, 32.175253196257337 ], [ 34.970265242325759, 32.175320191843589 ], [ 34.971519051822902, 32.175394108000447 ], [ 34.97230138652467, 32.175538748312547 ], [ 34.972646236756368, 32.175646692662895 ], [ 34.973571156421158, 32.175970499674605 ], [ 34.975168704398293, 32.176560373914391 ], [ 34.976976564518743, 32.177222117730878 ], [ 34.978490161901533, 32.177733073948104 ], [ 34.979331218127655, 32.177985087788279 ], [ 34.980163830745525, 32.178222832771141 ], [ 34.982367537626715, 32.178770674270673 ], [ 34.98418430165534, 32.179253417358808 ], [ 34.985412290249478, 32.179599127595253 ], [ 34.986404626776825, 32.17992295808628 ], [ 34.987430520151136, 32.180318439030465 ], [ 34.987884523808184, 32.18051246897857 ], [ 34.988842996440887, 32.180950748122207 ], [ 34.99034777675751, 32.181704847840209 ], [ 34.991617202146358, 32.182358345715841 ], [ 34.992676427883154, 32.182896953450154 ], [ 34.993878601979596, 32.183528853476886 ], [ 34.994475277240056, 32.1839450252807 ], [ 34.995071670816223, 32.184439918875668 ], [ 34.995945388838678, 32.185157195104495 ], [ 34.996466362590795, 32.185530217240206 ], [ 34.996987950574166, 32.185681400503313 ], [ 34.997484454619013, 32.185718014308378 ], [ 34.997955996780952, 32.185632845502667 ], [ 34.998528810865025, 32.185404726553386 ], [ 34.998849375718443, 32.185118932768347 ], [ 34.999431603610731, 32.18442559652496 ], [ 34.999920637174476, 32.184054132917964 ], [ 35.000417692915796, 32.183840221511169 ], [ 35.001326915165599, 32.183770083233178 ], [ 35.002673643263527, 32.183750775624411 ], [ 35.003347046717529, 32.18372326138293 ], [ 35.0040205596097, 32.183645604415204 ], [ 35.00458473446237, 32.183524756315144 ], [ 35.005250132291387, 32.183325430364981 ], [ 35.007144981007592, 32.182805817205264 ], [ 35.007818590877243, 32.1826780911885 ], [ 35.008483700513061, 32.182607521802154 ], [ 35.009291744676254, 32.182587308202777 ], [ 35.010099682910081, 32.182617138222966 ], [ 35.011387470360937, 32.182665983447663 ] ] ] } },
{ "type": "Feature", "properties": { "Physical_M": 1, "Designatio": 1, "Status_sim": 0, "Physical_1": "Fence", "Designat_1": "Main Barrier", "Status_sip": "Completed", "Shape_Leng": 2876.8943740099999 }, "geometry": { "type": "MultiLineString", "coordinates": [ [ [ 34.991869134869724, 32.169351739215124 ], [ 34.991420155434867, 32.169387957557376 ], [ 34.989829374925364, 32.169492581994554 ], [ 34.989383208562138, 32.169549087809891 ], [ 34.988894783373169, 32.169677121464893 ], [ 34.988364101599124, 32.169919607615498 ], [ 34.986526673238721, 32.171104645345949 ], [ 34.984976060982689, 32.171996713746225 ], [ 34.983720215220075, 32.172781875433138 ], [ 34.983062983651841, 32.173124306095659 ], [ 34.982456683776547, 32.173273571027629 ], [ 34.981378958024855, 32.173479265504547 ], [ 34.979560319644754, 32.173812411514945 ], [ 34.978911970103049, 32.173940122120058 ], [ 34.978659344492506, 32.173968347806195 ], [ 34.978314422981704, 32.173931931213296 ], [ 34.977927745933023, 32.173759450547628 ], [ 34.976759438051019, 32.173163259607797 ], [ 34.976431415194597, 32.173069605074545 ], [ 34.976128589932628, 32.173033258376712 ], [ 34.975606841114598, 32.172989391369448 ], [ 34.975068286870567, 32.172966953714237 ], [ 34.97458882724181, 32.172887268116213 ], [ 34.974218913112679, 32.172714805975751 ], [ 34.973790517888133, 32.172399123903119 ], [ 34.973370610551243, 32.172040440372186 ], [ 34.973152804735236, 32.171675001141374 ], [ 34.972935238986565, 32.171173573532329 ], [ 34.972776207979074, 32.170836827552833 ], [ 34.972557921028447, 32.170621713502044 ], [ 34.972162769044957, 32.170456322936339 ], [ 34.971658091478204, 32.170376670336253 ], [ 34.971136629720355, 32.170268397765113 ], [ 34.970648907040541, 32.170109956219662 ], [ 34.970422251384939, 32.169894823016605 ], [ 34.970288299445691, 32.169622597737757 ], [ 34.970246556971567, 32.169486532039656 ], [ 34.970298285869831, 32.168992721153771 ], [ 34.970462171387837, 32.16742545628999 ], [ 34.9705053215555, 32.167010355716698 ], [ 34.970549257551504, 32.166287477639912 ], [ 34.970441000157919, 32.165836296390935 ], [ 34.970349160724616, 32.16555702442232 ], [ 34.970417103402738, 32.165313758857863 ], [ 34.970560558077381, 32.165142234814155 ] ] ] } },
{ "type": "Feature", "properties": { "Physical_M": 1, "Designatio": 3, "Status_sim": 1, "Physical_1": "Fence", "Designat_1": "Special Security Arrangement", "Status_sip": "Planned", "Shape_Leng": 3866.6143768799998 }, "geometry": { "type": "MultiLineString", "coordinates": [ [ [ 35.088313268755542, 32.175653217395045 ], [ 35.089043090466326, 32.175886545482818 ], [ 35.090486231487404, 32.176501877592536 ], [ 35.091496211595214, 32.177239630540917 ], [ 35.092795231983786, 32.177732074738422 ], [ 35.094383286325588, 32.17797911153005 ], [ 35.096404701564843, 32.1782264990862 ], [ 35.097703369211402, 32.178964448489843 ], [ 35.099146158373472, 32.180070972737923 ], [ 35.100444562665757, 32.181177362399552 ], [ 35.101887695134238, 32.182038209749948 ], [ 35.103909114381587, 32.182285477372048 ], [ 35.10520760776599, 32.183391817347051 ], [ 35.106505869090924, 32.18474369939306 ], [ 35.107660000884721, 32.18584990262373 ], [ 35.10939251547714, 32.186342506774778 ], [ 35.110547962466121, 32.18622054634627 ], [ 35.111413800798601, 32.186835209412294 ], [ 35.112279775070824, 32.187327134563731 ], [ 35.113723968357668, 32.187328178137044 ], [ 35.114446722091792, 32.186714580258545 ], [ 35.115746714499217, 32.186469942404067 ], [ 35.116901332456607, 32.187207593024354 ], [ 35.117911537818287, 32.187945134373031 ], [ 35.119066764723073, 32.188068741451914 ], [ 35.120222446903931, 32.18770104798989 ], [ 35.121378119732988, 32.187333433725108 ], [ 35.123382241281021, 32.186949491590411 ] ] ] } },
{ "type": "Feature", "properties": { "Physical_M": 1, "Designatio": 3, "Status_sim": 0, "Physical_1": "Fence", "Designat_1": "Special Security Arrangement", "Status_sip": "Planned", "Shape_Leng": 3196.0991258499998 }, "geometry": { "type": "MultiLineString", "coordinates": [ [ [ 35.154682271094039, 32.179964492316941 ], [ 35.156021282273336, 32.178537217333457 ], [ 35.156374324255367, 32.178020088235293 ], [ 35.156788251676204, 32.177244259396296 ], [ 35.156934525064287, 32.176727051229172 ], [ 35.156984787308879, 32.175082485649398 ], [ 35.157110657844505, 32.173001575014823 ], [ 35.157155944808387, 32.171947225096638 ], [ 35.157144691345422, 32.170333205492803 ], [ 35.157206104218041, 32.169050349074098 ], [ 35.157162116825688, 32.168617295449259 ], [ 35.157179483753502, 32.168451553801553 ], [ 35.157144068014588, 32.168255221572224 ], [ 35.157059028829771, 32.168071045006791 ], [ 35.156899329702462, 32.167929134739929 ], [ 35.156693491863564, 32.167826343674001 ], [ 35.156540967326045, 32.16775387275856 ], [ 35.156363514890153, 32.167705470106924 ], [ 35.156196643037326, 32.167699364423996 ], [ 35.156028049410196, 32.167740691781418 ], [ 35.155874724822382, 32.167778147658851 ], [ 35.15524166390928, 32.168003980900849 ], [ 35.155037138233666, 32.168027618233225 ], [ 35.154873538791989, 32.168046672249211 ], [ 35.154687928400904, 32.167988614698025 ], [ 35.154077610548548, 32.167529454687319 ], [ 35.15392965242593, 32.167446702154706 ], [ 35.15373800616694, 32.167380163492524 ], [ 35.153514427287945, 32.16734986444046 ], [ 35.153155933588813, 32.167235012661962 ], [ 35.152900494871943, 32.16711415963065 ], [ 35.152627261190361, 32.166966065087593 ], [ 35.152226332740462, 32.166718360116349 ], [ 35.152006329296015, 32.166558202308167 ], [ 35.151784203924528, 32.166402101114393 ], [ 35.151656513004774, 32.166296358682942 ], [ 35.151557182833606, 32.166097022549579 ], [ 35.151493374395436, 32.165888683343255 ], [ 35.151451011231167, 32.165629042028286 ], [ 35.151429846498417, 32.165378426820801 ], [ 35.151451372714767, 32.16500401409963 ], [ 35.151419494959363, 32.164762502615645 ], [ 35.151345093152422, 32.164542074997946 ], [ 35.151153585340431, 32.164251168501139 ], [ 35.150919608039032, 32.16388882227649 ], [ 35.150706748145616, 32.16367437788557 ], [ 35.150515202777719, 32.163453809597783 ], [ 35.150444316565057, 32.163209304978366 ], [ 35.150384179431171, 32.16289527736015 ], [ 35.150299315842716, 32.16244533984726 ], [ 35.150200116262297, 32.162037419945712 ], [ 35.150097469460547, 32.16154518080306 ], [ 35.15006582815203, 32.161092290241022 ], [ 35.150101548255535, 32.160745117332908 ], [ 35.150215252842081, 32.160464350162059 ], [ 35.150495841772923, 32.160144516052789 ], [ 35.15077643449893, 32.159814851754881 ], [ 35.150897198236727, 32.159603614494841 ], [ 35.150942832834069, 32.159517152163581 ], [ 35.150925726994323, 32.159401355435683 ], [ 35.150833545515034, 32.159319795389486 ], [ 35.15015922003731, 32.159132297118369 ], [ 35.149719256943598, 32.158990977889246 ], [ 35.149075005079467, 32.158514735236693 ], [ 35.148759062075449, 32.158049004140075 ], [ 35.148674371542484, 32.157335112302235 ], [ 35.148528537780088, 32.157107437016904 ], [ 35.148273254425398, 32.156962496593394 ] ] ] } },
{ "type": "Feature", "properties": { "Physical_M": 1, "Designatio": 1, "Status_sim": 1, "Physical_1": "Fence", "Designat_1": "Main Barrier", "Status_sip": "Planned", "Shape_Leng": 3069.3529943499998 }, "geometry": { "type": "MultiLineString", "coordinates": [ [ [ 35.035413398733979, 32.169504504803236 ], [ 35.037750946756681, 32.170098363589226 ], [ 35.040535157029751, 32.170183611426232 ], [ 35.045156253714005, 32.169821133481385 ], [ 35.048477807207647, 32.169456802008213 ], [ 35.050068601518554, 32.167984966782754 ], [ 35.052093858281808, 32.16565405363442 ], [ 35.055271945678626, 32.164675344732373 ], [ 35.058737276711177, 32.16455655869359 ], [ 35.06234680171292, 32.164560662465256 ], [ 35.065232864971158, 32.165546363762545 ] ] ] } },
{ "type": "Feature", "properties": { "Physical_M": 1, "Designatio": 1, "Status_sim": 1, "Physical_1": "Fence", "Designat_1": "Main Barrier", "Status_sip": "Planned", "Shape_Leng": 12228.720511899999 }, "geometry": { "type": "MultiLineString", "coordinates": [ [ [ 35.040222831866679, 32.162488913058588 ], [ 35.042137304548895, 32.162325724915497 ], [ 35.045891767125376, 32.161962014194089 ], [ 35.050368971054723, 32.161107871810877 ], [ 35.05397997274774, 32.160129720616119 ], [ 35.057736463320886, 32.158414785568006 ], [ 35.060771483899423, 32.156330452135435 ], [ 35.064095498311026, 32.154000719156244 ], [ 35.065974151096661, 32.152774644842026 ], [ 35.067997203715649, 32.151425964784387 ], [ 35.071297012054544, 32.150988955380534 ], [ 35.075666245277375, 32.149781924198059 ], [ 35.076728500809935, 32.150590730535235 ], [ 35.078245830718963, 32.152173445778239 ], [ 35.080986473675061, 32.153772671427298 ], [ 35.083005689942034, 32.15524841429658 ], [ 35.084880804529512, 32.156478342144524 ], [ 35.086470155749353, 32.155497336723897 ], [ 35.087627122270618, 32.153901796005819 ], [ 35.088351235618219, 32.152060291742664 ], [ 35.090084539366011, 32.151325019354672 ], [ 35.093117248876425, 32.150345224898203 ], [ 35.094562036003126, 32.14936398943621 ], [ 35.094132917181476, 32.146047652536609 ], [ 35.09298034621272, 32.14420447044585 ], [ 35.092982287695918, 32.142607855602762 ], [ 35.095723882816081, 32.143469913899253 ], [ 35.097599034390377, 32.144699655536925 ], [ 35.099465333553134, 32.145373139175504 ], [ 35.101184165313924, 32.145720117396699 ], [ 35.102513380471301, 32.14348683383902 ], [ 35.104084278757391, 32.142912206449878 ], [ 35.10512082772243, 32.143246955606038 ], [ 35.105715730555843, 32.143961547214403 ], [ 35.107125599263462, 32.145198630005339 ], [ 35.108394386152142, 32.145564552256474 ], [ 35.109545499583319, 32.145139234858156 ], [ 35.110953883603152, 32.14467964904609 ], [ 35.112179256369444, 32.143851443325175 ], [ 35.112181357624557, 32.14176362377124 ], [ 35.113049359087427, 32.139799254711328 ], [ 35.114637999501056, 32.138940715665917 ], [ 35.117381100487698, 32.138205688971048 ], [ 35.120123698334574, 32.138084810934387 ], [ 35.123155102891957, 32.137841145360838 ], [ 35.125464944478722, 32.137351311294289 ], [ 35.128352057974986, 32.136861874089895 ], [ 35.130806197237078, 32.136372029034725 ], [ 35.133403803275748, 32.136987631415785 ], [ 35.135134605243515, 32.13870794264524 ], [ 35.136288413254981, 32.139936715771384 ], [ 35.138308643308399, 32.140674638276565 ] ] ] } },
{ "type": "Feature", "properties": { "Physical_M": 1, "Designatio": 1, "Status_sim": 0, "Physical_1": "Fence", "Designat_1": "Main Barrier", "Status_sip": "Completed", "Shape_Leng": 9425.1604306000008 }, "geometry": { "type": "MultiLineString", "coordinates": [ [ [ 35.028469583279779, 32.103538338009415 ], [ 35.026290289138579, 32.104518607348716 ], [ 35.025618515077092, 32.105153965395999 ], [ 35.02491139852475, 32.105707748126029 ], [ 35.023814989366336, 32.106222466222981 ], [ 35.023036176393852, 32.106375469623785 ], [ 35.022257376241889, 32.106520712780501 ], [ 35.021387742184345, 32.106789095043155 ], [ 35.020391371959889, 32.107065042709749 ], [ 35.017712826762676, 32.107446459100998 ], [ 35.015467102521683, 32.107759026380009 ], [ 35.014625271885805, 32.107734591789125 ], [ 35.013919386720481, 32.107602591973006 ], [ 35.013403571839504, 32.107524711887024 ], [ 35.012769854107944, 32.107539175170572 ], [ 35.012281810654862, 32.107658374284291 ], [ 35.011255896956413, 32.107606764388521 ], [ 35.00818703881847, 32.107265588574165 ], [ 35.006152442159923, 32.107040489284863 ], [ 35.005412589008657, 32.106946264123309 ], [ 35.004953823530421, 32.106753731350132 ], [ 35.004710349797797, 32.106560093907049 ], [ 35.004601618803306, 32.106280727625901 ], [ 35.004543350372018, 32.105987192404442 ], [ 35.004543942753614, 32.105715212837914 ], [ 35.004670827904725, 32.105393293133972 ], [ 35.004923632761482, 32.10514317322059 ], [ 35.00520169515692, 32.104921679853646 ], [ 35.005639309683332, 32.104750576285888 ], [ 35.00880296128225, 32.103968146344151 ], [ 35.009476277979992, 32.103704327655372 ], [ 35.010074037843147, 32.103397464433797 ], [ 35.010621484334983, 32.102983118125884 ], [ 35.011068142603413, 32.102532813929109 ], [ 35.011363193153237, 32.102182557093037 ], [ 35.011700504597826, 32.101734969751867 ], [ 35.011920101767927, 32.101291531133064 ], [ 35.012089463055389, 32.100754951392517 ], [ 35.012200083709608, 32.100089415512706 ], [ 35.012217887331261, 32.099631331612464 ], [ 35.012202474433543, 32.098947748668586 ], [ 35.012069325604827, 32.098281843195799 ], [ 35.011568362776565, 32.096606090252003 ], [ 35.011042768519545, 32.094612505360068 ], [ 35.010959667705976, 32.094182853999087 ], [ 35.010976917452041, 32.093939576471428 ], [ 35.01110380876095, 32.093596186793086 ], [ 35.011306199171578, 32.09331730002004 ], [ 35.011592639449852, 32.093067218049065 ], [ 35.011929352588496, 32.092888723722311 ], [ 35.013243682611126, 32.092422592501087 ], [ 35.013588668479592, 32.092287121715707 ], [ 35.013883410509038, 32.092115773869892 ], [ 35.01406881267603, 32.091901335399591 ], [ 35.014153382852747, 32.091679530922924 ], [ 35.014586410943728, 32.08964014079897 ], [ 35.014603620711696, 32.089411111033108 ], [ 35.014612805182502, 32.089067540566703 ], [ 35.014596599043365, 32.088759733812374 ], [ 35.014563537848908, 32.08850916583129 ], [ 35.014522821089258, 32.087862788421532 ], [ 35.014590499243035, 32.087662421052137 ], [ 35.014700318547696, 32.087419191004585 ], [ 35.014868837659769, 32.087219064213137 ], [ 35.015180503453365, 32.086947458296891 ], [ 35.015483649711562, 32.08669739215371 ], [ 35.017689832318808, 32.085104485241636 ], [ 35.018304527030281, 32.084625814633924 ], [ 35.018666498943993, 32.084183884653257 ], [ 35.018854794800312, 32.083752894871004 ], [ 35.018825647891731, 32.083136141743083 ], [ 35.018543036211483, 32.082613896554392 ], [ 35.018118315951064, 32.082229446857511 ], [ 35.017369465969672, 32.081818640649374 ], [ 35.016352597655647, 32.081191800500221 ], [ 35.015923049853079, 32.08069951961955 ], [ 35.015644986719607, 32.080440346424915 ], [ 35.015361594382007, 32.08031054401328 ], [ 35.015012148722924, 32.080279833782292 ], [ 35.014411948473047, 32.080473400988176 ], [ 35.013957759655653, 32.080580033043027 ], [ 35.010735764687709, 32.081505712350875 ], [ 35.006218156526529, 32.082837262146008 ], [ 35.005679813576954, 32.082958071102929 ], [ 35.005032344620389, 32.082992855180237 ], [ 35.004401887869584, 32.082948936434668 ], [ 35.003872503303334, 32.08279777036244 ], [ 35.003385344028352, 32.082567942114885 ], [ 35.002957125778991, 32.082316743422879 ], [ 35.002579406957622, 32.082029822522344 ], [ 35.00226072332903, 32.081678606036363 ], [ 35.001984454959299, 32.081162788787886 ], [ 35.001918158744758, 32.08072603359188 ], [ 35.001876945605154, 32.080346582524598 ], [ 35.002099876933286, 32.078339090043279 ], [ 35.002206158167709, 32.077451712170259 ], [ 35.002181832623101, 32.077050825054172 ], [ 35.002039762459532, 32.076635411008759 ], [ 35.00185420702001, 32.076151932581247 ], [ 35.001594217799308, 32.075850857730707 ], [ 35.000948187632623, 32.075305858614954 ], [ 34.998145024899472, 32.073168217669604 ], [ 34.997272359796554, 32.07244743154309 ], [ 34.99682789922894, 32.071959914323912 ], [ 34.996534932229068, 32.071408255945109 ], [ 34.996401919562985, 32.070749546081309 ], [ 34.996310808430103, 32.070155292393423 ], [ 34.99618656287123, 32.069321196827737 ], [ 34.99599434099018, 32.068855553572277 ], [ 34.995098362389342, 32.067329408374285 ], [ 34.995040099459338, 32.067057330053117 ], [ 34.995132033260028, 32.066867112787421 ] ] ] } },
{ "type": "Feature", "properties": { "Physical_M": 1, "Designatio": 1, "Status_sim": 0, "Physical_1": "Fence", "Designat_1": "Main Barrier", "Status_sip": "Completed", "Shape_Leng": 842.88089867099995 }, "geometry": { "type": "MultiLineString", "coordinates": [ [ [ 34.995132033260028, 32.066867112787421 ], [ 34.995192151763028, 32.066742583381668 ], [ 34.995461828020375, 32.066442459214457 ], [ 34.996050863298002, 32.066159903890373 ], [ 34.999491267890086, 32.065134757947213 ], [ 35.001022202578213, 32.064643399580383 ], [ 35.002138282295626, 32.064309536390603 ], [ 35.002714429925426, 32.063948833090286 ], [ 35.003008137228946, 32.063637278391496 ] ] ] } },
{ "type": "Feature", "properties": { "Physical_M": 1, "Designatio": 1, "Status_sim": 1, "Physical_1": "Fence", "Designat_1": "Main Barrier", "Status_sip": "Planned", "Shape_Leng": 12683.509752600001 }, "geometry": { "type": "MultiLineString", "coordinates": [ [ [ 35.067123332475674, 31.682540381153061 ], [ 35.072354780856962, 31.685794267894519 ], [ 35.076818397093781, 31.687686372970784 ], [ 35.080365833800528, 31.689115314491122 ], [ 35.083048661517317, 31.691464420676784 ], [ 35.084506231414423, 31.693163283164338 ], [ 35.085555047583298, 31.694911676076018 ], [ 35.08748005427357, 31.696461162728223 ], [ 35.088413167813876, 31.697410609634741 ], [ 35.08981320913491, 31.698560174401155 ], [ 35.092732044266526, 31.699311651671206 ], [ 35.095077883835138, 31.700685890527669 ], [ 35.097998840565673, 31.703857284886375 ], [ 35.098179009884987, 31.704325134992029 ], [ 35.098560781576964, 31.704970546360411 ], [ 35.098963908946345, 31.705392314903733 ], [ 35.099339768412442, 31.705769418582356 ], [ 35.099636303050239, 31.706145643655361 ], [ 35.099857809652654, 31.706638055610007 ], [ 35.100346473097041, 31.707371840435016 ], [ 35.100576901463022, 31.708290292137981 ], [ 35.100665570790099, 31.708714955346185 ], [ 35.101066714540643, 31.709046620899468 ], [ 35.101780733591738, 31.709305396861456 ], [ 35.102626498527343, 31.709584566072241 ], [ 35.103083421702188, 31.71004830067848 ], [ 35.103438372940644, 31.710671579889691 ], [ 35.103953457664382, 31.711407175105251 ], [ 35.10448676933126, 31.711779426330967 ], [ 35.104963411100648, 31.711974508403344 ], [ 35.105230321198135, 31.712173033159594 ], [ 35.105425896885194, 31.712686157088719 ], [ 35.105436073800085, 31.713136909680152 ], [ 35.105365615857828, 31.713519148957609 ], [ 35.105453911791571, 31.713923606591194 ], [ 35.105668580209084, 31.714145537890371 ], [ 35.105962377462703, 31.714366177008717 ], [ 35.106570681430256, 31.714579301157965 ], [ 35.107252862080337, 31.714568008558029 ], [ 35.107701026301783, 31.71467341497053 ], [ 35.108284974869285, 31.714979402550377 ], [ 35.108681633763318, 31.715108124346195 ], [ 35.108840158799644, 31.715150630406516 ], [ 35.109439285068362, 31.714960336901711 ], [ 35.109973853565748, 31.714655096768666 ], [ 35.110926497648251, 31.714369371209951 ], [ 35.112161184236868, 31.714144176585641 ], [ 35.11284920938035, 31.713978822656554 ], [ 35.11378405529598, 31.7137533966775 ], [ 35.114500194766293, 31.713638466336057 ], [ 35.115105370524979, 31.713718705573939 ], [ 35.115892413041522, 31.713705636425523 ], [ 35.117407667866544, 31.713409880196885 ], [ 35.118593399759206, 31.713615583679484 ], [ 35.119335504439789, 31.713941468314616 ], [ 35.119893008525764, 31.714245671857068 ], [ 35.120237054769589, 31.714352678492038 ], [ 35.12078110602851, 31.714722975079169 ], [ 35.121298481059149, 31.715080175291746 ], [ 35.121327476245256, 31.715100215042309 ], [ 35.121891363147149, 31.71559813206617 ], [ 35.122102653870293, 31.715990211962456 ], [ 35.122172809343354, 31.716472656560057 ], [ 35.122225116064591, 31.717096860237376 ], [ 35.122418633602344, 31.717669839451283 ], [ 35.122876759424713, 31.718122410714006 ], [ 35.123581996224623, 31.718439408593174 ], [ 35.123899071169376, 31.718891886661563 ], [ 35.124938758968291, 31.719842275901438 ], [ 35.1255028627629, 31.720264781348529 ], [ 35.126084474050366, 31.720702356153744 ], [ 35.126841958782293, 31.720903390901711 ], [ 35.127183265212025, 31.720917937216711 ], [ 35.127528642069628, 31.721115109671416 ], [ 35.12809011212822, 31.721556721305632 ], [ 35.129509345390254, 31.721645763646716 ], [ 35.129697204206288, 31.721843288373847 ], [ 35.129707095151232, 31.722271582253786 ], [ 35.129585114746575, 31.722679416984572 ], [ 35.129080991718723, 31.723587551995294 ], [ 35.129085066399327, 31.723767834066379 ], [ 35.128861364148428, 31.724310524579405 ], [ 35.128582584492655, 31.724721060859324 ], [ 35.128302555655836, 31.725106794811854 ], [ 35.128076298480501, 31.725539005594634 ], [ 35.12792894781338, 31.725990111985951 ], [ 35.12782987615725, 31.726239864431651 ], [ 35.127711956226506, 31.726825814447373 ], [ 35.127721223997327, 31.727231470905931 ], [ 35.127278034259007, 31.727645332339225 ], [ 35.127312627505361, 31.728429329503424 ], [ 35.127629691659642, 31.728957191766757 ], [ 35.127788172924447, 31.729349230253725 ], [ 35.129128668891354, 31.729350028735144 ], [ 35.130105426046605, 31.729242740472845 ], [ 35.13068466236593, 31.729179135691098 ], [ 35.131862994671522, 31.729019914416895 ], [ 35.131545150802786, 31.729456948868563 ], [ 35.131046246988227, 31.729611148837147 ], [ 35.130123687098155, 31.729896320127981 ], [ 35.129152886961002, 31.730196336578114 ], [ 35.128343777086911, 31.730446390147225 ], [ 35.127962933461248, 31.731248896565234 ], [ 35.128315311107357, 31.731837021276476 ], [ 35.128650063896288, 31.732304558290458 ], [ 35.129302237428583, 31.732892857968604 ], [ 35.130183418140327, 31.733858260566503 ], [ 35.131012237372474, 31.734205500571825 ], [ 35.132211165660593, 31.734919185075544 ], [ 35.133339727427227, 31.735357034444629 ], [ 35.134345043330704, 31.73565907850616 ], [ 35.135473836169055, 31.73581048254125 ], [ 35.136348882013017, 31.735621023902713 ], [ 35.137125470812492, 31.73513903812966 ], [ 35.137461211786544, 31.734310056682254 ], [ 35.13756746275282, 31.733737168789968 ], [ 35.137467075637353, 31.733345804758887 ], [ 35.137484657216518, 31.732962168143857 ], [ 35.137583815187327, 31.732712498877071 ], [ 35.137806869846493, 31.73214724754672 ], [ 35.137923606259079, 31.731513940638724 ], [ 35.13822680350043, 31.731015106473066 ], [ 35.13845570665638, 31.730673064024991 ], [ 35.139339479655909, 31.730299702290701 ], [ 35.140176631999637, 31.730195422162282 ], [ 35.140782555525021, 31.730297995873766 ], [ 35.14104897755152, 31.730471644035152 ], [ 35.141290255144739, 31.730693076757543 ], [ 35.141452514149357, 31.730893277079165 ], [ 35.141461329273177, 31.731276386247419 ], [ 35.141494372060315, 31.731566707274855 ], [ 35.141559927774622, 31.732151857939421 ], [ 35.141830561961562, 31.732505876328606 ], [ 35.143595482219567, 31.733034400994473 ], [ 35.145710856694627, 31.733739915224799 ], [ 35.147359038632054, 31.73456260687157 ], [ 35.148375094575336, 31.735666737759573 ] ] ] } },
{ "type": "Feature", "properties": { "Physical_M": 1, "Designatio": 3, "Status_sim": 0, "Physical_1": "Fence", "Designat_1": "Special Security Arrangement", "Status_sip": "Planned", "Shape_Leng": 4117.7480719699997 }, "geometry": { "type": "MultiLineString", "coordinates": [ [ [ 35.067707713213103, 32.159168750403893 ], [ 35.06742143978969, 32.159341313519207 ], [ 35.067157765689252, 32.159501094738069 ], [ 35.06691666091146, 32.159667302506193 ], [ 35.066758387407198, 32.159807989016109 ], [ 35.066697923328576, 32.159974393304147 ], [ 35.066659942689917, 32.160204848435413 ], [ 35.066659692275707, 32.160371317631459 ], [ 35.066749551777882, 32.160678744014071 ], [ 35.066779409078734, 32.160845245945751 ], [ 35.066786704849903, 32.160998918171771 ], [ 35.066726210452856, 32.161184530148034 ], [ 35.066582911132301, 32.161376454511398 ], [ 35.066409581305393, 32.161517124141952 ], [ 35.066266280104777, 32.161709048132579 ], [ 35.066168043840889, 32.161965048165861 ], [ 35.066114930010414, 32.162246707747066 ], [ 35.066091933630993, 32.162521997637022 ], [ 35.066023784007108, 32.162790925356376 ], [ 35.065925603995574, 32.163008509156505 ], [ 35.065744674588103, 32.163193988743288 ], [ 35.065488357945327, 32.163456216848829 ], [ 35.065186837792943, 32.163744006187578 ], [ 35.065005856692494, 32.163961497519836 ], [ 35.064922678205299, 32.164211110495479 ], [ 35.064960050563045, 32.164384023620038 ], [ 35.065163030020329, 32.164550716496201 ], [ 35.065426226483808, 32.164717475786837 ], [ 35.065734626372063, 32.164858672587094 ], [ 35.065907460620018, 32.165050942116132 ], [ 35.06589213457201, 32.165230200421526 ], [ 35.065801634490342, 32.165345349459628 ], [ 35.065680975905103, 32.165492478248474 ], [ 35.065507684754188, 32.165601133701507 ], [ 35.065304255548114, 32.16572896351304 ], [ 35.065093258980681, 32.165882395553979 ], [ 35.064942509489477, 32.166016685930522 ], [ 35.064784085239829, 32.166247007458637 ], [ 35.064746000142428, 32.166541487994195 ], [ 35.064745716882754, 32.166727165290872 ], [ 35.064745404317797, 32.166932050271875 ], [ 35.064684843186491, 32.167156077044211 ], [ 35.064571561651974, 32.167399253247609 ], [ 35.064473471078387, 32.167552808931973 ], [ 35.064360236768486, 32.167763971524927 ], [ 35.06429221612791, 32.167943171219527 ], [ 35.0642767393974, 32.168218468846433 ], [ 35.064268682790299, 32.168564204155054 ], [ 35.064298224502679, 32.168935591371053 ], [ 35.064335176290676, 32.169383819392905 ], [ 35.064379998688885, 32.169607961957475 ], [ 35.064507624684069, 32.169832196671194 ], [ 35.064710565805846, 32.170030903551783 ], [ 35.064928582988109, 32.170216821580887 ], [ 35.065229316644512, 32.170460453970435 ], [ 35.065560094714137, 32.170748937785746 ], [ 35.065710424945365, 32.17089636355329 ], [ 35.065830721601692, 32.170992535688704 ], [ 35.065943326995026, 32.171197544161863 ], [ 35.065965638542473, 32.171376843483955 ], [ 35.065920162368663, 32.17158167889604 ], [ 35.065822011378657, 32.171773651460846 ], [ 35.065678751729294, 32.171927158485673 ], [ 35.065535462456239, 32.17209987301792 ], [ 35.065422331872021, 32.172240607671576 ], [ 35.065324169398117, 32.172438982383035 ], [ 35.065263626148543, 32.172650203525791 ], [ 35.06524821059174, 32.172887085138484 ], [ 35.065285479988525, 32.173130427251358 ], [ 35.065398105524572, 32.173322631029755 ], [ 35.065555908482438, 32.17350848172422 ], [ 35.065758947996024, 32.173649563236744 ], [ 35.066037266629856, 32.173790726183299 ], [ 35.066834857400885, 32.174034897066733 ], [ 35.06754208917917, 32.174298173494428 ], [ 35.067985921991252, 32.174509941096652 ], [ 35.068332046340402, 32.174619158657052 ], [ 35.06858039280359, 32.174670647235594 ], [ 35.068873983936342, 32.174670962088882 ], [ 35.069257900552941, 32.174677775347803 ], [ 35.069513832184171, 32.174690853615232 ], [ 35.069860034357681, 32.174748846545569 ], [ 35.07016099395706, 32.174858011063662 ], [ 35.070424238509311, 32.17501835664379 ], [ 35.070537055805104, 32.175088905481239 ], [ 35.070679928716835, 32.175197901978756 ], [ 35.070898091759339, 32.175300575221293 ], [ 35.071131367066137, 32.175364847428511 ], [ 35.071906465654521, 32.175564144072098 ], [ 35.072320378551829, 32.175654214586274 ], [ 35.072741913022547, 32.175680264245273 ], [ 35.073216244277155, 32.175635938440308 ], [ 35.073600256827888, 32.175578712373351 ], [ 35.073984296971133, 32.1755022768779 ], [ 35.074526424122318, 32.175426002604432 ], [ 35.074925509623966, 32.1753559822588 ], [ 35.075339668389681, 32.175273170896901 ], [ 35.075844162575578, 32.175190450005495 ], [ 35.076280822771778, 32.175165282115238 ], [ 35.07661956577482, 32.175178429847783 ], [ 35.077026060658213, 32.17519164549693 ], [ 35.077575587842439, 32.175205002718116 ], [ 35.077846701978523, 32.175205274215834 ], [ 35.078185532979269, 32.175154391580946 ], [ 35.078546983196837, 32.1750779196812 ], [ 35.07896122522974, 32.174931069678422 ], [ 35.079428196664296, 32.17475866014167 ], [ 35.079819861007316, 32.174605382442543 ], [ 35.080188870310963, 32.174503302419915 ], [ 35.08067826563876, 32.174446158265702 ], [ 35.081137444848999, 32.174465814190597 ], [ 35.081671886200638, 32.174498347210104 ], [ 35.082507421044944, 32.174550376136303 ], [ 35.082853724586883, 32.174537904185947 ], [ 35.083087091298303, 32.174538128178554 ], [ 35.083410835883598, 32.174506424772879 ], [ 35.083681876217376, 32.174481072826985 ], [ 35.083967972081943, 32.174455735223745 ], [ 35.084397065212634, 32.174456142968808 ], [ 35.084713180745126, 32.174501260997054 ], [ 35.084938986103879, 32.174527085284844 ], [ 35.085202456545616, 32.174533736366321 ], [ 35.085511044899306, 32.174578845309071 ], [ 35.085939997739352, 32.174688093127898 ], [ 35.086293630911918, 32.174829282040562 ], [ 35.086511851232267, 32.17489991500954 ], [ 35.08679785783329, 32.174944999768826 ], [ 35.087144013962813, 32.175047763941627 ], [ 35.087438060415515, 32.175107553791925 ], [ 35.088313268755542, 32.175653217395045 ] ] ] } },
{ "type": "Feature", "properties": { "Physical_M": 1, "Designatio": 3, "Status_sim": 1, "Physical_1": "Fence", "Designat_1": "Special Security Arrangement", "Status_sip": "Planned", "Shape_Leng": 2197.28971559 }, "geometry": { "type": "MultiLineString", "coordinates": [ [ [ 35.148273254425398, 32.156962496593394 ], [ 35.148284663698547, 32.155642916719728 ], [ 35.148285232734885, 32.154714166449729 ], [ 35.148490636395479, 32.153553295971278 ], [ 35.148627628769646, 32.152798741057659 ], [ 35.148696459104016, 32.151695884927108 ], [ 35.147742178466679, 32.150244304221523 ], [ 35.146310526041233, 32.148270001855501 ], [ 35.145288432637393, 32.146237889693204 ], [ 35.144129369190821, 32.144960319869803 ], [ 35.142902341060349, 32.143450496292026 ], [ 35.141675008717471, 32.14228893067083 ], [ 35.140515828035944, 32.141475748721795 ], [ 35.138308643308399, 32.140674638276565 ] ] ] } },
{ "type": "Feature", "properties": { "Physical_M": 1, "Designatio": 1, "Status_sim": 0, "Physical_1": "Fence", "Designat_1": "Main Barrier", "Status_sip": "Completed", "Shape_Leng": 1628.04887203 }, "geometry": { "type": "MultiLineString", "coordinates": [ [ [ 35.040149647361922, 32.106205654812932 ], [ 35.040399372703497, 32.105906673366441 ], [ 35.04101100553379, 32.105374955373563 ], [ 35.041584785093526, 32.10485590059659 ], [ 35.042030242708869, 32.10446509414222 ], [ 35.042370004210873, 32.104170372396268 ], [ 35.042596545220313, 32.103914011924275 ], [ 35.042702530967297, 32.103651093963634 ], [ 35.04274063149844, 32.103432998703298 ], [ 35.042733505077635, 32.1032084430704 ], [ 35.042718777610425, 32.103028787154763 ], [ 35.042636151055902, 32.102842551513632 ], [ 35.042485776365119, 32.102624215457794 ], [ 35.042297596708892, 32.102457143499599 ], [ 35.04207177271293, 32.102309320725638 ], [ 35.041845730384956, 32.102225614609289 ], [ 35.04149911313165, 32.10214815630529 ], [ 35.041227791429989, 32.102147807073969 ], [ 35.040835650900931, 32.102230717530922 ], [ 35.039493342315346, 32.102524133985874 ], [ 35.037939891613334, 32.102868570938369 ], [ 35.037200953640294, 32.103028026279105 ], [ 35.033437964240598, 32.103844266475967 ], [ 35.032698893229671, 32.104010098538268 ], [ 35.032261486688448, 32.104099323064062 ], [ 35.031733670787226, 32.104207721736223 ], [ 35.031334148266417, 32.104207176467348 ], [ 35.031092921789629, 32.104200353612022 ], [ 35.030980010498595, 32.104129679127418 ] ] ] } },
{ "type": "Feature", "properties": { "Physical_M": 1, "Designatio": 1, "Status_sim": 0, "Physical_1": "Fence", "Designat_1": "Main Barrier", "Status_sip": "Completed", "Shape_Leng": 2901.7460262499999 }, "geometry": { "type": "MultiLineString", "coordinates": [ [ [ 35.003008137228946, 32.063637278391496 ], [ 35.003175730233998, 32.063416333463195 ], [ 35.003289610645254, 32.063108189441266 ], [ 35.003358292734966, 32.062742077833363 ], [ 35.003336402857308, 32.06238871884166 ], [ 35.003223985676712, 32.062028812913553 ], [ 35.002931028515235, 32.061469412939253 ], [ 35.002442858871255, 32.060498661969241 ], [ 35.001977000261, 32.059643464498642 ], [ 35.001683859760213, 32.059174060745995 ], [ 35.001397814995087, 32.05889738235156 ], [ 35.000893209400111, 32.05852394975588 ], [ 34.999921872330646, 32.057751528905037 ], [ 34.999304252724542, 32.057300804331014 ], [ 34.998724471599608, 32.056837332189396 ], [ 34.998430881637056, 32.05657993320979 ], [ 34.998016995939921, 32.056135935275961 ], [ 34.997663471524206, 32.055692125403802 ], [ 34.997189801613068, 32.05499750755709 ], [ 34.996603074768288, 32.054244987531682 ], [ 34.99609918436429, 32.053576017641099 ], [ 34.995753448897943, 32.053067916571599 ], [ 34.995618135786891, 32.052830069804955 ], [ 34.995535693728236, 32.052624323403542 ], [ 34.995521121057813, 32.052373779646025 ], [ 34.995559210225551, 32.052200336162898 ], [ 34.995733179922375, 32.052014400832775 ], [ 34.995952172447033, 32.051911956090372 ], [ 34.996253898137603, 32.051886750745432 ], [ 34.996736586966129, 32.051906840779502 ], [ 34.997188968102058, 32.051984594540436 ], [ 34.99755082169667, 32.052107289520677 ], [ 34.997919829005525, 32.052345605497443 ], [ 34.998251220456268, 32.052596664591654 ], [ 34.998597677354347, 32.052834941913758 ], [ 34.999012197107007, 32.052989731606296 ], [ 34.999351449643584, 32.053041683008402 ], [ 34.999623063089707, 32.053035719371159 ], [ 34.999970211604612, 32.052965579026811 ], [ 35.00040032560311, 32.052869959365317 ], [ 35.000792749428079, 32.052819187448904 ], [ 35.001056724713216, 32.052819611149708 ], [ 35.001501596037393, 32.052897427870263 ], [ 35.001886084193025, 32.052987952533691 ], [ 35.002112264920015, 32.053033313188621 ], [ 35.002346119782345, 32.053007985031904 ], [ 35.002557462646017, 32.052963321583924 ], [ 35.002799018145353, 32.052854498257446 ], [ 35.00298054882262, 32.052642773494831 ], [ 35.00320729160655, 32.052431120816259 ], [ 35.003433878826392, 32.052290168126873 ], [ 35.00373569576918, 32.052271437594953 ], [ 35.004090202090921, 32.052271998243157 ], [ 35.004716292211711, 32.052279389248888 ], [ 35.005334758531099, 32.05228676460063 ], [ 35.005496006790224, 32.052316833473128 ], [ 35.005742681367572, 32.052280467764653 ], [ 35.005853999660289, 32.052117878881575 ], [ 35.005854815905877, 32.051739848413028 ], [ 35.00576265065191, 32.051597942345204 ], [ 35.005651853462204, 32.051519011801886 ], [ 35.005534926104559, 32.051424320639747 ], [ 35.005387208926678, 32.051313828950576 ], [ 35.005177981076685, 32.051140236225699 ], [ 35.005048748664592, 32.051035023882314 ], [ 35.004956470096197, 32.050945621045358 ], [ 35.004851964788912, 32.050808945584897 ], [ 35.004778295814155, 32.050667067899219 ], [ 35.004716955787174, 32.050525208997293 ], [ 35.004667921842042, 32.050393870253629 ], [ 35.004649758833921, 32.05024157911965 ], [ 35.004650021143014, 32.050120819419647 ], [ 35.004687158148315, 32.050052622416104 ], [ 35.00487241807442, 32.049905901704847 ], [ 35.004977446146675, 32.049801057749086 ] ] ] } },
{ "type": "Feature", "properties": { "Physical_M": 1, "Designatio": 1, "Status_sim": 0, "Physical_1": "Fence", "Designat_1": "Main Barrier", "Status_sip": "Completed", "Shape_Leng": 2009.47309326 }, "geometry": { "type": "MultiLineString", "coordinates": [ [ [ 35.003401124977216, 32.03418492901065 ], [ 35.0042790619854, 32.036183358632293 ], [ 35.004580320371218, 32.036787319523057 ], [ 35.00499086292195, 32.0373319327107 ], [ 35.005686826556946, 32.038027321982867 ], [ 35.005887875017628, 32.038321173724576 ], [ 35.005954546773566, 32.038578922476106 ], [ 35.00597917283234, 32.038843820390298 ], [ 35.005911388904082, 32.039101449058613 ], [ 35.005759357734178, 32.039444797836424 ], [ 35.005699903379266, 32.03976682790114 ], [ 35.005741285254118, 32.040067463124139 ], [ 35.005866685881749, 32.040339733248288 ], [ 35.006800125352733, 32.040061993616952 ], [ 35.00711806436135, 32.040701685229656 ], [ 35.00782690949373, 32.042077401974552 ], [ 35.007863156693652, 32.042307146910829 ], [ 35.007895748103444, 32.042513890114634 ], [ 35.007836423265132, 32.04272851694892 ], [ 35.00772683706321, 32.042928817768136 ], [ 35.006553729293593, 32.045196104050177 ], [ 35.005785880938646, 32.046627233466239 ], [ 35.00514451757472, 32.047871703793859 ], [ 35.00484041832852, 32.048558397031151 ], [ 35.004746880628986, 32.049066504657432 ], [ 35.004796456804058, 32.049445969826394 ], [ 35.004977446146675, 32.049801057749086 ] ] ] } },
{ "type": "Feature", "properties": { "Physical_M": 1, "Designatio": 1, "Status_sim": 0, "Physical_1": "Fence", "Designat_1": "Main Barrier", "Status_sip": "Completed", "Shape_Leng": 1522.0612454 }, "geometry": { "type": "MultiLineString", "coordinates": [ [ [ 35.003401124977216, 32.03418492901065 ], [ 35.003099862452416, 32.033590253686192 ], [ 35.002974964513172, 32.033096228659986 ], [ 35.00296779608972, 32.032502019720695 ], [ 35.003061342532561, 32.031986788051363 ], [ 35.003491615213626, 32.031190096575358 ], [ 35.003896429760019, 32.03051068787483 ], [ 35.004006270466981, 32.030238877752581 ], [ 35.003964712960943, 32.029440085124278 ], [ 35.003973543918107, 32.029225379862581 ], [ 35.003974027225453, 32.029003446985769 ], [ 35.00396611600587, 32.028795839277706 ], [ 35.003924713760789, 32.028509451583467 ], [ 35.003849976235252, 32.028072679906906 ], [ 35.003591901810104, 32.027001470654128 ], [ 35.003567145111603, 32.026800960806106 ], [ 35.003575913446959, 32.026614932281404 ], [ 35.003618391202281, 32.026407404845564 ], [ 35.003669169483864, 32.026228477036817 ], [ 35.003778818363052, 32.026042608695782 ], [ 35.003989334968082, 32.025813883151038 ], [ 35.004283992942895, 32.025542274093368 ], [ 35.004933941383733, 32.024958478636592 ], [ 35.005380122265812, 32.024565542330151 ], [ 35.005632825384765, 32.024258153078215 ], [ 35.005776237909451, 32.024022104879201 ], [ 35.005860810145663, 32.023778930767314 ], [ 35.005928598052101, 32.023514176856942 ], [ 35.005954423995739, 32.023220680337722 ], [ 35.005929963892299, 32.022880662131087 ], [ 35.005821434687149, 32.022551243554304 ], [ 35.0056791526818, 32.022264698162246 ], [ 35.005553761357852, 32.021999641576507 ], [ 35.005503873663294, 32.021720364819387 ], [ 35.005546406504266, 32.021484248932332 ] ] ] } },
{ "type": "Feature", "properties": { "Physical_M": 1, "Designatio": 1, "Status_sim": 0, "Physical_1": "Fence", "Designat_1": "Main Barrier", "Status_sip": "Completed", "Shape_Leng": 1763.87343412 }, "geometry": { "type": "MultiLineString", "coordinates": [ [ [ 35.005546406504266, 32.021484248932332 ], [ 35.005647792414521, 32.021248135460546 ], [ 35.005849977750877, 32.020997931061665 ], [ 35.006237421547254, 32.020540420407592 ], [ 35.006784928328059, 32.019875562490967 ], [ 35.007046090754557, 32.019563944590274 ], [ 35.007197838576566, 32.019335122568037 ], [ 35.007290734603039, 32.019106208323187 ], [ 35.007358468953697, 32.018862916449486 ], [ 35.007392512665028, 32.018633911265475 ], [ 35.007384640421542, 32.01840484037556 ], [ 35.007309831973778, 32.018046798273041 ], [ 35.00702664673328, 32.016882488421281 ], [ 35.007001961898638, 32.016646177446916 ], [ 35.007002360727185, 32.016460135933912 ], [ 35.007061534310964, 32.016259756414286 ], [ 35.00716284909003, 32.016052318349232 ], [ 35.007297700462516, 32.015852147331117 ], [ 35.007474510036914, 32.015680627867383 ], [ 35.007701623733851, 32.015544988338952 ], [ 35.007987540357313, 32.015430901981134 ], [ 35.008533983203804, 32.015245614340351 ], [ 35.008769516126925, 32.015131448404134 ], [ 35.008962953868469, 32.015002878702603 ], [ 35.009156541969055, 32.01485284582126 ], [ 35.009316480941877, 32.014698522741462 ], [ 35.009434496445195, 32.014498232522101 ], [ 35.009881500196698, 32.013682875525227 ], [ 35.010294905665262, 32.012835270449088 ], [ 35.010421308256987, 32.012670884655492 ], [ 35.010598121078424, 32.012492146292779 ], [ 35.010850382299438, 32.012370877927026 ], [ 35.011052173254477, 32.012292457795809 ], [ 35.011312720518205, 32.012257053032073 ], [ 35.011674072134753, 32.012200337795072 ], [ 35.011833843695904, 32.012121853162391 ], [ 35.011968484873051, 32.012014652058895 ], [ 35.012077965493532, 32.011893164570651 ], [ 35.012153848583402, 32.011742948513785 ], [ 35.012179517349324, 32.011564069156783 ], [ 35.012154655388557, 32.011356436252434 ], [ 35.012054300306602, 32.011163026791429 ], [ 35.011911838131105, 32.011012479616888 ], [ 35.011651624325367, 32.01089034119358 ], [ 35.011097632159078, 32.010653315247318 ], [ 35.010787087030636, 32.010509634628562 ], [ 35.010510183578347, 32.010373219697769 ], [ 35.010308788435275, 32.01026559668275 ], [ 35.010115891384231, 32.010093507178929 ], [ 35.009981764660822, 32.009957309667186 ], [ 35.009864527443604, 32.009792460344052 ], [ 35.009738883425676, 32.00959901023802 ], [ 35.009596866514634, 32.009240865839146 ] ] ] } },
{ "type": "Feature", "properties": { "Physical_M": 1, "Designatio": 1, "Status_sim": 0, "Physical_1": "Fence", "Designat_1": "Main Barrier", "Status_sip": "Completed", "Shape_Leng": 2450.6357222900001 }, "geometry": { "type": "MultiLineString", "coordinates": [ [ [ 34.997242981409862, 31.941025754859865 ], [ 34.997034330417435, 31.940502902681885 ], [ 34.996926169553838, 31.940066067154618 ], [ 34.996935971325797, 31.939421826153417 ], [ 34.99702140425741, 31.938770584462979 ], [ 34.997215558318878, 31.938305564411923 ], [ 34.997805550625948, 31.937225698900843 ], [ 34.99892603036816, 31.935412882255715 ], [ 34.999490689117067, 31.934390142959327 ], [ 35.000266770518905, 31.932678482160185 ], [ 35.000504645421209, 31.932226873561941 ], [ 35.000713205743509, 31.931927985571217 ], [ 35.001155068216576, 31.931906598377292 ], [ 35.001544790409213, 31.931984778050964 ], [ 35.002012812778574, 31.931896875476671 ], [ 35.003262580377111, 31.931345956771544 ], [ 35.005940446236011, 31.930597241830746 ], [ 35.006419271514986, 31.930397605063753 ], [ 35.006856359487237, 31.93008328086221 ], [ 35.007092027983354, 31.929804534911302 ], [ 35.007440127257716, 31.929514419153371 ], [ 35.007725761004451, 31.929407545272955 ], [ 35.008053102981172, 31.929379374292044 ], [ 35.008430701994172, 31.929437222224045 ], [ 35.008833302339177, 31.929573836987306 ], [ 35.00891144709874, 31.929624639151204 ], [ 35.009818777848672, 31.930210860908318 ], [ 35.010413694063168, 31.930669893884307 ], [ 35.010589582935225, 31.930856297406283 ], [ 35.010765037416505, 31.931250297868562 ], [ 35.010982849830455, 31.931465352855263 ], [ 35.011276226611457, 31.931651934240509 ], [ 35.011560892166393, 31.932010297491331 ], [ 35.012137898746147, 31.933056197864378 ] ] ] } },
{ "type": "Feature", "properties": { "Physical_M": 1, "Designatio": 1, "Status_sim": 0, "Physical_1": "Fence", "Designat_1": "Main Barrier", "Status_sip": "Completed", "Shape_Leng": 2847.7243265699999 }, "geometry": { "type": "MultiLineString", "coordinates": [ [ [ 35.033048033892534, 31.9409397760543 ], [ 35.033492767294845, 31.941386773990459 ], [ 35.033853127144674, 31.941709387395683 ], [ 35.034096307720176, 31.94186004592439 ], [ 35.0345578024274, 31.941996658049796 ], [ 35.034826313703647, 31.942061406353453 ], [ 35.035380073003012, 31.942176675269781 ], [ 35.035824847018638, 31.942263209664407 ], [ 35.036320003179512, 31.942328255425544 ], [ 35.036781581466414, 31.942421932838982 ], [ 35.037243083690399, 31.942558534628226 ], [ 35.037905619384702, 31.942881533848841 ], [ 35.03957473052423, 31.943714103067155 ], [ 35.040453071577133, 31.944077409077007 ], [ 35.041182965691881, 31.944300285984127 ], [ 35.041988596287183, 31.944458775668412 ], [ 35.043045875858574, 31.944717772318175 ], [ 35.043423572376362, 31.944768392264752 ], [ 35.043961097260436, 31.944868723399164 ], [ 35.044492498397013, 31.944963543272717 ], [ 35.045054028426293, 31.945066785339119 ], [ 35.045495256846436, 31.945075905547544 ], [ 35.045736120662177, 31.944990714174811 ], [ 35.045927028678953, 31.944802833915322 ], [ 35.046068009249183, 31.94449512965269 ], [ 35.046369635361337, 31.944067864310632 ], [ 35.046690926238547, 31.943828831676768 ], [ 35.047011956336242, 31.943803618125546 ], [ 35.048714136042193, 31.94377496397443 ], [ 35.048966038632393, 31.943725222220472 ], [ 35.04926949238039, 31.943207679662073 ], [ 35.049561000215533, 31.94287454399025 ], [ 35.049742120840833, 31.942524138475889 ], [ 35.049902845021236, 31.942353259778422 ], [ 35.049973284290012, 31.942225106909287 ], [ 35.050093896274966, 31.942071313377081 ], [ 35.050174276375294, 31.941943173057354 ], [ 35.050235303009146, 31.941751069812806 ], [ 35.050704430633239, 31.940935938273469 ], [ 35.0509177757746, 31.94052579373411 ], [ 35.05111015617279, 31.940325060334821 ], [ 35.051758382177567, 31.93983007699596 ], [ 35.053036425248436, 31.938562220980931 ], [ 35.054821262359162, 31.936452607913584 ], [ 35.055330162477709, 31.93585394828823 ], [ 35.055720584223167, 31.935207802728005 ], [ 35.055757835245338, 31.935134683706519 ] ] ] } },
{ "type": "Feature", "properties": { "Physical_M": 0, "Designatio": 0, "Status_sim": 0, "Physical_1": null, "Designat_1": null, "Status_sip": "Completed", "Shape_Leng": 1877.45637923 }, "geometry": { "type": "MultiLineString", "coordinates": [ [ [ 35.20651120050681, 31.870225737912339 ], [ 35.206479759961965, 31.869630607677976 ], [ 35.205384122869127, 31.869139019190069 ], [ 35.205895470320456, 31.867752363193429 ], [ 35.206982974715466, 31.866982036270336 ], [ 35.209625096786517, 31.865765047954056 ], [ 35.212434884760221, 31.86433324499987 ], [ 35.213609179973695, 31.864547913720561 ], [ 35.214070491710018, 31.864440504933516 ], [ 35.214615627464703, 31.863867800163948 ], [ 35.213986210995103, 31.860539247121125 ], [ 35.213650688906775, 31.860252940772732 ], [ 35.212115717376676, 31.86011803370063 ] ] ] } },
{ "type": "Feature", "properties": { "Physical_M": 1, "Designatio": 1, "Status_sim": 0, "Physical_1": "Fence", "Designat_1": "Main Barrier", "Status_sip": "Completed", "Shape_Leng": 900.03245659799995 }, "geometry": { "type": "MultiLineString", "coordinates": [ [ [ 35.116730511013223, 31.823869273050352 ], [ 35.116849117024842, 31.824217282620985 ], [ 35.116936548343254, 31.824469044215828 ], [ 35.117151435999517, 31.824646041343417 ], [ 35.117438169202906, 31.824802705731489 ], [ 35.117812511933145, 31.824911812446494 ], [ 35.118306443393578, 31.825000617528371 ], [ 35.119166780856084, 31.825103193791602 ], [ 35.120011313702875, 31.825164991388785 ], [ 35.120552912043458, 31.825342198965732 ], [ 35.120767870887114, 31.825566806672835 ], [ 35.120839357388235, 31.825709704176894 ], [ 35.120863200220114, 31.825859424068202 ], [ 35.120839020385048, 31.826083875044368 ], [ 35.120687490929036, 31.826267478761647 ], [ 35.120496138623672, 31.826450966246437 ], [ 35.120272823681859, 31.826702520825801 ], [ 35.120081371336575, 31.826994948865959 ], [ 35.120017330263508, 31.827260135587437 ], [ 35.120001120434651, 31.827545915656597 ], [ 35.120072545546869, 31.827872426953569 ], [ 35.120303274731867, 31.828301131106713 ], [ 35.120510089131635, 31.828661820362292 ], [ 35.120756875059385, 31.828859304185052 ], [ 35.120979228231015, 31.828975966981723 ] ] ] } },
{ "type": "Feature", "properties": { "Physical_M": 1, "Designatio": 1, "Status_sim": 0, "Physical_1": "Fence", "Designat_1": "Main Barrier", "Status_sip": "Completed", "Shape_Leng": 1458.3863721499999 }, "geometry": { "type": "MultiLineString", "coordinates": [ [ [ 35.14945394748645, 31.811463111406692 ], [ 35.150100267341479, 31.811676582741907 ], [ 35.150666633653259, 31.811905258170828 ], [ 35.151059904285077, 31.812133858670027 ], [ 35.151390202492081, 31.812416180868482 ], [ 35.151641851651313, 31.812644720507727 ], [ 35.151940711101105, 31.812873279103908 ], [ 35.152428422356955, 31.813075039369043 ], [ 35.152806056176196, 31.813142380105251 ], [ 35.153215185587896, 31.813169420104408 ], [ 35.153734414870215, 31.813102440657673 ], [ 35.155371103986802, 31.81288808380291 ], [ 35.155984847053169, 31.812834569552603 ], [ 35.156551352012627, 31.812834783721463 ], [ 35.157306686304771, 31.812848502193713 ], [ 35.157794436107814, 31.812996492798064 ], [ 35.158156216652955, 31.813305683792375 ], [ 35.158297683630714, 31.813628231584254 ], [ 35.158580759813816, 31.813991142525015 ], [ 35.158942619235212, 31.814152520764658 ], [ 35.159336031386587, 31.81415266062421 ], [ 35.159792485980667, 31.813951261158085 ], [ 35.160296173634379, 31.813696126710088 ], [ 35.160910019957022, 31.813427590505878 ], [ 35.1615081256369, 31.813159046616871 ], [ 35.161854318228798, 31.813172600202396 ], [ 35.162137326247873, 31.813481753533125 ], [ 35.162137161078292, 31.813844561653873 ], [ 35.162152713446588, 31.814247687839707 ] ] ] } },
{ "type": "Feature", "properties": { "Physical_M": 1, "Designatio": 1, "Status_sim": 0, "Physical_1": "Fence", "Designat_1": "Main Barrier", "Status_sip": "Completed", "Shape_Leng": 7498.7274508700002 }, "geometry": { "type": "MultiLineString", "coordinates": [ [ [ 35.162202720868351, 31.836896911056161 ], [ 35.162143966665667, 31.837168974095203 ], [ 35.161984346175444, 31.837627051961281 ], [ 35.161715774612269, 31.838156608647612 ], [ 35.161489166885787, 31.83862900224393 ], [ 35.161220676210093, 31.838972509427691 ], [ 35.160792841096082, 31.839387567449105 ], [ 35.159970635339086, 31.840246278199348 ], [ 35.159881667194377, 31.840499661916372 ], [ 35.159898316619142, 31.840807462975782 ], [ 35.159914966153167, 31.841115264018224 ], [ 35.159696764326036, 31.841430197405455 ], [ 35.159378041527205, 31.841630472268275 ], [ 35.159092813864831, 31.841816509151712 ], [ 35.158941776373801, 31.84195957609872 ], [ 35.158924823798884, 31.842274579850848 ], [ 35.158673030053293, 31.842782761755796 ], [ 35.158320540909308, 31.843312280641996 ], [ 35.158060559659226, 31.843491199451989 ], [ 35.157666342195498, 31.843584124310773 ], [ 35.157448191523841, 31.843770092262677 ], [ 35.156357158345941, 31.845418954087815 ], [ 35.156180933338788, 31.845826966648506 ], [ 35.156096935491192, 31.846041660766716 ], [ 35.155962662174986, 31.846227747706781 ], [ 35.1557864607962, 31.846385140111579 ], [ 35.154393793222262, 31.847522801490769 ], [ 35.154150436681441, 31.8477910905603 ], [ 35.153915353580629, 31.848191861332552 ], [ 35.153680424568719, 31.848499562750085 ], [ 35.153351521290347, 31.848699908599233 ], [ 35.153133487433493, 31.848828692497076 ], [ 35.152848241035819, 31.848986036776413 ], [ 35.152571332745751, 31.849157722694237 ], [ 35.15236157484668, 31.849408166134307 ], [ 35.151849397041289, 31.85046742610303 ], [ 35.151815737206135, 31.850760868049822 ], [ 35.151823946383104, 31.851004275600857 ], [ 35.151848583374402, 31.851902598833224 ], [ 35.151831621091794, 31.852188923368988 ], [ 35.151730892960714, 31.852439410056686 ], [ 35.151546231270146, 31.852761466992661 ], [ 35.151395123281191, 31.852976220252192 ], [ 35.151260768934264, 31.853269619942093 ], [ 35.151084405463266, 31.8536704096324 ], [ 35.150950070463054, 31.853928006385797 ], [ 35.150815762961329, 31.854135550750005 ], [ 35.150614292676181, 31.85446048572328 ], [ 35.15046320893412, 31.854625095782279 ], [ 35.150186346910083, 31.854861167476013 ], [ 35.149846230033191, 31.855034443804414 ], [ 35.149629891260361, 31.855300841421663 ], [ 35.149557372315876, 31.855639384420769 ], [ 35.149689834990347, 31.855963538566652 ], [ 35.149900286900298, 31.856197148481673 ], [ 35.150082590600405, 31.856361397083603 ], [ 35.150236724581802, 31.856494498039027 ], [ 35.150428996128625, 31.856630446018016 ], [ 35.150609651222034, 31.85678195707813 ], [ 35.150636068892624, 31.856975859920414 ], [ 35.150514953497606, 31.857091860102518 ], [ 35.150337497679594, 31.857141320102048 ], [ 35.150059208704803, 31.857073031207296 ], [ 35.149790845747582, 31.857037113723887 ], [ 35.149379957404648, 31.856979670413555 ], [ 35.148818008272691, 31.85703669238935 ], [ 35.14840688053205, 31.857201186048428 ], [ 35.148171992875632, 31.857372881223647 ], [ 35.148020873925027, 31.857580415084232 ], [ 35.147953582640767, 31.857900354457641 ], [ 35.147953412617881, 31.858179471019465 ], [ 35.147953190238937, 31.858544531522973 ], [ 35.14793625025942, 31.858773588403633 ], [ 35.147734840345819, 31.858966760680808 ], [ 35.147541953024479, 31.859045494936222 ], [ 35.147239962285823, 31.859045359596458 ], [ 35.147161144771943, 31.859031345669631 ], [ 35.146993071689643, 31.858967059639383 ], [ 35.146849025431521, 31.85883667991942 ], [ 35.146687958292702, 31.858720812546565 ], [ 35.146552338867764, 31.858633904257609 ], [ 35.146348714688038, 31.858648240749993 ], [ 35.146229989058753, 31.85874955225394 ], [ 35.146229911837182, 31.858872561836055 ], [ 35.146373966371044, 31.858988422617522 ], [ 35.146543459643951, 31.859147762751778 ], [ 35.146924848254564, 31.859589471692424 ], [ 35.147289228706974, 31.860031171235622 ], [ 35.147424796570206, 31.860378616337965 ], [ 35.147500887546009, 31.860704391404656 ], [ 35.147500731979981, 31.860957714917195 ], [ 35.147500589703348, 31.861189395144905 ], [ 35.147576739349972, 31.861421018487576 ], [ 35.14765301812794, 31.861616478918624 ], [ 35.147661374030946, 31.861775745513697 ], [ 35.147508589797326, 31.861927635713585 ], [ 35.147364417856359, 31.861992773334464 ], [ 35.147194820331009, 31.861992697175452 ], [ 35.147025178975341, 31.861891255081783 ], [ 35.146855644593664, 31.861789813399664 ], [ 35.146736927405556, 31.861702912991326 ], [ 35.146609871972792, 31.86160149022858 ], [ 35.146482728948179, 31.861471208213082 ], [ 35.146372447799969, 31.861413260185216 ], [ 35.146304636609301, 31.861369761303099 ], [ 35.146177421566833, 31.861355273890901 ], [ 35.145982327174934, 31.861405777197135 ], [ 35.145778714960592, 31.861557731771775 ], [ 35.145787076821229, 31.861702478855971 ], [ 35.145812405041227, 31.86191965115016 ], [ 35.145897151569649, 31.862086167636104 ], [ 35.14599881453713, 31.862238172785545 ], [ 35.146159859596004, 31.862397509474349 ], [ 35.146236074986234, 31.862520644284203 ], [ 35.146244433117346, 31.862672605937366 ], [ 35.146151072646987, 31.862759409260555 ], [ 35.145930642031495, 31.862766522748093 ], [ 35.145820355069461, 31.86271587985204 ], [ 35.145735677355866, 31.862607260528375 ], [ 35.145650921493001, 31.862455173188614 ], [ 35.145583191859366, 31.862281449204815 ], [ 35.145557822726069, 31.862129389242043 ], [ 35.145515573620443, 31.861933943330921 ], [ 35.145430832509049, 31.861760211966804 ], [ 35.145286779455212, 31.861637135542768 ], [ 35.145159564264297, 31.861622556723241 ], [ 35.144964459384965, 31.861687667894785 ], [ 35.144837165095701, 31.86179609886609 ], [ 35.144743785495507, 31.861911939838656 ], [ 35.144743678302078, 31.86207841726749 ], [ 35.144879138320022, 31.862418650884411 ], [ 35.14504864315677, 31.862729951352421 ], [ 35.145252009559989, 31.862968940335108 ], [ 35.145463867479215, 31.863149945369727 ], [ 35.14571820594206, 31.863331060041716 ], [ 35.145879270757455, 31.86346135839576 ], [ 35.145955597111175, 31.863577278783492 ], [ 35.145972426757886, 31.863700295448165 ], [ 35.145862148558379, 31.863801610403023 ], [ 35.145658516795201, 31.86380873114587 ], [ 35.145438165890759, 31.863685529873006 ], [ 35.145175341633426, 31.863555183624982 ], [ 35.144912388349056, 31.863460909876938 ], [ 35.144683494407232, 31.863316058840933 ], [ 35.144420714473988, 31.863120509468398 ], [ 35.144098586644951, 31.86286703308264 ], [ 35.143869827837648, 31.862519540264593 ], [ 35.143598597751684, 31.862323894170103 ], [ 35.143310261075307, 31.862273163271379 ], [ 35.142962504927794, 31.862272995778852 ], [ 35.14249601517686, 31.862374044895681 ], [ 35.142165213232531, 31.862460730106793 ], [ 35.141851381209101, 31.862453361547111 ], [ 35.14159711933025, 31.86233022671804 ], [ 35.141364823003336, 31.862227754211045 ], [ 35.14127493171214, 31.86202443711451 ], [ 35.140679561558542, 31.861766488074544 ], [ 35.140075712406258, 31.861701703303233 ], [ 35.139673126993657, 31.861687159632236 ], [ 35.139203396310599, 31.861737061718017 ], [ 35.138825899254634, 31.861808472739121 ], [ 35.138204844334538, 31.862015211070432 ], [ 35.136955097290276, 31.862458885343425 ], [ 35.136025062211885, 31.862944654988791 ], [ 35.135722994934888, 31.863173557057014 ], [ 35.135328554019793, 31.86342387135155 ], [ 35.135001375947077, 31.863595491850734 ], [ 35.134573466149767, 31.863802858174154 ], [ 35.134229400463518, 31.863945789111352 ], [ 35.1338015746054, 31.864038621077768 ], [ 35.133407245488357, 31.864131470303636 ], [ 35.133029839457109, 31.864202864131666 ], [ 35.132710991838223, 31.864252736388618 ], [ 35.132425802571348, 31.864367107703924 ], [ 35.132165616840297, 31.86453163394572 ], [ 35.131980958112308, 31.864732005783022 ], [ 35.131997523517732, 31.864899484521143 ], [ 35.132039268225014, 31.8651643755191 ], [ 35.132148171062703, 31.865357699044779 ], [ 35.132315761731796, 31.865637000206807 ], [ 35.132525205157364, 31.865909110177451 ], [ 35.132860500864055, 31.86618841487147 ], [ 35.13312039731688, 31.866403376429286 ], [ 35.133505997690058, 31.866682707585568 ], [ 35.134411449192129, 31.867191479740647 ], [ 35.135073855158602, 31.867564026800043 ], [ 35.135308620467299, 31.867764631304436 ], [ 35.135358825389581, 31.867893529726238 ], [ 35.13531674967566, 31.868058090143684 ], [ 35.135148841177873, 31.868186869980708 ], [ 35.13498938556382, 31.868315654206466 ], [ 35.134704213519377, 31.868394228062318 ], [ 35.134393811798738, 31.868436984896167 ], [ 35.134142091860951, 31.868436846090265 ], [ 35.133840219432443, 31.868379412819344 ], [ 35.133521594484336, 31.868257579117966 ], [ 35.133261647853175, 31.868099974362892 ], [ 35.133085586061256, 31.867971004611238 ], [ 35.132733370442971, 31.867834811248574 ], [ 35.132230290032652, 31.867648389458108 ], [ 35.13171034288613, 31.86754789987792 ], [ 35.131282588283355, 31.867526191614548 ], [ 35.131089564034603, 31.867604809724948 ], [ 35.130963591389879, 31.867747857248439 ], [ 35.130963455182311, 31.867919655637447 ], [ 35.131164602577336, 31.868127371992557 ], [ 35.13147481309705, 31.868328026971977 ], [ 35.132229305576345, 31.868911849791544 ], [ 35.132514276103656, 31.869234143812612 ], [ 35.132698504869957, 31.869599307727885 ], [ 35.132882763424831, 31.869928668886136 ], [ 35.13301671957268, 31.870258001537369 ], [ 35.133209396274147, 31.870637508233685 ], [ 35.133226000789577, 31.870895260310462 ], [ 35.133206235634049, 31.871418748128537 ], [ 35.133378263846993, 31.871593813406268 ] ] ] } },
{ "type": "Feature", "properties": { "Physical_M": 1, "Designatio": 1, "Status_sim": 0, "Physical_1": "Fence", "Designat_1": "Main Barrier", "Status_sip": "Completed", "Shape_Leng": 1878.9725955199999 }, "geometry": { "type": "MultiLineString", "coordinates": [ [ [ 35.193592290909919, 31.868274883661947 ], [ 35.194415053729379, 31.868534046128904 ], [ 35.196270039601607, 31.869115045738987 ], [ 35.197097457348285, 31.869502340940276 ], [ 35.197684567787924, 31.869933447138425 ], [ 35.198071633192043, 31.870400433701366 ], [ 35.198605362106235, 31.871220400753018 ], [ 35.198925631842897, 31.871960725733366 ], [ 35.199446141243456, 31.873270470963249 ], [ 35.200033275173652, 31.873942444396317 ], [ 35.200727265330436, 31.874568875500664 ], [ 35.20151469855098, 31.874876418798014 ], [ 35.202195403809938, 31.874899248898966 ], [ 35.202916165041273, 31.874842263760893 ], [ 35.203810350879117, 31.874762549305924 ], [ 35.204451001605776, 31.874853725159131 ], [ 35.204824698984694, 31.875195336676793 ], [ 35.20501154928381, 31.875400321317361 ], [ 35.205118298766024, 31.876493696121333 ], [ 35.205198416022846, 31.87747317018308 ], [ 35.205345220405476, 31.87801985640013 ], [ 35.205598872627654, 31.878338740190117 ], [ 35.206157661988591, 31.878780466970298 ] ] ] } },
{ "type": "Feature", "properties": { "Physical_M": 2, "Designatio": 1, "Status_sim": 0, "Physical_1": "Wall", "Designat_1": "Main Barrier", "Status_sip": "Completed", "Shape_Leng": 2975.3314899699999 }, "geometry": { "type": "MultiLineString", "coordinates": [ [ [ 35.181780864368875, 31.868928240035331 ], [ 35.181957649041784, 31.868978503081337 ], [ 35.182315163864992, 31.868929686797944 ], [ 35.182601241421111, 31.868880947087249 ], [ 35.182973014193216, 31.868868835432295 ], [ 35.183502162954653, 31.868746906514225 ], [ 35.184531930127555, 31.868478506614679 ], [ 35.185304264718802, 31.868210150966679 ], [ 35.186062230534283, 31.867905173710891 ], [ 35.186777388610572, 31.867624535630874 ], [ 35.187735607552739, 31.867270787475132 ], [ 35.18927770578793, 31.866685152095862 ], [ 35.190450436717747, 31.866233740795828 ], [ 35.191737608844754, 31.865721275799462 ], [ 35.192609984025815, 31.865355217022032 ], [ 35.193639598194373, 31.864940377135895 ], [ 35.193882786543355, 31.864610869099327 ], [ 35.194240296951342, 31.864391212550693 ], [ 35.194512018375626, 31.864012916466478 ], [ 35.195441643823116, 31.863610228917384 ], [ 35.195741877153289, 31.863354039596999 ], [ 35.19654278603084, 31.862939069923168 ], [ 35.196971816823833, 31.86278046434332 ], [ 35.19735794510887, 31.86262185435627 ], [ 35.197829769476343, 31.862463247642079 ], [ 35.198215883586066, 31.862475441798541 ], [ 35.198516190587803, 31.86254868457431 ], [ 35.198773606694651, 31.86245102820105 ], [ 35.200203655788606, 31.861792116699501 ], [ 35.200461077848111, 31.861462596384683 ], [ 35.200775658465325, 31.861267269675121 ], [ 35.201147406432007, 31.861023244337833 ], [ 35.201619322446774, 31.860852358898281 ], [ 35.202191302319733, 31.860705912929259 ], [ 35.202548881439583, 31.860608340967431 ], [ 35.203263828075507, 31.860266645887528 ], [ 35.203892968706278, 31.860010349875267 ], [ 35.204236172475618, 31.859839454130096 ], [ 35.204364873867497, 31.859607594228905 ], [ 35.204579374697424, 31.859192662027159 ], [ 35.204936838372575, 31.858777729492825 ], [ 35.205294405846651, 31.858545776441584 ], [ 35.20570903089726, 31.85836270132079 ], [ 35.206266724554304, 31.858204062869827 ], [ 35.207167502903125, 31.857898957140776 ], [ 35.207710923017572, 31.857642643989937 ], [ 35.208182805710528, 31.857374156415812 ], [ 35.208969234822519, 31.856922584015184 ] ] ] } },
{ "type": "Feature", "properties": { "Physical_M": 2, "Designatio": 1, "Status_sim": 0, "Physical_1": "Wall", "Designat_1": "Main Barrier", "Status_sip": "Completed", "Shape_Leng": 1488.78440245 }, "geometry": { "type": "MultiLineString", "coordinates": [ [ [ 35.193592290909919, 31.868274883661947 ], [ 35.194016803744468, 31.868155066078621 ], [ 35.194234189848387, 31.868047676095188 ], [ 35.194405827883756, 31.867852353852363 ], [ 35.194451607573626, 31.867647371780251 ], [ 35.194371529066537, 31.86743254982574 ], [ 35.194188528473831, 31.867178670741353 ], [ 35.193971185402198, 31.866915048366394 ], [ 35.193868288927355, 31.866651435720684 ], [ 35.193833975187474, 31.866387828101509 ], [ 35.193959865105754, 31.866094924457247 ], [ 35.194325951933763, 31.865772821053067 ], [ 35.194760714463222, 31.865538469353449 ], [ 35.195481541885194, 31.865177339499112 ], [ 35.196339523974054, 31.864835603736591 ], [ 35.196923065310934, 31.864562294865099 ], [ 35.197346306240313, 31.864210876184384 ], [ 35.19792985498691, 31.863742226704012 ], [ 35.1982501632138, 31.863420019158017 ], [ 35.198719252143889, 31.863117387145905 ], [ 35.199108231954746, 31.862951467557835 ], [ 35.199520034333538, 31.862805026899071 ], [ 35.200092033656915, 31.862570752431715 ], [ 35.200652619874433, 31.862307074804537 ], [ 35.201350468173956, 31.861955651035153 ], [ 35.202059725301702, 31.861574913178263 ], [ 35.202380115460535, 31.861350363140922 ], [ 35.202551723712595, 31.861164859710737 ], [ 35.202755552255333, 31.860964874630639 ], [ 35.202953385336741, 31.860808095968562 ], [ 35.203544054523022, 31.860535544132858 ], [ 35.204235409070634, 31.860192664818559 ] ] ] } },
{ "type": "Feature", "properties": { "Physical_M": 1, "Designatio": 1, "Status_sim": 0, "Physical_1": "Fence", "Designat_1": "Main Barrier", "Status_sip": "Completed", "Shape_Leng": 1148.0217331399999 }, "geometry": { "type": "MultiLineString", "coordinates": [ [ [ 35.181780864368875, 31.868928240035331 ], [ 35.181599962937099, 31.868430578788157 ], [ 35.181583243575957, 31.868094193969611 ], [ 35.181583315864472, 31.867800649084156 ], [ 35.181650512829222, 31.867421261541811 ], [ 35.18177645329132, 31.867084902125054 ], [ 35.181961054123235, 31.8666984109691 ], [ 35.182204392771183, 31.866376320791602 ], [ 35.1826910257167, 31.865896812150911 ], [ 35.183638969930335, 31.865169645420924 ], [ 35.184050116180423, 31.864797436930864 ], [ 35.184402500044051, 31.864453896164882 ], [ 35.184654165946604, 31.864160480198944 ], [ 35.184855550984892, 31.863773987852738 ], [ 35.184939522373902, 31.863444742885385 ], [ 35.18495629655321, 31.86307247043392 ], [ 35.184906077198136, 31.862693063478442 ], [ 35.184797097600736, 31.862356664016755 ], [ 35.18448688122421, 31.861738141410964 ], [ 35.184185039881626, 31.861494690618951 ], [ 35.18274073336525, 31.860295019689158 ] ] ] } },
{ "type": "Feature", "properties": { "Physical_M": 2, "Designatio": 1, "Status_sim": 0, "Physical_1": "Wall", "Designat_1": "Main Barrier", "Status_sip": "Completed", "Shape_Leng": 1646.79230955 }, "geometry": { "type": "MultiLineString", "coordinates": [ [ [ 35.211066736526703, 31.843589643638541 ], [ 35.211643795848303, 31.843751129826632 ], [ 35.212089441652502, 31.844031843837282 ], [ 35.2123547499437, 31.844339803390238 ], [ 35.212556362504358, 31.844738219520266 ], [ 35.212800453322359, 31.845200121604812 ], [ 35.213118717623757, 31.84571630872183 ], [ 35.213309774054558, 31.846141959984116 ], [ 35.213341615463627, 31.846567622234573 ], [ 35.213299270829765, 31.84678496659139 ], [ 35.213278071202865, 31.847165360230388 ], [ 35.213331135127817, 31.847446096563484 ], [ 35.213479709871699, 31.847726826072861 ], [ 35.213691879210437, 31.847926025678746 ], [ 35.213957190637011, 31.848098075056889 ], [ 35.214148133726432, 31.848369782262779 ], [ 35.214317953116193, 31.848695781397858 ], [ 35.214498349238674, 31.849121431505818 ], [ 35.214636378819186, 31.849528957762537 ], [ 35.214827352675734, 31.850036132142812 ], [ 35.214880534653453, 31.850362139367153 ], [ 35.214869884750698, 31.850552336218442 ], [ 35.214806293995231, 31.850679138754227 ], [ 35.21464708657242, 31.850814967889331 ], [ 35.214445510757727, 31.850959907683297 ], [ 35.214381921788679, 31.851104836980774 ], [ 35.214106178769718, 31.852300325102402 ], [ 35.213989452901423, 31.852544820425077 ], [ 35.213777290921833, 31.852535817965983 ], [ 35.213681824287427, 31.85301577898386 ], [ 35.21370309185793, 31.853314644197393 ], [ 35.213543893706166, 31.853613522509189 ], [ 35.213416607617702, 31.853948651704183 ], [ 35.213289315559891, 31.854238418717994 ], [ 35.212928611575691, 31.854437747983088 ], [ 35.212557219653391, 31.854464917046357 ], [ 35.212100979670673, 31.854464945524356 ], [ 35.211570457280374, 31.854410596254247 ], [ 35.210785190664183, 31.854374475197105 ], [ 35.210430476482415, 31.854161750653084 ] ] ] } },
{ "type": "Feature", "properties": { "Physical_M": 2, "Designatio": 1, "Status_sim": 0, "Physical_1": "Wall", "Designat_1": "Main Barrier", "Status_sip": "Completed", "Shape_Leng": 1392.3639791099999 }, "geometry": { "type": "MultiLineString", "coordinates": [ [ [ 35.248909078816567, 31.84782189923607 ], [ 35.249372084555674, 31.847680328941873 ], [ 35.249574588108516, 31.847615866571182 ], [ 35.249926814827049, 31.847579938350904 ], [ 35.250161682673692, 31.84758706869842 ], [ 35.250455198183744, 31.847615550729397 ], [ 35.250840991528207, 31.847729943142365 ], [ 35.251532776411445, 31.848094298526512 ], [ 35.251999903961419, 31.848371979140552 ], [ 35.252245263572981, 31.848436277666377 ], [ 35.252459904860885, 31.848552533083748 ], [ 35.253038725724878, 31.848852983040516 ], [ 35.253382748739448, 31.849081916362341 ], [ 35.253613637860049, 31.849148472239076 ], [ 35.253788203702413, 31.849196742998025 ], [ 35.253939191627587, 31.84921273702124 ], [ 35.254174034069798, 31.84916430689929 ], [ 35.254320222238015, 31.849095800930421 ], [ 35.254419269055212, 31.848991059371798 ], [ 35.254452260018155, 31.84884612208041 ], [ 35.254495379033379, 31.848673494347072 ], [ 35.254621052304884, 31.848573161188899 ], [ 35.254738492005501, 31.84848726044175 ], [ 35.255669212445177, 31.848336553946506 ], [ 35.255987967562398, 31.848336425051791 ], [ 35.256164017164231, 31.848393619272823 ], [ 35.256440932864166, 31.848579644178624 ], [ 35.256675726069723, 31.848636814229057 ], [ 35.256976818540046, 31.848602691160202 ], [ 35.257346542640953, 31.848493326277634 ], [ 35.25762331711352, 31.848428820163832 ], [ 35.258206852518995, 31.848271114488504 ], [ 35.259052987926552, 31.848026898673215 ], [ 35.259213330380156, 31.847962348686295 ], [ 35.259420762540373, 31.847845472000046 ], [ 35.259632938780541, 31.847712540754596 ], [ 35.259897023614407, 31.847458740709655 ], [ 35.260113925814281, 31.847281526238678 ], [ 35.260302561281271, 31.847184767174692 ], [ 35.260528951142589, 31.84714841348859 ], [ 35.260731801878286, 31.847148323806675 ], [ 35.260925181186472, 31.847208660915619 ], [ 35.261142260792568, 31.84732535138404 ], [ 35.261246102563078, 31.847474287441145 ], [ 35.261279398600571, 31.847844654368252 ], [ 35.261239972139748, 31.847987161706342 ] ] ] } },
{ "type": "Feature", "properties": { "Physical_M": 2, "Designatio": 1, "Status_sim": 0, "Physical_1": "Wall", "Designat_1": "Main Barrier", "Status_sip": "Completed", "Shape_Leng": 1676.42063607 }, "geometry": { "type": "MultiLineString", "coordinates": [ [ [ 35.254048007912843, 31.811516413207833 ], [ 35.253941660983621, 31.811523037783047 ], [ 35.25365874611866, 31.811555343089523 ], [ 35.253474898568456, 31.811595636023284 ], [ 35.253267387402687, 31.811623943639631 ], [ 35.253083531124076, 31.811648183169595 ], [ 35.252866608255395, 31.811652234280427 ], [ 35.252677986917071, 31.811652305977319 ], [ 35.252461052958736, 31.811636335248814 ], [ 35.252253603619657, 31.81158004828988 ], [ 35.252061176090194, 31.811584596890711 ], [ 35.25183124602141, 31.81156598323313 ], [ 35.251639427670774, 31.811579359087176 ], [ 35.251389626962109, 31.811594689127574 ], [ 35.2512126764668, 31.811608284528059 ], [ 35.25108132934777, 31.811678451415673 ], [ 35.250950006441677, 31.811800039004087 ], [ 35.25076846883816, 31.811938898080093 ], [ 35.250609057520748, 31.812063770271234 ], [ 35.250378146782069, 31.812188757913148 ], [ 35.250151884528123, 31.812317621973733 ], [ 35.249944416187688, 31.812438542284422 ], [ 35.249774762493281, 31.812571443507142 ], [ 35.249565455922763, 31.812707409991251 ], [ 35.249395817735135, 31.812843033040537 ], [ 35.249105733017352, 31.812960000444654 ], [ 35.248864913995831, 31.813067600791744 ], [ 35.248602190449859, 31.813165858512438 ], [ 35.248501902230416, 31.813191993054438 ], [ 35.248257384929808, 31.813329587737144 ], [ 35.248065850712479, 31.813479241216083 ], [ 35.247912631730699, 31.81361485663891 ], [ 35.247808682876929, 31.813750457439962 ], [ 35.247658278916326, 31.814124871413341 ], [ 35.247587622245682, 31.814350354098892 ], [ 35.247475135194236, 31.814591997083301 ], [ 35.246955330804703, 31.815176495850785 ], [ 35.246856826581158, 31.815255996542394 ], [ 35.246681748987072, 31.815489785076913 ], [ 35.246473836865512, 31.815751631188892 ], [ 35.246161934574673, 31.816074280530245 ], [ 35.245773339862538, 31.816289438724716 ], [ 35.245357332384756, 31.816420461893514 ], [ 35.245045301083252, 31.81646263475535 ], [ 35.244815370502124, 31.81646738170063 ], [ 35.244497831621203, 31.8164300860156 ], [ 35.244259385186282, 31.81635392771242 ], [ 35.243973031689016, 31.816230903837578 ], [ 35.243657814328031, 31.816041056763925 ], [ 35.243373456619011, 31.815763262759408 ], [ 35.243249804863055, 31.815596219252672 ], [ 35.243157050185026, 31.815432683162175 ], [ 35.243080769970703, 31.815262108096231 ], [ 35.24298389941827, 31.81510560879078 ], [ 35.24282729237887, 31.814935057305025 ], [ 35.242578001876232, 31.814769810954502 ], [ 35.242336986320488, 31.814690738405012 ], [ 35.242106286143269, 31.814652114635393 ], [ 35.24181272821226, 31.814658343688343 ], [ 35.241632548603349, 31.814625873182102 ], [ 35.241459505888493, 31.814553814730825 ], [ 35.241278369984286, 31.814426209740947 ], [ 35.241109825972018, 31.814148326768013 ], [ 35.24109159198759, 31.814084194529421 ], [ 35.241034597975876, 31.813854868421267 ], [ 35.240979823779639, 31.81348171714583 ], [ 35.240975209943173, 31.813324288761734 ] ] ] } },
{ "type": "Feature", "properties": { "Physical_M": 1, "Designatio": 1, "Status_sim": 1, "Physical_1": "Fence", "Designat_1": "Main Barrier", "Status_sip": "Planned", "Shape_Leng": 968.26464492800005 }, "geometry": { "type": "MultiLineString", "coordinates": [ [ [ 35.321356723220788, 31.752169116647682 ], [ 35.321438006895839, 31.751588036015303 ], [ 35.321188098849277, 31.750878993176915 ], [ 35.321101710935423, 31.75063389155255 ], [ 35.32073272269438, 31.750542295950801 ], [ 35.319760914649173, 31.750301053754889 ], [ 35.318697671932817, 31.748583995018485 ], [ 35.317859894569054, 31.748537020843582 ], [ 35.317357610415115, 31.748823803735085 ], [ 35.316525189712308, 31.749511640222927 ], [ 35.316481337190744, 31.74949913039497 ], [ 35.316469340839319, 31.749511689359558 ], [ 35.316321528609137, 31.749573415804225 ], [ 35.316161263547897, 31.749636267824666 ], [ 35.315917931086055, 31.749734699537605 ], [ 35.315838722788399, 31.749766491982786 ], [ 35.31562179106362, 31.749853919584083 ], [ 35.315491918803403, 31.74990710723527 ], [ 35.314738570799399, 31.750212369833985 ], [ 35.314633121784368, 31.750254542007053 ] ] ] } },
{ "type": "Feature", "properties": { "Physical_M": 1, "Designatio": 1, "Status_sim": 1, "Physical_1": "Fence", "Designat_1": "Main Barrier", "Status_sip": "Planned", "Shape_Leng": 506.46874567200001 }, "geometry": { "type": "MultiLineString", "coordinates": [ [ [ 35.351516331342118, 31.792175148519259 ], [ 35.351532775884124, 31.791974696092229 ], [ 35.351507327088321, 31.791781450045665 ], [ 35.351473474409246, 31.791573895966515 ], [ 35.351338958464844, 31.79130919307206 ], [ 35.351254638984479, 31.79098716416765 ], [ 35.35117052369386, 31.790793985083706 ], [ 35.351170263538563, 31.790629344175169 ], [ 35.351478499200475, 31.789455018295037 ], [ 35.351536734832024, 31.789182934145899 ], [ 35.351477705806808, 31.788953935127989 ], [ 35.351301301777497, 31.788696436665507 ], [ 35.3510077138721, 31.788532133782944 ], [ 35.350797935909256, 31.788367732701722 ], [ 35.350378558044085, 31.788153462910046 ] ] ] } },
{ "type": "Feature", "properties": { "Physical_M": 1, "Designatio": 1, "Status_sim": 1, "Physical_1": "Fence", "Designat_1": "Main Barrier", "Status_sip": "Planned", "Shape_Leng": 965.60733794700002 }, "geometry": { "type": "MultiLineString", "coordinates": [ [ [ 35.350378558044085, 31.788153462910046 ], [ 35.350193507970253, 31.787724174696191 ], [ 35.350007438594417, 31.786643474777563 ], [ 35.349981444121426, 31.786099469908358 ], [ 35.349553318695733, 31.785641822804209 ], [ 35.348957699557509, 31.785255949063572 ], [ 35.348538253217157, 31.78498440748821 ], [ 35.348110439005389, 31.784720031355288 ], [ 35.347590377728729, 31.784412807249439 ], [ 35.347212652605236, 31.784019522640364 ], [ 35.346969193307459, 31.783740618570121 ], [ 35.346332231389496, 31.78370553782122 ], [ 35.345327012036279, 31.783985831169904 ], [ 35.344958360377291, 31.784043505486384 ], [ 35.344379716448607, 31.78377928315453 ], [ 35.344127948884292, 31.783543334234547 ], [ 35.343942957728878, 31.783128351290181 ] ] ] } },
{ "type": "Feature", "properties": { "Physical_M": 1, "Designatio": 1, "Status_sim": 1, "Physical_1": "Fence", "Designat_1": "Main Barrier", "Status_sip": "Planned", "Shape_Leng": 573.72871711899995 }, "geometry": { "type": "MultiLineString", "coordinates": [ [ [ 35.343942957728878, 31.783128351290181 ], [ 35.343825236602306, 31.782863621641308 ], [ 35.343657363209154, 31.7826848461468 ], [ 35.343313706701167, 31.782642271198693 ], [ 35.343137700725407, 31.782628146508745 ], [ 35.342793940111221, 31.782513986236548 ], [ 35.342651103591621, 31.782263598742791 ], [ 35.342332069136354, 31.781870235740495 ], [ 35.341736039940535, 31.781169359590955 ], [ 35.341584794205048, 31.78089750356995 ], [ 35.341559168456946, 31.780568246997746 ], [ 35.341508539997228, 31.780332074772783 ], [ 35.341282003747594, 31.780146201214158 ], [ 35.340753861739536, 31.780010759446693 ], [ 35.340502094014582, 31.779760486017246 ], [ 35.340392683403046, 31.779438475473651 ] ] ] } },
{ "type": "Feature", "properties": { "Physical_M": 2, "Designatio": 1, "Status_sim": 0, "Physical_1": "Wall", "Designat_1": "Main Barrier", "Status_sip": "Completed", "Shape_Leng": 631.18303024900001 }, "geometry": { "type": "MultiLineString", "coordinates": [ [ [ 35.259238294649442, 31.780285151766417 ], [ 35.259264151639243, 31.780478722701229 ], [ 35.259245338304865, 31.780819789762099 ], [ 35.259868032041226, 31.780856062092411 ], [ 35.260172253184187, 31.780884352059697 ], [ 35.260742652637759, 31.780904400446225 ], [ 35.261099129291324, 31.780879881614005 ], [ 35.261427059064218, 31.780814770826691 ], [ 35.261783525850426, 31.780774008112164 ], [ 35.262082977527328, 31.780773872806261 ], [ 35.262391988057239, 31.780858998063927 ], [ 35.262658321630227, 31.781102489498842 ], [ 35.262763014007945, 31.781297333968141 ], [ 35.262829736235574, 31.781577459022749 ], [ 35.262796644661464, 31.781865751421684 ], [ 35.262673217492207, 31.782117543110996 ], [ 35.262412089736657, 31.782600828376143 ], [ 35.262188980465417, 31.783075977201836 ] ] ] } },
{ "type": "Feature", "properties": { "Physical_M": 1, "Designatio": 1, "Status_sim": 0, "Physical_1": "Fence", "Designat_1": "Main Barrier", "Status_sip": "Planned", "Shape_Leng": 3935.24782039 }, "geometry": { "type": "MultiLineString", "coordinates": [ [ [ 35.262188980465417, 31.783075977201836 ], [ 35.262664243220343, 31.782966134431078 ], [ 35.263130024670389, 31.782896897400807 ], [ 35.263671778786133, 31.782701755177953 ], [ 35.263947333993571, 31.782490494043032 ], [ 35.26407557437787, 31.782336144182899 ], [ 35.264374994381704, 31.782279161341283 ], [ 35.264622155077582, 31.782262802714392 ], [ 35.265016620105051, 31.782173291213361 ], [ 35.265335065243484, 31.782136598332599 ], [ 35.265510928550803, 31.78212433198253 ], [ 35.265872171542519, 31.782116038880975 ], [ 35.266338022113473, 31.782160474987808 ], [ 35.26674212500297, 31.782269903368874 ], [ 35.26710345065387, 31.782383412620504 ], [ 35.267431505470661, 31.782496937909539 ], [ 35.267864181957584, 31.78268349377479 ], [ 35.268173230579222, 31.782805145828277 ], [ 35.268453717001314, 31.782865908858984 ], [ 35.268591508121098, 31.782784634368525 ], [ 35.268648448334453, 31.782642497906696 ], [ 35.268581796136708, 31.782488242300584 ], [ 35.26838676225973, 31.782273148588921 ], [ 35.268058549186556, 31.78192819316661 ], [ 35.267858764831388, 31.781713099228071 ], [ 35.26765426241262, 31.781546732035654 ], [ 35.267530548805297, 31.781355963299522 ], [ 35.26749714582364, 31.78116514794452 ], [ 35.267601654384436, 31.781071711288224 ], [ 35.267767986172977, 31.781026964975748 ], [ 35.268153010407566, 31.781047074062116 ], [ 35.268751944262867, 31.781087375336607 ], [ 35.269194037496568, 31.781148054980175 ], [ 35.269797791798432, 31.781285794195927 ], [ 35.270244727205245, 31.78146827360256 ], [ 35.27086758357656, 31.781723746214496 ], [ 35.271281231380584, 31.781881878752369 ], [ 35.271618747572859, 31.781930422787806 ], [ 35.272231934479954, 31.781950398882952 ], [ 35.272669239639377, 31.781958286153522 ], [ 35.27314455169688, 31.78193772914879 ], [ 35.273548569552652, 31.781925330090406 ], [ 35.274413660244711, 31.781920795682996 ], [ 35.2750791451071, 31.781956971268112 ], [ 35.275673326238021, 31.781985061733103 ], [ 35.276300815581649, 31.782061852974291 ], [ 35.27696157534632, 31.782130503547091 ], [ 35.277460696421748, 31.782166759016512 ], [ 35.277931289528475, 31.782190849305117 ], [ 35.278387588641209, 31.782170283710904 ], [ 35.278919940636783, 31.782149671995505 ], [ 35.279442806120983, 31.782157485903351 ], [ 35.27983256869048, 31.782149134619921 ], [ 35.280212829277254, 31.782148908783892 ], [ 35.280716694007793, 31.782168909064975 ], [ 35.280992365548769, 31.782144381777965 ], [ 35.281196644077717, 31.782010270798587 ], [ 35.281377232359098, 31.781965499895733 ], [ 35.281600513369327, 31.78181919648414 ], [ 35.281571843014646, 31.781636503564417 ], [ 35.281310281163819, 31.781478313280719 ], [ 35.281129522202434, 31.781311952216171 ], [ 35.280787148973033, 31.781141628042462 ], [ 35.280482806382871, 31.78097534071696 ], [ 35.280292565386837, 31.780837405786244 ], [ 35.28024960025629, 31.780610058596658 ], [ 35.280296949370332, 31.780386717487509 ], [ 35.280434655277254, 31.780220165781749 ], [ 35.280543865928344, 31.780082052050307 ], [ 35.28073849895793, 31.779781479150056 ], [ 35.280885682644048, 31.779582439680727 ], [ 35.280885548957194, 31.77942003067977 ], [ 35.280719093688283, 31.77930238275378 ], [ 35.28022958100285, 31.779375759344326 ], [ 35.279944462185156, 31.779461193256559 ], [ 35.279692557562733, 31.779477583832588 ], [ 35.279426307466494, 31.779384355551457 ], [ 35.279183760204909, 31.779213968741711 ], [ 35.278950703689709, 31.779023274623881 ], [ 35.278736652016981, 31.778820388090594 ], [ 35.278541631537294, 31.778641851299895 ], [ 35.27836088628365, 31.778479546707434 ], [ 35.278075579694935, 31.778329483874149 ], [ 35.2778474518257, 31.778353975666676 ], [ 35.277671803601713, 31.778626113980167 ], [ 35.277576839620274, 31.778752035616129 ], [ 35.27727266661983, 31.778784691633696 ], [ 35.276992132869161, 31.778654924343925 ], [ 35.276863599229451, 31.77839920299272 ], [ 35.276739911335689, 31.778261224208986 ], [ 35.27657813652867, 31.778042065287323 ], [ 35.276264249754561, 31.777802688434033 ], [ 35.275959816054687, 31.777494282398109 ], [ 35.27568862891647, 31.777149313740367 ], [ 35.275498315883155, 31.776897685419815 ], [ 35.275350801097908, 31.77667445465778 ], [ 35.275179464598637, 31.776374091687984 ], [ 35.274997003529684, 31.776091753715853 ], [ 35.274727407292623, 31.775584373448392 ], [ 35.274504403439281, 31.775306940581959 ], [ 35.274299927336713, 31.774973987746456 ], [ 35.27411403448891, 31.774664813122325 ], [ 35.27401164287577, 31.774292151250954 ], [ 35.274002157281735, 31.774022532491998 ], [ 35.274047663790775, 31.773798001076351 ], [ 35.274372570054773, 31.773530191739216 ], [ 35.274981149643104, 31.773191528409676 ], [ 35.275589758913974, 31.772898310408578 ], [ 35.275950242669381, 31.772787015708733 ], [ 35.276581892601037, 31.772839503624535 ] ] ] } },
{ "type": "Feature", "properties": { "Physical_M": 1, "Designatio": 1, "Status_sim": 0, "Physical_1": "Fence", "Designat_1": "Main Barrier", "Status_sip": "Planned", "Shape_Leng": 3019.2695059500002 }, "geometry": { "type": "MultiLineString", "coordinates": [ [ [ 35.276581892601037, 31.772839503624535 ], [ 35.276925406761315, 31.772902748635062 ], [ 35.277203917343854, 31.772934309808939 ], [ 35.277686516535077, 31.77279922071488 ], [ 35.277963239720499, 31.772710640045606 ], [ 35.278192151885854, 31.77255302317397 ], [ 35.278577464993226, 31.772380998871789 ], [ 35.278951719410799, 31.77235214653242 ], [ 35.279259031098412, 31.772437867083969 ], [ 35.279549627938579, 31.772576091372525 ], [ 35.279974381062353, 31.772819224681001 ], [ 35.280281742679158, 31.772962209146904 ], [ 35.28064489579792, 31.773019259258415 ], [ 35.280896303776359, 31.773047741704012 ], [ 35.281399098847103, 31.77308561847855 ], [ 35.281684039031624, 31.773133166911379 ], [ 35.28218687550978, 31.773218760988218 ], [ 35.282393592840229, 31.773247267765768 ], [ 35.282823849615859, 31.773380627735627 ], [ 35.283142401152823, 31.773537916173382 ], [ 35.283388336993717, 31.773700019494644 ], [ 35.283567222277512, 31.773843076807395 ], [ 35.283617645761566, 31.774014845861 ], [ 35.283589939578476, 31.774282110264416 ], [ 35.28357333113663, 31.7744586939762 ], [ 35.283668422863556, 31.774601802013237 ], [ 35.283796978395095, 31.774682849727107 ], [ 35.284283025907378, 31.774720724356509 ], [ 35.284623789965849, 31.774715737751833 ], [ 35.284981379823911, 31.774787095578983 ], [ 35.285316727893317, 31.774977772911765 ], [ 35.285506970829765, 31.775326026214302 ], [ 35.285579848599149, 31.77561708650823 ], [ 35.285619174456841, 31.775869991934712 ], [ 35.285703171302877, 31.776099006256466 ], [ 35.285854222917607, 31.776347066634177 ], [ 35.286016411624601, 31.776552169306289 ], [ 35.286128274877342, 31.7767048106763 ], [ 35.286268214806952, 31.77701968883855 ], [ 35.286329842956611, 31.777220083301859 ], [ 35.286341312295761, 31.77755413411661 ], [ 35.286380601088567, 31.777764087109205 ], [ 35.286436635503748, 31.777954940899377 ], [ 35.286464699158671, 31.778102863500994 ], [ 35.28650951543122, 31.77824122991268 ], [ 35.286649256221395, 31.778327039875251 ], [ 35.286922978041076, 31.778303001406769 ], [ 35.28714635653138, 31.778207411521752 ], [ 35.287274638486245, 31.777973488456347 ], [ 35.2873190464041, 31.7776537179728 ], [ 35.287307553632999, 31.777295806476971 ], [ 35.287307230052583, 31.776933116475092 ], [ 35.287318049981359, 31.776537011837757 ], [ 35.287328920233861, 31.77619817471038 ], [ 35.287479387591162, 31.775787662401619 ], [ 35.287523848577443, 31.77552993226524 ], [ 35.287618420475759, 31.77508605121918 ], [ 35.28761266726346, 31.774899937415736 ], [ 35.287534232002912, 31.774647059289457 ], [ 35.287422290810653, 31.774408520143226 ], [ 35.28737169035729, 31.774045862743534 ], [ 35.287376957308183, 31.773687938948928 ], [ 35.287443788348675, 31.773458827975382 ], [ 35.287555291546319, 31.773210598206095 ], [ 35.287717037182368, 31.772924155694231 ], [ 35.287996055925554, 31.772594687999675 ], [ 35.288341988244625, 31.772136324371701 ], [ 35.288637759444654, 31.771806844192707 ], [ 35.288821870033331, 31.771549019230488 ], [ 35.288944558001539, 31.77131986976897 ], [ 35.289056085753273, 31.771105044798979 ], [ 35.289122836863896, 31.770794803887974 ], [ 35.289139365204413, 31.770541862198698 ], [ 35.289150314499672, 31.770298470782528 ], [ 35.28909987917163, 31.770121930844063 ], [ 35.288982306112125, 31.769830901419439 ], [ 35.288780865776658, 31.769454027204741 ], [ 35.288562714605519, 31.769129657148802 ], [ 35.28821044671372, 31.768743336762849 ], [ 35.28799240358164, 31.768533501483926 ], [ 35.287919622480516, 31.768352203288313 ], [ 35.287902723223773, 31.768194729838854 ], [ 35.287991991611499, 31.768075364190327 ], [ 35.288232175334528, 31.768060889712309 ], [ 35.288360730086552, 31.768146705310944 ], [ 35.288422266928187, 31.768246882212761 ], [ 35.288439136874999, 31.768370950571597 ], [ 35.288550976944364, 31.768504500425607 ], [ 35.288696326443507, 31.768628482019981 ], [ 35.288981294354905, 31.768718966356779 ], [ 35.289121049182114, 31.768833407555793 ], [ 35.289327824950021, 31.768933486722759 ], [ 35.28944514839214, 31.768952498040271 ], [ 35.289551209065927, 31.768871298719397 ], [ 35.289539978475752, 31.768809266784178 ], [ 35.289416981025823, 31.768694815450999 ], [ 35.289221336575061, 31.768547005588509 ], [ 35.289098278989677, 31.768365741542048 ], [ 35.288852130577702, 31.767965036245666 ], [ 35.288689878469931, 31.767678807286629 ], [ 35.288625560169379, 31.767410443270951 ] ] ] } },
{ "type": "Feature", "properties": { "Physical_M": 1, "Designatio": 1, "Status_sim": 0, "Physical_1": "Fence", "Designat_1": "Main Barrier", "Status_sip": "Completed", "Shape_Leng": 952.434171795 }, "geometry": { "type": "MultiLineString", "coordinates": [ [ [ 35.168299251139246, 31.722255180137701 ], [ 35.168424712968971, 31.722056943772078 ], [ 35.168498457345734, 31.721858282125982 ], [ 35.168802744487508, 31.721594098521241 ], [ 35.168937472079541, 31.721363966625102 ], [ 35.168972417603527, 31.721261679072747 ], [ 35.169181961404625, 31.720980419622723 ], [ 35.169436380552284, 31.720711957512442 ], [ 35.169670845330955, 31.72046054037531 ], [ 35.170010076390597, 31.720072754907317 ], [ 35.170129801719639, 31.719940652942519 ], [ 35.170294409941427, 31.719804300288445 ], [ 35.170518845621196, 31.719689275655472 ], [ 35.170843011020118, 31.719578537715339 ], [ 35.171122277117128, 31.719523200245753 ], [ 35.171491287515629, 31.719506245655374 ], [ 35.171700715758348, 31.719523349857084 ], [ 35.171994920704435, 31.719527687529602 ], [ 35.172373898706915, 31.719523520669302 ], [ 35.17269305275186, 31.719480975747942 ], [ 35.173234119896399, 31.719400300787733 ], [ 35.173560779105067, 31.719272331917669 ], [ 35.173805145243563, 31.719191406390017 ], [ 35.174086815620541, 31.719089701557902 ], [ 35.174318799849203, 31.718998658874039 ], [ 35.174737729148369, 31.718863421252514 ], [ 35.175021970146638, 31.718833651307172 ], [ 35.175236387566365, 31.718837961324795 ], [ 35.175555603920841, 31.718582290637976 ], [ 35.175799984831329, 31.718441686862498 ], [ 35.176139080925445, 31.71839061319579 ], [ 35.176358438009977, 31.718552632748452 ] ] ] } },
{ "type": "Feature", "properties": { "Physical_M": 1, "Designatio": 1, "Status_sim": 0, "Physical_1": "Fence", "Designat_1": "Main Barrier", "Status_sip": "Planned", "Shape_Leng": 913.74695285099995 }, "geometry": { "type": "MultiLineString", "coordinates": [ [ [ 35.175891253794795, 31.682534760887552 ], [ 35.176877898915066, 31.681411994617243 ], [ 35.176955560436632, 31.68111349630643 ], [ 35.176972309034696, 31.680687051017223 ], [ 35.177033463174375, 31.679995269335727 ], [ 35.177244085928258, 31.679763135843416 ], [ 35.177598716756187, 31.679725303984704 ], [ 35.177942155569013, 31.680071273356535 ], [ 35.178972429986672, 31.6813271390381 ], [ 35.179565154034329, 31.681947976189765 ], [ 35.179858797203138, 31.682075967982804 ], [ 35.180191260181751, 31.682076031467872 ], [ 35.180673371459953, 31.681924495978397 ], [ 35.181548905764615, 31.681735121713878 ], [ 35.181776123906396, 31.681588274367741 ] ] ] } },
{ "type": "Feature", "properties": { "Physical_M": 1, "Designatio": 1, "Status_sim": 0, "Physical_1": "Fence", "Designat_1": "Main Barrier", "Status_sip": "Planned", "Shape_Leng": 5308.98192406 }, "geometry": { "type": "MultiLineString", "coordinates": [ [ [ 35.181776123906396, 31.681588274367741 ], [ 35.181870366469312, 31.681403496412344 ], [ 35.181870420217301, 31.681180795581295 ], [ 35.181694485058991, 31.680882943549495 ], [ 35.181166879038166, 31.680503088730955 ], [ 35.180782202002149, 31.680209881099255 ], [ 35.180455857409385, 31.679715883848552 ], [ 35.179970506278501, 31.679071527892045 ], [ 35.179669260048094, 31.678663437229563 ], [ 35.179426612422503, 31.678255354353681 ], [ 35.1791421294785, 31.677782837899965 ], [ 35.179083645705781, 31.677367634868506 ], [ 35.178949831782703, 31.676930940072118 ], [ 35.178631845747816, 31.676558635259365 ], [ 35.177870252287974, 31.676050225694151 ], [ 35.177384838642134, 31.675749468142985 ], [ 35.177058412323227, 31.675649177893423 ], [ 35.176598020867388, 31.675663395283213 ], [ 35.176053881463879, 31.675820764268526 ], [ 35.175367478544572, 31.675842084948229 ], [ 35.174923928769182, 31.675534167651225 ], [ 35.17471476252971, 31.675219145991285 ], [ 35.17463954904246, 31.674839727470335 ], [ 35.17443050021452, 31.674166780423132 ], [ 35.174221432191231, 31.673558259002988 ], [ 35.173911868936337, 31.6731215175937 ], [ 35.173799923111041, 31.672763845853833 ], [ 35.173827755979232, 31.672365832925742 ], [ 35.1738667830585, 31.671621923304471 ], [ 35.173717303561858, 31.671280728088075 ], [ 35.17347913603291, 31.671062707054332 ], [ 35.171477013569039, 31.670450792947765 ], [ 35.171100500664934, 31.670042660321201 ], [ 35.170882986675231, 31.669734789248047 ], [ 35.170765925946604, 31.669398309430363 ], [ 35.170389360425688, 31.669154819796326 ], [ 35.169678050042144, 31.668760911283229 ], [ 35.169251290532216, 31.668460137230497 ], [ 35.168832866532796, 31.668259583744828 ], [ 35.168288858296762, 31.668152053205098 ], [ 35.167661128535883, 31.668101765429274 ], [ 35.166966433927215, 31.668065770609306 ], [ 35.166355443699217, 31.66802263885419 ], [ 35.165677555263386, 31.667829154366594 ], [ 35.165083386913579, 31.667592743321674 ], [ 35.164598117843148, 31.667155922927659 ], [ 35.164121239880657, 31.666676155128929 ], [ 35.16368615160598, 31.666346724873264 ], [ 35.163292933486318, 31.665974357242764 ], [ 35.162924803105703, 31.665659263933698 ], [ 35.162598538416027, 31.665308391433339 ], [ 35.162188670688913, 31.664757050996553 ], [ 35.161921003129066, 31.664399036767406 ], [ 35.16151947449336, 31.663933600367201 ], [ 35.161176472202264, 31.663604192914519 ], [ 35.160799991846666, 31.663281932408438 ], [ 35.160306315648505, 31.663009739641119 ], [ 35.159745685700166, 31.662744679684327 ], [ 35.159260426671565, 31.66238658465484 ], [ 35.15880863335142, 31.662064290385377 ], [ 35.158331694619157, 31.661820730808877 ], [ 35.157746067914069, 31.661355214615991 ], [ 35.15740314673787, 31.660911260279946 ], [ 35.157160693952946, 31.660402917812075 ], [ 35.157001886745533, 31.65998766464557 ], [ 35.156784694480777, 31.659185831226363 ], [ 35.156584194743374, 31.658484222241501 ], [ 35.156408736977575, 31.657911475265248 ], [ 35.156132949046658, 31.657152569047426 ], [ 35.155974190412266, 31.656665730068411 ], [ 35.155773626240666, 31.656107290587112 ], [ 35.155740341158875, 31.655742192080538 ], [ 35.155503267291792, 31.655197870718457 ], [ 35.155320791508608, 31.654577077719701 ], [ 35.155326500058827, 31.654254871958543 ], [ 35.157360818441916, 31.65082079552516 ], [ 35.157545094556369, 31.650427111477615 ], [ 35.157578721383146, 31.650226730567827 ], [ 35.157588717781998, 31.649991210172356 ], [ 35.157511278156498, 31.649773218072863 ], [ 35.157323064842025, 31.649540969267491 ], [ 35.156990812590919, 31.649351312582102 ], [ 35.156442529110869, 31.649175789340124 ], [ 35.155921928427183, 31.649028704199477 ], [ 35.155606319560597, 31.648801143225263 ], [ 35.155534412780668, 31.648606843134953 ], [ 35.155534514378289, 31.648412571166741 ], [ 35.155911430803208, 31.647910449833695 ], [ 35.156072213050962, 31.647621470673709 ], [ 35.15609451376821, 31.64734191721195 ], [ 35.156255312617773, 31.64701503139025 ] ] ] } },
{ "type": "Feature", "properties": { "Physical_M": 1, "Designatio": 3, "Status_sim": 1, "Physical_1": "Fence", "Designat_1": "Special Security Arrangement", "Status_sip": "Planned", "Shape_Leng": 857.66872388900003 }, "geometry": { "type": "MultiLineString", "coordinates": [ [ [ 35.044452428611436, 32.033066573989252 ], [ 35.045843657814238, 32.034694467856312 ], [ 35.046372917274248, 32.036030788960659 ], [ 35.046370478407347, 32.037450764687868 ], [ 35.045789321656372, 32.040298652688314 ] ] ] } },
{ "type": "Feature", "properties": { "Physical_M": 1, "Designatio": 3, "Status_sim": 0, "Physical_1": "Fence", "Designat_1": "Special Security Arrangement", "Status_sip": "Planned", "Shape_Leng": 2630.15806634 }, "geometry": { "type": "MultiLineString", "coordinates": [ [ [ 35.047727822374554, 32.048124668669274 ], [ 35.047943594266052, 32.048019662890653 ], [ 35.04862463716335, 32.047848708734058 ], [ 35.049045143485529, 32.047677431332971 ], [ 35.049314565624805, 32.04739143829341 ], [ 35.049483386448706, 32.04695500322277 ], [ 35.049719860641233, 32.046268118313812 ], [ 35.049913817835247, 32.045874661163538 ], [ 35.050368674209992, 32.045259620093155 ], [ 35.050932919467812, 32.044558813925022 ], [ 35.051479930468624, 32.044108517790072 ], [ 35.051732656802969, 32.043743760520449 ], [ 35.052019268497141, 32.043214407046783 ], [ 35.053241080593473, 32.041240244137803 ], [ 35.053898399478349, 32.040124366274931 ], [ 35.054328362839996, 32.03928022321746 ], [ 35.054791709263824, 32.038572121934493 ], [ 35.054960685421229, 32.038013991669985 ], [ 35.054885962309449, 32.037455572836095 ], [ 35.054408113739989, 32.036753517782742 ], [ 35.053988579384374, 32.036366485469863 ], [ 35.053485157877404, 32.03589345361199 ], [ 35.053048823710682, 32.035506397566635 ], [ 35.052872887743398, 32.035184073705501 ], [ 35.052814666519815, 32.034818941771526 ], [ 35.052966441147333, 32.034504168205373 ], [ 35.053176989670071, 32.034218097129987 ], [ 35.053681714294683, 32.033889425302604 ], [ 35.054160876248098, 32.033775464708782 ], [ 35.054791127805508, 32.033761893824114 ], [ 35.056455149619502, 32.033627843167473 ], [ 35.056917225614903, 32.033685645997267 ], [ 35.057513555914682, 32.03386528902444 ], [ 35.05826950008413, 32.034073747049852 ], [ 35.058916559823643, 32.034060175031847 ], [ 35.059622520140628, 32.0339965594899 ], [ 35.06064787280895, 32.033883197355763 ], [ 35.061185792251976, 32.03380506768471 ] ] ] } },
{ "type": "Feature", "properties": { "Physical_M": 1, "Designatio": 3, "Status_sim": 0, "Physical_1": "Fence", "Designat_1": "Special Security Arrangement", "Status_sip": "Planned", "Shape_Leng": 6050.0974991700004 }, "geometry": { "type": "MultiLineString", "coordinates": [ [ [ 35.057516628490902, 32.026488740994772 ], [ 35.056991388868404, 32.026804775346072 ], [ 35.056499210278524, 32.026953211082969 ], [ 35.055963828056896, 32.02677563780837 ], [ 35.055811306071838, 32.026449503245708 ], [ 35.05592140540805, 32.025965352851919 ], [ 35.056381264747685, 32.025518863485374 ], [ 35.057037994006407, 32.025007410328726 ], [ 35.057410463097646, 32.024514250255287 ], [ 35.05762977994754, 32.024086104075209 ], [ 35.057652490359246, 32.023555287262468 ], [ 35.057507417821427, 32.023248785473584 ], [ 35.057050502013915, 32.023089387952972 ], [ 35.056647409817813, 32.023162970912942 ], [ 35.056286219516075, 32.023441941037568 ], [ 35.055826416613314, 32.023860491803333 ], [ 35.055410350277647, 32.024269778241447 ], [ 35.054863176906203, 32.024632343452147 ], [ 35.054425802577818, 32.024697018001838 ], [ 35.053934162591368, 32.024519487252853 ], [ 35.053421090036345, 32.024081163993138 ], [ 35.052853302944577, 32.023680025769735 ], [ 35.052394760367697, 32.023325580696095 ], [ 35.05208969249982, 32.022710553793331 ], [ 35.051992158722868, 32.022198217967755 ], [ 35.051981950848734, 32.021760492009257 ], [ 35.05207018776138, 32.021285631777538 ], [ 35.052301684206029, 32.020112463093071 ], [ 35.05244478806182, 32.019507287384009 ], [ 35.052456642447439, 32.018948517296472 ], [ 35.052096625505364, 32.018519683858514 ], [ 35.051605441645471, 32.018090693216884 ], [ 35.05092868515144, 32.017512465552144 ], [ 35.050317336877754, 32.017046071309316 ], [ 35.049771622645679, 32.016551815606242 ], [ 35.049214750487913, 32.016197238237012 ], [ 35.048745390286378, 32.015805515057743 ], [ 35.048604189623724, 32.015274496849003 ], [ 35.04904202733411, 32.014911824779006 ], [ 35.049577703667303, 32.014865913718886 ], [ 35.051009280294778, 32.015063226659407 ], [ 35.051774114266195, 32.015250410740506 ], [ 35.052571433976908, 32.015623890044317 ], [ 35.053369143426586, 32.015764538467295 ], [ 35.053718940699397, 32.015755641027404 ], [ 35.054888567263816, 32.015729085870511 ], [ 35.05551169150025, 32.015683253389959 ], [ 35.055927191486433, 32.015599922457923 ], [ 35.05659381096455, 32.015693832313232 ], [ 35.056877861181256, 32.015787293742243 ], [ 35.05728229541387, 32.015787763435675 ], [ 35.057599537372312, 32.015629808527549 ], [ 35.057687488466705, 32.015313266573422 ], [ 35.057644120482415, 32.015089701700425 ], [ 35.057425761742486, 32.014931127029833 ], [ 35.05706542570924, 32.014697882646608 ], [ 35.056672359114089, 32.014427346569057 ], [ 35.056344967357681, 32.014101007691856 ], [ 35.056279894696296, 32.013784286772506 ], [ 35.05643324909429, 32.013579577854294 ], [ 35.056925326381638, 32.01344976809056 ], [ 35.057591946190989, 32.013534358679777 ], [ 35.058182160356367, 32.013553667220101 ], [ 35.058608666942519, 32.013414461890044 ], [ 35.058816815388724, 32.013116682803322 ], [ 35.058762752630187, 32.01274409806296 ], [ 35.058522683568178, 32.012492368887422 ], [ 35.057977043644762, 32.011942268739332 ], [ 35.057594974697089, 32.011634496132984 ], [ 35.05731126791575, 32.011336148706548 ], [ 35.056929069500583, 32.011112191327982 ], [ 35.056579723611144, 32.010851018503217 ], [ 35.05637257734876, 32.010524818999485 ], [ 35.056241924413087, 32.010208023121066 ], [ 35.056220752746839, 32.009779596094845 ], [ 35.05618898269357, 32.009146269808213 ], [ 35.056113103664515, 32.008755031947231 ], [ 35.055905963047742, 32.008428831592092 ], [ 35.055502085986582, 32.008102401319881 ], [ 35.054978061887233, 32.007729261085359 ], [ 35.053994903820644, 32.007411455856428 ], [ 35.052869667889858, 32.007093471027204 ], [ 35.052137613197232, 32.006952898817573 ], [ 35.051459975536737, 32.006952083745695 ], [ 35.050891324565264, 32.00713765816193 ], [ 35.05031129081118, 32.007593296584155 ], [ 35.050037642221895, 32.007835102796562 ], [ 35.049502116644476, 32.007815824972731 ], [ 35.049120297971051, 32.007386956414997 ], [ 35.04881521135524, 32.006827797918248 ], [ 35.0484223918263, 32.006445478573085 ], [ 35.047931036889096, 32.006165480854008 ], [ 35.047472311904997, 32.005978653671228 ], [ 35.047035276387334, 32.005894294895782 ], [ 35.044314526497232, 32.005490427735744 ], [ 35.043101667968337, 32.005311942636574 ], [ 35.042522375853871, 32.005329831729661 ], [ 35.041811699276387, 32.005477932185649 ], [ 35.041374273080777, 32.005617067208405 ], [ 35.040969487279092, 32.005840060212833 ], [ 35.040401253336654, 32.005783449263639 ], [ 35.039953178365096, 32.005764242391429 ], [ 35.039789335862267, 32.005708152214041 ] ] ] } },
{ "type": "Feature", "properties": { "Physical_M": 1, "Designatio": 1, "Status_sim": 1, "Physical_1": "Fence", "Designat_1": "Main Barrier", "Status_sip": "Planned", "Shape_Leng": 741.04006904000005 }, "geometry": { "type": "MultiLineString", "coordinates": [ [ [ 35.040744439325692, 32.045234732909755 ], [ 35.04426359382277, 32.042790668647513 ], [ 35.04489511405145, 32.041585034092854 ], [ 35.045789321656372, 32.040298652688314 ] ] ] } },
{ "type": "Feature", "properties": { "Physical_M": 1, "Designatio": 1, "Status_sim": 0, "Physical_1": "Fence", "Designat_1": "Main Barrier", "Status_sip": "Planned", "Shape_Leng": 3841.9947507000002 }, "geometry": { "type": "MultiLineString", "coordinates": [ [ [ 35.040744439325692, 32.045234732909755 ], [ 35.040665907232409, 32.045941412566428 ], [ 35.04050498642524, 32.046339203088614 ], [ 35.039951825002724, 32.047077625598654 ], [ 35.039501332124765, 32.047638028625322 ], [ 35.037763374908842, 32.04866220242485 ], [ 35.037232405637404, 32.048972840858568 ], [ 35.036543644782945, 32.049338212137236 ], [ 35.035819106292244, 32.049666903587394 ], [ 35.035245263893088, 32.04989811765121 ], [ 35.034778945554777, 32.050123368067169 ], [ 35.034226885676297, 32.050201988956189 ], [ 35.033675116758921, 32.050121886389029 ], [ 35.033073482472531, 32.049876886472831 ], [ 35.032450429393982, 32.04958912358758 ], [ 35.032013463092142, 32.04944812237099 ], [ 35.031798490650864, 32.049417307522553 ], [ 35.031432916726111, 32.04942901740089 ], [ 35.030794590946613, 32.049641809073279 ], [ 35.029790059754447, 32.050195955715203 ], [ 35.028477175075651, 32.050816817030331 ], [ 35.027601824326254, 32.051273450439624 ], [ 35.027149842306166, 32.051486482797998 ], [ 35.026661957036346, 32.051729987315348 ], [ 35.026116798265036, 32.051936781535709 ], [ 35.025557456413999, 32.052064191528601 ], [ 35.024854920908119, 32.052105931295955 ], [ 35.024303113764532, 32.052044102129635 ], [ 35.023622405086662, 32.051921039182801 ], [ 35.022748385379657, 32.051687811534485 ], [ 35.021415738329942, 32.051398975789063 ], [ 35.020491430388127, 32.0512267064409 ], [ 35.019402330027468, 32.051023667646966 ], [ 35.01819860977686, 32.05078992768194 ], [ 35.017202675566345, 32.050599217276002 ], [ 35.016070557437011, 32.050408295044157 ], [ 35.0151892520609, 32.050248261402146 ], [ 35.014329327679967, 32.050149300146892 ], [ 35.013663033329905, 32.050001786776463 ], [ 35.012996653578803, 32.049897003180071 ], [ 35.012387371636038, 32.049908291129363 ], [ 35.011735010310431, 32.049956138558798 ], [ 35.011297689839552, 32.049998206007274 ], [ 35.010659340456954, 32.050198686834086 ], [ 35.009977915496535, 32.050429620124824 ], [ 35.008981004364834, 32.05070890392156 ], [ 35.008127400948467, 32.051006713075012 ], [ 35.007532174299747, 32.051146197822732 ], [ 35.006994523893013, 32.051175885270823 ], [ 35.006383503089374, 32.050966748272579 ], [ 35.006244127484351, 32.050892255121532 ], [ 35.00604670800692, 32.050773106260891 ], [ 35.005913168428847, 32.050688718925791 ], [ 35.005762251037552, 32.050574594189278 ], [ 35.005483641493555, 32.050361235929792 ], [ 35.005181864251952, 32.050108226482791 ], [ 35.005077438183314, 32.050004078106724 ], [ 35.005013689810454, 32.049909895395402 ], [ 35.004977446146675, 32.049801057749086 ] ] ] } },
{ "type": "Feature", "properties": { "Physical_M": 1, "Designatio": 1, "Status_sim": 1, "Physical_1": "Fence", "Designat_1": "Main Barrier", "Status_sip": "Planned", "Shape_Leng": 249.807989343 }, "geometry": { "type": "MultiLineString", "coordinates": [ [ [ 35.028469583279779, 32.103538338009415 ], [ 35.028920227092513, 32.103563673951932 ], [ 35.029453722508237, 32.103586386363844 ], [ 35.030159023704869, 32.103770479909777 ], [ 35.030666329982822, 32.103990922135267 ], [ 35.030980010498595, 32.104129679127418 ] ] ] } },
{ "type": "Feature", "properties": { "Physical_M": 1, "Designatio": 1, "Status_sim": 0, "Physical_1": "Fence", "Designat_1": "Main Barrier", "Status_sip": "Completed", "Shape_Leng": 2112.5614126199998 }, "geometry": { "type": "MultiLineString", "coordinates": [ [ [ 35.040056841447452, 32.162432144256371 ], [ 35.039928506798013, 32.162388252376871 ], [ 35.039440563591029, 32.162308891761477 ], [ 35.038977916532083, 32.162193760964676 ], [ 35.038607951592141, 32.162064501585633 ], [ 35.037674641242027, 32.161640879577682 ], [ 35.036404921025415, 32.161123830090105 ], [ 35.035463241698523, 32.16070748470257 ], [ 35.03438704345858, 32.160233598420099 ], [ 35.033588363217632, 32.159888942890362 ], [ 35.033125856265521, 32.159709403570879 ], [ 35.032595954336323, 32.159572605960442 ], [ 35.031620163193047, 32.159442502169682 ], [ 35.030391778136575, 32.159354878651868 ], [ 35.029314978903372, 32.159217404475775 ], [ 35.028499072094334, 32.159080283471503 ], [ 35.027178592610255, 32.158763447614078 ], [ 35.026085116613821, 32.158540072662291 ], [ 35.025731907243745, 32.158425047604304 ], [ 35.025311348784264, 32.158381528440515 ], [ 35.024823172484567, 32.158438099456475 ], [ 35.024435825274907, 32.15859500130373 ], [ 35.024174571243705, 32.158780757917903 ], [ 35.023938518460589, 32.158980797697268 ], [ 35.023736203258238, 32.15916663742874 ], [ 35.023416195698495, 32.159309293502496 ], [ 35.023054356354557, 32.15932311422052 ], [ 35.022448781097594, 32.159186255472193 ], [ 35.021262737649685, 32.158976953514916 ], [ 35.02064880722827, 32.158832950769842 ], [ 35.02015240984413, 32.158810675972219 ], [ 35.019622099831238, 32.158888718568463 ], [ 35.019260131452732, 32.158966915550167 ], [ 35.019019090676444, 32.158988376791477 ] ] ] } },
{ "type": "Feature", "properties": { "Physical_M": 1, "Designatio": 1, "Status_sim": 0, "Physical_1": "Fence", "Designat_1": "Main Barrier", "Status_sip": "Completed", "Shape_Leng": 1746.5683358700001 }, "geometry": { "type": "MultiLineString", "coordinates": [ [ [ 35.035797279678704, 32.169431832255881 ], [ 35.035893237632955, 32.169397741978614 ], [ 35.036045019357204, 32.16924761661285 ], [ 35.036112631726766, 32.169090255258389 ], [ 35.036112894840933, 32.168947142437595 ], [ 35.036045901397571, 32.168768049601397 ], [ 35.03591161064589, 32.168574618189886 ], [ 35.035676587134382, 32.168273650696882 ], [ 35.035433123212208, 32.167951208286667 ], [ 35.035206439007304, 32.167671803436122 ], [ 35.03487854754983, 32.167485236333142 ], [ 35.034643026483643, 32.167398980328606 ], [ 35.034331780956819, 32.167327050649355 ], [ 35.034012187535119, 32.167240681028268 ], [ 35.033692634576155, 32.167132937839625 ], [ 35.033423547779577, 32.16702517225491 ], [ 35.033011616226155, 32.166824147983199 ], [ 35.032608035286849, 32.166637562823333 ], [ 35.032380934063923, 32.16652985201727 ], [ 35.032103636314453, 32.16633622201455 ], [ 35.031902049760006, 32.166135480968642 ], [ 35.031717375208949, 32.165906175597208 ], [ 35.031625322167784, 32.165641286086235 ], [ 35.031600576408486, 32.165383522521708 ], [ 35.031651634254416, 32.16506868946751 ], [ 35.031794960750247, 32.164904219408029 ], [ 35.032013913022098, 32.164832915785382 ], [ 35.032299996719495, 32.164861982104689 ], [ 35.032703730223446, 32.164962718615456 ], [ 35.033073792101099, 32.165041946224967 ], [ 35.03335990358832, 32.165056671450522 ], [ 35.033713349127318, 32.165064273204734 ], [ 35.034058419113734, 32.165014689112127 ], [ 35.034513110927918, 32.164850634753606 ], [ 35.034875341814512, 32.164693668584633 ], [ 35.035254216051747, 32.164536634418276 ], [ 35.035590881805547, 32.164501373048644 ], [ 35.035944206941437, 32.164573355673824 ], [ 35.036272418748688, 32.164581006473888 ], [ 35.036533217421699, 32.164581352738793 ], [ 35.036878482264655, 32.164481531902787 ], [ 35.037164880267198, 32.164338797476312 ], [ 35.037417551317901, 32.164203141773896 ], [ 35.037695388241787, 32.164103320081772 ], [ 35.038116215358372, 32.164075196925907 ], [ 35.038334991964632, 32.164096946865399 ], [ 35.03885664101751, 32.164126307306248 ], [ 35.039479350011661, 32.164141368232208 ], [ 35.039706643691765, 32.164084401475684 ], [ 35.039925690612684, 32.163955911248507 ], [ 35.040035287613186, 32.163791387943618 ], [ 35.040465695993561, 32.163147711332428 ], [ 35.040516555506692, 32.162925937862454 ], [ 35.040483151155954, 32.162754104964264 ], [ 35.04039085740223, 32.162610781658373 ], [ 35.040222831866679, 32.162488913058588 ], [ 35.040056841447452, 32.162432144256371 ] ] ] } },
{ "type": "Feature", "properties": { "Physical_M": 1, "Designatio": 1, "Status_sim": 0, "Physical_1": "Fence", "Designat_1": "Main Barrier", "Status_sip": "Completed", "Shape_Leng": 3383.71870571 }, "geometry": { "type": "MultiLineString", "coordinates": [ [ [ 35.011387470360937, 32.182665983447663 ], [ 35.012262558057117, 32.182699167766785 ], [ 35.013381987526962, 32.182700863182731 ], [ 35.013988106640106, 32.182644513846284 ], [ 35.014745795713353, 32.182566926990475 ], [ 35.015351913133173, 32.182510571111138 ], [ 35.015949785129784, 32.182389812987438 ], [ 35.016918125167479, 32.182176537220982 ], [ 35.017650654902027, 32.182005831798257 ], [ 35.018080252928151, 32.181827461448997 ], [ 35.018375362879077, 32.181613181654072 ], [ 35.018712810425384, 32.181227173685038 ], [ 35.018906744827092, 32.181019868514099 ], [ 35.019126006603486, 32.180819723404603 ], [ 35.019463144192422, 32.18058404001718 ], [ 35.019758010679205, 32.18043414425334 ], [ 35.020019248979288, 32.180291412439892 ], [ 35.020263685069466, 32.180119978820954 ], [ 35.02039021023343, 32.179948373850884 ], [ 35.020466456130258, 32.179733680146676 ], [ 35.020508997122377, 32.179511903328944 ], [ 35.020526138892443, 32.179318676586099 ], [ 35.020459527478813, 32.178960662241558 ], [ 35.020426447804844, 32.178695761114305 ], [ 35.020393132563733, 32.178495246135697 ], [ 35.020393434686262, 32.178345009807373 ], [ 35.020553661703069, 32.178180577499944 ], [ 35.020738898844364, 32.178180846570022 ], [ 35.020906912548007, 32.17830995498089 ], [ 35.021133779823515, 32.178489197435056 ], [ 35.021369273590942, 32.178596940406251 ], [ 35.021554406003268, 32.178597208132494 ], [ 35.021773413195753, 32.178518799283026 ], [ 35.021933565961369, 32.178390165796586 ], [ 35.022136226938208, 32.178054002947469 ], [ 35.022465723997136, 32.17743892082116 ], [ 35.022625845413607, 32.177324624498702 ], [ 35.022911958223659, 32.177303572721804 ], [ 35.023080207441474, 32.17736820110391 ], [ 35.023332311996583, 32.177547566201504 ], [ 35.023534131249953, 32.177633704592708 ], [ 35.023795059154281, 32.177641201244086 ], [ 35.023997230913899, 32.177548516167214 ], [ 35.024216445008186, 32.177362700717886 ], [ 35.025034177819158, 32.176648028056562 ], [ 35.025658142875287, 32.176062030823168 ], [ 35.026172930453477, 32.175346922214302 ], [ 35.026468562327061, 32.174789044883994 ], [ 35.026840685386659, 32.173823216917562 ], [ 35.027196353898674, 32.17269991405459 ], [ 35.02746104011873, 32.171962716052008 ], [ 35.027515260001984, 32.171777024175931 ], [ 35.027633467255455, 32.171562474867457 ], [ 35.027818888577556, 32.171405282582278 ], [ 35.02804630001301, 32.171355460928254 ], [ 35.028315572866354, 32.171370174113903 ], [ 35.028567973925149, 32.171391987742361 ], [ 35.028862576262824, 32.171356596112858 ], [ 35.029149049335594, 32.171192417568953 ], [ 35.029435781510507, 32.170892159701957 ], [ 35.029730832623052, 32.170620589505802 ], [ 35.029975279339375, 32.170420460513618 ], [ 35.030253470053523, 32.170148865826143 ], [ 35.030481246800576, 32.169848524363545 ], [ 35.030692273554848, 32.169490896734594 ], [ 35.030878130865943, 32.169154786017629 ], [ 35.031004879216489, 32.168847181082072 ], [ 35.031131651026946, 32.168582501241211 ], [ 35.031275024578832, 32.168396569336451 ], [ 35.031452003891339, 32.168267946549648 ], [ 35.031620512746407, 32.168189450824848 ], [ 35.031847821314351, 32.168132497683168 ], [ 35.032041334289843, 32.168118423308492 ], [ 35.032319106845073, 32.168118801402294 ], [ 35.032664015186434, 32.168162285035073 ], [ 35.03313514014129, 32.168234434736789 ], [ 35.033665225819085, 32.168299628770534 ], [ 35.034136378788752, 32.168357527030281 ], [ 35.034498040449868, 32.168458201172839 ], [ 35.034699716858391, 32.16861592373921 ], [ 35.034850795825129, 32.168845179079675 ], [ 35.034942901649785, 32.169088693988563 ], [ 35.035060306757195, 32.169296441947083 ], [ 35.035194729118558, 32.169418272347727 ], [ 35.035413398733979, 32.169504504803236 ], [ 35.035632253656331, 32.169490458198574 ], [ 35.035797279678704, 32.169431832255881 ] ] ] } },
{ "type": "Feature", "properties": { "Physical_M": 1, "Designatio": 3, "Status_sim": 0, "Physical_1": "Fence", "Designat_1": "Special Security Arrangement", "Status_sip": "Planned", "Shape_Leng": 1727.43927235 }, "geometry": { "type": "MultiLineString", "coordinates": [ [ [ 35.061185792251976, 32.03380506768471 ], [ 35.061715768980413, 32.033538433252076 ], [ 35.061990474814813, 32.033360693805875 ], [ 35.062227370888884, 32.033088174556347 ], [ 35.062444702689213, 32.032723305857374 ], [ 35.062499406541804, 32.032391829243615 ], [ 35.062446495881481, 32.031560824895948 ], [ 35.062442450376842, 32.030990070494603 ], [ 35.062393923569957, 32.030511593960149 ], [ 35.062359988987765, 32.030154837825137 ], [ 35.062242074126111, 32.029949066870849 ], [ 35.062074751260219, 32.029835569862563 ], [ 35.06193693006287, 32.029759874572079 ], [ 35.061552782325137, 32.029688097530936 ], [ 35.060887753878134, 32.029666363926871 ], [ 35.059868152015675, 32.029564485311667 ], [ 35.059395384859755, 32.029459028711386 ], [ 35.059119773360536, 32.029290845010571 ], [ 35.058962494886011, 32.029059847484184 ], [ 35.058923429467065, 32.028841574026082 ], [ 35.058938679061519, 32.028543627278168 ], [ 35.059072101027013, 32.028283585376421 ], [ 35.059333571735557, 32.028044673244359 ], [ 35.059885698415258, 32.027801894702407 ], [ 35.060457639312894, 32.027487793639956 ], [ 35.060926182854992, 32.027135801874742 ], [ 35.06128138184345, 32.026808861874571 ], [ 35.061449257372715, 32.026561446060413 ], [ 35.061523567921903, 32.026292941245664 ], [ 35.06151902664287, 32.026045330967044 ], [ 35.061430733252948, 32.025801823685327 ], [ 35.061273402691725, 32.025604401452313 ], [ 35.061051986197832, 32.025436284191251 ], [ 35.060722111674274, 32.02532260032828 ], [ 35.060421687743606, 32.02527609545254 ], [ 35.060052155808116, 32.025321839612026 ], [ 35.059243777507625, 32.025631472387062 ], [ 35.058479763760751, 32.025920167046159 ], [ 35.058055845476275, 32.026087546379486 ], [ 35.057646584170541, 32.026330481829937 ], [ 35.057516628490902, 32.026488740994772 ] ] ] } },
{ "type": "Feature", "properties": { "Physical_M": 1, "Designatio": 1, "Status_sim": 0, "Physical_1": "Fence", "Designat_1": "Main Barrier", "Status_sip": "Completed", "Shape_Leng": 1007.14049459 }, "geometry": { "type": "MultiLineString", "coordinates": [ [ [ 35.20651120050681, 31.870225737912339 ], [ 35.206389509349179, 31.870832913057985 ], [ 35.206136750119974, 31.871400143669394 ], [ 35.206211650606278, 31.871655794689811 ], [ 35.206426981977785, 31.871975355906748 ], [ 35.207196681737912, 31.87254240084328 ], [ 35.207281589696343, 31.87327872656039 ], [ 35.207188350494292, 31.873961470029926 ], [ 35.207053377690428, 31.874338446384417 ], [ 35.206783425081703, 31.87489553521895 ], [ 35.206540469044988, 31.875590846666658 ], [ 35.206363778696229, 31.876409719431152 ], [ 35.206290170718049, 31.877471529775722 ], [ 35.206157661988591, 31.878780466970298 ] ] ] } },
{ "type": "Feature", "properties": { "Physical_M": 2, "Designatio": 2, "Status_sim": 1, "Physical_1": "Wall", "Designat_1": "Road Protection", "Status_sip": "Planned", "Shape_Leng": 1333.24166661 }, "geometry": { "type": "MultiLineString", "coordinates": [ [ [ 35.173967452660456, 31.714210337114711 ], [ 35.173977255575835, 31.713911827142816 ], [ 35.173831909869854, 31.713488914702026 ], [ 35.173501931895785, 31.71321841281296 ], [ 35.17329655886337, 31.713065482786625 ], [ 35.173156456980458, 31.712856789665331 ], [ 35.172736128408459, 31.71231334448127 ], [ 35.172530839145111, 31.711924897929624 ], [ 35.172248320812251, 31.711234803884427 ], [ 35.171951339788023, 31.710449673626673 ], [ 35.171724415631886, 31.709753394947263 ], [ 35.171521603270861, 31.709220331097562 ], [ 35.171306779916883, 31.708493065059411 ], [ 35.171075045906825, 31.707759597303621 ], [ 35.17086620659169, 31.707035879061213 ], [ 35.170643326542411, 31.706675079690708 ], [ 35.170512447624887, 31.706457908570442 ], [ 35.170283012293496, 31.706077715099905 ], [ 35.170166569991459, 31.705629075941225 ], [ 35.169938659491287, 31.705479758227344 ], [ 35.169579832830379, 31.705338701577439 ], [ 35.168968893166578, 31.705176831293507 ], [ 35.168202767038302, 31.705048102702744 ], [ 35.167453612694715, 31.705060485481333 ], [ 35.16714427418821, 31.705114110106312 ] ] ] } },
{ "type": "Feature", "properties": { "Physical_M": 1, "Designatio": 1, "Status_sim": 1, "Physical_1": "Fence", "Designat_1": "Main Barrier", "Status_sip": "Planned", "Shape_Leng": 1453.0539233100001 }, "geometry": { "type": "MultiLineString", "coordinates": [ [ [ 35.162842939200644, 31.690791880928437 ], [ 35.16289154018547, 31.690605393821993 ], [ 35.162925783050824, 31.689974377748932 ], [ 35.162974433076712, 31.689439594792873 ], [ 35.162935820199245, 31.68922403922333 ], [ 35.162790520450152, 31.688896438397226 ], [ 35.162485274920947, 31.688448658663464 ], [ 35.162070966521249, 31.687787913832185 ], [ 35.161515104256672, 31.68716806415101 ], [ 35.161608660438162, 31.686699582896932 ], [ 35.162100549336493, 31.686279302693048 ], [ 35.162505677708836, 31.685760148671928 ], [ 35.162881837534464, 31.685389248768253 ], [ 35.163398229163725, 31.685102986858784 ], [ 35.163815234482108, 31.684891635177141 ], [ 35.16418873569237, 31.684551844894791 ], [ 35.164455499542591, 31.684216077734977 ], [ 35.165707947062579, 31.682614138836474 ], [ 35.166731299686582, 31.68150218817377 ], [ 35.167036799447459, 31.681307477013526 ], [ 35.167453858986732, 31.681162490095918 ], [ 35.167798014869348, 31.68108791589928 ], [ 35.167973509232908, 31.681310258697856 ], [ 35.168449922091639, 31.681608908796395 ] ] ] } },
{ "type": "Feature", "properties": { "Physical_M": 1, "Designatio": 1, "Status_sim": 0, "Physical_1": "Fence", "Designat_1": "Main Barrier", "Status_sip": "Planned", "Shape_Leng": 712.70193313899995 }, "geometry": { "type": "MultiLineString", "coordinates": [ [ [ 35.168449922091639, 31.681608908796395 ], [ 35.168848827444506, 31.681736954948242 ], [ 35.169286485989268, 31.681959776920205 ], [ 35.169467315445587, 31.682133091713229 ], [ 35.170128351413958, 31.682983484468451 ], [ 35.170959216060261, 31.683831864688759 ], [ 35.171319273519686, 31.68416364082486 ], [ 35.172715470482842, 31.68470416348681 ], [ 35.174327771950544, 31.685306321479452 ] ] ] } },
{ "type": "Feature", "properties": { "Physical_M": 1, "Designatio": 1, "Status_sim": 1, "Physical_1": "Fence", "Designat_1": "Main Barrier", "Status_sip": "Planned", "Shape_Leng": 409.21076724300002 }, "geometry": { "type": "MultiLineString", "coordinates": [ [ [ 35.174327771950544, 31.685306321479452 ], [ 35.175220154323227, 31.684914232871034 ], [ 35.175612853218595, 31.684773361784362 ], [ 35.175898932082504, 31.684603516618271 ], [ 35.176068713492363, 31.684325783637419 ], [ 35.1762336391769, 31.684056345923853 ], [ 35.176179018283825, 31.683766789038017 ], [ 35.176057206599339, 31.683454032522413 ], [ 35.175891253794795, 31.682534760887552 ] ] ] } },
{ "type": "Feature", "properties": { "Physical_M": 1, "Designatio": 3, "Status_sim": 0, "Physical_1": "Fence", "Designat_1": "Special Security Arrangement", "Status_sip": "Planned", "Shape_Leng": 1071.6079568800001 }, "geometry": { "type": "MultiLineString", "coordinates": [ [ [ 35.043998748564512, 32.02364119840167 ], [ 35.044030244624778, 32.024386282070267 ], [ 35.044105290216514, 32.025233864718302 ], [ 35.044224584338423, 32.02578348447291 ], [ 35.04450734119601, 32.026631329449685 ], [ 35.044790150294943, 32.027451233521816 ], [ 35.045018401033573, 32.02821519080107 ], [ 35.04505037504434, 32.028690197213344 ], [ 35.044852272869377, 32.02945361645574 ], [ 35.044522168167326, 32.030682523390553 ], [ 35.044379057251405, 32.03125043945775 ], [ 35.044126199760548, 32.032060353977137 ], [ 35.044278154729135, 32.032693832659653 ], [ 35.044452428611436, 32.033066573989252 ] ] ] } },
{ "type": "Feature", "properties": { "Physical_M": 1, "Designatio": 3, "Status_sim": 0, "Physical_1": "Fence", "Designat_1": "Special Security Arrangement", "Status_sip": "Planned", "Shape_Leng": 2627.5062454399999 }, "geometry": { "type": "MultiLineString", "coordinates": [ [ [ 35.043998748564512, 32.02364119840167 ], [ 35.043981883517731, 32.023449359062703 ], [ 35.043942480086699, 32.02325974733823 ], [ 35.043859294412933, 32.023114086310812 ], [ 35.043649052807964, 32.022917487960861 ], [ 35.043490256520776, 32.022839431384568 ], [ 35.043248057693617, 32.022740958149093 ], [ 35.041909866369508, 32.022282271234126 ], [ 35.040742436536711, 32.021881336527507 ], [ 35.039833172903926, 32.021538272180585 ], [ 35.038983472788757, 32.021218974023085 ], [ 35.038526875648365, 32.02103897106749 ], [ 35.038276844187386, 32.020882932786847 ], [ 35.038146009464377, 32.02072705030303 ], [ 35.038019301377844, 32.020486546499988 ], [ 35.038039718144816, 32.020181920129453 ], [ 35.038111785359824, 32.019877362645957 ], [ 35.038629693072465, 32.017630942669165 ], [ 35.039024580199261, 32.016029209612299 ], [ 35.03944103014507, 32.01421086007548 ], [ 35.039627531602825, 32.013597283248522 ], [ 35.039898873040698, 32.01293416811729 ], [ 35.04014352399097, 32.012383853579657 ], [ 35.040260575306284, 32.012095148035264 ], [ 35.040297969288261, 32.011919174575922 ], [ 35.040319551327201, 32.011698047267835 ], [ 35.040319736267904, 32.01159423978131 ], [ 35.040293460243042, 32.01147685828694 ], [ 35.040251382017431, 32.011309808315964 ], [ 35.04015634867276, 32.011133663455389 ], [ 35.039982045502903, 32.010853608069709 ], [ 35.039522237890885, 32.010275298836007 ], [ 35.039284399080401, 32.009981619498575 ], [ 35.039173413689973, 32.009841560178607 ], [ 35.038935325756377, 32.009687795264412 ], [ 35.038586155772755, 32.009448129656185 ], [ 35.038385262245995, 32.009231223901239 ], [ 35.038221422944119, 32.009027907329873 ], [ 35.038057756918562, 32.008729809918144 ], [ 35.037931161266457, 32.008436274389531 ], [ 35.03773596043758, 32.008002733167338 ], [ 35.037635760919088, 32.007758878263964 ], [ 35.037583226099905, 32.007519600005367 ], [ 35.037557110028722, 32.007316462954563 ], [ 35.037541815407323, 32.006986966214811 ], [ 35.037547627344374, 32.006702630631573 ], [ 35.037537605876437, 32.00638668117422 ], [ 35.037527503408675, 32.006115863831909 ], [ 35.037533045525116, 32.005980470270956 ], [ 35.037935696240979, 32.005926838873378 ], [ 35.038417748812513, 32.00590038968047 ], [ 35.038862748305242, 32.005860351115665 ], [ 35.039233658612325, 32.005784106874927 ], [ 35.039578067346902, 32.005716853452171 ], [ 35.039789335862267, 32.005708152214041 ] ] ] } },
{ "type": "Feature", "properties": { "Physical_M": 1, "Designatio": 1, "Status_sim": 0, "Physical_1": "Fence", "Designat_1": "Main Barrier", "Status_sip": "Completed", "Shape_Leng": 4820.9391961800002 }, "geometry": { "type": "MultiLineString", "coordinates": [ [ [ 35.014340609144014, 32.192679003698068 ], [ 35.013563020669466, 32.192750849961975 ], [ 35.012721105229268, 32.192849764885239 ], [ 35.010734196077848, 32.192989940267076 ], [ 35.01002703294715, 32.193053242341975 ], [ 35.00958927911892, 32.193045444955708 ], [ 35.009311690269435, 32.192973415899552 ], [ 35.008924691828881, 32.192836829650041 ], [ 35.008571385786126, 32.192764681917467 ], [ 35.008049276857776, 32.192828349724344 ], [ 35.007190400921338, 32.1929701259035 ], [ 35.005017820146854, 32.193338974116507 ], [ 35.003603138538736, 32.193572912089778 ], [ 35.003401130102525, 32.193565466764362 ], [ 35.003207779723482, 32.193479220106759 ], [ 35.002963953967054, 32.193342843327059 ], [ 35.002383882755758, 32.192998340202344 ], [ 35.002123118893458, 32.192897735316471 ], [ 35.001828675036251, 32.192825662890343 ], [ 35.001525726357187, 32.192810839217529 ], [ 35.001205778209631, 32.192810325579089 ], [ 35.000784930532291, 32.192831111230404 ], [ 35.00033865749532, 32.192887654442941 ], [ 34.999580870929584, 32.192965245445805 ], [ 34.999395646289521, 32.192993531684898 ], [ 34.997981133706013, 32.193148681460507 ], [ 34.997164201172644, 32.193304886399709 ], [ 34.99663361531853, 32.193454252179158 ], [ 34.996001848788431, 32.193653678646065 ], [ 34.995395237171252, 32.193888853106081 ], [ 34.994889499671324, 32.194160083327553 ], [ 34.994350059318066, 32.19446696570958 ], [ 34.991458118932933, 32.196444870992785 ], [ 34.990311455275098, 32.197223153718355 ], [ 34.988869579925009, 32.198244223413539 ], [ 34.987967384307851, 32.198865450604487 ], [ 34.987689201336309, 32.199043887031493 ], [ 34.986880156233248, 32.199421875909962 ], [ 34.986113307637801, 32.199713993326938 ], [ 34.985388784043003, 32.199956130604178 ], [ 34.985068540488477, 32.200113025890218 ], [ 34.984899675208304, 32.200298859896129 ], [ 34.984814987198519, 32.200542102852637 ], [ 34.984525967826059, 32.201693982856362 ], [ 34.984356909013954, 32.201958541177675 ], [ 34.984171282036321, 32.202144344974762 ], [ 34.983918289391283, 32.202337154878755 ], [ 34.983581222233376, 32.202472554513577 ], [ 34.983252723678234, 32.202529243397507 ], [ 34.982949642626615, 32.202557389653407 ], [ 34.979481530689306, 32.202408066450154 ], [ 34.97908614042214, 32.202321513304661 ], [ 34.978724355267865, 32.202199128019217 ], [ 34.978177798063257, 32.201954851913705 ], [ 34.977774441863893, 32.201660600650953 ], [ 34.97712735145101, 32.201201336180361 ], [ 34.976497131100153, 32.200742098788353 ], [ 34.975724024880698, 32.200210998917299 ], [ 34.975219540156665, 32.199945323614074 ], [ 34.974723309287256, 32.199772634384843 ], [ 34.974201677363794, 32.1996642843662 ], [ 34.973570417518516, 32.199584408221696 ], [ 34.972854963789679, 32.19958310023133 ], [ 34.972265447157682, 32.199646406827604 ], [ 34.971658899256894, 32.199817080253275 ], [ 34.97071514433231, 32.200173255585618 ], [ 34.969796678929541, 32.200508008295188 ], [ 34.969308074977903, 32.200671674939912 ], [ 34.969282716208127, 32.200675776023651 ] ] ] } },
{ "type": "Feature", "properties": { "Physical_M": 1, "Designatio": 1, "Status_sim": 0, "Physical_1": "Fence", "Designat_1": "Main Barrier", "Status_sip": "Completed", "Shape_Leng": 4671.1294666599997 }, "geometry": { "type": "MultiLineString", "coordinates": [ [ [ 35.162152713446588, 31.814247687839707 ], [ 35.162134378733505, 31.814776842196974 ], [ 35.162075555830803, 31.815293772692179 ], [ 35.162251141868083, 31.815685712766655 ], [ 35.163256368964845, 31.816895037958659 ], [ 35.163714985127946, 31.817645597156229 ], [ 35.163734208409181, 31.818345987299477 ], [ 35.16342289585954, 31.819599955541609 ], [ 35.163157327446505, 31.820030058459533 ], [ 35.16290328422329, 31.820363491386871 ], [ 35.162541829160091, 31.820680213008856 ], [ 35.161438109400592, 31.821221809303175 ], [ 35.161213399382532, 31.821455195066729 ], [ 35.161144910710085, 31.821738660115493 ], [ 35.16137909999734, 31.822122282557537 ], [ 35.161896458623403, 31.822572703780907 ], [ 35.162413712872997, 31.82326492054916 ], [ 35.1625404827805, 31.823665181381021 ], [ 35.162608680869631, 31.824023733509854 ], [ 35.162582274615062, 31.82449889912705 ], [ 35.162347357297804, 31.824978417424024 ], [ 35.162036946261061, 31.825386304064022 ], [ 35.161726575253923, 31.825701211619545 ], [ 35.161282075716954, 31.825973055039007 ], [ 35.160771726908969, 31.826207645443713 ], [ 35.160116527159737, 31.826309128699354 ], [ 35.158271546780533, 31.826481914280979 ], [ 35.157148358076093, 31.82671496387907 ], [ 35.15654277627867, 31.826906508721308 ], [ 35.155614887870293, 31.827156294124308 ], [ 35.154340686317475, 31.827688508142348 ], [ 35.154189731661717, 31.827903175270293 ], [ 35.154181149549636, 31.828146576922521 ], [ 35.154407421637771, 31.828318464980399 ], [ 35.15477444982718, 31.828223219347947 ], [ 35.155438643833925, 31.828023366603261 ], [ 35.156083250602435, 31.827923558237678 ], [ 35.156473885968474, 31.827932044260244 ], [ 35.158671061823007, 31.828274706003064 ], [ 35.160233533139241, 31.828467029404248 ], [ 35.160751128066067, 31.82847554510694 ], [ 35.161014842329536, 31.828408932141077 ], [ 35.161366481846073, 31.828275645846617 ], [ 35.16154225431584, 31.828309056126159 ], [ 35.16171799622623, 31.828409169871833 ], [ 35.161805810597656, 31.828584294849669 ], [ 35.161776447170801, 31.828726029605079 ], [ 35.161590826459381, 31.828867711301466 ], [ 35.161004791783299, 31.829017595170725 ], [ 35.160321134116117, 31.829084063370498 ], [ 35.159364087932616, 31.829017025215901 ], [ 35.158914864487592, 31.828983513913343 ], [ 35.15844833591251, 31.829103140903282 ], [ 35.157467261279308, 31.829260242954511 ], [ 35.157265965194767, 31.829396164802212 ], [ 35.15717363215937, 31.829625196631309 ], [ 35.157240606407647, 31.829825698860521 ], [ 35.157475346069546, 31.829983245631496 ], [ 35.159168896139199, 31.83029877934419 ], [ 35.1593784256196, 31.830391922858016 ], [ 35.159520854482082, 31.830535184028875 ], [ 35.15962138099988, 31.830828676225913 ], [ 35.159372474562858, 31.831860247924347 ], [ 35.158580598909154, 31.833477515345873 ], [ 35.158541371214845, 31.833802678249839 ], [ 35.15881463915828, 31.834202996013278 ], [ 35.159605463399494, 31.834770252854376 ], [ 35.160845418268849, 31.835654498441514 ], [ 35.16186590428601, 31.836096539647258 ], [ 35.162033336267982, 31.836340267856663 ], [ 35.162202720868351, 31.836896911056161 ] ] ] } },
{ "type": "Feature", "properties": { "Physical_M": 1, "Designatio": 1, "Status_sim": 0, "Physical_1": "Fence", "Designat_1": "Main Barrier", "Status_sip": "Completed", "Shape_Leng": 768.49029535499994 }, "geometry": { "type": "MultiLineString", "coordinates": [ [ [ 35.241345253156311, 31.850038406809993 ], [ 35.241538699526629, 31.850018239630863 ], [ 35.24169905928165, 31.849957769812814 ], [ 35.241916023336188, 31.849832892523548 ], [ 35.2424253692595, 31.849538834547513 ], [ 35.242772476292579, 31.849361610682415 ], [ 35.242956396612129, 31.849305100450064 ], [ 35.243102610147282, 31.849276918828842 ], [ 35.243234675447439, 31.849272820482081 ], [ 35.24345644337626, 31.849272752567227 ], [ 35.24427727845066, 31.849292608662175 ], [ 35.244522487439468, 31.849260336242462 ], [ 35.244829158476456, 31.849163652646592 ], [ 35.245258368217193, 31.849022559445903 ], [ 35.245479995740496, 31.848946012997853 ], [ 35.246995906701528, 31.848470339465504 ], [ 35.248316568067736, 31.848018974727218 ], [ 35.248844745945341, 31.847841581214198 ], [ 35.248909078816567, 31.84782189923607 ] ] ] } },
{ "type": "Feature", "properties": { "Physical_M": 1, "Designatio": 1, "Status_sim": 1, "Physical_1": "Fence", "Designat_1": "Main Barrier", "Status_sip": "Planned", "Shape_Leng": 673.64109069699998 }, "geometry": { "type": "MultiLineString", "coordinates": [ [ [ 35.138559378888175, 31.356648123549451 ], [ 35.140444985143134, 31.357549714713365 ], [ 35.142226226052024, 31.357866886193992 ], [ 35.143761820033021, 31.358078485034216 ], [ 35.145157899996242, 31.358650382654893 ] ] ] } },
{ "type": "Feature", "properties": { "Physical_M": 1, "Designatio": 1, "Status_sim": 0, "Physical_1": "Fence", "Designat_1": "Main Barrier", "Status_sip": "Planned", "Shape_Leng": 619.65312190099996 }, "geometry": { "type": "MultiLineString", "coordinates": [ [ [ 35.145157899996242, 31.358650382654893 ], [ 35.148267547437477, 31.359409313357453 ], [ 35.149869935451214, 31.359771288929814 ], [ 35.150997222296787, 31.35971349130963 ], [ 35.151427626723098, 31.359506401298493 ] ] ] } },
{ "type": "Feature", "properties": { "Physical_M": 1, "Designatio": 1, "Status_sim": 0, "Physical_1": "Fence", "Designat_1": "Main Barrier", "Status_sip": "Planned", "Shape_Leng": 1439.0691629400001 }, "geometry": { "type": "MultiLineString", "coordinates": [ [ [ 35.155657020117978, 31.357023188708929 ], [ 35.15709257508103, 31.35729339456023 ], [ 35.159242082031241, 31.357688798830125 ], [ 35.160900847795212, 31.358032676481312 ], [ 35.164402118462576, 31.358666408334173 ], [ 35.165638401687033, 31.358588274783738 ], [ 35.167743724943321, 31.357982867150735 ], [ 35.169088451367337, 31.357458797752415 ], [ 35.170310799787593, 31.357307620855522 ] ] ] } },
{ "type": "Feature", "properties": { "Physical_M": 1, "Designatio": 1, "Status_sim": 1, "Physical_1": "Fence", "Designat_1": "Main Barrier", "Status_sip": "Planned", "Shape_Leng": 505.449039476 }, "geometry": { "type": "MultiLineString", "coordinates": [ [ [ 35.151427626723098, 31.359506401298493 ], [ 35.152853164741927, 31.358820483258619 ], [ 35.154204981713654, 31.358030232821207 ], [ 35.155310911492968, 31.357714454611969 ], [ 35.155657020117978, 31.357023188708929 ] ] ] } },
{ "type": "Feature", "properties": { "Physical_M": 1, "Designatio": 1, "Status_sim": 0, "Physical_1": "Fence", "Designat_1": "Main Barrier", "Status_sip": "Planned", "Shape_Leng": 1894.5149170899999 }, "geometry": { "type": "MultiLineString", "coordinates": [ [ [ 35.170310799787593, 31.357307620855522 ], [ 35.171994663643453, 31.357844157895546 ], [ 35.172048820669509, 31.358333654394119 ], [ 35.172483296381145, 31.35869504864214 ], [ 35.173121578750404, 31.358800094851581 ], [ 35.173583276529953, 31.358998330663113 ], [ 35.174107749135743, 31.35988148938571 ], [ 35.174660109302408, 31.361410429001012 ], [ 35.174723019678076, 31.362448287614232 ], [ 35.174654968055549, 31.362902791538385 ], [ 35.174274461362486, 31.363578655226888 ], [ 35.174084180153883, 31.36399816661946 ], [ 35.174287772647361, 31.364429425354434 ], [ 35.174627242746347, 31.364685900073969 ], [ 35.175129754612215, 31.364767596506805 ], [ 35.175578002766976, 31.364639500147884 ], [ 35.175917720108934, 31.364091821445154 ], [ 35.176542836095145, 31.362926523775776 ], [ 35.176950436701851, 31.362425474984061 ], [ 35.177439406269741, 31.362332343595398 ], [ 35.178036895723146, 31.362717061108469 ], [ 35.178308310390022, 31.363521266784474 ], [ 35.178688441837679, 31.364115714931074 ], [ 35.179720375977411, 31.365258043305147 ] ] ] } },
{ "type": "Feature", "properties": { "Physical_M": 1, "Designatio": 1, "Status_sim": 0, "Physical_1": "Fence", "Designat_1": "Main Barrier", "Status_sip": "Planned", "Shape_Leng": 1744.2564362400001 }, "geometry": { "type": "MultiLineString", "coordinates": [ [ [ 35.179720375977411, 31.365258043305147 ], [ 35.180453636028382, 31.365957443649453 ], [ 35.18096971568314, 31.366144008144818 ], [ 35.181410094782514, 31.366061735257531 ], [ 35.182178590689603, 31.365934445008854 ], [ 35.183387561871925, 31.365258695746565 ], [ 35.184474236156504, 31.36478104068544 ], [ 35.185017543752792, 31.364664580128412 ], [ 35.185642275534043, 31.364886105621064 ], [ 35.187285368581911, 31.366785993807241 ], [ 35.187828533134827, 31.367531943250523 ], [ 35.188330909213242, 31.368569242820694 ], [ 35.188833271383842, 31.369758047837003 ], [ 35.189281370033889, 31.37059721351924 ], [ 35.189987590429745, 31.371203320173475 ], [ 35.191047022621511, 31.371518102026819 ], [ 35.192690548238993, 31.371728040154856 ], [ 35.192812024467202, 31.371736351103184 ] ] ] } },
{ "type": "Feature", "properties": { "Physical_M": 1, "Designatio": 1, "Status_sim": 0, "Physical_1": "Fence", "Designat_1": "Main Barrier", "Status_sip": "Planned", "Shape_Leng": 2272.56491499 }, "geometry": { "type": "MultiLineString", "coordinates": [ [ [ 35.199945233403561, 31.368660552348995 ], [ 35.20018699074771, 31.36873976500576 ], [ 35.200406775806151, 31.368702055359034 ], [ 35.200569417377444, 31.36865680115066 ], [ 35.20076722960841, 31.368468225441305 ], [ 35.201347478567875, 31.36777803540549 ], [ 35.201962886528783, 31.367008638195863 ], [ 35.202143108508039, 31.366876634073417 ], [ 35.202415638002073, 31.366733317385883 ], [ 35.202723329241536, 31.366665432106096 ], [ 35.203140909478741, 31.366608862722003 ], [ 35.203395852622087, 31.36660509308539 ], [ 35.203716728083585, 31.366744645039574 ], [ 35.204024417195342, 31.367004888605777 ], [ 35.204494746847068, 31.367423538109303 ], [ 35.204855188505412, 31.367755439864453 ], [ 35.205176070401421, 31.367857272089623 ], [ 35.205620030573826, 31.368019448299702 ], [ 35.206147508588806, 31.368125047175493 ], [ 35.206771690728296, 31.368143895075146 ], [ 35.207351913527454, 31.368079765767018 ], [ 35.207787077281061, 31.367962834941501 ], [ 35.208433226413753, 31.367740290481169 ], [ 35.208754100243567, 31.367600730061248 ], [ 35.2091980552633, 31.367551683159427 ], [ 35.209734322743472, 31.367604464132175 ], [ 35.210055212097977, 31.367762858236805 ], [ 35.21041566949274, 31.36800422546861 ], [ 35.210675032878378, 31.368313485691029 ], [ 35.210679443199069, 31.368539782959353 ], [ 35.210631111478605, 31.368841514306975 ], [ 35.210631126461124, 31.369067811772489 ], [ 35.210811375963395, 31.369460050088829 ], [ 35.211083933881525, 31.369807025975707 ], [ 35.211615873221575, 31.370546233463685 ], [ 35.21187524063334, 31.370768744133695 ], [ 35.212244503218415, 31.370998791259357 ], [ 35.212688492642812, 31.371179800350188 ], [ 35.21274126213077, 31.371402322464423 ], [ 35.212688521518139, 31.371507930901537 ], [ 35.212710510114292, 31.371609762643505 ], [ 35.212895136194206, 31.371636151622265 ], [ 35.213013817570484, 31.37158334147955 ], [ 35.21332590483096, 31.371428684121568 ], [ 35.213611618635504, 31.371285342239148 ], [ 35.214042392588816, 31.371160847478826 ], [ 35.214873194860985, 31.371157010358242 ], [ 35.21514573372481, 31.371156987771233 ], [ 35.215633655090087, 31.371062655210622 ], [ 35.215976522244958, 31.371036223562239 ], [ 35.216301814533558, 31.371073910364125 ], [ 35.217022757514798, 31.371341625402817 ], [ 35.217537096323674, 31.371564099209035 ], [ 35.217972306006423, 31.371737548396993 ], [ 35.218249265192853, 31.371895926546959 ], [ 35.218504250772511, 31.372084479457669 ] ] ] } },
{ "type": "Feature", "properties": { "Physical_M": 1, "Designatio": 1, "Status_sim": 1, "Physical_1": "Fence", "Designat_1": "Main Barrier", "Status_sip": "Planned", "Shape_Leng": 798.76021180199996 }, "geometry": { "type": "MultiLineString", "coordinates": [ [ [ 35.192812024467202, 31.371736351103184 ], [ 35.194102377947601, 31.37182462357363 ], [ 35.196252780319696, 31.371350288798336 ], [ 35.197788784873225, 31.370559682513758 ], [ 35.199945233403561, 31.368660552348995 ] ] ] } },
{ "type": "Feature", "properties": { "Physical_M": 1, "Designatio": 1, "Status_sim": 0, "Physical_1": "Fence", "Designat_1": "Main Barrier", "Status_sip": "Completed", "Shape_Leng": 2673.4663857599999 }, "geometry": { "type": "MultiLineString", "coordinates": [ [ [ 35.026256988706734, 32.205799846604847 ], [ 35.026131107673976, 32.205402847047715 ], [ 35.02576065951969, 32.205007165017165 ], [ 35.025357099559287, 32.204677354837351 ], [ 35.024886074517553, 32.20446197361774 ], [ 35.024297005204119, 32.204353733772052 ], [ 35.023514311687194, 32.204223842844648 ], [ 35.022798897970283, 32.204129753865125 ], [ 35.022251740000804, 32.204121752646088 ], [ 35.021771903209171, 32.204128274746751 ], [ 35.0215784783638, 32.204006254999918 ], [ 35.021503050723474, 32.203855819371938 ], [ 35.021553851196074, 32.203698442452037 ], [ 35.021772932850872, 32.203612909731291 ], [ 35.022286451745622, 32.203627898613874 ], [ 35.02266516731423, 32.203642781534306 ], [ 35.02315465094626, 32.20353040125331 ], [ 35.023937740842705, 32.203402746975478 ], [ 35.024712598705811, 32.203253524457757 ], [ 35.025276796962743, 32.203168385213687 ], [ 35.025655589426172, 32.203197597931435 ], [ 35.025891270259351, 32.20319071664133 ], [ 35.02611895707242, 32.203040801069278 ], [ 35.026220289352217, 32.202854817355814 ], [ 35.026144994619756, 32.202632782966333 ], [ 35.02602741919555, 32.202446490025153 ], [ 35.025766694552082, 32.202353058403851 ], [ 35.025320488039313, 32.202359641497345 ], [ 35.02467235045124, 32.202308583346628 ], [ 35.024066417849014, 32.202207533263682 ], [ 35.023536127835342, 32.202149512872609 ], [ 35.023081727830608, 32.202062922393047 ], [ 35.022686354730432, 32.201947828795525 ], [ 35.022274098735828, 32.201789785266222 ], [ 35.021710263290878, 32.201695908359092 ], [ 35.021449438939889, 32.201602467695373 ], [ 35.021306638213709, 32.201466273054919 ], [ 35.021239620693009, 32.201301601126673 ], [ 35.021265221336179, 32.201122634882012 ], [ 35.021374974275474, 32.200972467164149 ], [ 35.021610898239331, 32.200894083477309 ], [ 35.022823552134902, 32.200688240879174 ], [ 35.023632333604127, 32.200374498668047 ], [ 35.024407426407052, 32.200039150432133 ], [ 35.025106213726019, 32.199997218140517 ], [ 35.026284641712152, 32.200091947072082 ], [ 35.026916054736198, 32.200064158723571 ], [ 35.027252965383553, 32.199971657318898 ], [ 35.027455378093038, 32.199778599255893 ], [ 35.027523084040226, 32.199592657126537 ], [ 35.027447802575296, 32.199363499575256 ], [ 35.027304974075619, 32.199184296821336 ], [ 35.027052676492055, 32.19906941712437 ], [ 35.026682446378032, 32.198954371242614 ], [ 35.025765426669651, 32.198659640631242 ], [ 35.025437648073058, 32.198423001094362 ], [ 35.025311784773272, 32.19819377065059 ], [ 35.025278544268126, 32.198000382075868 ], [ 35.025287440984506, 32.197735632214311 ], [ 35.02541436860475, 32.197420820424227 ], [ 35.025667344425969, 32.197185002073198 ], [ 35.026071855138497, 32.196956521411998 ] ] ] } },
{ "type": "Feature", "properties": { "Physical_M": 1, "Designatio": 1, "Status_sim": 1, "Physical_1": "Fence", "Designat_1": "Main Barrier", "Status_sip": "Completed", "Shape_Leng": 4858.7950089799997 }, "geometry": { "type": "MultiLineString", "coordinates": [ [ [ 35.014369256239604, 32.22309468745798 ], [ 35.014370091965901, 32.222692975798772 ], [ 35.014371011248137, 32.222251091703527 ], [ 35.014419103990683, 32.221849449840363 ], [ 35.014278170327223, 32.221447523777904 ], [ 35.014042810425266, 32.221005284607457 ], [ 35.013665852790247, 32.220482487495161 ], [ 35.01333565141514, 32.220200789879492 ], [ 35.012910689455545, 32.220039461399828 ], [ 35.012296790078679, 32.219837673148369 ], [ 35.01163538462707, 32.21975632358869 ], [ 35.011021575730126, 32.219514357325032 ], [ 35.010833406349789, 32.219112355051379 ], [ 35.010409904014736, 32.218268106449017 ], [ 35.010033662135129, 32.217423929004219 ], [ 35.009515923387298, 32.216459018139787 ], [ 35.009233517604933, 32.215936353258861 ], [ 35.009045706251271, 32.215373664297275 ], [ 35.008716311862216, 32.214730411970841 ], [ 35.007819634965216, 32.214206792134121 ], [ 35.006875541189544, 32.213763434647781 ], [ 35.005931457296143, 32.213320070708484 ], [ 35.004940043915383, 32.212916795863457 ], [ 35.004042964761517, 32.212594006171102 ], [ 35.003523727008016, 32.212352153226533 ], [ 35.002957772052675, 32.211869195272961 ], [ 35.002675595254971, 32.211266173619983 ], [ 35.002724619165477, 32.210462823531678 ], [ 35.002726126214995, 32.209779911211882 ], [ 35.002822664286136, 32.208856121208868 ], [ 35.002919554579734, 32.207771646407537 ], [ 35.003157834153384, 32.206848081626269 ], [ 35.003443445961416, 32.205884421217569 ], [ 35.003586425751259, 32.205322247494557 ], [ 35.003870265629764, 32.205162012150026 ], [ 35.00424824719321, 32.205162611027731 ], [ 35.004673389383534, 32.205203454730075 ], [ 35.005759650456135, 32.205406023139233 ], [ 35.007081984708989, 32.205689294333801 ], [ 35.007932102928606, 32.205851303911601 ], [ 35.009301697990921, 32.206134625329085 ], [ 35.010529386116971, 32.20649805672798 ], [ 35.011426766578928, 32.206660114687736 ], [ 35.012324995137121, 32.206420454232038 ], [ 35.012892565453413, 32.206140114954444 ], [ 35.013460215520723, 32.205819601180131 ], [ 35.014122943476814, 32.205218027710607 ], [ 35.014879907725962, 32.204737106369002 ], [ 35.015589035922808, 32.20453730930695 ], [ 35.016297747014363, 32.204538365574166 ], [ 35.016817304324476, 32.204619480341016 ], [ 35.017478030012406, 32.204982002608638 ], [ 35.018752657078657, 32.205506110104473 ], [ 35.019933531393193, 32.205668524820005 ], [ 35.020972827621449, 32.205750379686997 ], [ 35.022154028832226, 32.20575208769035 ], [ 35.023146318976096, 32.205713342533478 ], [ 35.024374055802689, 32.206076639712741 ], [ 35.024751331690425, 32.2064387200938 ], [ 35.025270828744674, 32.206559970930158 ], [ 35.025601725247171, 32.206480096932935 ], [ 35.025885765764464, 32.206199297995795 ], [ 35.026264535700285, 32.20579811689305 ] ] ] } },
{ "type": "Feature", "properties": { "Physical_M": 1, "Designatio": 1, "Status_sim": 1, "Physical_1": "Fence", "Designat_1": "Main Barrier", "Status_sip": "Planned", "Shape_Leng": 1664.6295865 }, "geometry": { "type": "MultiLineString", "coordinates": [ [ [ 35.313845054577492, 31.750573347247908 ], [ 35.313809930404219, 31.750587555819369 ], [ 35.312035978818223, 31.750399589373497 ], [ 35.310335337873333, 31.749706414648958 ], [ 35.308191384610247, 31.749139746121667 ], [ 35.305826375199665, 31.749078521730024 ], [ 35.304569106723534, 31.748321696649079 ], [ 35.304788868089766, 31.746490057214842 ], [ 35.30545269589804, 31.745226498413935 ], [ 35.30500814299991, 31.744216422660319 ], [ 35.303825937547764, 31.744406737896252 ], [ 35.302371107642948, 31.74457506724093 ] ] ] } },
{ "type": "Feature", "properties": { "Physical_M": 1, "Designatio": 1, "Status_sim": 1, "Physical_1": "Fence", "Designat_1": "Main Barrier", "Status_sip": "Planned", "Shape_Leng": 82.614185270700006 }, "geometry": { "type": "MultiLineString", "coordinates": [ [ [ 35.314633121784368, 31.750254542007053 ], [ 35.313845054577492, 31.750573347247908 ] ] ] } },
{ "type": "Feature", "properties": { "Physical_M": 1, "Designatio": 1, "Status_sim": 1, "Physical_1": "Fence", "Designat_1": "Main Barrier", "Status_sip": "Completed", "Shape_Leng": 2381.3183545299999 }, "geometry": { "type": "MultiLineString", "coordinates": [ [ [ 35.039237997055132, 32.280105161456945 ], [ 35.038849153331469, 32.280044121403556 ], [ 35.038709144616838, 32.279805320765433 ], [ 35.038486393257379, 32.278731251609777 ], [ 35.038346909857559, 32.278206110483985 ], [ 35.038095513018639, 32.27744220473479 ], [ 35.037984339172851, 32.276797791226706 ], [ 35.037761078701095, 32.276010060482534 ], [ 35.037284735491909, 32.275389025718859 ], [ 35.037004259893251, 32.275173898933097 ], [ 35.036414612280986, 32.275077669275959 ], [ 35.035515789262973, 32.275100332415263 ], [ 35.034757178003375, 32.275242486156984 ], [ 35.034034017389146, 32.275406929315402 ], [ 35.032938974249056, 32.275591451354018 ], [ 35.032117865306851, 32.275636834775483 ], [ 35.031737665748203, 32.275614676699213 ], [ 35.031461486896326, 32.275403432955486 ], [ 35.031375563560573, 32.275041151548528 ], [ 35.031427893976179, 32.274806134557359 ], [ 35.031670436010614, 32.274586070748555 ], [ 35.032146946090698, 32.274260622554337 ], [ 35.032990485481164, 32.27376067333234 ], [ 35.03315927306928, 32.273617731835046 ], [ 35.033187807728375, 32.273379152692847 ], [ 35.032937544361708, 32.27204255698436 ], [ 35.032631835592504, 32.27032409547941 ], [ 35.032241298979613, 32.268915720779553 ], [ 35.032073871627837, 32.268342810793911 ], [ 35.0320744127878, 32.268056469788995 ], [ 35.032355709620369, 32.267818236391932 ], [ 35.032861681520863, 32.267580307081836 ], [ 35.033395689925626, 32.267366274963798 ], [ 35.033705111062908, 32.267104214138499 ], [ 35.033712642776614, 32.266793845188268 ], [ 35.033497218807355, 32.266426314601702 ], [ 35.033238642427541, 32.266022000463593 ], [ 35.033219330478751, 32.266003475186352 ] ] ] } },
{ "type": "Feature", "properties": { "Physical_M": 1, "Designatio": 1, "Status_sim": 1, "Physical_1": "Fence", "Designat_1": "Main Barrier", "Status_sip": "Completed", "Shape_Leng": 3437.9566511500002 }, "geometry": { "type": "MultiLineString", "coordinates": [ [ [ 35.031869845313558, 32.264708987143905 ], [ 35.031169595984373, 32.263738645182762 ], [ 35.031127485845801, 32.262806486646319 ], [ 35.031084173437755, 32.262508155186545 ], [ 35.029816089481486, 32.260194798804164 ], [ 35.029773066696954, 32.25974733169032 ], [ 35.02981808763586, 32.259150848953261 ], [ 35.030259572016888, 32.257734664277457 ], [ 35.033069541639776, 32.256769121596562 ], [ 35.036886624936834, 32.256886092434172 ], [ 35.039211765108526, 32.257075574393511 ], [ 35.04013311618715, 32.257114059332942 ], [ 35.040922902504292, 32.257115083776242 ], [ 35.046232867658283, 32.256637150397417 ], [ 35.048824208404483, 32.255111721442056 ], [ 35.050800579481404, 32.253958332514195 ], [ 35.053874513069452, 32.25235881693547 ], [ 35.056156730009199, 32.251914105069666 ] ] ] } },
{ "type": "Feature", "properties": { "Physical_M": 1, "Designatio": 1, "Status_sim": 1, "Physical_1": "Fence", "Designat_1": "Main Barrier", "Status_sip": "Completed", "Shape_Leng": 191.76496328799999 }, "geometry": { "type": "MultiLineString", "coordinates": [ [ [ 35.033219330478751, 32.266003475186352 ], [ 35.031869845313558, 32.264708987143905 ] ] ] } },
{ "type": "Feature", "properties": { "Physical_M": 1, "Designatio": 1, "Status_sim": 0, "Physical_1": "Fence", "Designat_1": "Main Barrier", "Status_sip": "Completed", "Shape_Leng": 30.688532436799999 }, "geometry": { "type": "MultiLineString", "coordinates": [ [ [ 35.039239136023831, 32.280105198981744 ], [ 35.039240831321813, 32.280068001617977 ], [ 35.039346988168624, 32.279888417944179 ], [ 35.039386818986756, 32.279869930754991 ] ] ] } },
{ "type": "Feature", "properties": { "Physical_M": 1, "Designatio": 1, "Status_sim": 0, "Physical_1": "Fence", "Designat_1": "Main Barrier", "Status_sip": "Completed", "Shape_Leng": 4.8155130107500002 }, "geometry": { "type": "MultiLineString", "coordinates": [ [ [ 35.056154090699827, 32.251917378240854 ], [ 35.056152288443371, 32.251916329327301 ], [ 35.056118964277665, 32.251885898790491 ] ] ] } },
{ "type": "Feature", "properties": { "Physical_M": 1, "Designatio": 1, "Status_sim": 0, "Physical_1": "Fence", "Designat_1": "Main Barrier", "Status_sip": "Completed", "Shape_Leng": 51.615488996899998 }, "geometry": { "type": "MultiLineString", "coordinates": [ [ [ 35.014309158236728, 32.223557330546043 ], [ 35.014369256239604, 32.22309468745798 ] ] ] } },
{ "type": "Feature", "properties": { "Physical_M": 1, "Designatio": 1, "Status_sim": 0, "Physical_1": "Fence", "Designat_1": "Main Barrier", "Status_sip": "Completed", "Shape_Leng": 9.3784378010299996 }, "geometry": { "type": "MultiLineString", "coordinates": [ [ [ 35.026282881031086, 32.205881503811099 ], [ 35.026256988706734, 32.205799846604847 ] ] ] } },
{ "type": "Feature", "properties": { "Physical_M": 2, "Designatio": 1, "Status_sim": 0, "Physical_1": "Wall", "Designat_1": "Main Barrier", "Status_sip": "Completed", "Shape_Leng": 859.07159792200002 }, "geometry": { "type": "MultiLineString", "coordinates": [ [ [ 35.204235409070634, 31.860192664818559 ], [ 35.204469273208481, 31.860076676707294 ], [ 35.204719778988476, 31.860177287617354 ], [ 35.204881871562684, 31.860139557999045 ], [ 35.205299085032841, 31.859947011655841 ], [ 35.205940611952499, 31.859778164747539 ], [ 35.206299526393927, 31.859611730727504 ], [ 35.207136042065571, 31.859095544023777 ], [ 35.20779168195817, 31.8586782489044 ], [ 35.208263629393777, 31.858463566534247 ], [ 35.208616889586558, 31.858446671328185 ], [ 35.208941892099823, 31.858531080481701 ], [ 35.209953674250414, 31.859254645229228 ], [ 35.210778929153655, 31.859722537542467 ], [ 35.211584396087275, 31.860007111918037 ], [ 35.212115717376676, 31.86011803370063 ] ] ] } },
{ "type": "Feature", "properties": { "Physical_M": 1, "Designatio": 1, "Status_sim": 0, "Physical_1": "Fence", "Designat_1": "Main Barrier", "Status_sip": "Completed", "Shape_Leng": 1591.34805347 }, "geometry": { "type": "MultiLineString", "coordinates": [ [ [ 34.882036672143307, 31.395041763463045 ], [ 34.882138700856274, 31.396018120877056 ], [ 34.882492559343326, 31.397302402681472 ], [ 34.883433441710764, 31.399749818176623 ], [ 34.883932356769243, 31.401499628135642 ], [ 34.884683240702316, 31.403797145730358 ], [ 34.885248033025157, 31.405045792243939 ], [ 34.886141122638641, 31.406807885525552 ], [ 34.886872719448483, 31.408483241229629 ], [ 34.886985834989076, 31.408700528125632 ] ] ] } },
{ "type": "Feature", "properties": { "Physical_M": 1, "Designatio": 1, "Status_sim": 1, "Physical_1": "Fence", "Designat_1": "Main Barrier", "Status_sip": "Completed", "Shape_Leng": 515.79792229500003 }, "geometry": { "type": "MultiLineString", "coordinates": [ [ [ 34.886985834989076, 31.408700528125632 ], [ 34.887648185210146, 31.409972822006512 ], [ 34.888380350815531, 31.411462200716393 ], [ 34.888848555469494, 31.413054552189262 ] ] ] } },
{ "type": "Feature", "properties": { "Physical_M": 1, "Designatio": 1, "Status_sim": 1, "Physical_1": "Fence", "Designat_1": "Main Barrier", "Status_sip": "Planned", "Shape_Leng": 6796.0657239499997 }, "geometry": { "type": "MultiLineString", "coordinates": [ [ [ 35.321356723220788, 31.752169116647682 ], [ 35.321269818077148, 31.752514679878423 ], [ 35.321874880178022, 31.753130652990123 ], [ 35.322831778965252, 31.753807949762024 ], [ 35.323382506893068, 31.754239007705731 ], [ 35.323581465140713, 31.754654979058635 ], [ 35.323563830664398, 31.754970967108285 ], [ 35.322717087446328, 31.755819485156707 ], [ 35.321951416205877, 31.756598563273155 ], [ 35.321284464080215, 31.756992213526956 ], [ 35.320202239039325, 31.757093388766613 ], [ 35.318984623158052, 31.757117609187052 ], [ 35.318380243590077, 31.757064205073192 ], [ 35.318037434088325, 31.757010564444116 ], [ 35.3176858766506, 31.757180423292525 ], [ 35.317208202311669, 31.757481405492495 ], [ 35.316739312100772, 31.757589713005149 ], [ 35.316261122079574, 31.757466827484201 ], [ 35.315710878992974, 31.757428776305225 ], [ 35.315160874290562, 31.757591095149728 ], [ 35.314565824090991, 31.7577996894119 ], [ 35.314015688707173, 31.757854110848129 ], [ 35.313546783819362, 31.757954699169069 ], [ 35.313456731528241, 31.758078082596626 ], [ 35.313556029227399, 31.758147356386257 ], [ 35.313474977989785, 31.75825531897053 ], [ 35.312879947400489, 31.758487025335718 ], [ 35.312600650377732, 31.758756994867863 ], [ 35.312582977857986, 31.759072980690064 ], [ 35.312989227996155, 31.759380900153907 ], [ 35.313530570666408, 31.759511450097833 ], [ 35.314351502512196, 31.759618637314546 ], [ 35.315046278366154, 31.759826113962514 ], [ 35.315479442583751, 31.760002988930019 ], [ 35.315696214736462, 31.760249411651543 ], [ 35.315687508817049, 31.760511444309266 ], [ 35.315218830462996, 31.760812410475932 ], [ 35.314524860507383, 31.761290822372768 ], [ 35.313875818999989, 31.761630473086246 ], [ 35.313235576616151, 31.761785154800794 ], [ 35.312604282083051, 31.761878170809066 ], [ 35.311918944348712, 31.762040590474083 ], [ 35.31138694648488, 31.762202877754831 ], [ 35.310909111182816, 31.762403649475818 ], [ 35.310936471207846, 31.76266565157739 ], [ 35.310954803492791, 31.762919954945097 ], [ 35.311207765396524, 31.763266540548663 ], [ 35.311586978781413, 31.763582193198303 ], [ 35.312426638355845, 31.764251958706001 ], [ 35.313293479568706, 31.765014175280591 ], [ 35.313862461176576, 31.76560709723849 ], [ 35.314458766400911, 31.766415776663603 ], [ 35.3147929826386, 31.766800818374499 ], [ 35.315135964096456, 31.76697006613707 ], [ 35.315614237736412, 31.767123781203242 ], [ 35.316236767845055, 31.767215715417763 ], [ 35.317030700226958, 31.767315201399619 ], [ 35.318230730668795, 31.767553039969265 ], [ 35.319024781359595, 31.767744992688989 ], [ 35.31986406371422, 31.768037086175354 ], [ 35.320198115456947, 31.768267980806279 ], [ 35.320622481933199, 31.76858356518013 ], [ 35.321868693275874, 31.76965364056527 ], [ 35.322627244966711, 31.770284879727576 ], [ 35.323439853938737, 31.770854411945749 ], [ 35.323719650949947, 31.770969748724514 ], [ 35.324224852033431, 31.770992394386312 ], [ 35.324937527470389, 31.771007135010883 ], [ 35.325677334423318, 31.771075791390675 ], [ 35.326011290507509, 31.771214192679071 ], [ 35.326715473284928, 31.771629674544982 ], [ 35.327221015377148, 31.771906626265121 ], [ 35.327636289218049, 31.772137422848676 ], [ 35.327844142881709, 31.77241465917259 ], [ 35.328007157299581, 31.772892310163527 ], [ 35.328134129996947, 31.773400822127329 ], [ 35.328360461258995, 31.774001717023001 ], [ 35.32880295494266, 31.774340376073123 ], [ 35.329127772075317, 31.774378590824103 ], [ 35.329668819479195, 31.774208515141943 ], [ 35.330399195672634, 31.773953477070158 ], [ 35.330877100353533, 31.773791164367349 ], [ 35.33116576872095, 31.773783171117003 ], [ 35.331589965528224, 31.773929172911089 ], [ 35.331671515143206, 31.774191115864365 ], [ 35.331653979243157, 31.774561050650306 ], [ 35.331303264468922, 31.775378299352294 ], [ 35.33057482568514, 31.777066767628408 ], [ 35.330359186481928, 31.777714334976643 ], [ 35.330215404714217, 31.778130632846 ], [ 35.330189060137727, 31.778662414798351 ], [ 35.330396882431081, 31.778901113068269 ], [ 35.330730967948128, 31.779108859625477 ], [ 35.331362509792832, 31.779123645233653 ], [ 35.331867504633159, 31.77896130248644 ], [ 35.332670107031305, 31.778721592303739 ], [ 35.333445778545368, 31.778582089114821 ], [ 35.334041155471802, 31.77854295140315 ], [ 35.335159810189204, 31.778518688367132 ], [ 35.335826998419009, 31.778225151757386 ], [ 35.336214371918857, 31.777831715037241 ], [ 35.336791139135819, 31.777399547358222 ], [ 35.337169889991216, 31.777291260261922 ], [ 35.337702183667567, 31.777306117888287 ], [ 35.338081476966643, 31.777575450808538 ], [ 35.338713632482666, 31.778021768109973 ], [ 35.339535294935757, 31.778498707448435 ], [ 35.339869489911912, 31.778768083414686 ], [ 35.340392683403046, 31.779438475473651 ] ] ] } },
{ "type": "Feature", "properties": { "Physical_M": 1, "Designatio": 1, "Status_sim": 1, "Physical_1": "Fence", "Designat_1": "Main Barrier", "Status_sip": "Completed", "Shape_Leng": 1519.5350200600001 }, "geometry": { "type": "MultiLineString", "coordinates": [ [ [ 35.186938902634104, 31.724650145250006 ], [ 35.186717286578848, 31.724771459741671 ], [ 35.186412300677155, 31.724825723507116 ], [ 35.186247111764025, 31.724793116621182 ], [ 35.186221724391721, 31.724651915528906 ], [ 35.18628529922902, 31.724456420094924 ], [ 35.186348887832985, 31.724184895889994 ], [ 35.186514114613452, 31.724011138770159 ], [ 35.186742868830386, 31.723880834305149 ], [ 35.186831843682221, 31.72375051025514 ], [ 35.186857291017823, 31.723576733353326 ], [ 35.186933561871527, 31.723424684558029 ], [ 35.187047958611558, 31.723250919755873 ], [ 35.187149639316779, 31.723120597198378 ], [ 35.187238612872747, 31.722990272848413 ], [ 35.187213238505741, 31.722773043162974 ], [ 35.187073492222893, 31.722610104406204 ], [ 35.186806646367224, 31.722599206721217 ], [ 35.186590628502756, 31.722599176749355 ], [ 35.186361901753848, 31.722599144615192 ], [ 35.186158615517563, 31.722468779942169 ], [ 35.186158658029782, 31.72225155307051 ], [ 35.186082450907612, 31.72207776111664 ], [ 35.186044354971941, 31.72194741986192 ], [ 35.185993549531126, 31.721838799095256 ], [ 35.185841085740542, 31.721741024726331 ], [ 35.185637778747939, 31.72173013382114 ], [ 35.185370920061118, 31.721795261892595 ], [ 35.185154864556139, 31.721979872282933 ], [ 35.18506589199545, 31.722099334031899 ], [ 35.184875253958424, 31.722262224864476 ], [ 35.184735442403941, 31.722425123252481 ], [ 35.184595643282123, 31.722533715062692 ], [ 35.184417725967293, 31.722620577829495 ], [ 35.184316068423882, 31.722631423031586 ], [ 35.184138169551801, 31.722631394899707 ], [ 35.184011120708455, 31.722533622979565 ], [ 35.183934910209139, 31.722392412658984 ], [ 35.183896854373018, 31.722099151500508 ], [ 35.183846081110211, 31.72184933234799 ], [ 35.183757183284158, 31.72162123051929 ], [ 35.183693695051602, 31.721414854493048 ], [ 35.183630184625756, 31.721306230713434 ], [ 35.183503147863284, 31.721165013004278 ], [ 35.183299862074271, 31.721067227842529 ], [ 35.183071134812145, 31.721088912142676 ], [ 35.182842379118235, 31.721230071245046 ], [ 35.182715283005919, 31.721349524327888 ], [ 35.18258817131629, 31.721534145468617 ], [ 35.182435661790493, 31.721653593328082 ], [ 35.182168801779078, 31.721718715878318 ], [ 35.181203071352506, 31.721751127418727 ], [ 35.180834570975065, 31.721751059873554 ], [ 35.180377134932996, 31.721707528693205 ], [ 35.179932399608177, 31.721685721825068 ], [ 35.179538483223389, 31.721696507414155 ], [ 35.179220799460687, 31.72173988976893 ], [ 35.178788736508331, 31.721848417193087 ], [ 35.178394794367257, 31.721946089761445 ], [ 35.178013581045541, 31.721967734394227 ], [ 35.177759443103561, 31.721967681567072 ], [ 35.177449491538553, 31.721967046335582 ] ] ] } },
{ "type": "Feature", "properties": { "Physical_M": 1, "Designatio": 1, "Status_sim": 0, "Physical_1": "Fence", "Designat_1": "Main Barrier", "Status_sip": "Completed", "Shape_Leng": 436.72207516399999 }, "geometry": { "type": "MultiLineString", "coordinates": [ [ [ 35.17414878423444, 31.721313572113907 ], [ 35.174004558279165, 31.721420711508951 ], [ 35.173941818907352, 31.721565381544924 ], [ 35.173954292839028, 31.721763655771571 ], [ 35.174123502813003, 31.721945891183672 ], [ 35.174411839861229, 31.722096002802488 ], [ 35.174750318031421, 31.722288994663785 ], [ 35.175175382722188, 31.722559019688408 ], [ 35.175402234900673, 31.722567796910546 ], [ 35.175669065309037, 31.722559131853306 ], [ 35.175983266725552, 31.722435592084118 ], [ 35.176187779392158, 31.722243829548066 ], [ 35.176492006428681, 31.722111762328076 ], [ 35.176875994811105, 31.722060698322881 ], [ 35.177145287523146, 31.722026656080292 ], [ 35.177449491538553, 31.721967046335582 ] ] ] } },
{ "type": "Feature", "properties": { "Physical_M": 2, "Designatio": 1, "Status_sim": 0, "Physical_1": "Wall", "Designat_1": "Main Barrier", "Status_sip": "Completed", "Shape_Leng": 477.44717299600001 }, "geometry": { "type": "MultiLineString", "coordinates": [ [ [ 35.176358438009977, 31.718552632748452 ], [ 35.176552843166768, 31.718778582883981 ], [ 35.176663446992166, 31.718924168196299 ], [ 35.176663384794928, 31.719133157715088 ], [ 35.176493985616773, 31.719583250861714 ], [ 35.176308163149713, 31.719912325286575 ], [ 35.176103574921719, 31.720368357042624 ], [ 35.175891789453885, 31.720772746058525 ], [ 35.175684810493649, 31.721083503692512 ], [ 35.175559367771967, 31.721276388146904 ], [ 35.175364975387346, 31.721426387557155 ], [ 35.175132999595178, 31.721474562872977 ], [ 35.174788214741689, 31.721404820928022 ], [ 35.174336867865911, 31.721292182557356 ], [ 35.17414878423444, 31.721313572113907 ] ] ] } },
{ "type": "Feature", "properties": { "Physical_M": 1, "Designatio": 1, "Status_sim": 0, "Physical_1": "Fence", "Designat_1": "Main Barrier", "Status_sip": "Completed", "Shape_Leng": 2603.8304518 }, "geometry": { "type": "MultiLineString", "coordinates": [ [ [ 35.055720584223167, 31.935207802728005 ], [ 35.055571275729115, 31.934806939042492 ], [ 35.055524972428458, 31.934487483459794 ], [ 35.055516419753765, 31.933984416421495 ], [ 35.055508612896354, 31.93301821822514 ], [ 35.055378593831726, 31.932355308213786 ], [ 35.055229205660424, 31.932091626348139 ], [ 35.054443357316558, 31.93167547964168 ], [ 35.053021181855129, 31.931034990523514 ], [ 35.052609606437095, 31.930786962649162 ], [ 35.052469433472929, 31.930619109723811 ], [ 35.052451008731616, 31.930435432512404 ], [ 35.052554188528639, 31.930323764259711 ], [ 35.052750984320298, 31.930220193795176 ], [ 35.053078865755431, 31.930116780415819 ], [ 35.05325684380859, 31.930069081085204 ], [ 35.053584997167569, 31.92979798074164 ], [ 35.053604401460426, 31.929382781563419 ], [ 35.0533708848359, 31.929039147269524 ], [ 35.053053927581239, 31.928192356296535 ], [ 35.052792971053755, 31.927457421176971 ], [ 35.052381791720748, 31.92697782760953 ], [ 35.052222913444382, 31.926801967030123 ], [ 35.052082747200195, 31.92663411300294 ], [ 35.052026886664144, 31.926442405228933 ], [ 35.052139451416259, 31.926314779261485 ], [ 35.052336069676493, 31.926315014750955 ], [ 35.052626144231503, 31.926419167221102 ], [ 35.0529630732415, 31.926499418975762 ], [ 35.053328169074966, 31.926531794464651 ], [ 35.053627895402819, 31.926460284558249 ], [ 35.05400271853587, 31.926269088027954 ], [ 35.054209284030307, 31.925910005502921 ], [ 35.054331868319579, 31.925375152440278 ], [ 35.05451980709455, 31.924952166871645 ], [ 35.054960393243846, 31.924617314819869 ], [ 35.055728550302902, 31.924354709174349 ], [ 35.056178221973326, 31.924187548442017 ], [ 35.056786863917019, 31.924140346976852 ], [ 35.057255118232952, 31.924061039243988 ], [ 35.057470507290809, 31.924029348860891 ], [ 35.057723359769653, 31.923989715863474 ], [ 35.057854675692447, 31.923838151666082 ], [ 35.057920492040729, 31.923662557086988 ], [ 35.057872570188195, 31.923450898049229 ], [ 35.057872720550577, 31.9233560617051 ], [ 35.057818500417703, 31.923154432640775 ], [ 35.057637245609129, 31.922813111080984 ], [ 35.057327126892446, 31.922332108524824 ], [ 35.057026524025964, 31.922096450942799 ], [ 35.056802371345263, 31.92194385997708 ], [ 35.056700941507266, 31.921796586525257 ], [ 35.056621195639167, 31.92155602232528 ], [ 35.056652009973561, 31.921026425861449 ], [ 35.056728552359921, 31.920213625261042 ], [ 35.056902591168047, 31.919623287245408 ], [ 35.056955509736127, 31.919443783683437 ], [ 35.05706115830867, 31.919261779057344 ], [ 35.057231943737662, 31.919101835504083 ], [ 35.05735772196973, 31.918866671150326 ], [ 35.057389415740865, 31.918610945787403 ], [ 35.057227732134884, 31.918296760881717 ] ] ] } },
{ "type": "Feature", "properties": { "Physical_M": 1, "Designatio": 1, "Status_sim": 0, "Physical_1": "Fence", "Designat_1": "Main Barrier", "Status_sip": "Completed", "Shape_Leng": 3014.9883308499998 }, "geometry": { "type": "MultiLineString", "coordinates": [ [ [ 35.012137898746147, 31.933056197864378 ], [ 35.012455328630786, 31.933794203005462 ], [ 35.012633839204817, 31.934246609209481 ], [ 35.012812857142166, 31.934455557028347 ], [ 35.013000246631833, 31.934560178953973 ], [ 35.013318190747292, 31.934644129173478 ], [ 35.013685349543479, 31.934595988821702 ], [ 35.014713539877732, 31.934388850674193 ], [ 35.015350027870305, 31.934264592205835 ], [ 35.015749711776955, 31.934265186414848 ], [ 35.016206351590121, 31.934335423785118 ], [ 35.016891355334657, 31.934419907758446 ], [ 35.017299126123064, 31.934455288452323 ], [ 35.017812978252749, 31.934469956995542 ], [ 35.018334916436281, 31.934519413545445 ], [ 35.018497829141978, 31.934630946694586 ], [ 35.018538348486139, 31.934763169088626 ], [ 35.018497255198376, 31.934916139941006 ], [ 35.018382905781728, 31.934992488324852 ], [ 35.018064548890138, 31.935110272689851 ], [ 35.017509458039868, 31.935318135479939 ], [ 35.017190704194249, 31.935630683204032 ], [ 35.017043457138421, 31.935839144361829 ], [ 35.016855323981339, 31.936096237102578 ], [ 35.016805788683506, 31.93638831313724 ], [ 35.01685419412712, 31.936652710139292 ], [ 35.016976084027228, 31.936882436745758 ], [ 35.017268835769201, 31.937328048445782 ], [ 35.017423567069329, 31.937453483585905 ], [ 35.017570210859908, 31.937544126054306 ], [ 35.017774026288158, 31.93760007355252 ], [ 35.018018724735555, 31.937607388017195 ], [ 35.018402206728986, 31.937559258616634 ], [ 35.018883658997282, 31.937469536014131 ], [ 35.01931597046385, 31.93747712244609 ], [ 35.019780702397888, 31.937589093344247 ], [ 35.020253704010607, 31.937645427245169 ], [ 35.020914304744416, 31.937708987464998 ], [ 35.021330291313575, 31.93772349922363 ], [ 35.021640164497825, 31.9377726369827 ], [ 35.022080388810679, 31.937905432677432 ], [ 35.02279779312736, 31.938122094961791 ], [ 35.023091409162951, 31.938143382294438 ], [ 35.023327938936788, 31.938157631227696 ], [ 35.023711325277667, 31.938158177188374 ], [ 35.024078439161954, 31.938137831011058 ], [ 35.024527055317378, 31.938152379213392 ], [ 35.024771634767902, 31.938222285327537 ], [ 35.025350240349404, 31.938508295061375 ], [ 35.026214043742698, 31.938954689836034 ], [ 35.026540038221796, 31.93910817765568 ], [ 35.026866168188683, 31.939192104837879 ], [ 35.027151671612842, 31.939192503572208 ], [ 35.027461726818657, 31.939151200701506 ], [ 35.027584244978598, 31.939067900388306 ], [ 35.027674227988108, 31.938935862578177 ], [ 35.027723530757299, 31.938748120835477 ], [ 35.027626055957988, 31.938532350642848 ], [ 35.027357482561527, 31.938212003182326 ], [ 35.027186596049653, 31.937996130883629 ], [ 35.027146157051696, 31.937815219865904 ], [ 35.027228075944421, 31.937634480149658 ], [ 35.027399521047542, 31.937558203400116 ], [ 35.027791076570082, 31.937551792659349 ], [ 35.028321128309315, 31.937636000077511 ], [ 35.028859246785871, 31.937768907966362 ], [ 35.029332070446593, 31.937922590300772 ], [ 35.029984024952512, 31.938250416398009 ], [ 35.030562372034353, 31.938682477834991 ], [ 35.031287086008227, 31.939365149577071 ], [ 35.032459867713939, 31.940368398407884 ], [ 35.033048033892534, 31.9409397760543 ] ] ] } },
{ "type": "Feature", "properties": { "Physical_M": 1, "Designatio": 1, "Status_sim": 0, "Physical_1": "Fence", "Designat_1": "Main Barrier", "Status_sip": "Completed", "Shape_Leng": 3040.00886352 }, "geometry": { "type": "MultiLineString", "coordinates": [ [ [ 35.193963249567489, 31.837260824047334 ], [ 35.194451040728978, 31.837346207130864 ], [ 35.194714772772016, 31.837437694977911 ], [ 35.194879606923706, 31.837479923046594 ], [ 35.195110373560773, 31.837564372549611 ], [ 35.195407073829102, 31.837662897594207 ], [ 35.1956460909634, 31.8376699498885 ], [ 35.196025222809951, 31.837648867261809 ], [ 35.196223038048323, 31.837557412595359 ], [ 35.196503280288105, 31.837374494645221 ], [ 35.196857727152327, 31.836839780493861 ], [ 35.197195695629652, 31.836185453666662 ], [ 35.197302869741634, 31.835784408332827 ], [ 35.197706828083675, 31.834250584573486 ], [ 35.197871726074943, 31.833342950102484 ], [ 35.198011934721059, 31.831844290437701 ], [ 35.198119141147068, 31.830859256678654 ], [ 35.198316970239951, 31.830303422547637 ], [ 35.198440609274122, 31.829993844295146 ], [ 35.198918644627348, 31.829304339202565 ], [ 35.199306015818664, 31.828685186968393 ], [ 35.199594483701752, 31.828171569952115 ], [ 35.199668668681525, 31.827876061612425 ], [ 35.199693403565469, 31.827636838419526 ], [ 35.199685172905127, 31.8274257578042 ], [ 35.19960278323763, 31.827031738486575 ], [ 35.199429738926177, 31.826701040046995 ], [ 35.199248457149999, 31.826349232869308 ], [ 35.199083659009808, 31.825976318538693 ], [ 35.199001268279886, 31.825666730773687 ], [ 35.199034252367582, 31.825307897057463 ], [ 35.199058984446779, 31.825146069089538 ], [ 35.199141404654213, 31.82494202896131 ], [ 35.19930454825365, 31.824756916050191 ], [ 35.1994051310066, 31.824569130732126 ], [ 35.19977408254131, 31.824227196476912 ], [ 35.200109453179756, 31.824026730001684 ], [ 35.200773136211971, 31.823738929533551 ], [ 35.202155119086058, 31.823132072515964 ], [ 35.202632965167005, 31.823010332175834 ], [ 35.203136054250095, 31.822910143906874 ], [ 35.204160077765245, 31.822634327609894 ], [ 35.204473222239464, 31.822507680565437 ], [ 35.204778123311563, 31.822317707682938 ], [ 35.205091265606725, 31.822064409516898 ], [ 35.205419843914321, 31.821761929932038 ], [ 35.205808181668544, 31.82114972310999 ], [ 35.206342011381487, 31.8206380527579 ], [ 35.206887665474483, 31.820354637535022 ], [ 35.207423286310274, 31.820157618438831 ], [ 35.209242747303136, 31.819671658715642 ], [ 35.209779294744045, 31.819607155837385 ], [ 35.210223641980399, 31.819657277980834 ], [ 35.210701479263804, 31.819814716055713 ], [ 35.2109717445991, 31.820006040058963 ] ] ] } },
{ "type": "Feature", "properties": { "Physical_M": 1, "Designatio": 1, "Status_sim": 1, "Physical_1": "Fence", "Designat_1": "Main Barrier", "Status_sip": "Planned", "Shape_Leng": 4263.8467761800002 }, "geometry": { "type": "MultiLineString", "coordinates": [ [ [ 35.094260429490369, 31.659092932066333 ], [ 35.093640734923277, 31.659429026526116 ], [ 35.093031278214276, 31.659996547312261 ], [ 35.091148030048899, 31.661058502294907 ], [ 35.090162712574944, 31.661122865049794 ], [ 35.086491814235266, 31.661714705949372 ], [ 35.084612435729547, 31.661712844885113 ], [ 35.083532602251942, 31.661403752069859 ], [ 35.082355086191349, 31.661234318664604 ], [ 35.081673092324337, 31.661305118976227 ], [ 35.080553389860931, 31.66137200004902 ], [ 35.080087569124075, 31.66152189860065 ], [ 35.079843991748071, 31.661859973027308 ], [ 35.078907793251979, 31.663545735744858 ], [ 35.078445601616345, 31.664090217204034 ], [ 35.077573645497388, 31.664402723681686 ], [ 35.076856428041992, 31.664772373898785 ], [ 35.07653047994372, 31.665171442768859 ], [ 35.076484786124894, 31.665625609864229 ], [ 35.076240255861229, 31.665921927973478 ], [ 35.075704050796929, 31.666276691411181 ], [ 35.074964372938389, 31.66626485998254 ], [ 35.07417887436106, 31.666074788391278 ], [ 35.073528330872939, 31.665679668858115 ], [ 35.073290979804604, 31.665671603067242 ], [ 35.073073673283737, 31.665937643923559 ], [ 35.071825211379526, 31.667585948351466 ], [ 35.071001163495652, 31.668636177500144 ], [ 35.070255991653802, 31.669479549134888 ], [ 35.069254279031661, 31.670235594226387 ], [ 35.068698781470587, 31.670352002354456 ], [ 35.066987283437449, 31.67055873284885 ], [ 35.065180509735676, 31.670874379552757 ], [ 35.0624198287803, 31.670704270714694 ], [ 35.060605403279268, 31.670673939259327 ], [ 35.059665155855541, 31.670426618507477 ], [ 35.058704121257584, 31.669869381455797 ], [ 35.057898891028387, 31.669417026872537 ], [ 35.056986308495716, 31.669157313128036 ], [ 35.056697474232656, 31.669192998963368 ] ] ] } },
{ "type": "Feature", "properties": { "Physical_M": 1, "Designatio": 1, "Status_sim": 0, "Physical_1": "Fence", "Designat_1": "Main Barrier", "Status_sip": "Completed", "Shape_Leng": 6922.6753876800003 }, "geometry": { "type": "MultiLineString", "coordinates": [ [ [ 34.882036672143307, 31.395041763463045 ], [ 34.882027154250935, 31.394764507650308 ], [ 34.882118826699312, 31.394258420837961 ], [ 34.882198728635927, 31.393906610730422 ], [ 34.882346548232, 31.393419953267646 ], [ 34.882772045638916, 31.392278189612266 ], [ 34.883129768447525, 31.391227874295097 ], [ 34.883464504139909, 31.390322163352163 ], [ 34.883594988931257, 31.389970477521569 ], [ 34.88380505198014, 31.389358600305613 ], [ 34.883957902876851, 31.389040725334983 ], [ 34.884037498729342, 31.388775709922886 ], [ 34.884145298245784, 31.388481832371763 ], [ 34.884303767857446, 31.38816397096565 ], [ 34.884456418940999, 31.387903960447698 ], [ 34.884625638914713, 31.387730787414554 ], [ 34.884817293665662, 31.387572136908577 ], [ 34.885053915102176, 31.387413597498792 ], [ 34.885374818466779, 31.387264911899805 ], [ 34.885768712141996, 31.387140517684276 ], [ 34.886224176238485, 31.387093426834223 ], [ 34.88679192935232, 31.387085190182081 ], [ 34.88728667519068, 31.387057481967336 ], [ 34.887725194252177, 31.387034455299865 ], [ 34.888113091718004, 31.387020946274212 ], [ 34.888427802049499, 31.387041010585936 ], [ 34.888759247923609, 31.387099691227174 ], [ 34.889101758129428, 31.387211442160506 ], [ 34.889365591781619, 31.387318176061552 ], [ 34.889629184110348, 31.387497239545461 ], [ 34.88984222082739, 31.387666535698955 ], [ 34.890043533888964, 31.387980464187677 ], [ 34.890434971531995, 31.388593827127757 ], [ 34.890709042097612, 31.389004374177862 ], [ 34.890832225809895, 31.389149337433295 ], [ 34.89112285973416, 31.389651543905543 ], [ 34.891273942574642, 31.389859261601046 ], [ 34.891374708633897, 31.389984882226617 ], [ 34.8915317330381, 31.3900961726 ], [ 34.891834718520975, 31.390265684832155 ], [ 34.892154408503032, 31.390483456302338 ], [ 34.892378841516731, 31.390609376598491 ], [ 34.892625681322237, 31.390759461800272 ], [ 34.892771610249376, 31.390827324909328 ], [ 34.893013116188307, 31.390890598867514 ], [ 34.893260195546262, 31.39096835155955 ], [ 34.893400456785983, 31.391050667640052 ], [ 34.893417129849404, 31.39110857250698 ], [ 34.893383132136982, 31.391190465308132 ], [ 34.893320963992643, 31.391291578894101 ], [ 34.893275612527866, 31.391407198322479 ], [ 34.893291634452801, 31.391662806316106 ], [ 34.893313372681092, 31.391889496838946 ], [ 34.893301349942355, 31.392125750013545 ], [ 34.893294791784541, 31.392410236293852 ], [ 34.893305159843933, 31.392675475091984 ], [ 34.893377553465811, 31.392882999917084 ], [ 34.893455712019836, 31.393047139920814 ], [ 34.893382269088477, 31.393157870132935 ], [ 34.89323031766456, 31.393210544220533 ], [ 34.893072727861522, 31.393268026127693 ], [ 34.892926237149489, 31.393368934732887 ], [ 34.892739696704723, 31.393681915530358 ], [ 34.892519140238022, 31.39408161198083 ], [ 34.892400276280419, 31.394327247863792 ], [ 34.892383029235823, 31.394442935289852 ], [ 34.892399399289722, 31.394592459875998 ], [ 34.892455009015812, 31.394775833513513 ], [ 34.892493880648409, 31.394920590539634 ], [ 34.892594492953997, 31.395094429599432 ], [ 34.892678432987168, 31.395210363063686 ], [ 34.892779157420556, 31.395350448657087 ], [ 34.89289133261677, 31.395427874135553 ], [ 34.893082130142162, 31.395529600636511 ], [ 34.893239310250507, 31.395597491692303 ], [ 34.893368508977638, 31.395626737637308 ], [ 34.893492134389426, 31.395641503693348 ], [ 34.893643883126863, 31.395651515511055 ], [ 34.893823820046229, 31.395637485213722 ], [ 34.894183850211796, 31.39556120381199 ], [ 34.894515598922808, 31.395537895759148 ], [ 34.894864289755361, 31.395490517531471 ], [ 34.895123022045645, 31.395447742508161 ], [ 34.895561735602321, 31.395376468671735 ], [ 34.895938581321268, 31.395314689077058 ], [ 34.89627043831937, 31.395257621961722 ], [ 34.89669220771377, 31.395210414338589 ], [ 34.896995909513315, 31.395167743432498 ], [ 34.8971702226318, 31.395153696131345 ], [ 34.897243238860824, 31.395173158992961 ], [ 34.897304855396847, 31.395240815539289 ], [ 34.897298811266296, 31.395370996712511 ], [ 34.897264721159694, 31.395481823362488 ], [ 34.897185548409304, 31.395626295591416 ], [ 34.897117493304989, 31.395809370873387 ], [ 34.897071625913476, 31.396084119055093 ], [ 34.897048527515828, 31.396272124898509 ], [ 34.897093044317735, 31.396412071189431 ], [ 34.897176676325863, 31.39662444241657 ], [ 34.897266166001934, 31.39676449756908 ], [ 34.897467915895959, 31.39695786353689 ], [ 34.897692435492843, 31.397064486181339 ], [ 34.897866500657202, 31.39712758968129 ], [ 34.898057509896105, 31.39716662262564 ], [ 34.898248598221976, 31.39718154585379 ], [ 34.898569154925426, 31.397143733187463 ], [ 34.898811180108041, 31.39705269105983 ], [ 34.899042040566968, 31.396937511671066 ], [ 34.899498247068749, 31.396673383156713 ], [ 34.900005168968917, 31.396370796936857 ], [ 34.900619037130909, 31.396025063348986 ], [ 34.901103342285289, 31.39576099561528 ], [ 34.90156492625875, 31.39556920421737 ], [ 34.901818126880038, 31.395497470106005 ], [ 34.902206320064131, 31.395401944658971 ], [ 34.902515672698918, 31.395349630608894 ], [ 34.902779852060526, 31.39535989626005 ], [ 34.903055351977933, 31.395346077748208 ], [ 34.903257879665688, 31.395298333094946 ], [ 34.903927482778037, 31.395097376357818 ], [ 34.904141451756111, 31.394986969816141 ], [ 34.904366909694033, 31.394799437424854 ], [ 34.904564334859408, 31.394587727673365 ], [ 34.904812567281596, 31.394308627323667 ], [ 34.905337210305674, 31.3937263806171 ], [ 34.90571495912598, 31.393375249165377 ], [ 34.905979866076812, 31.393154050941842 ], [ 34.906160039027966, 31.393062850269587 ], [ 34.906357061206961, 31.392976511378233 ], [ 34.90652588439346, 31.392919038610195 ], [ 34.906829712108198, 31.392832947042027 ], [ 34.907037868631427, 31.39278038714825 ], [ 34.907234813500715, 31.392718155775651 ], [ 34.907386879257174, 31.392626888818395 ], [ 34.907494261069388, 31.39244389896594 ], [ 34.907562217070122, 31.39228492740909 ], [ 34.907562808661019, 31.392096867370466 ], [ 34.907445975577602, 31.391710830655786 ], [ 34.907322989915961, 31.391493553033431 ], [ 34.90721724897832, 31.391155762263828 ], [ 34.907150902611811, 31.390803597038396 ], [ 34.906973089966428, 31.390147381697403 ], [ 34.906828596220976, 31.389621439778828 ], [ 34.906772856381927, 31.38947182605612 ], [ 34.906717116715939, 31.389322212897589 ], [ 34.906504380635369, 31.389046859807731 ], [ 34.906336477478114, 31.388815009964866 ], [ 34.906230026269078, 31.388703854639928 ], [ 34.90564695799646, 31.388220290256719 ], [ 34.904923766786531, 31.387611021333775 ], [ 34.904609923764632, 31.387316140954866 ], [ 34.904234342376526, 31.386992182773113 ], [ 34.903359788453351, 31.386261998754144 ], [ 34.902804838370088, 31.385783308488225 ], [ 34.90194723121536, 31.385033866665882 ], [ 34.901577273686591, 31.38471473621118 ], [ 34.901296880328232, 31.3845115465896 ], [ 34.901117261413731, 31.384433968889716 ], [ 34.900813952004441, 31.384365741608168 ], [ 34.900527258596874, 31.384374706646454 ], [ 34.90028551486462, 31.384388599925142 ], [ 34.899998525191009, 31.384489183607585 ], [ 34.899491683007199, 31.384786948520858 ], [ 34.899001558538387, 31.385128149442043 ], [ 34.898782016852728, 31.385228890378094 ], [ 34.898545611270272, 31.38532959071863 ], [ 34.898241926203099, 31.385377086638471 ], [ 34.897932666654604, 31.385410103427038 ], [ 34.89760668520406, 31.385399678882383 ], [ 34.89737632261636, 31.385370195073488 ], [ 34.896949509772725, 31.385253443022957 ], [ 34.896124057971065, 31.385000713241588 ], [ 34.895983645709137, 31.384966621418954 ], [ 34.89586582835998, 31.384898828971277 ], [ 34.895613156632464, 31.384816245531269 ], [ 34.895046049750427, 31.384631639637984 ], [ 34.894417131030536, 31.384442060161536 ], [ 34.89414202709969, 31.384344952745149 ], [ 34.893715318207782, 31.384199257655624 ], [ 34.893092026845011, 31.384009684731652 ], [ 34.892665337728751, 31.383859164505107 ], [ 34.891463811041064, 31.383456005719644 ], [ 34.890924744227291, 31.38329556029888 ], [ 34.890576608942588, 31.383188623331652 ], [ 34.890335107608131, 31.383130167096525 ], [ 34.89008800231575, 31.383066874977303 ], [ 34.889773578067008, 31.382964840140481 ], [ 34.889425428553793, 31.382862721715039 ], [ 34.889144874499081, 31.382717369698199 ], [ 34.888926084808425, 31.382591458155606 ], [ 34.888645547774644, 31.382441283391852 ], [ 34.888499861378421, 31.382305905906691 ], [ 34.888415937149666, 31.382189969582559 ], [ 34.88828746816705, 31.381948548662045 ], [ 34.888203578194393, 31.381822968294038 ], [ 34.888158919752669, 31.381731238851401 ], [ 34.888046974044642, 31.381591121744243 ], [ 34.887840384278135, 31.381180735237731 ], [ 34.887750971050544, 31.381026208382213 ], [ 34.887275305721026, 31.38040298452125 ], [ 34.887277524378369, 31.38021895191385 ] ] ] } },
{ "type": "Feature", "properties": { "Physical_M": 2, "Designatio": 1, "Status_sim": 0, "Physical_1": "Wall", "Designat_1": "Main Barrier", "Status_sip": "Completed", "Shape_Leng": 866.50308907700003 }, "geometry": { "type": "MultiLineString", "coordinates": [ [ [ 35.240975209943173, 31.813324288761734 ], [ 35.240958342078386, 31.813130542367521 ], [ 35.241077709094498, 31.812980223855508 ], [ 35.241121641433459, 31.812813825144911 ], [ 35.241014711637028, 31.812620634045722 ], [ 35.240970657229958, 31.812481097715782 ], [ 35.240983088602711, 31.812126853453705 ], [ 35.240995604557305, 31.811987300845256 ], [ 35.240976700123419, 31.811863858554648 ], [ 35.240951492663015, 31.811697480319385 ], [ 35.240951456719642, 31.811606236354411 ], [ 35.241001700186061, 31.81150424394103 ], [ 35.241215330420793, 31.811316327063544 ], [ 35.241485519381939, 31.811106925360772 ], [ 35.241699154195409, 31.810935110129627 ], [ 35.241900228946022, 31.810790134113713 ], [ 35.24229613213199, 31.810602162148673 ], [ 35.242220626467422, 31.810403594748767 ], [ 35.242377626282376, 31.810076144839694 ], [ 35.242434121906655, 31.809899007263585 ], [ 35.242396354888264, 31.809764836782598 ], [ 35.242389972868942, 31.809528678328725 ], [ 35.242176252985864, 31.809480435711194 ], [ 35.242012736830596, 31.80923895707258 ], [ 35.241918299592456, 31.80884717301759 ], [ 35.242037573270899, 31.808487530793677 ], [ 35.242213417434115, 31.808138604460172 ], [ 35.242282524946667, 31.808063442358776 ], [ 35.242390922273067, 31.808009956860406 ], [ 35.242508233257119, 31.807957276205617 ], [ 35.242685203454712, 31.807904578689694 ], [ 35.242834350021361, 31.807894343845913 ], [ 35.24296162535444, 31.807894305342973 ], [ 35.243035208364986, 31.807899377377208 ], [ 35.243216134858748, 31.807799126693624 ], [ 35.243305591331676, 31.807717583237917 ], [ 35.24342487329573, 31.807625842461373 ], [ 35.243601836600391, 31.807559556170567 ], [ 35.243804650103478, 31.807488167278937 ], [ 35.244013442558526, 31.807445646761511 ] ] ] } },
{ "type": "Feature", "properties": { "Physical_M": 2, "Designatio": 1, "Status_sim": 0, "Physical_1": "Wall", "Designat_1": "Main Barrier", "Status_sip": "Completed", "Shape_Leng": 315.87278207000003 }, "geometry": { "type": "MultiLineString", "coordinates": [ [ [ 35.244013442558526, 31.807445646761511 ], [ 35.244043278199285, 31.807457524687742 ], [ 35.244204346274536, 31.80742690652254 ], [ 35.244490706471801, 31.807409833882396 ], [ 35.244665709788357, 31.807411477142924 ], [ 35.244962024500971, 31.8074198738286 ], [ 35.245308052426701, 31.807419763069255 ], [ 35.245469132792969, 31.807418012677104 ], [ 35.245630211519014, 31.807409469808295 ], [ 35.24575151016267, 31.807389051860007 ], [ 35.245930470140557, 31.807343140274469 ], [ 35.246006026696364, 31.807315944138352 ], [ 35.246145205452592, 31.807253063089277 ], [ 35.246194910097806, 31.807227573829579 ], [ 35.246397700896217, 31.807112026602248 ], [ 35.2465826047139, 31.80702026059674 ], [ 35.246898775918687, 31.806967509820492 ], [ 35.247024073394876, 31.806992940863591 ], [ 35.247173236014845, 31.80702176137828 ], [ 35.247207053091792, 31.807042129192219 ] ] ] } },
{ "type": "Feature", "properties": { "Physical_M": 2, "Designatio": 1, "Status_sim": 0, "Physical_1": "Wall", "Designat_1": "Main Barrier", "Status_sip": "Completed", "Shape_Leng": 413.19666203999998 }, "geometry": { "type": "MultiLineString", "coordinates": [ [ [ 35.247207053091792, 31.807042129192219 ], [ 35.247294576009558, 31.807089650955422 ], [ 35.247376140649301, 31.80715415564956 ], [ 35.247447783174948, 31.807264517548791 ], [ 35.247565199441148, 31.807447888063422 ], [ 35.247708490911698, 31.807677101196656 ], [ 35.247800015894022, 31.807777266824989 ], [ 35.247887552540554, 31.807851959624173 ], [ 35.247919380185834, 31.807868931494017 ], [ 35.247965131300901, 31.807894388783524 ], [ 35.248094422109745, 31.807952084980027 ], [ 35.248201819872634, 31.807970728140027 ], [ 35.24831119644886, 31.80797069044754 ], [ 35.248462332292291, 31.807962147425734 ], [ 35.248555786762218, 31.807934942990169 ], [ 35.248689001797956, 31.80788055261025 ], [ 35.248796358285688, 31.807814284488867 ], [ 35.248909658084777, 31.807700462970505 ], [ 35.248975241023608, 31.807610433094816 ], [ 35.249009004018966, 31.807517017909746 ], [ 35.249126145550875, 31.807124683280744 ], [ 35.249199647000616, 31.806959927808027 ], [ 35.249251311714737, 31.806876695543323 ], [ 35.249318893523238, 31.80681044098284 ], [ 35.249374559843218, 31.806776455818319 ], [ 35.249501805574141, 31.806718670846834 ], [ 35.249615141364991, 31.806684665717071 ], [ 35.249740413481803, 31.80665744909918 ], [ 35.249851769986996, 31.806642124546492 ], [ 35.250030752517624, 31.806650552466717 ], [ 35.250160022778665, 31.806667488214178 ] ] ] } },
{ "type": "Feature", "properties": { "Physical_M": 2, "Designatio": 1, "Status_sim": 0, "Physical_1": "Wall", "Designat_1": "Main Barrier", "Status_sip": "Completed", "Shape_Leng": 1789.95932264 }, "geometry": { "type": "MultiLineString", "coordinates": [ [ [ 35.250160022778665, 31.806667488214178 ], [ 35.250400927650823, 31.806697032270719 ], [ 35.250661892089866, 31.806702120057885 ], [ 35.250771107062114, 31.806650254144611 ], [ 35.25092886088531, 31.806577639106806 ], [ 35.251019852128636, 31.806494684766779 ], [ 35.251086562322868, 31.806401372736676 ], [ 35.251122926255903, 31.806302889433997 ], [ 35.251353170496444, 31.80556687233867 ], [ 35.251419837682597, 31.805390638490355 ], [ 35.251480480812447, 31.80530251145186 ], [ 35.251735240043608, 31.805048468444063 ], [ 35.251856578139041, 31.804975866960483 ], [ 35.252202419899888, 31.804825440783826 ], [ 35.252463349651997, 31.80477351692306 ], [ 35.252803197584292, 31.804768205156762 ], [ 35.253130923490332, 31.804793993188465 ], [ 35.253501150118531, 31.80485604243167 ], [ 35.25401099715377, 31.804990593138033 ], [ 35.254187024010918, 31.805052715934465 ], [ 35.254848607103618, 31.805213116922598 ], [ 35.25532808640672, 31.805295847610534 ], [ 35.255607259070608, 31.805311283329225 ], [ 35.255831798193981, 31.805300827436856 ], [ 35.256098810862191, 31.80527480675881 ], [ 35.256274793307668, 31.805254004446148 ], [ 35.256687395184287, 31.805119086602943 ], [ 35.256917931828703, 31.804984243858229 ], [ 35.257081697164779, 31.804823514668403 ], [ 35.257445555271715, 31.804356927907687 ], [ 35.25775478602953, 31.803879996449449 ], [ 35.258185332591125, 31.803309727154339 ], [ 35.258361139808947, 31.802993512609994 ], [ 35.258646178227238, 31.802672068327155 ], [ 35.258894865960855, 31.80245947492233 ], [ 35.259010102367789, 31.802345407186248 ], [ 35.259222420108735, 31.802205385057292 ], [ 35.259483295499777, 31.802080889899905 ], [ 35.260290206126939, 31.801733301877089 ], [ 35.260727026331246, 31.80154135224624 ], [ 35.260884728988223, 31.801411716255927 ], [ 35.260993873764818, 31.801266554513944 ], [ 35.261024146778283, 31.801152523275245 ], [ 35.261036201027473, 31.801017770005984 ], [ 35.261011845290803, 31.800883031750114 ], [ 35.260853928710539, 31.800660249887692 ], [ 35.260453168200513, 31.800261364445202 ], [ 35.260101014324469, 31.79995574352818 ], [ 35.259597097844626, 31.799556901032162 ], [ 35.259275343433636, 31.799339369897371 ], [ 35.258777528553694, 31.798987164142392 ], [ 35.258431492991463, 31.798748910495632 ], [ 35.258049051793698, 31.798515854224984 ] ] ] } },
{ "type": "Feature", "properties": { "Physical_M": 2, "Designatio": 1, "Status_sim": 0, "Physical_1": "Wall", "Designat_1": "Main Barrier", "Status_sip": "Completed", "Shape_Leng": 1472.8600027499999 }, "geometry": { "type": "MultiLineString", "coordinates": [ [ [ 35.015219774497837, 32.162021196846389 ], [ 35.015171798305239, 32.162059435978641 ], [ 35.01483848135576, 32.162208025203981 ], [ 35.013506042046757, 32.162399838404212 ], [ 35.013015104533729, 32.162488549679544 ], [ 35.012646666596794, 32.162666898785325 ], [ 35.012084680255832, 32.163202765977999 ], [ 35.011417555607657, 32.163723562679571 ], [ 35.011049267032647, 32.163827362093592 ], [ 35.010593531314647, 32.163841573683776 ], [ 35.009122273745561, 32.163362227478814 ], [ 35.008491621433677, 32.163212163379342 ], [ 35.00800080203927, 32.163241220121833 ], [ 35.007246758307957, 32.163418954346255 ], [ 35.006703469266078, 32.163529285592944 ], [ 35.005861866756746, 32.16353606057838 ], [ 35.005474457408184, 32.163608844767211 ], [ 35.004774345915116, 32.163921980207839 ], [ 35.00414337019776, 32.163920983166989 ], [ 35.003600392989988, 32.163871210180751 ], [ 35.003175703330037, 32.163768590651515 ], [ 35.002838033538467, 32.163730982348632 ], [ 35.002391270079222, 32.163758073025861 ], [ 35.001693669836364, 32.163895972509138 ], [ 35.001006880414998, 32.164070956370665 ], [ 35.000654683272465, 32.164163310267355 ] ] ] } },
{ "type": "Feature", "properties": { "Physical_M": 1, "Designatio": 1, "Status_sim": 0, "Physical_1": "Fence", "Designat_1": "Main Barrier", "Status_sip": "Completed", "Shape_Leng": 1382.93469476 }, "geometry": { "type": "MultiLineString", "coordinates": [ [ [ 35.026071855138497, 32.196956521411998 ], [ 35.026219773843437, 32.196851890853324 ], [ 35.02671599103153, 32.196534041753715 ], [ 35.026809976086916, 32.196364945413599 ], [ 35.026872716115037, 32.196209078093055 ], [ 35.026837910571935, 32.196046437340208 ], [ 35.026767958907982, 32.195897020755837 ], [ 35.026627727956615, 32.195767413605118 ], [ 35.026436689490808, 32.195677553078177 ], [ 35.025681158877681, 32.195492696698466 ], [ 35.023896850965201, 32.195026106034774 ], [ 35.022593330432663, 32.194670297349006 ], [ 35.020245073545432, 32.19407699825237 ], [ 35.018534818238095, 32.193610439170847 ], [ 35.017157324919651, 32.193262330968338 ], [ 35.016047983935124, 32.192961800596294 ], [ 35.015354605701411, 32.192795593734566 ], [ 35.014883153733109, 32.192661176767118 ], [ 35.014340609144014, 32.192679003698068 ] ] ] } },
{ "type": "Feature", "properties": { "Physical_M": 2, "Designatio": 1, "Status_sim": 0, "Physical_1": "Wall", "Designat_1": "Main Barrier", "Status_sip": "Completed", "Shape_Leng": 1432.7494565899999 }, "geometry": { "type": "MultiLineString", "coordinates": [ [ [ 35.2109717445991, 31.820006040058963 ], [ 35.211045291101065, 31.82005810392986 ], [ 35.211333667871536, 31.820487542281313 ], [ 35.211417555514146, 31.820802548596024 ], [ 35.21142592217155, 31.82110322008613 ], [ 35.211216571200126, 31.823861312412202 ], [ 35.211250074388843, 31.824133303937444 ], [ 35.211916961806892, 31.826820143862786 ], [ 35.211947840694641, 31.827151216077322 ], [ 35.211956125064106, 31.827678915782087 ], [ 35.211971501047501, 31.828073196925214 ], [ 35.211980912282165, 31.828466946101003 ], [ 35.212055095833698, 31.828628769393735 ], [ 35.212239878752463, 31.828996658639053 ], [ 35.211711710460847, 31.83015626793626 ], [ 35.211317676881947, 31.831232899014083 ], [ 35.211200355149373, 31.83173405417476 ], [ 35.211124961545764, 31.832142047373619 ], [ 35.211066259002948, 31.832557254875653 ] ] ] } },
{ "type": "Feature", "properties": { "Physical_M": 1, "Designatio": 1, "Status_sim": 0, "Physical_1": "Fence", "Designat_1": "Main Barrier", "Status_sip": "Completed", "Shape_Leng": 1687.5302223199999 }, "geometry": { "type": "MultiLineString", "coordinates": [ [ [ 35.000654683272465, 32.164163310267355 ], [ 35.000058436783881, 32.164319655910738 ], [ 34.999404286234494, 32.164513219176968 ], [ 34.99888106284461, 32.164623582957439 ], [ 34.998292487721905, 32.164724569240221 ], [ 34.998009188695718, 32.164733375165191 ], [ 34.997671182709837, 32.164844035914143 ], [ 34.997496208446904, 32.165131048375756 ], [ 34.997419354737424, 32.165390417994487 ], [ 34.997484119094153, 32.165659285754884 ], [ 34.997636236070889, 32.165844888038762 ], [ 34.998017326200667, 32.165956722737604 ], [ 34.99851855886763, 32.165939003896213 ], [ 34.999237700309386, 32.165921637180872 ], [ 34.999858615823747, 32.165978248129335 ], [ 35.00035968304357, 32.166034663410869 ], [ 35.000686093550748, 32.166239078402427 ], [ 35.000816220111822, 32.16651731855741 ], [ 35.000804830573365, 32.166739724083818 ], [ 35.000706173004225, 32.167008328275557 ], [ 35.000357059623646, 32.167211654171894 ], [ 34.999724616759927, 32.167433057676803 ], [ 34.999190419731981, 32.167571207425681 ], [ 34.998459785842833, 32.16784805035099 ], [ 34.997631023750046, 32.168152531827509 ], [ 34.997194818342265, 32.168318636339208 ], [ 34.996900444264838, 32.168401563259984 ], [ 34.996529883339953, 32.168447293521339 ], [ 34.996224696769993, 32.168493130868121 ], [ 34.995952303493169, 32.16849268238974 ], [ 34.995679909527887, 32.168492233323789 ], [ 34.995146017401375, 32.168491351453405 ], [ 34.994764666293641, 32.168490720167313 ], [ 34.994514042676592, 32.168499571775357 ], [ 34.994187042780545, 32.168554635130405 ], [ 34.993947101655195, 32.168656181004678 ], [ 34.993641742426036, 32.168776151693471 ], [ 34.992693403192305, 32.169194472564584 ], [ 34.991869134869724, 32.169351739215124 ] ] ] } },
{ "type": "Feature", "properties": { "Physical_M": 1, "Designatio": 1, "Status_sim": 0, "Physical_1": "Fence", "Designat_1": "Main Barrier", "Status_sip": "Completed", "Shape_Leng": 514.93446452700005 }, "geometry": { "type": "MultiLineString", "coordinates": [ [ [ 35.019260131452732, 32.158966915550167 ], [ 35.01887736772008, 32.159524198991093 ], [ 35.017471332570729, 32.160333420700091 ], [ 35.016348018739542, 32.161121928297163 ], [ 35.015219774497837, 32.162021196846389 ] ] ] } }
]
}
