{
"type": "FeatureCollection",
"name": "green_line_2",
"crs": { "type": "name", "properties": { "name": "urn:ogc:def:crs:OGC:1.3:CRS84" } },
"features": [
{ "type": "Feature", "properties": { "OBJECTID": 1, "ID": 1.0, "LENGTH": 77744.732, "AREA": 7744.732, "PERIMETER": 31.0, "ALLMAP1_": 30.0, "ALLMAP1_ID": 0.0, "NAME": null, "NAME_CITY": "77744.732", "Shape_Leng": 77744.7316097 }, "geometry": { "type": "MultiLineString", "coordinates": [ [ [ 34.987022605809422, 31.9677309031844 ], [ 34.987289546638785, 31.967735869033806 ], [ 34.987484831826919, 31.96770548445577 ], [ 34.987638999479806, 31.967657698369766 ], [ 34.987721942701846, 31.967321070249422 ], [ 34.987747942369559, 31.967159352210857 ], [ 34.987789356392653, 31.966980046283581 ], [ 34.987829875579465, 31.966829907900966 ], [ 34.987875592725509, 31.966648355649166 ], [ 34.987928035058921, 31.966417919526595 ], [ 34.987969900899465, 31.966257214150136 ], [ 34.988017807648163, 31.966057911598533 ], [ 34.988039563567952, 31.965873077311748 ], [ 34.988087940928281, 31.965684060683714 ], [ 34.98816499048251, 31.965462543782447 ], [ 34.988220695628094, 31.965320743999133 ], [ 34.988292082245856, 31.965117112914374 ], [ 34.988348016022158, 31.964947976837841 ], [ 34.988427005912271, 31.964744358602267 ], [ 34.988502159248469, 31.964555387325124 ], [ 34.988569535851497, 31.964369644790334 ], [ 34.988621744855607, 31.964238124925124 ], [ 34.988681379820207, 31.964111127613872 ], [ 34.988783170951237, 31.963910788075193 ], [ 34.988873770388381, 31.963689293684126 ], [ 34.988943463115277, 31.963502286004193 ], [ 34.989053096985685, 31.963269268852436 ], [ 34.98914525247546, 31.963088499102785 ], [ 34.989255116563889, 31.962898318219413 ], [ 34.989347410763372, 31.962728961878511 ], [ 34.989460783465368, 31.962522160037967 ], [ 34.98954149492841, 31.962357715945242 ], [ 34.989655184643574, 31.962156127828933 ], [ 34.989718661656525, 31.962011100236737 ], [ 34.989816588321986, 31.96183527082411 ], [ 34.989897423022676, 31.961688722253484 ], [ 34.989993425922947, 31.961558403906277 ], [ 34.990076331613409, 31.961444971452842 ], [ 34.990172409571556, 31.961282103079043 ], [ 34.990278163971432, 31.961080078024285 ], [ 34.990354981134196, 31.96095479972551 ], [ 34.990393051852706, 31.96078830998588 ], [ 34.990485467656463, 31.960635861936815 ], [ 34.990565121446693, 31.960498611309244 ], [ 34.990653273171006, 31.960331782861999 ], [ 34.990741429386503, 31.960162419361136 ], [ 34.9908501388975, 31.959968148936557 ], [ 34.990914738369419, 31.959836225910507 ], [ 34.99098527740415, 31.959709245746275 ], [ 34.991041099967113, 31.959584636025468 ], [ 34.991155738947832, 31.959398266141438 ], [ 34.991252796924485, 31.959238921012549 ], [ 34.991323151720685, 31.959119407345202 ], [ 34.991393677199703, 31.958997358927192 ], [ 34.991508282312907, 31.958825501517808 ], [ 34.991631462883603, 31.958661268766516 ], [ 34.991731236835996, 31.958541804153874 ], [ 34.991845617236955, 31.958394887482367 ], [ 34.99197604656284, 31.958240811910038 ], [ 34.992122655279438, 31.958094089575695 ], [ 34.992228235953121, 31.957964630456914 ], [ 34.992333775123953, 31.957852643800681 ], [ 34.99244230670417, 31.957733194137312 ], [ 34.992594875475369, 31.957581408493454 ], [ 34.992694651768488, 31.957459407203146 ], [ 34.992838295283306, 31.957307606376645 ], [ 34.99294685397718, 31.957175756385922 ], [ 34.993112202767463, 31.956999614478693 ], [ 34.993217746619706, 31.956885091174634 ], [ 34.993373116326822, 31.95673584512474 ], [ 34.993513908262344, 31.956601512300477 ], [ 34.993660500987069, 31.95645957854342 ], [ 34.993801313852813, 31.956315240713067 ], [ 34.993918578179141, 31.956205808044864 ], [ 34.994065238462767, 31.956034142945949 ], [ 34.994227369126463, 31.955890262890584 ], [ 34.994382878826094, 31.95575102051982 ], [ 34.994535270666674, 31.955601628304876 ], [ 34.994676064944471, 31.955464756460461 ], [ 34.994807916589266, 31.9553353385127 ], [ 34.994972223296841, 31.955178638193228 ], [ 34.995121825181727, 31.955019376620765 ], [ 34.995239086294049, 31.954909942696943 ], [ 34.995427731376132, 31.954733554694453 ], [ 34.995574340501172, 31.954581755564906 ], [ 34.995709330039588, 31.954452341816811 ], [ 34.995826578589664, 31.954347839333721 ], [ 34.995946852871867, 31.954220937956482 ], [ 34.996064117714184, 31.954108967358518 ], [ 34.996181393714572, 31.953991923967173 ], [ 34.99632496309102, 31.953867596317192 ], [ 34.996474505390701, 31.953733273562872 ], [ 34.996600589857508, 31.953593839542666 ], [ 34.996713732416111, 31.953477071150218 ], [ 34.996871987851549, 31.953362630021136 ], [ 34.997082921757411, 31.953193603159654 ], [ 34.997261742293503, 31.953046786634687 ], [ 34.997417015263487, 31.952934876751616 ], [ 34.99756953444345, 31.952798021632059 ], [ 34.997689776542025, 31.952683517545204 ], [ 34.997845065092726, 31.952564139235538 ], [ 34.997994558327413, 31.952449824015172 ], [ 34.998135143227145, 31.95232788464196 ], [ 34.998294794147462, 31.952178921643416 ], [ 34.998406231007117, 31.952084412015136 ], [ 34.998520498164503, 31.9519799021535 ], [ 34.998672230769351, 31.951823880861653 ], [ 34.998822503343312, 31.951655457079347 ], [ 34.998943866477546, 31.951555326700706 ], [ 34.999078616360578, 31.95145535853181 ], [ 34.99924034823821, 31.951335284583767 ], [ 34.999462662768451, 31.951172330463628 ], [ 34.999600703272542, 31.951078003379386 ], [ 34.999745545766444, 31.950972133064571 ], [ 34.999880311915383, 31.950863568868439 ], [ 35.000018359140114, 31.950766282482387 ], [ 35.000294647812972, 31.95055761872112 ], [ 35.000432713134366, 31.950451736716911 ], [ 35.000611342045993, 31.950311678681928 ], [ 35.000842320916078, 31.950189317646263 ], [ 35.000987109988621, 31.950106413209703 ], [ 35.001168961822991, 31.950003559374668 ], [ 35.001340693600497, 31.949917880378376 ], [ 35.001505732358012, 31.949794989718011 ], [ 35.001815672043527, 31.949612022151289 ], [ 35.002000846075276, 31.949500577220299 ], [ 35.002206143466509, 31.949406354440736 ], [ 35.002492384890331, 31.949252091899201 ], [ 35.002633853154428, 31.949174958209699 ], [ 35.002876224065055, 31.949055007658206 ], [ 35.003094324767517, 31.9489244489064 ], [ 35.003262619992284, 31.948821570552077 ], [ 35.003471398439977, 31.948721574200274 ], [ 35.003744072229928, 31.948573065267773 ], [ 35.00399320942423, 31.948455941426204 ], [ 35.004255707818785, 31.948350392196769 ], [ 35.004478072160019, 31.948233224298253 ], [ 35.00465641408455, 31.948144733013418 ], [ 35.004895562318083, 31.947984613902008 ], [ 35.005028308474337, 31.947888300258533 ], [ 35.005179902655705, 31.947788211286834 ], [ 35.005405497290049, 31.947628069939316 ], [ 35.005664846995572, 31.947447972451119 ], [ 35.005792923119692, 31.947370813347312 ], [ 35.006018527781229, 31.94720503547094 ], [ 35.006146469140127, 31.947113503575043 ], [ 35.006457667657578, 31.946874585150464 ], [ 35.006663317186288, 31.946688624857128 ], [ 35.006808241356104, 31.946537091228116 ], [ 35.006923010031521, 31.946345212046484 ], [ 35.00700071138936, 31.9461763832483 ], [ 35.007014502499963, 31.945987164249487 ], [ 35.007008288302337, 31.945724219642699 ], [ 35.006985110537968, 31.945589475015527 ], [ 35.006931733060817, 31.945357315372259 ], [ 35.006895163798518, 31.945225508754 ], [ 35.006818149088552, 31.944996130461703 ], [ 35.006741239574986, 31.944795356949747 ], [ 35.006640889050686, 31.944583274199516 ], [ 35.006549705458127, 31.944411646639931 ], [ 35.006408912292542, 31.944179350530455 ], [ 35.006288248210019, 31.943961458788021 ], [ 35.006187715426982, 31.94383518849461 ], [ 35.006113953216364, 31.943708960819631 ], [ 35.006003536572216, 31.94349108389018 ], [ 35.005862751478567, 31.943255828305347 ], [ 35.005757922888975, 31.943052897552459 ], [ 35.005680850508469, 31.942929622390235 ], [ 35.005390680400431, 31.942541246798037 ], [ 35.005140539802788, 31.942212114964615 ], [ 35.004897349876231, 31.94187932946808 ], [ 35.004660779242684, 31.94154303141157 ], [ 35.004431323863386, 31.94120322161228 ], [ 35.004208817035462, 31.940860181211743 ], [ 35.003993260067318, 31.940513769564692 ], [ 35.003784982560802, 31.94016412790965 ], [ 35.003490491884143, 31.9396425816293 ], [ 35.003149384026635, 31.938978785015827 ], [ 35.002805139780811, 31.938316108819397 ], [ 35.002716966186689, 31.938134478404137 ], [ 35.002640037376736, 31.937949201707461 ], [ 35.002574683377475, 31.937760703127267 ], [ 35.002520901837151, 31.937569545410319 ], [ 35.00247885749004, 31.937376292467803 ], [ 35.002451638818322, 31.937203918474761 ], [ 35.002434305380511, 31.93704494584474 ], [ 35.002423417541621, 31.936885560506202 ], [ 35.0024189749588, 31.936725904045225 ], [ 35.002421141960191, 31.93656625718852 ], [ 35.002429917142429, 31.936406762420347 ], [ 35.002445137304591, 31.936247560163117 ], [ 35.00246679937576, 31.936089072459534 ], [ 35.002495069664043, 31.935931157985461 ], [ 35.002525949299631, 31.935789453284968 ], [ 35.002570427535538, 31.935624519555621 ], [ 35.002625146981053, 31.935461856615053 ], [ 35.00268960857241, 31.935301886609366 ], [ 35.002763811341566, 31.935145032474168 ], [ 35.002847591777659, 31.934991574397866 ], [ 35.002940615186375, 31.934842217953122 ], [ 35.003042717316802, 31.934697102640897 ], [ 35.003153565910623, 31.934556792450266 ], [ 35.003268855538622, 31.934425788721693 ], [ 35.003958386543459, 31.933739807220306 ], [ 35.004319031600232, 31.933387399374357 ], [ 35.004980801809957, 31.932771399919911 ], [ 35.005347824136784, 31.932446053593392 ], [ 35.005721276343941, 31.93212621191141 ], [ 35.006101323098441, 31.93181201485676 ], [ 35.00662086713303, 31.931399679949759 ], [ 35.007607602556732, 31.930633822933093 ], [ 35.008593333183988, 31.92986682839669 ], [ 35.008862595433669, 31.929660671085781 ], [ 35.009136143210455, 31.929458605013821 ], [ 35.009413647652828, 31.929260631452447 ], [ 35.009904742938588, 31.928927007543574 ], [ 35.010165995085025, 31.928755357632962 ], [ 35.010427411096757, 31.928584271064125 ], [ 35.010598484822772, 31.928474623159204 ], [ 35.010771700779671, 31.928367373513272 ], [ 35.010947223048156, 31.928262945319968 ], [ 35.01112472230529, 31.9281610567018 ], [ 35.01130419826719, 31.928061847431923 ], [ 35.011485817252002, 31.927965177972929 ], [ 35.011669411311601, 31.927871471013429 ], [ 35.011854818498506, 31.927780301543464 ], [ 35.012042036116448, 31.927691953623697 ], [ 35.01223106388678, 31.927606567027627 ], [ 35.012421739563408, 31.927523860134972 ], [ 35.012614225710323, 31.927443973867454 ], [ 35.012945105270951, 31.927314836657338 ], [ 35.013266377923173, 31.927197097531845 ], [ 35.013590117117907, 31.927084293335341 ], [ 35.013916159579686, 31.926976141535537 ], [ 35.014244338753883, 31.926872924134706 ], [ 35.014725592086286, 31.92673146657496 ], [ 35.015423220354322, 31.926540587661954 ], [ 35.016124624861057, 31.926360138221515 ], [ 35.016829639808606, 31.926190117947776 ], [ 35.017969512752394, 31.92593886378565 ], [ 35.018167692593046, 31.92589927695904 ], [ 35.01836669214363, 31.925862650789583 ], [ 35.018566346468333, 31.925828984130394 ], [ 35.018766820541401, 31.925798277219542 ], [ 35.018967784187588, 31.925770670254945 ], [ 35.019169237988898, 31.925745882769789 ], [ 35.019371180344422, 31.925724195224912 ], [ 35.019654584441838, 31.925698821073638 ], [ 35.019993500024199, 31.925674654149272 ], [ 35.020333066209098, 31.925655559989405 ], [ 35.020722190711226, 31.925639777714881 ], [ 35.021265461507809, 31.925626471086591 ], [ 35.021979719072661, 31.925621440257199 ], [ 35.022370799670135, 31.92561946437937 ], [ 35.022761891612383, 31.925611710266953 ], [ 35.023152663857744, 31.925598177447373 ], [ 35.023543117390396, 31.925578865924802 ], [ 35.023933251356354, 31.925553634115275 ], [ 35.024322570263067, 31.925522764490097 ], [ 35.024732060797952, 31.925483889704768 ], [ 35.025818279117104, 31.925366915960122 ], [ 35.026902860439051, 31.925239786079022 ], [ 35.027109440104844, 31.925211329066588 ], [ 35.027314874187127, 31.925176952389492 ], [ 35.027518667268296, 31.925136372192455 ], [ 35.027720820094338, 31.925089730971482 ], [ 35.027920835651365, 31.925037027141968 ], [ 35.028118549468111, 31.924978542754719 ], [ 35.028313795769847, 31.924914136005 ], [ 35.028469374588887, 31.924857987893507 ], [ 35.028776896343992, 31.924745122433738 ], [ 35.029086556903536, 31.924636486000058 ], [ 35.029270240284248, 31.924570371809981 ], [ 35.029451124045288, 31.924498897598323 ], [ 35.029628879307019, 31.924422065629898 ], [ 35.029803339773146, 31.924340014569044 ], [ 35.02997450436537, 31.924252744427619 ], [ 35.030141878728529, 31.924160537711685 ], [ 35.030305462846954, 31.924063394435919 ], [ 35.030464758679742, 31.923961312129244 ], [ 35.030654013758735, 31.923830243761124 ], [ 35.030796794033201, 31.923725038895519 ], [ 35.030937430402503, 31.923617717077168 ], [ 35.031075921805311, 31.923508279213483 ], [ 35.031212104083487, 31.923396864869435 ], [ 35.031345976442637, 31.923283333367603 ], [ 35.031477539411235, 31.923167966985087 ], [ 35.031729929589829, 31.922934541713222 ], [ 35.031890651468373, 31.922775250857153 ], [ 35.032044771824843, 31.922611301059881 ], [ 35.032191962623635, 31.92244283258421 ], [ 35.032332386191818, 31.922270127041212 ], [ 35.032465547698322, 31.922093184685224 ], [ 35.032609670389029, 31.92188497471221 ], [ 35.032749985735322, 31.921680846467066 ], [ 35.032898717401224, 31.921481096928868 ], [ 35.033055371044206, 31.921286007671068 ], [ 35.033220110526493, 31.92109557978733 ], [ 35.033465601000465, 31.920835228688293 ], [ 35.033608128957212, 31.920683802030915 ], [ 35.033740919133358, 31.920526162123782 ], [ 35.033864137572607, 31.920362872856828 ], [ 35.033976956680462, 31.920194355198792 ], [ 35.034079377029933, 31.920020892349108 ], [ 35.034179192545047, 31.919825726348446 ], [ 35.034433425846416, 31.919300616306963 ], [ 35.034698220980864, 31.918779605957337 ], [ 35.034973744322912, 31.918262413186607 ], [ 35.035279056820016, 31.917715669822652 ], [ 35.035437014108304, 31.917433356138758 ], [ 35.035589193425778, 31.917148640236732 ], [ 35.035735592445768, 31.916861661014206 ], [ 35.03587588293064, 31.916572701227025 ], [ 35.036010394263229, 31.91628147906215 ], [ 35.036160031771679, 31.915938422131042 ], [ 35.03624150691634, 31.915740411894749 ], [ 35.036319019170691, 31.915541127496905 ], [ 35.036392237367977, 31.915340710092504 ], [ 35.036461492207231, 31.915139301711768 ], [ 35.036526618777181, 31.914936901241404 ], [ 35.0365906098789, 31.914722661942303 ], [ 35.036647497356995, 31.914508696396933 ], [ 35.036686296999711, 31.914338810454563 ], [ 35.036751257192513, 31.914045663978925 ], [ 35.036822161023281, 31.913753652569184 ], [ 35.036899010809485, 31.913462634632708 ], [ 35.036981804124977, 31.913172752643149 ], [ 35.0371637296874, 31.912601463626306 ], [ 35.037270347592134, 31.912290616577302 ], [ 35.037378451818675, 31.911980053645433 ], [ 35.037643677592477, 31.911199340706208 ], [ 35.038094149025362, 31.909737854394773 ], [ 35.038227996555079, 31.909254709483989 ], [ 35.038351935375431, 31.908769861433864 ], [ 35.038465963776488, 31.908283167783367 ], [ 35.038643943261633, 31.907414410763646 ], [ 35.038839451615445, 31.906348544407987 ], [ 35.039029175227711, 31.905281824127865 ], [ 35.039057899192656, 31.905107133611214 ], [ 35.039082990054638, 31.904932156087177 ], [ 35.039104611693624, 31.904756892672864 ], [ 35.039122600268215, 31.904581343157027 ], [ 35.03913695499476, 31.904405365954172 ], [ 35.039147676196819, 31.904229383118469 ], [ 35.039154928003263, 31.904053255983772 ], [ 35.039158546577404, 31.903876982534008 ], [ 35.039158531687072, 31.903700704355245 ], [ 35.039154882294262, 31.903524422347985 ], [ 35.039147598422964, 31.903348134708335 ], [ 35.039136845560726, 31.903172124822902 ], [ 35.039122294149756, 31.902996250676303 ], [ 35.039104272732999, 31.902820653378747 ], [ 35.039057818845293, 31.902472687267586 ], [ 35.038883880470102, 31.901275151705033 ], [ 35.038730928775188, 31.900075529173588 ], [ 35.038709726913872, 31.89992402338142 ], [ 35.038682578406238, 31.899773355738272 ], [ 35.038649151349574, 31.899623524905817 ], [ 35.038589743441158, 31.899408418748013 ], [ 35.038538051185533, 31.899220095921937 ], [ 35.038498090437223, 31.899029675413182 ], [ 35.03846969521075, 31.898837718851077 ], [ 35.038453193178995, 31.898644792113469 ], [ 35.038448420465564, 31.898451457727912 ], [ 35.038455704190007, 31.898257998392996 ], [ 35.03847354217519, 31.898074416060958 ], [ 35.038491551265139, 31.897886747787069 ], [ 35.038497969383947, 31.897716114231336 ], [ 35.038504538943151, 31.897552386122726 ], [ 35.038521183855003, 31.897389093211373 ], [ 35.038547737092237, 31.897226799816178 ], [ 35.038594007936787, 31.897029163556084 ], [ 35.038703932605337, 31.896611509648562 ], [ 35.038805271400172, 31.896192294198276 ], [ 35.038898022066896, 31.895771657907069 ], [ 35.039000364675736, 31.89525113007404 ], [ 35.039064781684118, 31.894880479934848 ], [ 35.039121437192598, 31.894508692370184 ], [ 35.03917049543665, 31.894136190558843 ], [ 35.039212122211531, 31.893763115409506 ], [ 35.03924582185487, 31.893389466285598 ], [ 35.039289726422858, 31.892664823692076 ], [ 35.039307873627372, 31.892306372550689 ], [ 35.039339358595846, 31.89187720239492 ], [ 35.039273657160855, 31.888805280852516 ], [ 35.039089778391734, 31.885510847724543 ], [ 35.039061639425803, 31.885084699204295 ], [ 35.039024911011744, 31.884659103117304 ], [ 35.038979264307748, 31.884234200615072 ], [ 35.038879022137081, 31.883494291879689 ], [ 35.038828456627407, 31.883142091542165 ], [ 35.03878532475224, 31.882789338110715 ], [ 35.038749295868136, 31.882435888673548 ], [ 35.038720368584151, 31.882081884821037 ], [ 35.038692672021241, 31.881594299763652 ], [ 35.038682495542538, 31.881282311057525 ], [ 35.038678761169329, 31.880970190047641 ], [ 35.038681301593755, 31.88065807810284 ], [ 35.03869425312422, 31.880249314003525 ], [ 35.03870047639812, 31.880001743218543 ], [ 35.038696461052929, 31.879753876809282 ], [ 35.038682371838775, 31.879506420216806 ], [ 35.038658208584451, 31.879259514122452 ], [ 35.038623804683368, 31.87901358125945 ], [ 35.03855492884761, 31.878652620717844 ], [ 35.038442021293143, 31.878166615097591 ], [ 35.038319533558422, 31.877682287751799 ], [ 35.038267555901626, 31.877476208689522 ], [ 35.038219707813106, 31.877269431573268 ], [ 35.038176153885928, 31.877062095503774 ], [ 35.038136895652471, 31.876853920019691 ], [ 35.038101932326732, 31.876645327178117 ], [ 35.038071098208079, 31.876436176080972 ], [ 35.038044722498604, 31.876226748531383 ], [ 35.038022476994733, 31.876016763634855 ], [ 35.037991189347764, 31.875600332718633 ], [ 35.037756346811811, 31.873871761058393 ], [ 35.037730246740566, 31.873693756941812 ], [ 35.037700678858805, 31.873516030540575 ], [ 35.037667312152919, 31.873338721201254 ], [ 35.037630310996384, 31.873162112309888 ], [ 35.037589842894732, 31.872985920909755 ], [ 35.03752129965649, 31.872719510959765 ], [ 35.037475543585849, 31.872545145082537 ], [ 35.03743325762634, 31.872369937828029 ], [ 35.037394605053834, 31.872194171685528 ], [ 35.037359585592924, 31.872017988244625 ], [ 35.037328035931282, 31.871841104120264 ], [ 35.037300285003717, 31.871663943605423 ], [ 35.037276001212355, 31.871486364680045 ], [ 35.037255517425514, 31.871308367783559 ], [ 35.037238501535477, 31.871130094067841 ], [ 35.037225282986277, 31.870951683750388 ], [ 35.037215378921061, 31.870767219315759 ], [ 35.037206227949675, 31.870622210763006 ], [ 35.037190968069375, 31.870477616228676 ], [ 35.03716992770859, 31.870333578631165 ], [ 35.037143106643143, 31.8701902368486 ], [ 35.03711033978373, 31.870047734050694 ], [ 35.037071791508126, 31.869906350015349 ], [ 35.037027461839806, 31.869766085639327 ], [ 35.036956642044736, 31.869574494993323 ], [ 35.036884817748501, 31.869389808264302 ], [ 35.03681679458564, 31.86920413990099 ], [ 35.036752570678125, 31.869017348320138 ], [ 35.036692146547608, 31.868829717603386 ], [ 35.036635522177512, 31.868641245050554 ], [ 35.036577941269158, 31.868433748978156 ], [ 35.036535762151921, 31.868292501542875 ], [ 35.036485158082741, 31.868153355946536 ], [ 35.036412804454926, 31.867988959313315 ], [ 35.036348339359542, 31.867845145528339 ], [ 35.036292961252592, 31.867698525511862 ], [ 35.036246668015814, 31.86754966291431 ], [ 35.036209459898942, 31.867398979800569 ], [ 35.036181502253768, 31.86724675957074 ], [ 35.036162956749969, 31.86709356608625 ], [ 35.036153828529692, 31.866937706629077 ], [ 35.036145397401526, 31.866761698574525 ], [ 35.03612969944006, 31.866586102954766 ], [ 35.036106901391094, 31.866411062476498 ], [ 35.036077003040461, 31.86623671691892 ], [ 35.036039836697597, 31.866063488110115 ], [ 35.035995734210417, 31.865891378287007 ], [ 35.035919075851304, 31.865643978685949 ], [ 35.035832823441282, 31.865406712768891 ], [ 35.035736824467044, 31.865172251167419 ], [ 35.035631243839909, 31.864940594980595 ], [ 35.035468690750832, 31.864623894695523 ], [ 35.035386415987134, 31.864469911142852 ], [ 35.035307116071124, 31.864314804205218 ], [ 35.035231119884656, 31.86415843273863 ], [ 35.035158263107633, 31.864001079704011 ], [ 35.0350887121444, 31.863842463056262 ], [ 35.035022464095682, 31.863683004851904 ], [ 35.034959355413626, 31.86352256509495 ], [ 35.034899550930142, 31.86336114310777 ], [ 35.034843215216625, 31.863198879799409 ], [ 35.034759982065992, 31.862938225503658 ], [ 35.034588524650466, 31.86234870846096 ], [ 35.034359459819939, 31.861482507420604 ], [ 35.034312079640777, 31.861299964687539 ], [ 35.034261065777898, 31.861117980713463 ], [ 35.034206252892957, 31.860936837544855 ], [ 35.034147806905118, 31.860756534497192 ], [ 35.034085562992757, 31.860577072246695 ], [ 35.034019683643514, 31.860398591690686 ], [ 35.033950171789236, 31.860221232610819 ], [ 35.033877190689907, 31.860044714751783 ], [ 35.033800409909468, 31.85986945971985 ], [ 35.033675424281412, 31.859602125558737 ], [ 35.033470669518401, 31.85916981915252 ], [ 35.033274672189229, 31.858734564375037 ], [ 35.033087597022636, 31.858296362389673 ], [ 35.032869844204015, 31.857753704192636 ], [ 35.032801612140339, 31.857600160717912 ], [ 35.032717851154118, 31.857452231767311 ], [ 35.032619383119837, 31.857311188194515 ], [ 35.032506869019663, 31.857177875872086 ], [ 35.032381129642623, 31.857053563843539 ], [ 35.03224315586592, 31.856938957739064 ], [ 35.032094100483135, 31.856835186366137 ], [ 35.031934952482324, 31.856742815571611 ], [ 35.031664269240686, 31.856613374120666 ], [ 35.031474401206275, 31.85652814679284 ], [ 35.031282712725719, 31.85644587560164 ], [ 35.031089532654704, 31.856366421203628 ], [ 35.030894697207515, 31.856289781564982 ], [ 35.030698205046846, 31.856216099165231 ], [ 35.03040733285868, 31.856113259351176 ], [ 35.03024612956721, 31.856062452494925 ], [ 35.03008194042048, 31.856018967794327 ], [ 35.029915261989743, 31.855982806820919 ], [ 35.029746587409164, 31.855954111829099 ], [ 35.029576413774677, 31.855933163962717 ], [ 35.029405233956787, 31.855919682523428 ], [ 35.02923338047939, 31.855913809552074 ], [ 35.029004219164428, 31.855918144492563 ], [ 35.028843064356003, 31.855929335708794 ], [ 35.028253909084967, 31.855978262435197 ], [ 35.027663779822106, 31.856018449068682 ], [ 35.026611361558409, 31.856068133213192 ], [ 35.026050154567486, 31.856091442600803 ], [ 35.025489426803709, 31.856123065040052 ], [ 35.024929673671849, 31.856162999432083 ], [ 35.024370563243828, 31.856211246221299 ], [ 35.023812757593362, 31.856267947040855 ], [ 35.023255925342795, 31.856332820064985 ], [ 35.022500408494103, 31.856434465488228 ], [ 35.022280275242558, 31.856464727871163 ], [ 35.022059652950688, 31.856491607316936 ], [ 35.02183837653098, 31.856515245173103 ], [ 35.021616775672641, 31.8565356410083 ], [ 35.02139468690266, 31.856552652998698 ], [ 35.021172439628153, 31.856566424105193 ], [ 35.020949868263685, 31.856576812501206 ], [ 35.020727137385265, 31.856583960009722 ], [ 35.020504249412305, 31.856587724144688 ], [ 35.020099269983625, 31.856586010712313 ], [ 35.019510545166135, 31.856580083539214 ], [ 35.01882621000739, 31.856584159749225 ], [ 35.018393153808269, 31.856587332015032 ], [ 35.01796011063049, 31.85658402048713 ], [ 35.01752724645214, 31.856574226311508 ], [ 35.017094560309204, 31.856557948586975 ], [ 35.016662216837872, 31.856535329145405 ], [ 35.016230547135251, 31.856506226893359 ], [ 35.015799551289433, 31.85647064273974 ], [ 35.015043733191845, 31.856392583077913 ], [ 35.014667561518763, 31.856351580955891 ], [ 35.014290718236069, 31.856316213141543 ], [ 35.01357496596215, 31.85626455513691 ], [ 35.013111602461947, 31.856234267466846 ], [ 35.012648915001719, 31.856197074735285 ], [ 35.012047426064413, 31.856138252989371 ], [ 35.010901752584985, 31.856013641272998 ], [ 35.009756418754066, 31.85588676519242 ], [ 35.009065491756871, 31.855808768402511 ], [ 35.008374569682232, 31.855729499899063 ], [ 35.007593516995804, 31.855645157028523 ], [ 35.00681079024703, 31.855572078707805 ], [ 35.006504424834908, 31.855548071042843 ], [ 35.00619755439476, 31.855528570089813 ], [ 35.005631659502242, 31.855504718396286 ], [ 35.005459148700886, 31.855498530909866 ], [ 35.005286808509652, 31.855489665028415 ], [ 35.005114638332458, 31.855478404827487 ], [ 35.004942639848764, 31.855464467136525 ], [ 35.004771141374171, 31.855447993156599 ], [ 35.004599979146953, 31.85542898353437 ], [ 35.004429152126256, 31.855407437367742 ], [ 35.004258826210673, 31.85538335582094 ], [ 35.004031569339965, 31.855347065619117 ], [ 35.003727406015393, 31.855297830617538 ], [ 35.003422408030104, 31.855253103610295 ], [ 35.003116575344805, 31.855212882787633 ], [ 35.002809906549423, 31.855177310630058 ], [ 35.002502568850261, 31.855146245809976 ], [ 35.00219472566922, 31.855119829267341 ], [ 35.001849730854104, 31.855095607394684 ], [ 35.001602130937016, 31.855076612684176 ], [ 35.001355538270239, 31.855050291750306 ], [ 35.001110281513647, 31.855016645124248 ], [ 35.000866362837051, 31.854975672817254 ], [ 35.000624440247613, 31.854927516576225 ], [ 35.00038451622131, 31.85487203573145 ], [ 35.00014691848056, 31.854809653777561 ], [ 34.999849946951223, 31.854720262673027 ], [ 34.999605442315683, 31.854645749841204 ], [ 34.999357951031755, 31.854578418389629 ], [ 34.999107966908888, 31.854518551369985 ], [ 34.998855655778733, 31.854466148133817 ], [ 34.998601182100316, 31.854421349618455 ], [ 34.998286613340596, 31.854376735503649 ], [ 34.998106885981031, 31.854350375018495 ], [ 34.99792882670026, 31.854316126897167 ], [ 34.997753261797499, 31.854273991587217 ], [ 34.997580520656072, 31.854224110319539 ], [ 34.997410934027002, 31.854166483643841 ], [ 34.997232462155225, 31.854095878498825 ], [ 34.996238872407652, 31.85368293911684 ], [ 34.996098513219039, 31.853623244633212 ], [ 34.995959314549125, 31.853561579599141 ], [ 34.995821606376495, 31.85349780297253 ], [ 34.995685059052242, 31.853431915119138 ], [ 34.995550002660593, 31.853364197052969 ], [ 34.995416271218524, 31.853294226450679 ], [ 34.995284029661036, 31.85322242654475 ], [ 34.995153114540678, 31.85314865638583 ], [ 34.99502385445988, 31.853072915616917 ], [ 34.994896249102673, 31.852995345829516 ], [ 34.994770135023636, 31.852915805172191 ], [ 34.994645675675351, 31.852834435505816 ], [ 34.994523037263356, 31.852751095522418 ], [ 34.994401889498434, 31.852666067855917 ], [ 34.994282726124666, 31.852579210837263 ], [ 34.994165218229057, 31.852490665515326 ], [ 34.994049529900728, 31.852400291480809 ], [ 34.993935827759337, 31.852308229699471 ], [ 34.993823944867572, 31.852214479900173 ], [ 34.993713882282549, 31.852119042089399 ], [ 34.993605969330616, 31.85202205840454 ], [ 34.993500041190636, 31.851923526774037 ], [ 34.993297105018144, 31.851724647338511 ], [ 34.993143282104349, 31.851562767278043 ], [ 34.992996072116632, 31.851396530466353 ], [ 34.992855806802375, 31.851225935674062 ], [ 34.992722650316217, 31.851051267272727 ], [ 34.99259676681627, 31.8508728060261 ], [ 34.992478155954018, 31.850690692639962 ], [ 34.992367147019088, 31.850505069270124 ], [ 34.992263740068708, 31.850316357991758 ], [ 34.992168098504337, 31.850124701584452 ], [ 34.992064626021552, 31.849893012505355 ], [ 34.991951025553931, 31.849614524086029 ], [ 34.991843206768579, 31.849334354287741 ], [ 34.991741171729757, 31.84905250403013 ], [ 34.991644917310275, 31.848769394475365 ], [ 34.99155444516358, 31.848484744268568 ], [ 34.991469754915485, 31.848198695008165 ], [ 34.991342253008852, 31.847721357509485 ], [ 34.991290526231886, 31.847530478244565 ], [ 34.99123103676326, 31.847341275972656 ], [ 34.991163785376138, 31.847153893173363 ], [ 34.991088934901001, 31.846968752163416 ], [ 34.991006651251404, 31.846785852306184 ], [ 34.990916932754821, 31.846605477660702 ], [ 34.99081977953567, 31.846428048463899 ], [ 34.990715522307482, 31.846253567058223 ], [ 34.990604324535134, 31.84608217348466 ], [ 34.990486020454952, 31.845914291306098 ], [ 34.990360940451815, 31.845750060842338 ], [ 34.990229249034684, 31.845589623035941 ], [ 34.990091110379623, 31.845433261317499 ], [ 34.989946525557762, 31.84528097566816 ], [ 34.989795986985804, 31.845133188050916 ], [ 34.989639331644071, 31.844990039756897 ], [ 34.989493857731581, 31.844865511276591 ], [ 34.989170096638432, 31.844601460412505 ], [ 34.988840877670377, 31.844342332474721 ], [ 34.988506368077985, 31.84408798431447 ], [ 34.988166895425181, 31.843838841208726 ], [ 34.987822130408077, 31.84359476097065 ], [ 34.987472567438168, 31.843355744400721 ], [ 34.986795477165927, 31.842916496747506 ], [ 34.985885793635035, 31.842343262783992 ], [ 34.984979760661943, 31.841766083089002 ], [ 34.984592773378161, 31.841513747962846 ], [ 34.984211249991148, 31.841255643994227 ], [ 34.983834858132823, 31.840992052928012 ], [ 34.983464093968408, 31.84072269249636 ], [ 34.982873890725351, 31.840273992809738 ], [ 34.98271060844101, 31.840148438917048 ], [ 34.98254484426657, 31.840025416429754 ], [ 34.982376599252724, 31.839904926241974 ], [ 34.98220587267835, 31.839786826755514 ], [ 34.982032663865049, 31.839671399330086 ], [ 34.981857303800517, 31.839558505652917 ], [ 34.981679627343183, 31.839448284307807 ], [ 34.981499633767839, 31.839340594598568 ], [ 34.981317488244208, 31.839235719979499 ], [ 34.981133190049846, 31.839133517951133 ], [ 34.980946905748468, 31.839034130383965 ], [ 34.980695159706741, 31.838905881653542 ], [ 34.979235795904657, 31.837894808727185 ], [ 34.979090467403346, 31.83778858649984 ], [ 34.978951758207842, 31.837676035071336 ], [ 34.978820160975744, 31.837557436707193 ], [ 34.978696006726842, 31.837433074289024 ], [ 34.97857962296527, 31.837303370475706 ], [ 34.978471505495662, 31.837168608441246 ], [ 34.978371652212061, 31.837029211160651 ], [ 34.978280557853061, 31.836885460903062 ], [ 34.978198222069778, 31.836737922231634 ], [ 34.978125138535191, 31.836586876509958 ], [ 34.978061470630351, 31.836432888589606 ], [ 34.97800738276662, 31.836276099462307 ], [ 34.977962874236709, 31.836117213467716 ], [ 34.977928273895465, 31.835956513473594 ], [ 34.977903415521631, 31.835794562835449 ], [ 34.97788991436277, 31.835645596209456 ], [ 34.977888142652709, 31.835492563367158 ], [ 34.977898748492464, 31.835339976414897 ], [ 34.977921732907525, 31.835188255603892 ], [ 34.977949616810541, 31.83505725853588 ], [ 34.977977387471697, 31.834905547127367 ], [ 34.977998887401256, 31.834752978635237 ], [ 34.978014115940447, 31.834599835334295 ], [ 34.978023239336366, 31.834446399795382 ], [ 34.978025924524211, 31.834292811210947 ], [ 34.978022338092927, 31.834139212367052 ], [ 34.978012479389015, 31.833985883731142 ], [ 34.977996512178727, 31.833832825593273 ], [ 34.977973292903854, 31.833675527668074 ], [ 34.977939970195173, 31.833465229238413 ], [ 34.977901880269513, 31.833179253352139 ], [ 34.977895282330408, 31.833042558432723 ], [ 34.977908324699108, 31.832906038253771 ], [ 34.97794067185437, 31.83277209017827 ], [ 34.977991991071619, 31.832642401825517 ], [ 34.97806144928736, 31.832518946698951 ], [ 34.978160966434928, 31.832388217607388 ], [ 34.9782668766236, 31.832275113442115 ], [ 34.978383989531011, 31.832170483743084 ], [ 34.97851131293573, 31.832074890362289 ], [ 34.978647856057336, 31.831989176526751 ], [ 34.97980099671728, 31.831683326793843 ], [ 34.981329041565978, 31.83134486933762 ], [ 34.981713645291656, 31.831262827979621 ], [ 34.982238589348249, 31.831160457989466 ], [ 34.982443835581606, 31.831124179288658 ], [ 34.982649899235682, 31.831091001272146 ], [ 34.982856450754809, 31.831060924264055 ], [ 34.983063654945873, 31.831033948548825 ], [ 34.983271346323804, 31.83100993224835 ], [ 34.983620838485059, 31.830976861130814 ], [ 34.984011433806032, 31.830941746355226 ], [ 34.984784904592296, 31.830854733046291 ], [ 34.985247838779983, 31.830799307421088 ], [ 34.985712076878904, 31.830750646080421 ], [ 34.986177123241035, 31.830708889747889 ], [ 34.986676158796527, 31.830671980397661 ], [ 34.987937649837171, 31.830598040539691 ], [ 34.989840198095493, 31.830522352443978 ], [ 34.99105834429745, 31.83049044027597 ], [ 34.992276806820819, 31.830464436588997 ], [ 34.993596278448479, 31.830438447013801 ], [ 34.994915920034074, 31.830410330142183 ], [ 34.995848350642717, 31.830382975144627 ], [ 34.997643478378087, 31.830290789247833 ], [ 34.998092322943187, 31.830257980428094 ], [ 34.998540520955402, 31.830218406146987 ], [ 34.99898774486347, 31.830172064078543 ], [ 34.999433990776133, 31.830119237401362 ], [ 34.999971223698317, 31.830046546429813 ], [ 35.000312000442506, 31.829994674482727 ], [ 35.000651632346937, 31.82993772698828 ], [ 35.000989954573122, 31.82987570369189 ], [ 35.00132713290899, 31.829808604868305 ], [ 35.001662835312359, 31.829736570682975 ], [ 35.002299594907889, 31.829585118154696 ], [ 35.002507498983874, 31.82953584744817 ], [ 35.002717204097273, 31.829492779345468 ], [ 35.002928712400376, 31.829455913841329 ], [ 35.003141361323465, 31.829425390564765 ], [ 35.003355316442445, 31.829401351359365 ], [ 35.003570082699802, 31.829383653849941 ], [ 35.003785495355231, 31.829372297772807 ], [ 35.004109001243904, 31.829367311597704 ], [ 35.004299953874892, 31.829371134552613 ], [ 35.009773412097417, 31.829314945881329 ], [ 35.013737294073636, 31.829196803106175 ], [ 35.015319027867008, 31.829159003650705 ], [ 35.016901055127953, 31.829139502967717 ], [ 35.017626605326846, 31.8291402885461 ], [ 35.018351968241795, 31.829151778063334 ], [ 35.019076981168048, 31.829174113775665 ], [ 35.020319007970301, 31.829237494439592 ], [ 35.020479907575393, 31.829248999981012 ], [ 35.020640636634319, 31.829262901239705 ], [ 35.020801031435447, 31.829279196176476 ], [ 35.02096092720349, 31.829297886358759 ], [ 35.021120486623673, 31.829318971120873 ], [ 35.021279713154776, 31.829342309783371 ], [ 35.021438273516061, 31.829368183239769 ], [ 35.021596334113141, 31.829396311262016 ], [ 35.021753896016932, 31.829426692049754 ], [ 35.02191062805651, 31.829459608305132 ], [ 35.022066859310968, 31.829494778229392 ], [ 35.022222262335021, 31.829532201355548 ], [ 35.022376834748449, 31.829572019270863 ], [ 35.022530577897882, 31.829614089490796 ], [ 35.022683491515913, 31.82965855360553 ], [ 35.022835410321207, 31.8297051309126 ], [ 35.022986334832169, 31.829754100984086 ], [ 35.023136429335437, 31.829805183587798 ], [ 35.023285199990269, 31.829858660297187 ], [ 35.023464641663701, 31.829926412251393 ], [ 35.024967746060319, 31.830524594467853 ], [ 35.027098159658387, 31.831419970946438 ], [ 35.027323265486814, 31.831519627450216 ], [ 35.027546384727344, 31.831622661760836 ], [ 35.027767187819322, 31.831729074333058 ], [ 35.027986004623365, 31.831838724950344 ], [ 35.028202339732786, 31.831951612936884 ], [ 35.028416357951684, 31.832067737631263 ], [ 35.02880562816766, 31.83229049297908 ], [ 35.029443190857734, 31.832661403439303 ], [ 35.03017724155432, 31.833072320920909 ], [ 35.0303646981219, 31.833185306364744 ], [ 35.030545041131028, 31.83330645511046 ], [ 35.030717612757186, 31.833435624702446 ], [ 35.030881917579386, 31.833572250851724 ], [ 35.031037792392524, 31.833716051094267 ], [ 35.031184575642243, 31.833866603404807 ], [ 35.0313426885822, 31.834049580063912 ], [ 35.031437362732632, 31.834174979465729 ], [ 35.031524271580132, 31.834304453541169 ], [ 35.031632061824475, 31.834477638810352 ], [ 35.031730843300096, 31.834613611222135 ], [ 35.031840529626422, 31.834743538939787 ], [ 35.031960463223704, 31.834866576028613 ], [ 35.032090314508906, 31.834982158369215 ], [ 35.032234864434741, 31.835093814953073 ], [ 35.035030493056588, 31.837609306952785 ], [ 35.038225620807154, 31.840466263930036 ], [ 35.040928049312022, 31.842940780096352 ], [ 35.041096642447386, 31.843097831195472 ], [ 35.041261930479962, 31.843257272189675 ], [ 35.041423913154809, 31.84341924558051 ], [ 35.041582755525965, 31.843583610004281 ], [ 35.041737962101472, 31.843750365740913 ], [ 35.041889864856493, 31.843919370738359 ], [ 35.042151305382767, 31.844223367746963 ], [ 35.042278662536887, 31.844364441049041 ], [ 35.042411803814375, 31.84450157607958 ], [ 35.0425505644127, 31.844634772611077 ], [ 35.042694450641569, 31.844763607039624 ], [ 35.042815934663146, 31.84486564022588 ], [ 35.042943518575058, 31.844971626542584 ], [ 35.043068789051368, 31.84507944141324 ], [ 35.043191910903722, 31.845189085053381 ], [ 35.043312718261092, 31.845300558160954 ], [ 35.043431376994633, 31.845413859148664 ], [ 35.043547556417849, 31.845528989407999 ], [ 35.043687458480434, 31.845672895357701 ], [ 35.044450142716435, 31.846232005354338 ], [ 35.045394493295746, 31.847039480901383 ], [ 35.047734136571819, 31.849015699605769 ], [ 35.047873272014513, 31.849131277095669 ], [ 35.048014886834785, 31.84924474359163 ], [ 35.048158652686226, 31.849355957996757 ], [ 35.048304734149262, 31.849465061191264 ], [ 35.04845296534382, 31.849572053865757 ], [ 35.048603346506873, 31.849676793524026 ], [ 35.048755877869525, 31.849779140375315 ], [ 35.048969267023537, 31.84991650820567 ], [ 35.049131537112814, 31.850020275160318 ], [ 35.049291657946199, 31.850126294761715 ], [ 35.049449629058991, 31.850234847486256 ], [ 35.049605449868416, 31.850345652872193 ], [ 35.049758790737435, 31.850458708722918 ], [ 35.049909817310706, 31.850574156835666 ], [ 35.050058530058188, 31.850691716750244 ], [ 35.050204927693564, 31.850811527354747 ], [ 35.050348680571723, 31.850933589159705 ], [ 35.050567593980198, 31.851127747368679 ], [ 35.050838760219982, 31.851370582291334 ], [ 35.051114722983179, 31.851609336221117 ], [ 35.051584584490385, 31.851997266023957 ], [ 35.052207291352026, 31.852505149858612 ], [ 35.052819590609488, 31.853021896722879 ], [ 35.052960383495694, 31.853140710846418 ], [ 35.053103657877458, 31.853257414778732 ], [ 35.053249245988603, 31.853371866724981 ], [ 35.053396984883911, 31.853484207169306 ], [ 35.053547204444961, 31.853594295810144 ], [ 35.053699573729169, 31.853702272932072 ], [ 35.053854259075166, 31.853807857353729 ], [ 35.054010928709857, 31.853911048674533 ], [ 35.054169749341064, 31.8540119877694 ], [ 35.05433055530866, 31.854110532847855 ], [ 35.05449334577613, 31.85420654411794 ], [ 35.054658122394869, 31.854300302944768 ], [ 35.054824719956237, 31.854391386168643 ], [ 35.054993301540208, 31.85448021783364 ], [ 35.055181355228513, 31.854575130604594 ], [ 35.055445134920738, 31.854702823090619 ], [ 35.055711563172451, 31.854826572623249 ], [ 35.055980474073984, 31.854946378992395 ], [ 35.056251703827357, 31.855062241991739 ], [ 35.056525417687403, 31.855173879526305 ], [ 35.056801284682855, 31.855281432783304 ], [ 35.057079304559728, 31.855385043335694 ], [ 35.057359479020491, 31.855484286410142 ], [ 35.057641475809, 31.855579444783356 ], [ 35.057925461003713, 31.855670377949384 ], [ 35.058211269741946, 31.85575708480367 ], [ 35.058498902209877, 31.855839425550805 ], [ 35.058889354739172, 31.855943723798273 ], [ 35.059616641648425, 31.856130415190325 ], [ 35.060447240631262, 31.856343428330703 ], [ 35.060655685188543, 31.856390446422793 ], [ 35.060865956108081, 31.856431125476661 ], [ 35.061077887024844, 31.856465746666377 ], [ 35.061290982997946, 31.856493886469149 ], [ 35.061505245877299, 31.856515687370177 ], [ 35.061720178172685, 31.856531005414723 ], [ 35.061935616683115, 31.856540124492607 ], [ 35.062151229180955, 31.85654262037022 ], [ 35.062366852467861, 31.856538775136706 ], [ 35.062582154937644, 31.856528446835132 ], [ 35.062853277638048, 31.856506343795804 ], [ 35.063158416684772, 31.856480333355556 ], [ 35.063464532956303, 31.856463340651164 ], [ 35.063771129929258, 31.856455366028715 ], [ 35.063967265465273, 31.856455159763136 ], [ 35.065094869377745, 31.856460486769116 ], [ 35.066222486705215, 31.856457629616902 ], [ 35.066635733105208, 31.856452019371691 ], [ 35.067350142751444, 31.85642784923202 ], [ 35.068059786704453, 31.85638929842656 ], [ 35.068768454239333, 31.856340313870465 ], [ 35.070151157575296, 31.856213833740131 ], [ 35.070869941680684, 31.856132017064809 ], [ 35.072297643059834, 31.855936937041562 ], [ 35.072647726200259, 31.855881076506673 ], [ 35.072996660381385, 31.855820000346714 ], [ 35.073344281771718, 31.855753708402091 ], [ 35.073935005186328, 31.855628623231961 ], [ 35.074120800540719, 31.855583722205772 ], [ 35.07430478837496, 31.855533182627365 ], [ 35.074486636290374, 31.855477427122757 ], [ 35.07466601499366, 31.855416173092554 ], [ 35.074842760486959, 31.855349561065331 ], [ 35.075063125071274, 31.855257630108081 ], [ 35.075208827096837, 31.855194650133221 ], [ 35.075356011566754, 31.855133785381888 ], [ 35.075504347576889, 31.855075175297205 ], [ 35.07565383618995, 31.855018821680002 ], [ 35.075804477416092, 31.854964723624434 ], [ 35.075956271460534, 31.854912739539483 ], [ 35.076109052053326, 31.854863152427818 ], [ 35.076262820457153, 31.854815820700008 ], [ 35.076417410795507, 31.854770744185654 ], [ 35.076572988770586, 31.854728063733681 ], [ 35.07672955353037, 31.854687638654344 ], [ 35.076886775426146, 31.854649468613591 ], [ 35.077044818911283, 31.854613835144391 ], [ 35.077203519553493, 31.854580457610496 ], [ 35.077362877366134, 31.854549334205792 ], [ 35.077591092133005, 31.854509261871826 ], [ 35.077833344179872, 31.854465679648513 ], [ 35.078073789508117, 31.854414908491435 ], [ 35.078311767691162, 31.854356948657831 ], [ 35.078646209780139, 31.854262306277064 ], [ 35.078850847781077, 31.85419783011903 ], [ 35.079054168949312, 31.854130252745652 ], [ 35.079256007003544, 31.854059854468488 ], [ 35.079456363362205, 31.853986355728804 ], [ 35.079655073184156, 31.853909753666255 ], [ 35.079852300899653, 31.853830332525721 ], [ 35.080047880800009, 31.85374795056476 ], [ 35.080283936846627, 31.853643765492155 ], [ 35.080561298373652, 31.853515243747715 ], [ 35.080836021876351, 31.853382772426436 ], [ 35.081107944990151, 31.853246070918871 ], [ 35.081377065203363, 31.853105420611019 ], [ 35.081643218724352, 31.852960821362309 ], [ 35.081906404476292, 31.85281227319005 ], [ 35.082166623496256, 31.852659776113345 ], [ 35.082431475672436, 31.85249854691823 ], [ 35.082573242397494, 31.852407231830707 ], [ 35.082711217944684, 31.852311825864902 ], [ 35.082845236424525, 31.852212329776293 ], [ 35.082975131764861, 31.852108885005936 ], [ 35.08310073982873, 31.852001770976933 ], [ 35.083221730091878, 31.851890848505192 ], [ 35.083338267012678, 31.851776399131094 ], [ 35.083450020762349, 31.851658563238512 ], [ 35.083556826339439, 31.851537481368585 ], [ 35.084098346442453, 31.850878249297221 ], [ 35.084575015915618, 31.850318155970836 ], [ 35.085100590070589, 31.849723723498656 ], [ 35.085932499290905, 31.848783920957494 ], [ 35.08710386612276, 31.847399991608057 ], [ 35.087951178269535, 31.846387760942395 ], [ 35.088815790493946, 31.84538610871677 ], [ 35.08892291565919, 31.845261640625498 ], [ 35.089027566226065, 31.845135479264492 ], [ 35.0891295780932, 31.84500790586225 ], [ 35.089228949327449, 31.844878780639565 ], [ 35.08932568081778, 31.844748243387095 ], [ 35.089419607758124, 31.844616294863702 ], [ 35.089511059780072, 31.844482934471319 ], [ 35.089622036138081, 31.844313096333337 ], [ 35.090325275879231, 31.843224908605407 ], [ 35.091043181555932, 31.842143775854264 ], [ 35.09156953745736, 31.841377264178103 ], [ 35.092111556702903, 31.840618795754203 ], [ 35.092682464772906, 31.839850628541885 ], [ 35.092840198879507, 31.839634327359846 ], [ 35.092989024601366, 31.839413509015838 ], [ 35.093128777009333, 31.839188314082236 ], [ 35.093229015884802, 31.839013812501324 ], [ 35.093345799118872, 31.838808324811879 ], [ 35.093466870974723, 31.838604532583272 ], [ 35.093591901495415, 31.838402715083838 ], [ 35.093721220597423, 31.838202593021226 ], [ 35.093854499213563, 31.838004588153904 ], [ 35.093994215629444, 31.837805179162881 ], [ 35.094191623189879, 31.837534377770648 ], [ 35.094394638746564, 31.837266539817932 ], [ 35.094602931616713, 31.837001665894721 ], [ 35.094816832094565, 31.836740037631486 ], [ 35.095035843651857, 31.836481653671708 ], [ 35.095260297974306, 31.836226515175692 ], [ 35.095632984131626, 31.83582213711102 ], [ 35.095866838405122, 31.835571232435957 ], [ 35.096095413463942, 31.835316941857162 ], [ 35.096318874123106, 31.835059263739065 ], [ 35.09653705560428, 31.834798199772191 ], [ 35.096916914414095, 31.83431942274748 ], [ 35.097049980098035, 31.83415227311669 ], [ 35.097189641797087, 31.833989216003722 ], [ 35.097336065020151, 31.833830531996227 ], [ 35.097488921386393, 31.833676081011333 ], [ 35.097647877483887, 31.833526425489858 ], [ 35.097812935419611, 31.833381566312923 ], [ 35.097983763173204, 31.83324178364937 ], [ 35.098154580975283, 31.833111160657982 ], [ 35.098461022242795, 31.832880885179403 ], [ 35.098955309599852, 31.832491676047489 ], [ 35.09910861864023, 31.832369632614657 ], [ 35.099264234786425, 31.832249987069844 ], [ 35.099422323888518, 31.832132738639729 ], [ 35.099582721320161, 31.832017745591898 ], [ 35.099745425867354, 31.831905150406318 ], [ 35.099910603221197, 31.831795093896236 ], [ 35.100077758123163, 31.831687434058423 ], [ 35.100247221054858, 31.831582311841601 ], [ 35.100418826176657, 31.831479728003014 ], [ 35.100592407652073, 31.831379681497019 ], [ 35.100768132388716, 31.831282173353426 ], [ 35.100945669449381, 31.831187483764456 ], [ 35.101125183943786, 31.831095333288488 ], [ 35.101306675726406, 31.831005860799404 ], [ 35.101489814019139, 31.83091920760916 ], [ 35.10167476483447, 31.830835232256987 ], [ 35.101861362338099, 31.83075393640522 ], [ 35.102049607288791, 31.830675600517324 ], [ 35.102239500011336, 31.830599942312681 ], [ 35.102430708520792, 31.830527244693599 ], [ 35.102623564673628, 31.830457366331867 ], [ 35.102817737855474, 31.830390306054365 ], [ 35.103013227925473, 31.830326206344697 ], [ 35.103210035054062, 31.830264925609246 ], [ 35.103539909845146, 31.83016979067401 ], [ 35.103798294979597, 31.830094466672701 ], [ 35.104053552771227, 31.830011530913541 ], [ 35.104305186696905, 31.829920982122616 ], [ 35.104553031768297, 31.829822960877522 ], [ 35.104713037799627, 31.82975488518273 ], [ 35.104636479158152, 31.826970274058908 ], [ 35.103948300295443, 31.827069216708264 ], [ 35.10374673642, 31.827110203609863 ], [ 35.103549120574343, 31.827163029885014 ], [ 35.10335611302331, 31.827227554488058 ], [ 35.103198426002159, 31.827290557538781 ], [ 35.103027847297383, 31.827370459502731 ], [ 35.102864353504749, 31.827460371829563 ], [ 35.102708441666451, 31.827559731297395 ], [ 35.102561101815972, 31.827668255550133 ], [ 35.102444306614444, 31.827766095733839 ], [ 35.10233246338646, 31.827863657506214 ], [ 35.102218641230195, 31.827959527553929 ], [ 35.102102840147737, 31.828053704068012 ], [ 35.10198505908216, 31.828146187944181 ], [ 35.101865630768188, 31.828236979445034 ], [ 35.10174422278444, 31.828325796925942 ], [ 35.101621000660472, 31.828412921886915 ], [ 35.101496130550487, 31.828498072183343 ], [ 35.101369447361222, 31.828581529950597 ], [ 35.101241114234817, 31.828662873257592 ], [ 35.101111134032422, 31.828742382571907 ], [ 35.100979503587581, 31.828820058787823 ], [ 35.100781982152441, 31.828931218608577 ], [ 35.100470349947351, 31.829098367283269 ], [ 35.100155255035688, 31.829260861598858 ], [ 35.099529211125166, 31.829565279574087 ], [ 35.099333026554071, 31.829658965213763 ], [ 35.099138654357183, 31.829755328688741 ], [ 35.098946423612404, 31.82985479414133 ], [ 35.098756170004314, 31.829956937583198 ], [ 35.098568057985709, 31.830062042335378 ], [ 35.098382087868366, 31.830169826133758 ], [ 35.098198425326139, 31.830280428909898 ], [ 35.097992790038866, 31.830409191295193 ], [ 35.096177183415193, 31.83130033410476 ], [ 35.094693500152047, 31.832161299662971 ], [ 35.094560208146994, 31.832240095041101 ], [ 35.094428564643522, 31.832320864912763 ], [ 35.094298733372185, 31.832403608522796 ], [ 35.094170385972816, 31.832488184906346 ], [ 35.094044016644197, 31.83257473608414 ], [ 35.093841321315523, 31.832719980649852 ], [ 35.092370496521212, 31.83355782148281 ], [ 35.090624472116033, 31.834413153777135 ], [ 35.090092493333835, 31.834679140497741 ], [ 35.089321993819624, 31.835083565293083 ], [ 35.089139648572854, 31.835180206530474 ], [ 35.088955325744863, 31.835274027484896 ], [ 35.088769191022699, 31.835365168984278 ], [ 35.088400235072989, 31.835535053989801 ], [ 35.088217576219982, 31.835617460896167 ], [ 35.088036563753008, 31.835702547485614 ], [ 35.0878573622823, 31.835790452797923 ], [ 35.087659988936252, 31.835891445707468 ], [ 35.087164977497054, 31.836148154319254 ], [ 35.086668151662494, 31.836402321556822 ], [ 35.086523131064752, 31.836478843011999 ], [ 35.086381240043089, 31.836559735677188 ], [ 35.086186808169892, 31.836681021132403 ], [ 35.086060266129167, 31.836762632025518 ], [ 35.085931911317985, 31.836842408581234 ], [ 35.085802073512916, 31.836920212219471 ], [ 35.085670586867508, 31.836996040075462 ], [ 35.085537616180865, 31.837069895003665 ], [ 35.085403163574291, 31.837141774295944 ], [ 35.085267226936651, 31.837211680651247 ], [ 35.08512997213181, 31.837279611514806 ], [ 35.084991234545747, 31.837345427845889 ], [ 35.084831855802157, 31.837417706997144 ], [ 35.084686019641303, 31.837483657008452 ], [ 35.084541666720149, 31.837551862828231 ], [ 35.084398630483513, 31.837622042932786 ], [ 35.08425707747282, 31.837694478855262 ], [ 35.084117006990908, 31.837768888326526 ], [ 35.083978584704504, 31.837845413095767 ], [ 35.083841643695642, 31.837924053010134 ], [ 35.083706352112046, 31.838004666646206 ], [ 35.083560647261798, 31.838094993797267 ], [ 35.083343246618895, 31.838229779624879 ], [ 35.083123208364526, 31.838361462967917 ], [ 35.082900532879485, 31.838489761539986 ], [ 35.082675220177308, 31.838614675327445 ], [ 35.082401184907688, 31.838760396861051 ], [ 35.081899861179274, 31.839025814816065 ], [ 35.081404301392006, 31.839298563732658 ], [ 35.080801677764711, 31.839644479647145 ], [ 35.080582464584843, 31.839770945870058 ], [ 35.080360779057692, 31.839894027433974 ], [ 35.080136457262249, 31.840013864851759 ], [ 35.07990982795166, 31.840130317745711 ], [ 35.079516543618467, 31.840321712181275 ], [ 35.07887500180135, 31.840629394447497 ], [ 35.078240045654049, 31.840946521257855 ], [ 35.077435085783307, 31.841367044337112 ], [ 35.075023900278396, 31.842554327974085 ], [ 35.074248030456033, 31.842928783069429 ], [ 35.073229032428905, 31.843397675202105 ], [ 35.072522070789994, 31.843711175563314 ], [ 35.071812139359928, 31.844019878353055 ], [ 35.071216849104957, 31.844270782559086 ], [ 35.070616286029491, 31.844512801701466 ], [ 35.069804984148149, 31.844822654567473 ], [ 35.069643285141765, 31.84488392060149 ], [ 35.069482738234122, 31.844947582912518 ], [ 35.069323674094775, 31.845013642757767 ], [ 35.069165925790479, 31.845082099063397 ], [ 35.069009659387639, 31.845152810423585 ], [ 35.068854710913755, 31.845225919158189 ], [ 35.068701409136118, 31.845301284035223 ], [ 35.068549754047517, 31.84537890506056 ], [ 35.068388017707228, 31.845465111373741 ], [ 35.067315970625891, 31.845934461874823 ], [ 35.066495552330558, 31.846253302905904 ], [ 35.065601949780124, 31.846605030610309 ], [ 35.06471262054496, 31.84696436724257 ], [ 35.063954764049292, 31.847273959006227 ], [ 35.063196573100498, 31.847582701746699 ], [ 35.06263527766793, 31.847811621196151 ], [ 35.062074802883856, 31.848041666361173 ], [ 35.061889130585321, 31.848119804976982 ], [ 35.061705103710977, 31.848200904069721 ], [ 35.061522559136563, 31.848284541406823 ], [ 35.061341990871234, 31.848370998920959 ], [ 35.060995210147794, 31.848546888261964 ], [ 35.060439920449362, 31.848834282989024 ], [ 35.059879190846125, 31.849113918768403 ], [ 35.059508299770755, 31.849291748934114 ], [ 35.059133783505764, 31.849464079023175 ], [ 35.058755807977647, 31.84963090739036 ], [ 35.058374373675719, 31.849791954438771 ], [ 35.05787203161259, 31.849993442557633 ], [ 35.057489786833351, 31.850142649492565 ], [ 35.05710787085598, 31.850292277709954 ], [ 35.056612474628665, 31.850482355316871 ], [ 35.055676558064519, 31.850817618999077 ], [ 35.055459193128812, 31.850886411454379 ], [ 35.055238046485769, 31.850945334892948 ], [ 35.055065964098411, 31.850983882804545 ], [ 35.054458091499299, 31.849772321052701 ], [ 35.05436611999589, 31.849580010195201 ], [ 35.054282078071061, 31.849385172678815 ], [ 35.054206128389467, 31.849187807809155 ], [ 35.054122834161895, 31.848938860379615 ], [ 35.054062546522189, 31.848755605000498 ], [ 35.053994660763138, 31.848574172221216 ], [ 35.053919509272994, 31.848394844695644 ], [ 35.053837090573921, 31.848217904682173 ], [ 35.053548287175531, 31.847654904644024 ], [ 35.05331363561023, 31.847192438391087 ], [ 35.053029615469704, 31.846635643760042 ], [ 35.052740147956726, 31.84608095584856 ], [ 35.052463490695708, 31.845568837192559 ], [ 35.052176429699919, 31.845060791644265 ], [ 35.051826449460243, 31.844470096594673 ], [ 35.051712703623231, 31.844274797757624 ], [ 35.051607051994786, 31.844076268258675 ], [ 35.051509659936301, 31.843874789687408 ], [ 35.05138797528511, 31.84358972183017 ], [ 35.051313828700366, 31.843407434043495 ], [ 35.051236047350095, 31.84322627002312 ], [ 35.051154634191228, 31.843046369549743 ], [ 35.051033884504797, 31.842795825418722 ], [ 35.050695130409075, 31.842113830267113 ], [ 35.050358198483806, 31.841431131124647 ], [ 35.050213438028116, 31.841129688426349 ], [ 35.050074790367283, 31.840826138172424 ], [ 35.049832269516344, 31.840252476922714 ], [ 35.049592248151725, 31.839666699402798 ], [ 35.049343477347804, 31.839083447570381 ], [ 35.049128586204716, 31.838575624215235 ], [ 35.048871674097107, 31.837928810300909 ], [ 35.048774700487279, 31.837682379106042 ], [ 35.048672441724833, 31.837437490706343 ], [ 35.048565394350959, 31.83719414750114 ], [ 35.048453228569066, 31.836952487956392 ], [ 35.048336272948383, 31.8367125142655 ], [ 35.048197580909957, 31.83644221765687 ], [ 35.048109232230551, 31.836270761220561 ], [ 35.048024516576945, 31.83609818189462 ], [ 35.047943270431226, 31.83592433789757 ], [ 35.047865657513313, 31.835749231241021 ], [ 35.047791677571212, 31.835573000813199 ], [ 35.047656096871187, 31.835221965529552 ], [ 35.047150473123523, 31.834081792768707 ], [ 35.046712556316223, 31.832832073264861 ], [ 35.04656519618743, 31.832424375323278 ], [ 35.046409415536338, 31.83201892131294 ], [ 35.046240940354913, 31.831605278008784 ], [ 35.046164511257608, 31.831417630805266 ], [ 35.046091880845886, 31.831228860084842 ], [ 35.046023047801057, 31.831039107439878 ], [ 35.045958342970835, 31.830848233504351 ], [ 35.045887424082892, 31.830623955144965 ], [ 35.045836016449336, 31.830475934723463 ], [ 35.04577255480725, 31.830331280221628 ], [ 35.045697532114538, 31.830190839056907 ], [ 35.045560595797269, 31.829965773815626 ], [ 35.045458070609889, 31.829790070802979 ], [ 35.045359013986882, 31.829612962474805 ], [ 35.045263757835578, 31.829434308568317 ], [ 35.045172133701129, 31.829254391154588 ], [ 35.045084145219846, 31.82907292797238 ], [ 35.04495852196515, 31.828797430418007 ], [ 35.04468067988843, 31.828164953438378 ], [ 35.044401025906808, 31.827533038066065 ], [ 35.044303851953252, 31.827319716341322 ], [ 35.044202220362045, 31.827107940076925 ], [ 35.044096459665333, 31.826897707872551 ], [ 35.043986240325388, 31.826689020204618 ], [ 35.043871893550879, 31.826482158851231 ], [ 35.043753251902366, 31.826276842218391 ], [ 35.043541111560401, 31.825930778240267 ], [ 35.043396103122426, 31.825703868717113 ], [ 35.043249443472448, 31.825477519674859 ], [ 35.043162849451335, 31.82535242228758 ], [ 35.04306882067926, 31.825231541403294 ], [ 35.042967358224189, 31.825114879712689 ], [ 35.042858955698136, 31.82500285807884 ], [ 35.041813776987105, 31.82423510989851 ], [ 35.041450817621943, 31.823974805090753 ], [ 35.041087363115473, 31.823714921565685 ], [ 35.040684014114731, 31.823431735527272 ], [ 35.040274878988761, 31.823154739941725 ], [ 35.039735662620942, 31.82280430176683 ], [ 35.039610378451016, 31.822723256008299 ], [ 35.03948658387489, 31.822640380433032 ], [ 35.039364607383845, 31.82255567547125 ], [ 35.039244448980028, 31.822469141128142 ], [ 35.039125945755522, 31.822380917883159 ], [ 35.039009260623558, 31.822290864364799 ], [ 35.038857150385255, 31.822168497076973 ], [ 35.038696798625864, 31.822040904476797 ], [ 35.038531156315393, 31.821918236001917 ], [ 35.038360556155624, 31.821800493869684 ], [ 35.038185325064674, 31.821687958957494 ], [ 35.038005628856638, 31.82158063146321 ], [ 35.037855433021328, 31.82149701544208 ], [ 35.037699794589557, 31.821411137531712 ], [ 35.037545810059264, 31.821323147701591 ], [ 35.03739364576861, 31.821232764803948 ], [ 35.037243301470546, 31.821140129530896 ], [ 35.037094941686242, 31.821045382791006 ], [ 35.036926149613869, 31.820933135973945 ], [ 35.036783567415767, 31.82083811509963 ], [ 35.036639001293061, 31.820745205347063 ], [ 35.036492615757673, 31.820654546710745 ], [ 35.036344411057485, 31.820565999400618 ], [ 35.03604749132797, 31.820398204192909 ], [ 35.035894167619496, 31.820311622796932 ], [ 35.035744649705251, 31.82022039640605 ], [ 35.035598768892164, 31.820124946867775 ], [ 35.035466582709326, 31.820032051294287 ], [ 35.035310822959246, 31.819924892434774 ], [ 35.035148614234167, 31.819824770832383 ], [ 35.034980616128991, 31.819731968712759 ], [ 35.034806993673243, 31.819646908331183 ], [ 35.034628570412345, 31.819569733253097 ], [ 35.034367513303756, 31.81946736486741 ], [ 35.034182323499913, 31.819391448101239 ], [ 35.033998953458756, 31.819312855958174 ], [ 35.033641301323456, 31.819149623652283 ], [ 35.033032847069023, 31.81887473329353 ], [ 35.03216181529239, 31.818520715223041 ], [ 35.03202032517806, 31.818464440455521 ], [ 35.031877840342275, 31.81841041966798 ], [ 35.031734196276915, 31.81835851014419 ], [ 35.031589558793236, 31.818308713007273 ], [ 35.031443926826732, 31.818261028252383 ], [ 35.031297301164507, 31.818215595661414 ], [ 35.031149681000471, 31.818172276347521 ], [ 35.031001396650964, 31.818131209639578 ], [ 35.030852118574579, 31.818092396889689 ], [ 35.030702176293104, 31.818055836740371 ], [ 35.030551404236483, 31.818021390080787 ], [ 35.030400133511371, 31.817989336929031 ], [ 35.030248034049031, 31.817959396361484 ], [ 35.030095433781142, 31.817931851098226 ], [ 35.029942335076626, 31.817906558650908 ], [ 35.029788737921351, 31.817883520821464 ], [ 35.029634640195518, 31.817862735801452 ], [ 35.029480043732072, 31.817844346081326 ], [ 35.02932527725752, 31.81782821052354 ], [ 35.029170177053281, 31.817814328902038 ], [ 35.029014742842328, 31.817802841901301 ], [ 35.028859138586256, 31.817793609060121 ], [ 35.028703365063599, 31.817786771065016 ], [ 35.028547422528959, 31.817782187229643 ], [ 35.028340481420138, 31.817779787255077 ], [ 35.02793451384715, 31.817779084379303 ], [ 35.027528545750485, 31.81777866157994 ], [ 35.027329849598956, 31.817779935568684 ], [ 35.027131147791302, 31.817784168155082 ], [ 35.026932770621052, 31.817791501387472 ], [ 35.026734386970993, 31.817801651629345 ], [ 35.026536328189508, 31.817814761833404 ], [ 35.026338594259506, 31.817830831099212 ], [ 35.026141183835776, 31.817850000112333 ], [ 35.025944097438071, 31.817871988404772 ], [ 35.025747501928215, 31.817896794408458 ], [ 35.025396881847875, 31.817948720866124 ], [ 35.025192019719078, 31.817980419723369 ], [ 35.024986504662643, 31.818008876140691 ], [ 35.024780335096992, 31.818034372386656 ], [ 35.024573676079712, 31.818056767103464 ], [ 35.024366692393478, 31.818076061423795 ], [ 35.02415938511681, 31.818092254445766 ], [ 35.023951589230911, 31.818105487521784 ], [ 35.023637512461093, 31.818119415284514 ], [ 35.023303312319968, 31.818128380613324 ], [ 35.02296911904979, 31.818133259769045 ], [ 35.022737742375988, 31.818136875268053 ], [ 35.022506193237206, 31.818143871975053 ], [ 35.022274967736777, 31.818154391284835 ], [ 35.022044064790506, 31.818168434099388 ], [ 35.02181348570879, 31.818185857932587 ], [ 35.02158306464257, 31.818206664351571 ], [ 35.021345208849603, 31.818231827239476 ], [ 35.01825649912832, 31.818576385012992 ], [ 35.017469960777269, 31.818662033736469 ], [ 35.016572831347879, 31.818758223711328 ], [ 35.016351821562822, 31.818775370391236 ], [ 35.016130329783508, 31.818785892911706 ], [ 35.015972554374926, 31.818789323583388 ], [ 35.015532745642943, 31.818791630635626 ], [ 35.015092948969837, 31.818788018357136 ], [ 35.014886651520293, 31.818792784168135 ], [ 35.01472241738341, 31.818807617272487 ], [ 35.014568562818823, 31.818830497371206 ], [ 35.013795125874019, 31.818962643222115 ], [ 35.012690397677169, 31.819130641392412 ], [ 35.011605682981298, 31.819275550807049 ], [ 35.010397362329279, 31.819417444391696 ], [ 35.010010612776369, 31.819456591765814 ], [ 35.009623049848351, 31.819490099361659 ], [ 35.009234838675518, 31.819517827641139 ], [ 35.008739524208316, 31.819544685802381 ], [ 35.008418018242736, 31.819556732942928 ], [ 35.008096522634013, 31.819563846261513 ], [ 35.007774871010689, 31.819566308676833 ], [ 35.007453066130708, 31.819563838820326 ], [ 35.007131435925949, 31.819556717669123 ], [ 35.006743479785179, 31.819541601684303 ], [ 35.006582923688775, 31.819532756878097 ], [ 35.006422371980399, 31.819521375020603 ], [ 35.006262156769971, 31.819507739804394 ], [ 35.006023245107308, 31.819482848627793 ], [ 35.005823107979467, 31.819461258691348 ], [ 35.005622636129765, 31.819442627732759 ], [ 35.005421661606356, 31.81942695458601 ], [ 35.00522051573315, 31.81941438045309 ], [ 35.005019034026155, 31.819404764389603 ], [ 35.004817545996652, 31.819398107812482 ], [ 35.004551854683484, 31.819394027663787 ], [ 35.004211240816744, 31.819389546867015 ], [ 35.003870804078865, 31.819379851040861 ], [ 35.003530541801851, 31.819365223358211 ], [ 35.003190785991357, 31.819345522757651 ], [ 35.002851371936771, 31.819320748982506 ], [ 35.002353078681693, 31.819275149581507 ], [ 35.002150624704235, 31.819257355026835 ], [ 35.001947498215721, 31.819245759180454 ], [ 35.001744193033581, 31.819240080551648 ], [ 35.001540708807482, 31.819240461628571 ], [ 35.001234062459652, 31.81924969517577 ], [ 35.000923963537943, 31.819252581678846 ], [ 35.000614050537649, 31.819246308711303 ], [ 35.000304487571583, 31.819230734950178 ], [ 34.99999577008419, 31.819205862095643 ], [ 34.999671069701229, 31.819169830562437 ], [ 34.998690405460408, 31.819045233083269 ], [ 34.99770957756018, 31.818921333019521 ], [ 34.996878404546997, 31.81881035196648 ], [ 34.996049737094424, 31.818686968489409 ], [ 34.995004008424921, 31.818513059164331 ], [ 34.993811820415964, 31.818302402750525 ], [ 34.992619970719005, 31.818090749134662 ], [ 34.992413611155662, 31.818050808842656 ], [ 34.992209081514901, 31.818004672069456 ], [ 34.991916333386662, 31.817927246542428 ], [ 34.990742437892131, 31.817591039693433 ], [ 34.989566723262897, 31.817259609487181 ], [ 34.989083352794395, 31.817120558897034 ], [ 34.988602969375634, 31.816974324831705 ], [ 34.987876416162656, 31.816737487157614 ], [ 34.987667501915176, 31.816663011771968 ], [ 34.987461573475215, 31.816582341934389 ], [ 34.987259289592366, 31.816495618567075 ], [ 34.987060486591261, 31.81640284140774 ], [ 34.986913455600501, 31.816329597727023 ], [ 34.986740852395407, 31.81625349282416 ], [ 34.986561122406918, 31.816190479120007 ], [ 34.986366513531671, 31.816139136446761 ], [ 34.985470272071176, 31.816065451442828 ], [ 34.985183345214068, 31.816044102722131 ], [ 34.984896077195927, 31.816026838970636 ], [ 34.984608470145794, 31.81601408314916 ], [ 34.984320687670419, 31.816005413480489 ], [ 34.984032729065902, 31.816001110432111 ], [ 34.983508273359, 31.816004429154553 ], [ 34.982594998211553, 31.816016226866132 ], [ 34.98168158892571, 31.816015618492202 ], [ 34.981516893797085, 31.816015612480616 ], [ 34.981352358391, 31.816018142489142 ], [ 34.981187981976163, 31.816023067831217 ], [ 34.981023599779952, 31.816030388218213 ], [ 34.980859376208521, 31.816040245526523 ], [ 34.980695312643746, 31.816052499073294 ], [ 34.980531737541199, 31.816067147633081 ], [ 34.980368321024329, 31.816084333116645 ], [ 34.980205395054362, 31.816103914521563 ], [ 34.980042791688199, 31.816125892455446 ], [ 34.979880678844232, 31.816150266313848 ], [ 34.979719054397968, 31.816177036094807 ], [ 34.979558083812861, 31.816206342778298 ], [ 34.979397768812419, 31.816237905899857 ], [ 34.979238106592824, 31.816272005926859 ], [ 34.979026590832852, 31.81632095009989 ], [ 34.978752976933301, 31.816389370748642 ], [ 34.978481004515558, 31.816461880825663 ], [ 34.97821034120458, 31.816538337261019 ], [ 34.977941482673131, 31.816619024120101 ], [ 34.977674264105062, 31.816703518161152 ], [ 34.977408685839769, 31.816792100766531 ], [ 34.97714507771412, 31.816884631849298 ], [ 34.976769300977828, 31.817024448715554 ], [ 34.976510630388866, 31.817121638056701 ], [ 34.976250154122788, 31.817215017900047 ], [ 34.975987706383556, 31.817304589740957 ], [ 34.975723452309161, 31.817390212276393 ], [ 34.97545755704023, 31.817471744204784 ], [ 34.975189856201887, 31.817549468395416 ], [ 34.974654314582708, 31.817693923297199 ], [ 34.974481065846803, 31.817748424721707 ], [ 34.974311428108287, 31.817810542097 ], [ 34.974145897736527, 31.817880275433289 ], [ 34.973984804218233, 31.817957203285278 ], [ 34.973828644278882, 31.818041185883544 ], [ 34.973677746721378, 31.818132081352392 ], [ 34.973525665365287, 31.818234671255144 ], [ 34.973236343129443, 31.81844452640588 ], [ 34.972951463669453, 31.818658757441469 ], [ 34.972671028382855, 31.818877223707997 ], [ 34.972395037618533, 31.81909978274556 ], [ 34.972080490143554, 31.819363277097079 ], [ 34.969808717286931, 31.821111058897564 ], [ 34.9691988575048, 31.821525198796035 ], [ 34.96887945112983, 31.82148571664197 ], [ 34.967994999858398, 31.822210896174763 ], [ 34.967229080927694, 31.822916845096827 ], [ 34.967082506291518, 31.823054242714644 ], [ 34.966938896639064, 31.823193899367727 ], [ 34.966798252691383, 31.823335534597827 ], [ 34.966660408265469, 31.823479287888063 ], [ 34.966525528135733, 31.823625160457173 ], [ 34.966393614084858, 31.823772870946538 ], [ 34.966264664703978, 31.823922559146411 ], [ 34.966139010603449, 31.824074225684637 ], [ 34.96601632260181, 31.824227730170488 ], [ 34.965840291929005, 31.824458635203275 ], [ 34.965618714718602, 31.824751878368875 ], [ 34.965391037185334, 31.825041869395896 ], [ 34.9650430289715, 31.825465216526997 ], [ 34.964946338296677, 31.82558396357209 ], [ 34.964854756631937, 31.825705538378749 ], [ 34.964767954107344, 31.825829658063622 ], [ 34.964686426120942, 31.825956324471392 ], [ 34.964610008639482, 31.826085255030012 ], [ 34.964539030868167, 31.82621659195647 ], [ 34.964473329508785, 31.826349769504088 ], [ 34.964413233768049, 31.826484930791029 ], [ 34.964358580674649, 31.826621793244779 ], [ 34.964293235928068, 31.826808376869003 ], [ 34.964239567086821, 31.826947214325934 ], [ 34.96417732275755, 31.827083358034432 ], [ 34.964106999034463, 31.827216526645749 ], [ 34.964028596616402, 31.827346439678653 ], [ 34.963942281721415, 31.827472532886457 ], [ 34.963848383888603, 31.827594806876185 ], [ 34.963754685640396, 31.827703976672449 ], [ 34.963517478204643, 31.827972245406123 ], [ 34.963084880010854, 31.82848490548475 ], [ 34.962898819916489, 31.828695214675328 ], [ 34.962704191238771, 31.828899869969295 ], [ 34.962564200415329, 31.829038401996772 ], [ 34.962442897147518, 31.829162031483278 ], [ 34.962329338493596, 31.829290889965428 ], [ 34.962223854081387, 31.829424555132682 ], [ 34.962126609082681, 31.829562885731953 ], [ 34.962038100770485, 31.829705177497821 ], [ 34.961958495009306, 31.82985143256802 ], [ 34.961887793674684, 31.830000945731541 ], [ 34.961826491897014, 31.830153434772257 ], [ 34.961774424974472, 31.8303084791369 ], [ 34.961738764715349, 31.830438471263289 ], [ 34.961689412673927, 31.830628466674565 ], [ 34.961636431014497, 31.830817608317702 ], [ 34.961533880907155, 31.831153203601811 ], [ 34.961472554701054, 31.831377416727939 ], [ 34.961420302227999, 31.831603197387597 ], [ 34.961377288710203, 31.83183040432025 ], [ 34.961343679739038, 31.832058756480727 ], [ 34.961319311331486, 31.832287972192443 ], [ 34.961305564554735, 31.832494943811003 ], [ 34.96127444654546, 31.833095024048745 ], [ 34.961228823527684, 31.833813441628482 ], [ 34.961202992454282, 31.83397050809738 ], [ 34.961164292630826, 31.834125576755106 ], [ 34.961113220904416, 31.834278085798253 ], [ 34.961049612904588, 31.834427047394346 ], [ 34.960978608847782, 31.834564017609349 ], [ 34.960897203505745, 31.834701813792698 ], [ 34.960810193167113, 31.834837062344256 ], [ 34.960656267883181, 31.835060252616223 ], [ 34.960547695056619, 31.835234914703786 ], [ 34.960450168750221, 31.835414248605392 ], [ 34.960363690501005, 31.835597688902162 ], [ 34.960288591431294, 31.83578467441215 ], [ 34.960225202305026, 31.835974782832196 ], [ 34.960183373557086, 31.836126463271203 ], [ 34.960146522343784, 31.836267726299059 ], [ 34.960106703006225, 31.836408419970891 ], [ 34.960064243384302, 31.836548403326329 ], [ 34.960018648702338, 31.836687817901431 ], [ 34.95997041582541, 31.836826522158319 ], [ 34.959889298070109, 31.837041818671132 ], [ 34.959780932160122, 31.837324418544434 ], [ 34.959678338560153, 31.837608720342473 ], [ 34.959581681804856, 31.837894442123325 ], [ 34.95949079962984, 31.838181442902794 ], [ 34.959405854397389, 31.838469864593023 ], [ 34.95924212161944, 31.839090120131477 ], [ 34.959167824657932, 31.839346153116644 ], [ 34.959082970474718, 31.839599769533077 ], [ 34.959029268788498, 31.83974522653067 ], [ 34.958976898650313, 31.839886459199672 ], [ 34.958927333035618, 31.840028542267728 ], [ 34.958880736072203, 31.840171336271517 ], [ 34.958836942972191, 31.840314839994338 ], [ 34.958796119982196, 31.840458912172899 ], [ 34.958758430857351, 31.84060355492996 ], [ 34.958723547063236, 31.840748766732027 ], [ 34.958691632735011, 31.840894406311328 ], [ 34.958662688564949, 31.841040616160385 ], [ 34.958636879748646, 31.841187254111404 ], [ 34.958613874949002, 31.841334179742837 ], [ 34.958583031528363, 31.841574231955825 ], [ 34.95850541416921, 31.842209588645787 ], [ 34.958350297398709, 31.843247941396069 ], [ 34.958265432126119, 31.843751814354977 ], [ 34.958179081941061, 31.844255543655535 ], [ 34.958139480647318, 31.84449783326394 ], [ 34.958104994171428, 31.844740696394851 ], [ 34.958075294360931, 31.844983991731898 ], [ 34.958050710502299, 31.84522786060133 ], [ 34.95803107789105, 31.845471879729946 ], [ 34.958007012843339, 31.845955297565713 ], [ 34.957989672073822, 31.846392650402478 ], [ 34.957963253350108, 31.846829703349233 ], [ 34.95789500842595, 31.847599929337818 ], [ 34.957775099920063, 31.848677239980951 ], [ 34.957645615033051, 31.849753826515713 ], [ 34.957586131392702, 31.850269725775064 ], [ 34.957535889611336, 31.850786487910128 ], [ 34.957518119715722, 31.85095019093708 ], [ 34.957493582307094, 31.851113176494827 ], [ 34.957462444285746, 31.851275444903361 ], [ 34.957424704631855, 31.85143657319896 ], [ 34.95738036542555, 31.851596561379786 ], [ 34.957329590094552, 31.85175512838638 ], [ 34.957272381476507, 31.851911991042915 ], [ 34.957198411849923, 31.852101513221882 ], [ 34.957144414169989, 31.852230482235452 ], [ 34.957074912546403, 31.852353784661961 ], [ 34.956990736550743, 31.852470154121296 ], [ 34.956892879164407, 31.852578464331391 ], [ 34.95678216998806, 31.852677449809434 ], [ 34.956659931684094, 31.852765985814937 ], [ 34.956514097865259, 31.852850106371172 ], [ 34.956469804723255, 31.852991635693659 ], [ 34.956421376898497, 31.853197974824482 ], [ 34.956373178173472, 31.853380218471173 ], [ 34.95633660031632, 31.853538108384466 ], [ 34.956292136419258, 31.853743187208689 ], [ 34.956251571113434, 31.853910790999915 ], [ 34.956211023847906, 31.854071209054965 ], [ 34.956176226982876, 31.854242065232089 ], [ 34.956135725496857, 31.85438529182553 ], [ 34.956089302583969, 31.85458219437421 ], [ 34.956058314472678, 31.854748267437412 ], [ 34.956002398452213, 31.854976010102114 ], [ 34.955950217654703, 31.855164587398487 ], [ 34.955913626564616, 31.855327266715118 ], [ 34.955882594418604, 31.855509544544883 ], [ 34.955845797492948, 31.855687019693733 ], [ 34.955801289026404, 31.855908303098943 ], [ 34.955777951550765, 31.856053254006191 ], [ 34.955773766177472, 31.856197819386821 ], [ 34.955786698461473, 31.856362287257159 ], [ 34.955795862888721, 31.856515334246147 ], [ 34.955820261090054, 31.856652064503265 ], [ 34.955848611540972, 31.856792185225959 ], [ 34.955907188217139, 31.85698929186454 ], [ 34.955964492423213, 31.857168078094571 ], [ 34.956034616791428, 31.857368589968463 ], [ 34.956112454671469, 31.857525011251237 ], [ 34.956163607592885, 31.857658553386546 ], [ 34.956231873866955, 31.857813405670736 ], [ 34.956328871477346, 31.85796662393356 ], [ 34.956457335984453, 31.858207126264674 ], [ 34.956554799784946, 31.858371617178946 ], [ 34.956635478206593, 31.85851592582306 ], [ 34.956736533018613, 31.858634205913319 ], [ 34.956874497274157, 31.858842035114733 ], [ 34.956990123325262, 31.858944702088731 ], [ 34.957202430594513, 31.859135343328703 ], [ 34.957435106940039, 31.859302915379804 ], [ 34.957556547901362, 31.85939248779361 ], [ 34.957839615473404, 31.859609193666394 ], [ 34.95803864379122, 31.859765284966507 ], [ 34.958224024035864, 31.859901058458664 ], [ 34.958392616333612, 31.86001664971678 ], [ 34.95858477807824, 31.860210208556268 ], [ 34.958712588523689, 31.860389129729267 ], [ 34.958887516917642, 31.860669033478317 ], [ 34.958968201331921, 31.860813199934903 ], [ 34.959070471467506, 31.861036035446151 ], [ 34.959149187918122, 31.861175406586053 ], [ 34.959246715903575, 31.861318618738498 ], [ 34.959369120092362, 31.86148273255651 ], [ 34.959473680908594, 31.861589180732107 ], [ 34.959702656938134, 31.8617237680294 ], [ 34.959879322587319, 31.861785544670759 ], [ 34.960049534235189, 31.861852945076695 ], [ 34.960232803154632, 31.861914874598405 ], [ 34.960455549079903, 31.861971102487413 ], [ 34.960684703948353, 31.862038615086867 ], [ 34.961018657164985, 31.862123237091364 ], [ 34.961313375466581, 31.862185237597433 ], [ 34.961935725813987, 31.86228703594815 ], [ 34.96235489102385, 31.862366038873375 ], [ 34.962590575228241, 31.862400024282437 ], [ 34.962865690910178, 31.862445356063688 ], [ 34.963173678363361, 31.862484973410151 ], [ 34.963540384345727, 31.862547245963679 ], [ 34.963789277996064, 31.862581253266889 ], [ 34.964110221595263, 31.862654569728313 ], [ 34.964359144958813, 31.862677304056064 ], [ 34.964594953207829, 31.862728053629713 ], [ 34.964784903751173, 31.862761948734708 ], [ 34.964961840546174, 31.862784686020291 ], [ 34.965335096835553, 31.862869230003636 ], [ 34.965649481605894, 31.862925761711033 ], [ 34.966003148712488, 31.862987862006438 ], [ 34.966370039021463, 31.863044491245269 ], [ 34.966749943938929, 31.863112274978906 ], [ 34.967168327107977, 31.863241847592768 ], [ 34.968005350495119, 31.863401648580755 ], [ 34.968296108220152, 31.863466303076983 ], [ 34.968621813768337, 31.863552439158049 ], [ 34.968844885604845, 31.863613725738773 ], [ 34.969371091222108, 31.863742928029868 ], [ 34.969917463197213, 31.863863851398634 ], [ 34.970629178826307, 31.864023403135395 ], [ 34.970814478172905, 31.864070808075208 ], [ 34.971050081887348, 31.864139722509066 ], [ 34.971325643371571, 31.86420856995905 ], [ 34.971651551457292, 31.864281876502588 ], [ 34.971831931282793, 31.864316446998885 ], [ 34.972132796789957, 31.864368429743379 ], [ 34.972641890321199, 31.864477858923234 ], [ 34.973614319331141, 31.864706351628538 ], [ 34.97399519229009, 31.864788348103172 ], [ 34.974280808077459, 31.864865801766651 ], [ 34.974526519757951, 31.864921905899084 ], [ 34.975127957291093, 31.865081234003185 ], [ 34.97539851749206, 31.865171621756698 ], [ 34.975879634062764, 31.865313679680877 ], [ 34.976190286880495, 31.865416820158007 ], [ 34.976435783641783, 31.865494337671777 ], [ 34.976721340638683, 31.865597431864973 ], [ 34.976986939641932, 31.865692035116297 ], [ 34.977157363898506, 31.865747999518739 ], [ 34.977382915767066, 31.865812516725622 ], [ 34.977679027542649, 31.865921545388343 ], [ 34.978127184367516, 31.866040849729437 ], [ 34.978813504562638, 31.866200169825024 ], [ 34.979360554781536, 31.866324435702083 ], [ 34.979631860870285, 31.866382829828627 ], [ 34.980766380138434, 31.866648754559499 ], [ 34.981006645248165, 31.866707654806767 ], [ 34.981259778909973, 31.866771226992391 ], [ 34.981501701716311, 31.866827451693865 ], [ 34.981774979160548, 31.866891198844264 ], [ 34.982062451962619, 31.866957224790116 ], [ 34.98233276941113, 31.867016034386221 ], [ 34.982640233117422, 31.867077302534721 ], [ 34.982936268799747, 31.867153064919815 ], [ 34.983243551019399, 31.867221659528024 ], [ 34.98342805545127, 31.867261293529502 ], [ 34.983715348289969, 31.86733464366209 ], [ 34.98403994437394, 31.867412988971122 ], [ 34.984449707282081, 31.867505993858032 ], [ 34.984845287896647, 31.867591646511599 ], [ 34.985223851423157, 31.867682200691281 ], [ 34.985554064500853, 31.867760551818666 ], [ 34.985852935503203, 31.867826588816069 ], [ 34.986137418633064, 31.867902322998127 ], [ 34.986379347075086, 31.867958680022916 ], [ 34.986535951954259, 31.867997839629989 ], [ 34.986797033106193, 31.868054791410053 ], [ 34.987112912926548, 31.868120995235824 ], [ 34.987500065898338, 31.868211557319711 ], [ 34.987833079404432, 31.868294697805833 ], [ 34.988153691944838, 31.868384862295535 ], [ 34.988448541360512, 31.868407063956784 ], [ 34.988681287681281, 31.868436908989477 ], [ 34.989110111211538, 31.868503018025322 ], [ 34.989324695260855, 31.868532972718807 ], [ 34.989643077399279, 31.868589311231545 ], [ 34.989899415136733, 31.868628493497464 ], [ 34.990103285280178, 31.868650678518481 ], [ 34.990308788584478, 31.86868047466324 ], [ 34.990512465778053, 31.868714918118346 ], [ 34.990790789366386, 31.86874342729018 ], [ 34.991005371287272, 31.868774787797111 ], [ 34.991199804938418, 31.868808086457051 ], [ 34.991427240887788, 31.868850317663373 ], [ 34.991669061454552, 31.868884823141219 ], [ 34.991901971022777, 31.868916353478536 ], [ 34.992140323666298, 31.86895085226584 ], [ 34.992347637780867, 31.868983747714186 ], [ 34.992540435800755, 31.86901041949422 ], [ 34.992758658847329, 31.869038824221221 ], [ 34.993034811803817, 31.869078738374455 ], [ 34.99324938821669, 31.869113194661907 ], [ 34.993545996442251, 31.869161878552788 ], [ 34.993749690032814, 31.869190115901816 ], [ 34.99391888368492, 31.869213646917057 ], [ 34.994160704782082, 31.869248287443405 ], [ 34.994440314497702, 31.869293840670004 ], [ 34.994707723019573, 31.869331482191214 ], [ 34.994995093069072, 31.869377046994853 ], [ 34.995295185693585, 31.869419391811402 ], [ 34.995557134721281, 31.869461672382091 ], [ 34.995857220588164, 31.869507256120755 ], [ 34.996358372983991, 31.869574867972766 ], [ 34.996622627246822, 31.869620673553221 ], [ 34.996810952311606, 31.869654940255263 ], [ 34.997017285508726, 31.869685149876275 ], [ 34.997182684165111, 31.86970810581996 ], [ 34.997406854638029, 31.869736512266183 ], [ 34.997697733245133, 31.869764744493747 ], [ 34.997934243038486, 31.869813461139465 ], [ 34.998213034048852, 31.869857173138886 ], [ 34.998438661568755, 31.869898825239961 ], [ 34.998641525347281, 31.869930013204925 ], [ 34.998828060865932, 31.869952719838388 ], [ 34.999908922694182, 31.870185977347123 ], [ 35.000074029954675, 31.870192302108109 ], [ 35.000239164265473, 31.870186367283075 ], [ 35.000403169452582, 31.87016817101701 ], [ 35.000578098801647, 31.870138297176361 ], [ 35.00079084532809, 31.870106228184781 ], [ 35.001004898744732, 31.870080502563823 ], [ 35.001219928327259, 31.870061118876819 ], [ 35.001435439550676, 31.870048076329702 ], [ 35.001741081683868, 31.870046732176505 ], [ 35.001900554934714, 31.87006234521154 ], [ 35.00205785532777, 31.870089650364285 ], [ 35.002211663320111, 31.870128504860098 ], [ 35.00239961141294, 31.87018587196966 ], [ 35.002612990877736, 31.87024187050708 ], [ 35.00282936447033, 31.870288149950134 ], [ 35.003047079329072, 31.87032470947015 ], [ 35.003282300609357, 31.87036044949177 ], [ 35.003516687725721, 31.870399852779641 ], [ 35.003750241320382, 31.870442635264336 ], [ 35.004099490420522, 31.870511245720412 ], [ 35.004267694427661, 31.870536874392389 ], [ 35.004437235627158, 31.870555036025884 ], [ 35.004607783507353, 31.870565591215158 ], [ 35.004778514049882, 31.87056839527229 ], [ 35.004949259631303, 31.870563731106735 ], [ 35.005119527301119, 31.870551316576268 ], [ 35.005333582101855, 31.870524878444524 ], [ 35.005997262924488, 31.870421360698153 ], [ 35.006660126122441, 31.870314033408835 ], [ 35.008692478103512, 31.869984065570076 ], [ 35.01072726908771, 31.869664918776113 ], [ 35.0109102783615, 31.869638142589039 ], [ 35.011093777565435, 31.869614044403715 ], [ 35.011277766423582, 31.869592764000689 ], [ 35.011462244184976, 31.869574162495603 ], [ 35.011646881158221, 31.86955823758294 ], [ 35.011832008594858, 31.869545272937085 ], [ 35.012017294511807, 31.869534844195506 ], [ 35.012202740160021, 31.869527374315794 ], [ 35.01238834537552, 31.869522441242584 ], [ 35.012649404116054, 31.869520438997547 ], [ 35.013443297575641, 31.869522338821923 ], [ 35.014237190807414, 31.869524373472554 ], [ 35.016034194587995, 31.869523666107739 ], [ 35.017831052149745, 31.86951321054763 ], [ 35.018263680534545, 31.869506376501636 ], [ 35.01869615728819, 31.869492917752105 ], [ 35.019253326217346, 31.869466252428936 ], [ 35.019822551171202, 31.869437629869253 ], [ 35.020392255387996, 31.869417600757977 ], [ 35.020962272616309, 31.869405882577727 ], [ 35.021809340139448, 31.869404425012288 ], [ 35.022477408994718, 31.869407918416155 ], [ 35.023145487615722, 31.869405913497793 ], [ 35.024913609070943, 31.869397007811916 ], [ 35.026681553017255, 31.869394558716849 ], [ 35.02683505225049, 31.869427323653685 ], [ 35.026952609423503, 31.86951767036139 ], [ 35.027006526039202, 31.869644423301065 ], [ 35.026999492673887, 31.869782083563305 ], [ 35.026980074723504, 31.869919866327212 ], [ 35.026952237185093, 31.870056651640823 ], [ 35.02691598110421, 31.870191874956884 ], [ 35.026871638543049, 31.870325396046983 ], [ 35.026819042522405, 31.870456651028171 ], [ 35.026758526166205, 31.870585499670845 ], [ 35.026690089472716, 31.87071137742063 ], [ 35.026601973856749, 31.87085230524638 ], [ 35.026531061276209, 31.870977334431746 ], [ 35.026481270108462, 31.871109720463487 ], [ 35.026453431196948, 31.871246646322717 ], [ 35.026448211056838, 31.87138557702216 ], [ 35.026465779008547, 31.871523693693874 ], [ 35.026504330441291, 31.871654793751379 ], [ 35.027042025387203, 31.874300712273861 ], [ 35.027107262662462, 31.874639833712965 ], [ 35.027165727692456, 31.874979790672828 ], [ 35.027217091729277, 31.875320582704386 ], [ 35.027261518772811, 31.875662070261498 ], [ 35.027299009805851, 31.876004252450691 ], [ 35.027329399365819, 31.87634684767794 ], [ 35.027367324530537, 31.8769801503934 ], [ 35.027408640693814, 31.878259108532674 ], [ 35.027428463117026, 31.879638083123361 ], [ 35.027421642652328, 31.879836756440035 ], [ 35.027406896048035, 31.880035137347395 ], [ 35.027383893773234, 31.880233084699196 ], [ 35.027352966337567, 31.880430174191712 ], [ 35.027313948293916, 31.880626126023046 ], [ 35.027266840651045, 31.880820939285332 ], [ 35.027213638259383, 31.881007711479047 ], [ 35.027158354379019, 31.881160380954125 ], [ 35.027090691512264, 31.881309369927209 ], [ 35.02701098176945, 31.88145397361529 ], [ 35.026923530136422, 31.881587997962157 ], [ 35.026836106090272, 31.881707508321512 ], [ 35.026743567301217, 31.881824333954484 ], [ 35.026646575650787, 31.881938335992643 ], [ 35.026544799806103, 31.882049230789551 ], [ 35.026419709123566, 31.882175592522309 ], [ 35.025938724497138, 31.882649926300846 ], [ 35.025467464802858, 31.883131458537257 ], [ 35.024827525895738, 31.883814533086746 ], [ 35.024725891500502, 31.883935854376784 ], [ 35.024631679370799, 31.884061694296197 ], [ 35.024545385259515, 31.884191491726281 ], [ 35.02446717673493, 31.884324963747368 ], [ 35.024397384133984, 31.884461829472777 ], [ 35.024336008582679, 31.884601525277855 ], [ 35.024283214214556, 31.884743909820838 ], [ 35.024239334311574, 31.884888281063795 ], [ 35.024204203251628, 31.885034495391132 ], [ 35.024178318658095, 31.885182132363774 ], [ 35.024161177264048, 31.8853340094734 ], [ 35.024158440464333, 31.885467165296554 ], [ 35.024172831849405, 31.885625145554535 ], [ 35.024193847651048, 31.885773131265683 ], [ 35.024211890818592, 31.885921394125887 ], [ 35.02422696028097, 31.88606993413492 ], [ 35.024238891410832, 31.886218611277773 ], [ 35.024251802763828, 31.886458317185291 ], [ 35.024266509181118, 31.886623484488073 ], [ 35.024297900205148, 31.886786843818825 ], [ 35.024345812447642, 31.886947126068229 ], [ 35.024401860526694, 31.887085579450954 ], [ 35.024469784635905, 31.887231235345819 ], [ 35.024540849292116, 31.887375768365274 ], [ 35.024614888287964, 31.887519319855382 ], [ 35.024691738080847, 31.88766174709173 ], [ 35.024771562783386, 31.887802910518609 ], [ 35.024854198299955, 31.887942951484995 ], [ 35.024939808748272, 31.888081727729119 ], [ 35.025028229249436, 31.888219239012383 ], [ 35.025184349267228, 31.888449283493838 ], [ 35.025643231335259, 31.88908980123454 ], [ 35.026484044024059, 31.890202196609849 ], [ 35.026581242733229, 31.890328869227041 ], [ 35.026675797545117, 31.89045694762136 ], [ 35.026767706338944, 31.890586431795654 ], [ 35.026936517485375, 31.890834245983658 ], [ 35.027050523873974, 31.890981937941028 ], [ 35.027176270890358, 31.891122459533701 ], [ 35.027324923000897, 31.89129049055553 ], [ 35.027382817010434, 31.89141696710255 ], [ 35.02740303929243, 31.891551564396426 ], [ 35.027387411848771, 31.891691042937598 ], [ 35.027348485784152, 31.891836971329475 ], [ 35.027292571608363, 31.891970475972322 ], [ 35.026681336806561, 31.893076329148894 ], [ 35.026546269822241, 31.893315404654892 ], [ 35.026244546354299, 31.893815353081017 ], [ 35.026148090012676, 31.893986987124805 ], [ 35.026062196695484, 31.894162862752754 ], [ 35.025987196822747, 31.894342135442006 ], [ 35.025923255620754, 31.894524664759363 ], [ 35.025870706695194, 31.894709605280326 ], [ 35.025829550379889, 31.894896817236965 ], [ 35.025800287735223, 31.895082494751424 ], [ 35.025768793470135, 31.895311992279311 ], [ 35.025732675209717, 31.895541061238486 ], [ 35.025691768293129, 31.895769558905478 ], [ 35.025646236799602, 31.895997346625805 ], [ 35.025547131328523, 31.896427545118975 ], [ 35.025486688220774, 31.896679265977827 ], [ 35.025431363636848, 31.896931839011639 ], [ 35.025381322792313, 31.89718512467735 ], [ 35.025336400553577, 31.897439262530998 ], [ 35.025296761354859, 31.8976939714412 ], [ 35.025239063886772, 31.898147760057409 ], [ 35.025136985261383, 31.899087201929763 ], [ 35.025034903457602, 31.900026643572062 ], [ 35.025002663139055, 31.900298271881539 ], [ 35.024964807238916, 31.900569328604483 ], [ 35.024921503007093, 31.900839673287859 ], [ 35.024872582042406, 31.901109445470539 ], [ 35.024779384463024, 31.901554729799969 ], [ 35.024747716521546, 31.901700808091618 ], [ 35.024719186018253, 31.901847454445758 ], [ 35.024693463414167, 31.901994527714379 ], [ 35.024670877765764, 31.902141887680386 ], [ 35.024651265232812, 31.902289533211896 ], [ 35.024634789686353, 31.902437464542103 ], [ 35.024621287555732, 31.902585541658524 ], [ 35.024610758583428, 31.902733904344103 ], [ 35.024601102883715, 31.90294257756543 ], [ 35.024575805659161, 31.903549721845383 ], [ 35.024496832519205, 31.904662372681827 ], [ 35.024353845989467, 31.906412547947561 ], [ 35.024239263304963, 31.908164313959421 ], [ 35.024163761333504, 31.909440705008887 ], [ 35.024083467396558, 31.910716808486811 ], [ 35.024038862442183, 31.91131138289288 ], [ 35.023982032505081, 31.911905093963046 ], [ 35.023913145728244, 31.912497802137327 ], [ 35.023832034836246, 31.913089506256362 ], [ 35.023701268797794, 31.913898280742199 ], [ 35.023673054886437, 31.914049436116684 ], [ 35.023641867588459, 31.914200165199816 ], [ 35.023607378078047, 31.914350466619773 ], [ 35.02357008036617, 31.91450019949114 ], [ 35.023529479628699, 31.914649364910833 ], [ 35.023485905724485, 31.914797962443451 ], [ 35.023439359974461, 31.914945850502164 ], [ 35.023389842361951, 31.915093030887345 ], [ 35.023337186103227, 31.915239359968528 ], [ 35.023281723950255, 31.915384981605506 ], [ 35.023223124180795, 31.915529752834129 ], [ 35.023161551995315, 31.915673533201826 ], [ 35.023097173099579, 31.915816464526475 ], [ 35.023029821764609, 31.915958404981581 ], [ 35.022959499036226, 31.916099354563968 ], [ 35.022760039869965, 31.916465997381042 ], [ 35.022637889309379, 31.916666618208321 ], [ 35.022507652018419, 31.916863423460747 ], [ 35.022369491067927, 31.917056270859891 ], [ 35.022223408814682, 31.917245021503376 ], [ 35.022069735169538, 31.917429110396938 ], [ 35.021908636109117, 31.917608537751722 ], [ 35.021740275773475, 31.91778316489571 ], [ 35.021564988043664, 31.917952567523923 ], [ 35.021397168346148, 31.918103944277441 ], [ 35.021264316124139, 31.91820027547034 ], [ 35.021115311333993, 31.91827770183648 ], [ 35.020953956627125, 31.918334396313583 ], [ 35.020783559306274, 31.918368813407728 ], [ 35.020591036429948, 31.918397280530773 ], [ 35.02039965864963, 31.91843152607294 ], [ 35.020209921037306, 31.918471410974995 ], [ 35.020021823563901, 31.918516933440404 ], [ 35.019835698476811, 31.918567954176922 ], [ 35.019655014692106, 31.918623491646784 ], [ 35.019278102753098, 31.918742434082503 ], [ 35.018898889063543, 31.918855594982766 ], [ 35.018517372063215, 31.918963255692599 ], [ 35.018133718382245, 31.919065134166672 ], [ 35.017748091684631, 31.919161373113837 ], [ 35.017182980949002, 31.91929116475961 ], [ 35.016192943338943, 31.919505011369932 ], [ 35.015201752724728, 31.919715326026342 ], [ 35.014447728145491, 31.919879487238862 ], [ 35.013605412226681, 31.920076061658609 ], [ 35.013420957695246, 31.920114675471183 ], [ 35.013235027752138, 31.920147791112523 ], [ 35.013047952611586, 31.920175268389915 ], [ 35.012859898016536, 31.92019724913386 ], [ 35.012670863238085, 31.920213590851656 ], [ 35.012493240497875, 31.92022375042389 ], [ 35.012313962635346, 31.920235597253576 ], [ 35.012135659044084, 31.920255337119308 ], [ 35.011958825282839, 31.920283110557452 ], [ 35.011783793901522, 31.920318635808837 ], [ 35.011611388528799, 31.920361915032238 ], [ 35.01144177512824, 31.920412948490146 ], [ 35.011263879461069, 31.92047453754326 ], [ 35.011107828786635, 31.920518263893317 ], [ 35.010947181559402, 31.920547892137495 ], [ 35.010787886613706, 31.92056286768727 ], [ 35.0092813369955, 31.920949049303005 ], [ 35.009075715506981, 31.920995374513037 ], [ 35.008868454584395, 31.921035356180976 ], [ 35.008659720736347, 31.921069275021019 ], [ 35.008419930673796, 31.921100891973492 ], [ 35.008238962083901, 31.921129640435115 ], [ 35.008060124868265, 31.921166422625099 ], [ 35.007883747816436, 31.921211240864416 ], [ 35.007710493690887, 31.921263673236229 ], [ 35.007540527103934, 31.921323859789869 ], [ 35.007374509165537, 31.921391661781623 ], [ 35.007212936648578, 31.921466656142979 ], [ 35.007056139720554, 31.9215487036216 ], [ 35.006915697461437, 31.921630917912154 ], [ 35.006780865336211, 31.921717085325078 ], [ 35.00664949266622, 31.921807203432571 ], [ 35.006522077763982, 31.921901132337631 ], [ 35.006398453562113, 31.92199887179159 ], [ 35.006279117322528, 31.922100280995284 ], [ 35.006162413205182, 31.922206344868034 ], [ 35.004009146046926, 31.923973629816189 ], [ 35.003823943191144, 31.924123124106242 ], [ 35.003635607831811, 31.924269653405027 ], [ 35.003444468205466, 31.92441350138883 ], [ 35.003250195023362, 31.924554385254847 ], [ 35.003053285267733, 31.924692304874725 ], [ 35.002853406614491, 31.924827401294582 ], [ 35.002650890648979, 31.924959393660046 ], [ 35.002327944845405, 31.925159816221516 ], [ 35.002157721860605, 31.925256913714481 ], [ 35.001983378666537, 31.925348791004573 ], [ 35.001805577217226, 31.925435448228857 ], [ 35.001634902088838, 31.925512111811319 ], [ 35.00139311159387, 31.92562107106793 ], [ 35.00115609614398, 31.925737083400964 ], [ 35.000924020970068, 31.925860007515908 ], [ 35.000696887096829, 31.925989843441052 ], [ 35.000475354628975, 31.926126451578376 ], [ 35.000259590490494, 31.926269409272539 ], [ 35.000037844071962, 31.926427575142004 ], [ 34.999917537270669, 31.926513617852901 ], [ 34.999799043889347, 31.926601494959829 ], [ 34.999682364235696, 31.926691066686594 ], [ 34.999567497255107, 31.926782331232744 ], [ 34.999454444747414, 31.926875430191384 ], [ 34.99934337017649, 31.926970083365916 ], [ 34.999234274291837, 31.927066429642526 ], [ 34.999127157404075, 31.92716432924508 ], [ 34.999022020571495, 31.927263782180173 ], [ 34.998919026327798, 31.927364928497269 ], [ 34.99881801245256, 31.927467488375605 ], [ 34.998666797336362, 31.927631542966537 ], [ 34.998543921292885, 31.927757457648624 ], [ 34.998381912195597, 31.927871613085795 ], [ 34.998244338218228, 31.927993698868537 ], [ 34.998137212713921, 31.928094979416976 ], [ 34.997969031251984, 31.928235192223639 ], [ 34.997865037966619, 31.928339014438443 ], [ 34.997699741846837, 31.928518263118114 ], [ 34.997549817803169, 31.928694860013444 ], [ 34.997418284811438, 31.928848095360539 ], [ 34.997269940594308, 31.928982703181404 ], [ 34.997129137750356, 31.929143673320652 ], [ 34.997028116037121, 31.929247499678681 ], [ 34.996917983715562, 31.929361878565743 ], [ 34.996807839723587, 31.929481330055829 ], [ 34.99666105694385, 31.929655253505654 ], [ 34.996523207815905, 31.929824118678706 ], [ 34.996409983566252, 31.929990488107105 ], [ 34.99631162305409, 31.930158994734271 ], [ 34.996204287793063, 31.930351300848056 ], [ 34.996146011083063, 31.930476050137436 ], [ 34.996087722458128, 31.930606013682254 ], [ 34.996017219032787, 31.930730742856507 ], [ 34.995937563016433, 31.93088406259616 ], [ 34.995870138898383, 31.931034864648996 ], [ 34.995808693463637, 31.931172573082872 ], [ 34.995762507981773, 31.931357228969794 ], [ 34.995669721789383, 31.931544061911218 ], [ 34.995568509230637, 31.931803873059259 ], [ 34.995451834164598, 31.932105507478379 ], [ 34.995396518217198, 31.93223547555705 ], [ 34.995319893653608, 31.932435580683265 ], [ 34.995246037240051, 31.932653445276298 ], [ 34.995199955077823, 31.932791177768273 ], [ 34.995120107257875, 31.933027773053805 ], [ 34.995037203095769, 31.933227868537227 ], [ 34.99497571843024, 31.933381216649757 ], [ 34.99492044778588, 31.933563320371132 ], [ 34.994862079077812, 31.933726960576397 ], [ 34.994801988650948, 31.933921315574878 ], [ 34.994744598923056, 31.934163161031339 ], [ 34.994701515613393, 31.934362757436013 ], [ 34.994676086251921, 31.934573514986745 ], [ 34.99464026501208, 31.934703514863955 ], [ 34.994582991183407, 31.934893928931626 ], [ 34.994507933454045, 31.93512968575369 ], [ 34.994472201893409, 31.93529308086973 ], [ 34.994439753711767, 31.935465358875501 ], [ 34.994414617914586, 31.935619612636277 ], [ 34.994382210837088, 31.93577371278095 ], [ 34.994321302374068, 31.935963557050865 ], [ 34.994289067456783, 31.936114840174447 ], [ 34.994263682809603, 31.93630530679669 ], [ 34.994231241522854, 31.936547193193654 ], [ 34.994216645025809, 31.936716541784467 ], [ 34.994177338734872, 31.936852594115265 ], [ 34.994141426399572, 31.93702190740861 ], [ 34.994134012013888, 31.937158012506234 ], [ 34.994087214893646, 31.937317725964125 ], [ 34.994079779546631, 31.937462989857949 ], [ 34.994033291362719, 31.937632285591175 ], [ 34.993990155969243, 31.93785287672198 ], [ 34.993954292108093, 31.938001053258624 ], [ 34.993928940200107, 31.938249010554966 ], [ 34.993882340853517, 31.938466778614476 ], [ 34.993806688343732, 31.938744242860878 ], [ 34.993770981005468, 31.938895379341361 ], [ 34.993727934787721, 31.939076798323942 ], [ 34.993670649243327, 31.939270311357333 ], [ 34.993599235298731, 31.939500015113644 ], [ 34.993552642294546, 31.939642114390061 ], [ 34.99349533469627, 31.939917213624767 ], [ 34.993459509679411, 31.940047213043432 ], [ 34.993437882368255, 31.940183295328819 ], [ 34.993401701605137, 31.940396711149177 ], [ 34.993376416418769, 31.940614514349548 ], [ 34.993343972087949, 31.940783832169405 ], [ 34.993290243546468, 31.941010606223056 ], [ 34.993258047012596, 31.941143570447299 ], [ 34.993239710880296, 31.941285435173189 ], [ 34.993218082946711, 31.941421516490117 ], [ 34.993192983944027, 31.941557592930064 ], [ 34.993153473558401, 31.941781290098607 ], [ 34.993103201111992, 31.942014128176645 ], [ 34.993067111585063, 31.94225910841617 ], [ 34.993038197205792, 31.942473805003107 ], [ 34.99299154550755, 31.942712566745108 ], [ 34.992958801589708, 31.94286751168335 ], [ 34.992934527233075, 31.943004293729484 ], [ 34.992896630379306, 31.943172193653563 ], [ 34.992838201322705, 31.943358377927051 ], [ 34.99280691905102, 31.943524174978293 ], [ 34.992775788088885, 31.943695890880054 ], [ 34.992717358453348, 31.943882074178255 ], [ 34.992686260798941, 31.944039135613089 ], [ 34.992634566115271, 31.944242662066518 ], [ 34.992575850842613, 31.944480700053376 ], [ 34.992506888037312, 31.944719142955957 ], [ 34.9924654843634, 31.944902395656477 ], [ 34.992410389795367, 31.945146780240332 ], [ 34.99236903912103, 31.945306783302744 ], [ 34.992337821990219, 31.945443553587019 ], [ 34.992272594338225, 31.945638320467125 ], [ 34.992202885132571, 31.945841394548932 ], [ 34.992148010203806, 31.945989679290498 ], [ 34.992082568726289, 31.946204878106837 ], [ 34.992030991709854, 31.946356128056621 ], [ 34.991941673334225, 31.946606232164818 ], [ 34.991865978686775, 31.946824372545976 ], [ 34.991786951589944, 31.947054202924555 ], [ 34.991703800694509, 31.947280644534526 ], [ 34.991631562509369, 31.947504709145651 ], [ 34.991556091796177, 31.947696640255717 ], [ 34.991497545008798, 31.947859432310903 ], [ 34.991415153497009, 31.948042616750357 ], [ 34.991360329623333, 31.948167651508289 ], [ 34.991301802028346, 31.948321847399349 ], [ 34.991212478689178, 31.948571950898572 ], [ 34.991136235593238, 31.948740349391219 ], [ 34.991067406810387, 31.948917778428555 ], [ 34.991005559984671, 31.949077605825789 ], [ 34.990909435718109, 31.949266684523096 ], [ 34.990813403438253, 31.949487608149997 ], [ 34.990713808097937, 31.949676680846832 ], [ 34.990648688492115, 31.949821988748194 ], [ 34.990576633629566, 31.949964466766847 ], [ 34.990518150905423, 31.950098230827386 ], [ 34.990456171289004, 31.950243403224224 ], [ 34.990366875515463, 31.950409101727267 ], [ 34.990264000101924, 31.950586472887483 ], [ 34.990164614854244, 31.950755113976555 ], [ 34.990058234668957, 31.950946992835718 ], [ 34.989958801522661, 31.951135923577553 ], [ 34.989862706677819, 31.951310487670288 ], [ 34.989758971766392, 31.951501384143359 ], [ 34.989686873567543, 31.951661334177739 ], [ 34.989590902730988, 31.951853511578268 ], [ 34.989536023187227, 31.951999963438766 ], [ 34.989427341149245, 31.952185778544475 ], [ 34.989336202343765, 31.95236006922833 ], [ 34.989239314433064, 31.952519413363451 ], [ 34.989154065124872, 31.952648904577426 ], [ 34.989013133530968, 31.952842978454967 ], [ 34.988866440768788, 31.953027178355189 ], [ 34.988748061986946, 31.953188599466515 ], [ 34.988645445798987, 31.953322991942645 ], [ 34.988525046040635, 31.953499768185338 ], [ 34.988436892202884, 31.95366913123711 ], [ 34.988340083152096, 31.953793529515156 ], [ 34.988231480989434, 31.953942848188209 ], [ 34.988160955239891, 31.954064895847427 ], [ 34.98807289853228, 31.95419184561657 ], [ 34.98796242898392, 31.954361733028751 ], [ 34.987827767472041, 31.95455821142723 ], [ 34.98766228995661, 31.954786764173072 ], [ 34.987574753106976, 31.954903005435405 ], [ 34.987430465566057, 31.955115671633063 ], [ 34.98727361438236, 31.955329724807466 ], [ 34.987178941342272, 31.955457930560236 ], [ 34.987041882139373, 31.955618331461604 ], [ 34.986897862577635, 31.955786751833649 ], [ 34.986758224735787, 31.955989279798835 ], [ 34.986668540900766, 31.956103543561593 ], [ 34.98655200851195, 31.956249746698077 ], [ 34.986448068500081, 31.956382022096907 ], [ 34.986332171145264, 31.956538513092294 ], [ 34.986221129121233, 31.95666880383591 ], [ 34.986093529870971, 31.956811042989376 ], [ 34.985987327257945, 31.956921332419626 ], [ 34.985890323116436, 31.957055591538332 ], [ 34.98577614829378, 31.957181648789525 ], [ 34.985672207173856, 31.957313923526005 ], [ 34.985570573026351, 31.95744831599859 ], [ 34.985450075232109, 31.957592538985011 ], [ 34.985345966775945, 31.957724953837527 ], [ 34.985211342613589, 31.95790128019383 ], [ 34.985080392357609, 31.958061266492159 ], [ 34.984967022931848, 31.958195496605896 ], [ 34.984851149604481, 31.958339868578072 ], [ 34.984692846319831, 31.958534329447758 ], [ 34.984567561253719, 31.958674598752761 ], [ 34.984435299983119, 31.958828945762534 ], [ 34.984333682570124, 31.958955304789068 ], [ 34.984184393486018, 31.959111313814912 ], [ 34.984094543112889, 31.959223602231926 ], [ 34.984002359949656, 31.959343918976302 ], [ 34.983855820917917, 31.959524308364138 ], [ 34.983730508971895, 31.959674722155949 ], [ 34.983647712242814, 31.959809004177231 ], [ 34.983514074671952, 31.95998504810677 ], [ 34.983424393762782, 31.96009522337819 ], [ 34.983322753266869, 31.960229613062232 ], [ 34.983204580639864, 31.960365947928278 ], [ 34.983058038418953, 31.960546336351921 ], [ 34.982958759720304, 31.960660580660495 ], [ 34.98284056908733, 31.960803960100431 ], [ 34.982693722315183, 31.961041838076984 ], [ 34.982598800543052, 31.961199771673439 ], [ 34.982479359236763, 31.961381475588411 ], [ 34.982309924839541, 31.961663840579423 ], [ 34.982218515557932, 31.961803884459759 ], [ 34.982130605557764, 31.961931956530083 ], [ 34.982053224334436, 31.96208090227784 ], [ 34.981975884938279, 31.962211952492044 ], [ 34.981916037197188, 31.962355010271864 ], [ 34.981803384297343, 31.962599429285223 ], [ 34.981740101338666, 31.962727544239847 ], [ 34.981623595618103, 31.96299224708515 ], [ 34.981514541932583, 31.963182845690582 ], [ 34.981479148149859, 31.963328905010247 ], [ 34.981405184718184, 31.96349885140344 ], [ 34.98134531378863, 31.963650785372117 ], [ 34.98128534861825, 31.963841610672446 ], [ 34.981221956036293, 31.964014393680596 ], [ 34.981165374572463, 31.964241015056949 ], [ 34.981111985413222, 31.964446223988947 ], [ 34.981027542441232, 31.96464278309324 ], [ 34.980988661826977, 31.964794895375647 ], [ 34.98094974419201, 31.964961803598108 ], [ 34.980889626988358, 31.96514656912866 ], [ 34.980868222830978, 31.965316606771406 ], [ 34.98080129954316, 31.96551333812431 ], [ 34.980783330121625, 31.965698177810825 ], [ 34.980744253609757, 31.965930747450855 ], [ 34.980712091279123, 31.96610654399732 ], [ 34.980694216568772, 31.966252634792237 ], [ 34.980658812764048, 31.966401793313345 ], [ 34.98062311970002, 31.966670160837754 ], [ 34.980601642558291, 31.966869930077554 ], [ 34.98058746319203, 31.967059426114606 ], [ 34.980530972625488, 31.967247157546137 ], [ 34.980513160868853, 31.967435096944325 ], [ 34.98048126381876, 31.967569185092248 ], [ 34.980463214694765, 31.96778685586418 ], [ 34.980441794738617, 31.967962812820282 ], [ 34.98052888822096, 31.968106128935883 ], [ 34.980697102796221, 31.968061756954732 ], [ 34.98084778032247, 31.968023131773247 ], [ 34.981087461476193, 31.967954368464174 ], [ 34.981308166437898, 31.967871338973094 ], [ 34.981479923667379, 31.967796959000932 ], [ 34.981641107500366, 31.967719742984592 ], [ 34.981802450015451, 31.967645484980633 ], [ 34.981998690355837, 31.967562270700423 ], [ 34.982156360380785, 31.967502942507874 ], [ 34.982440220812229, 31.967413963213158 ], [ 34.982650430908443, 31.967363603681164 ], [ 34.982825556519039, 31.967331077211142 ], [ 34.983185014504109, 31.967286613508996 ], [ 34.983342603576233, 31.967260115937531 ], [ 34.98351419977017, 31.967251396499485 ], [ 34.983706782170408, 31.967245812838158 ], [ 34.983969462593109, 31.967234292247309 ], [ 34.984343982466449, 31.967249878674295 ], [ 34.984578650191878, 31.967271139604616 ], [ 34.984795632359926, 31.967292369510204 ], [ 34.985023156877425, 31.967328553060938 ], [ 34.985261095370767, 31.967364755082325 ], [ 34.985420536754951, 31.967393352483604 ], [ 34.985619948237648, 31.9674354050582 ], [ 34.985858038259202, 31.967477523908151 ], [ 34.986102878027083, 31.967531630873673 ], [ 34.986340933218088, 31.967588685458676 ], [ 34.986697765361079, 31.967675814930715 ], [ 34.986862363704709, 31.96769103378104 ], [ 34.987022605809422, 31.9677309031844 ] ] ] } },
{ "type": "Feature", "properties": { "OBJECTID": 2, "ID": 2.0, "LENGTH": 1372.105, "AREA": 1372.105, "PERIMETER": 37.0, "ALLMAP1_": 36.0, "ALLMAP1_ID": 0.0, "NAME": null, "NAME_CITY": "1372.105", "Shape_Leng": 1372.10519699 }, "geometry": { "type": "MultiLineString", "coordinates": [ [ [ 35.224886559951429, 31.796380936292092 ], [ 35.225450488188997, 31.796344912302828 ], [ 35.225643524155721, 31.796331070370908 ], [ 35.225654216797302, 31.796193678901041 ], [ 35.225664898948175, 31.796010632755227 ], [ 35.225681009665557, 31.795754169723345 ], [ 35.225680971867476, 31.79558930191271 ], [ 35.225691647594012, 31.795378777627363 ], [ 35.225729040291647, 31.795117801808075 ], [ 35.225771886580112, 31.794897971441888 ], [ 35.225841620571728, 31.794659817476184 ], [ 35.225895198761172, 31.794472113249761 ], [ 35.225927339637551, 31.794339368874823 ], [ 35.225986683073458, 31.794116717371619 ], [ 35.226040271332899, 31.793974809343979 ], [ 35.226077856067832, 31.793837413212028 ], [ 35.226142150662298, 31.793626738097515 ], [ 35.226265328195701, 31.793342920017789 ], [ 35.226318903681545, 31.79315507488819 ], [ 35.226404817000379, 31.792972014711708 ], [ 35.226490567406771, 31.79279797289027 ], [ 35.226576317491968, 31.79262393100646 ], [ 35.226645904920922, 31.792472860824915 ], [ 35.226737096388774, 31.792289658795333 ], [ 35.226817569430153, 31.792129427523381 ], [ 35.226860418415555, 31.79193707482403 ], [ 35.226860385177261, 31.791799685051036 ], [ 35.226871069975985, 31.791639466030489 ], [ 35.226826793897757, 31.791387240246692 ], [ 35.226664845093616, 31.791647674742613 ], [ 35.226541801969681, 31.791789877462946 ], [ 35.226360857732594, 31.791962949196634 ], [ 35.226201520038224, 31.792111357081112 ], [ 35.226049603303906, 31.792253563357054 ], [ 35.225933655472858, 31.792401963510997 ], [ 35.225825127348074, 31.792537962922289 ], [ 35.225702085660707, 31.792692564196173 ], [ 35.225593568148931, 31.79287802295762 ], [ 35.225513912903459, 31.793020216523004 ], [ 35.22536813344994, 31.793315592878887 ], [ 35.225295733730903, 31.793439326263886 ], [ 35.225187206237138, 31.793587724492475 ], [ 35.225020785700181, 31.793810252351197 ], [ 35.224897591577985, 31.794038972269448 ], [ 35.224796320481865, 31.79417496960054 ], [ 35.224666015798412, 31.794335771139895 ], [ 35.224499576623529, 31.794484177971654 ], [ 35.224398150671661, 31.794675834684071 ], [ 35.224202741221838, 31.795145667289617 ], [ 35.224050875097809, 31.795559831365718 ], [ 35.223906090986866, 31.795924534617125 ], [ 35.223746792830902, 31.796314040449499 ], [ 35.224886559951429, 31.796380936292092 ] ] ] } },
{ "type": "Feature", "properties": { "OBJECTID": 3, "ID": 3.0, "LENGTH": 1020.515, "AREA": 1020.515, "PERIMETER": 38.0, "ALLMAP1_": 37.0, "ALLMAP1_ID": 0.0, "NAME": null, "NAME_CITY": "1020.515", "Shape_Leng": 1020.51503784 }, "geometry": { "type": "MultiLineString", "coordinates": [ [ [ 35.226826793897757, 31.791387240246692 ], [ 35.227101459789019, 31.791268543780703 ], [ 35.227235540852504, 31.791071665426923 ], [ 35.227333345016831, 31.790953281440238 ], [ 35.227488714064847, 31.790779226328297 ], [ 35.227612089646136, 31.790660273831072 ], [ 35.227730022047496, 31.790550340603126 ], [ 35.227917730330297, 31.790394598087126 ], [ 35.228089292842881, 31.790330450904186 ], [ 35.228266296822156, 31.790257143388843 ], [ 35.228464750733906, 31.79019299065326 ], [ 35.228641607393087, 31.790188447893701 ], [ 35.228813349375272, 31.790183765182782 ], [ 35.228861485949679, 31.79004185692747 ], [ 35.228834723714577, 31.789904472249251 ], [ 35.228625443373311, 31.789570268021766 ], [ 35.22850198501871, 31.789359768763816 ], [ 35.22844832726706, 31.78920858011346 ], [ 35.228373232518678, 31.789089522607245 ], [ 35.228287408979782, 31.78895229049283 ], [ 35.228185395088872, 31.788727836324309 ], [ 35.228035205032981, 31.788485212640726 ], [ 35.227927929317822, 31.788325015299346 ], [ 35.227847389819495, 31.78820145017615 ], [ 35.227724112360512, 31.788041114013811 ], [ 35.227606127070686, 31.787926714672761 ], [ 35.227429057804855, 31.787725242479517 ], [ 35.227112915453795, 31.787519425514208 ], [ 35.227113108994693, 31.788310649111629 ], [ 35.227084314519445, 31.788619816586415 ], [ 35.227055320870782, 31.788792862217811 ], [ 35.227055355562463, 31.788935042626996 ], [ 35.227048134275904, 31.789089624617709 ], [ 35.227040760424956, 31.789298458589485 ], [ 35.227019034580742, 31.789508703778722 ], [ 35.227004733427712, 31.789718806050008 ], [ 35.226983007404215, 31.789929051219278 ], [ 35.226968523825214, 31.790071235080287 ], [ 35.226939689743553, 31.790225820868052 ], [ 35.226932504141793, 31.790528642652848 ], [ 35.226896356844364, 31.791140631762545 ], [ 35.226826793897757, 31.791387240246692 ] ] ] } },
{ "type": "Feature", "properties": { "OBJECTID": 4, "ID": 4.0, "LENGTH": 13780.37, "AREA": 3780.37, "PERIMETER": 39.0, "ALLMAP1_": 38.0, "ALLMAP1_ID": 0.0, "NAME": null, "NAME_CITY": "13780.370", "Shape_Leng": 13780.370113200001 }, "geometry": { "type": "MultiLineString", "coordinates": [ [ [ 35.226883980495195, 31.787040363785085 ], [ 35.227069719985167, 31.786956769968185 ], [ 35.227176911793897, 31.786787374488991 ], [ 35.227273391567685, 31.786668285468039 ], [ 35.227402036527664, 31.786530873293273 ], [ 35.227498681612147, 31.78641643485544 ], [ 35.227616612109465, 31.786315660747047 ], [ 35.227771990183378, 31.786210370457436 ], [ 35.227932972928002, 31.786091269967411 ], [ 35.228024007203786, 31.785972182273774 ], [ 35.228013249489742, 31.785839444249643 ], [ 35.228007924975131, 31.785660768190457 ], [ 35.228061498275615, 31.785491381866787 ], [ 35.228147251581547, 31.785367784953582 ], [ 35.228190106435726, 31.785221227943023 ], [ 35.22809356752375, 31.785102175104321 ], [ 35.227970134879456, 31.784964808095314 ], [ 35.227895032626762, 31.784800095473866 ], [ 35.227830155065512, 31.784627066857755 ], [ 35.227797951029153, 31.784485032957498 ], [ 35.227776466482517, 31.784333978675775 ], [ 35.22780331282501, 31.784159946541269 ], [ 35.227862160076292, 31.783976749412293 ], [ 35.227872846886243, 31.783834849192111 ], [ 35.227765591707609, 31.783729607032317 ], [ 35.227540399446447, 31.783683851820612 ], [ 35.227427700096563, 31.783578610363236 ], [ 35.227529609596068, 31.783418232955288 ], [ 35.227728029874527, 31.783276298482292 ], [ 35.227851229314872, 31.783152694857478 ], [ 35.228022754024387, 31.78299230510143 ], [ 35.22816227304277, 31.782827552574503 ], [ 35.22834452964004, 31.782703796738421 ], [ 35.228601845650729, 31.782584817868347 ], [ 35.228837719728681, 31.782484020090664 ], [ 35.229025432918093, 31.782415218580059 ], [ 35.229245303526135, 31.782309914839562 ], [ 35.229449005109473, 31.782195453906898 ], [ 35.229566930783953, 31.782108346223239 ], [ 35.22973318176529, 31.781984733139204 ], [ 35.229910163337273, 31.781888594963092 ], [ 35.230103140949353, 31.781778644328469 ], [ 35.230286380864932, 31.781650236507744 ], [ 35.230160984618934, 31.781565572804215 ], [ 35.229764526404288, 31.781384579964538 ], [ 35.229622303977095, 31.781295270090133 ], [ 35.22949690710162, 31.781204264886377 ], [ 35.22941320457312, 31.78095979777429 ], [ 35.22920844910751, 31.780822307141662 ], [ 35.22899395392416, 31.780657340776326 ], [ 35.228862946720383, 31.780556613277835 ], [ 35.228734742067552, 31.78044489437416 ], [ 35.228533621947697, 31.780325015801537 ], [ 35.228365339347562, 31.780241486637724 ], [ 35.228213196674382, 31.780052128627073 ], [ 35.228018383335574, 31.780078797182778 ], [ 35.227588255121773, 31.77977957784486 ], [ 35.227399427137996, 31.779993517020706 ], [ 35.22722189628815, 31.779860950417397 ], [ 35.226967981727952, 31.779694718784615 ], [ 35.226790311584452, 31.779666990597526 ], [ 35.22649861246299, 31.779462295739734 ], [ 35.226355410556401, 31.779392991502277 ], [ 35.226210726803167, 31.779333550790817 ], [ 35.226000733943479, 31.779337955116858 ], [ 35.225838389246292, 31.779233988582668 ], [ 35.225930576403691, 31.779123216135524 ], [ 35.226000975279952, 31.778959322574337 ], [ 35.225855083971211, 31.778668362847412 ], [ 35.225669283089289, 31.778416301509278 ], [ 35.225837182718564, 31.778297060780403 ], [ 35.2258087797345, 31.7781661579203 ], [ 35.226071666627426, 31.777923320680145 ], [ 35.226234278928423, 31.777773080432404 ], [ 35.226489584471217, 31.777569839852976 ], [ 35.226631750779006, 31.777456661995174 ], [ 35.226847306495557, 31.777278792810367 ], [ 35.227032680236761, 31.777125869946321 ], [ 35.227201725829353, 31.776986618040421 ], [ 35.227446965353018, 31.7767845046221 ], [ 35.227572635166581, 31.776681193026146 ], [ 35.227591361379908, 31.776363854210736 ], [ 35.22755650964379, 31.776179264457195 ], [ 35.227510096396877, 31.775932816782831 ], [ 35.227482668126335, 31.775750198877599 ], [ 35.227455578791584, 31.775601399953338 ], [ 35.227609636203738, 31.775562903010741 ], [ 35.227801794491285, 31.775514816817971 ], [ 35.227791519813074, 31.775327967980136 ], [ 35.227777104348924, 31.775068268238684 ], [ 35.227757078907615, 31.774808147452557 ], [ 35.227737741130937, 31.774654274285123 ], [ 35.227742958723482, 31.774412044092383 ], [ 35.227735007295045, 31.774277615237253 ], [ 35.227726558614926, 31.774134590115466 ], [ 35.227720404268723, 31.773929703642995 ], [ 35.227789979156967, 31.773791737962238 ], [ 35.227803295489352, 31.773615594108367 ], [ 35.227735273592288, 31.773366613506305 ], [ 35.227795441202026, 31.773213007990968 ], [ 35.22778103971963, 31.773011787190324 ], [ 35.227960826676764, 31.772981034606975 ], [ 35.228234794355089, 31.772934342155029 ], [ 35.228407660615702, 31.772934450360857 ], [ 35.228570465270543, 31.772934560242728 ], [ 35.228773019892678, 31.772925503207411 ], [ 35.22916113919441, 31.772907955127106 ], [ 35.229469428203402, 31.772908881408721 ], [ 35.229742392600848, 31.772813993288739 ], [ 35.229922688409715, 31.772840870937209 ], [ 35.230318416680433, 31.772899974358324 ], [ 35.23063711091045, 31.772947678738145 ], [ 35.231326535136851, 31.771595546648719 ], [ 35.231426950266325, 31.771468633498898 ], [ 35.231527359670899, 31.771323049433381 ], [ 35.2316104497406, 31.771177468988093 ], [ 35.231706714718364, 31.770962274275103 ], [ 35.231772147114178, 31.770790557609061 ], [ 35.231876999077613, 31.770611365151208 ], [ 35.231981860612045, 31.770465778845594 ], [ 35.23209101756801, 31.770342597784762 ], [ 35.232230852147367, 31.770215675397701 ], [ 35.232361928886554, 31.770036546231836 ], [ 35.232497457774805, 31.76985734560013 ], [ 35.232632813541734, 31.769652076205627 ], [ 35.232680771287818, 31.769517705495012 ], [ 35.232715662911218, 31.769267577192501 ], [ 35.232693791696299, 31.768942918815714 ], [ 35.232650033646102, 31.768782428548086 ], [ 35.232567031704036, 31.76866302316439 ], [ 35.232427132388707, 31.768566035634024 ], [ 35.232261028770182, 31.768539933087897 ], [ 35.232051205075216, 31.768476497238083 ], [ 35.231828360983918, 31.768443008623422 ], [ 35.231616234874174, 31.768402682264355 ], [ 35.231440558244174, 31.768350793410686 ], [ 35.231285172037573, 31.768310454436932 ], [ 35.231122852351298, 31.768247007917658 ], [ 35.230933646766822, 31.768177788691808 ], [ 35.230771480751294, 31.768073898565298 ], [ 35.23066325072174, 31.767970068362139 ], [ 35.230541661082746, 31.767866240808878 ], [ 35.230329992355159, 31.767684083944424 ], [ 35.23019471162268, 31.767574410393596 ], [ 35.230066359733982, 31.76747058374966 ], [ 35.229856843487482, 31.767309068830183 ], [ 35.229708011664542, 31.767101322079796 ], [ 35.229647273586295, 31.76695126211273 ], [ 35.229532240220571, 31.76668580493666 ], [ 35.229478083079862, 31.76647233231342 ], [ 35.229403790431746, 31.766206866970233 ], [ 35.229329366537193, 31.766068364828445 ], [ 35.229241397017816, 31.765849051150585 ], [ 35.229173871206527, 31.765600915942215 ], [ 35.229126483253602, 31.76540470398972 ], [ 35.229092632400786, 31.765260486042564 ], [ 35.229011404863023, 31.764960357627501 ], [ 35.228984308278676, 31.764781473296289 ], [ 35.2289842609595, 31.764602584636343 ], [ 35.229004494618039, 31.7644005823269 ], [ 35.228990930887853, 31.764250511955943 ], [ 35.228957066928132, 31.764054297285856 ], [ 35.228930137962784, 31.763881190993846 ], [ 35.228916576421405, 31.763742675917914 ], [ 35.228909774901332, 31.763592675466128 ], [ 35.228916491172761, 31.763419492334023 ], [ 35.228950424625559, 31.763256590375274 ], [ 35.228986163248315, 31.763062827882468 ], [ 35.229033951548764, 31.762907321036362 ], [ 35.229099544452765, 31.762718696835918 ], [ 35.229326442407988, 31.762545258824886 ], [ 35.229511470899467, 31.762461097627057 ], [ 35.229714479285107, 31.762384541438159 ], [ 35.230048767284863, 31.76229273994354 ], [ 35.230206921775206, 31.762244233911016 ], [ 35.23038602210125, 31.762198330638046 ], [ 35.230612946587534, 31.762131984212964 ], [ 35.230863130305998, 31.762082402328289 ], [ 35.231072083727774, 31.762039027865807 ], [ 35.231266031078889, 31.762005872308613 ], [ 35.231480918615929, 31.761952279841605 ], [ 35.231710806913526, 31.761875714746946 ], [ 35.231943671659373, 31.761824724870785 ], [ 35.232164493532252, 31.761763449867605 ], [ 35.232322649085916, 31.761725157286701 ], [ 35.232582392895154, 31.76166140737805 ], [ 35.23275258917517, 31.761628184466645 ], [ 35.232982322743851, 31.76158994635497 ], [ 35.233242066487264, 31.761528660740169 ], [ 35.233513678906498, 31.761452153274856 ], [ 35.233683867256701, 31.761396031315908 ], [ 35.233982525157501, 31.761310004884873 ], [ 35.234252808027449, 31.761202566527739 ], [ 35.234397426972642, 31.761132710020156 ], [ 35.234554417295762, 31.76106827590921 ], [ 35.234705303578359, 31.760998417566626 ], [ 35.234862466920909, 31.760960826404848 ], [ 35.235025890825007, 31.76090174531889 ], [ 35.235201850764419, 31.760848014334293 ], [ 35.235472129825808, 31.760740573384446 ], [ 35.235746050661113, 31.760669979387551 ], [ 35.235978734399374, 31.760589389981153 ], [ 35.236431241672065, 31.76043892251818 ], [ 35.236638695561012, 31.760369117983252 ], [ 35.237053449851523, 31.760266991261684 ], [ 35.23722313969683, 31.76021325999028 ], [ 35.237480890812705, 31.760132661372367 ], [ 35.237776241591128, 31.76004669813836 ], [ 35.237945925875145, 31.759976901364091 ], [ 35.238209950140671, 31.759917718401987 ], [ 35.238524266249591, 31.759831748395232 ], [ 35.238763054470176, 31.759767287143408 ], [ 35.239152745151962, 31.759692003716161 ], [ 35.239328706475781, 31.759654402809556 ], [ 35.23957394022824, 31.759627491038202 ], [ 35.239856767491638, 31.75957907920364 ], [ 35.240013921223401, 31.759525347700013 ], [ 35.240277755469307, 31.759407188043156 ], [ 35.240495426114535, 31.759330047762365 ], [ 35.240797203866286, 31.759244074792921 ], [ 35.241054782421408, 31.759158114737982 ], [ 35.241211933693002, 31.759104381754337 ], [ 35.241532494745975, 31.758975423345635 ], [ 35.241758742318083, 31.758905604979773 ], [ 35.241966185533641, 31.758830367169207 ], [ 35.242211227674957, 31.758744408468718 ], [ 35.242424946567809, 31.758690656277849 ], [ 35.242556847814548, 31.758599305147527 ], [ 35.24253776513472, 31.757914473205602 ], [ 35.242669651947139, 31.75779099376361 ], [ 35.242939892288504, 31.757629849268827 ], [ 35.243059259758027, 31.757543925987321 ], [ 35.243071648644751, 31.757194951003516 ], [ 35.243039955045262, 31.756330599928056 ], [ 35.243033424398931, 31.755697126741484 ], [ 35.243001851249993, 31.755520007800055 ], [ 35.24298294643728, 31.755267638732562 ], [ 35.243020491844995, 31.755133407676336 ], [ 35.243039401833215, 31.754999252604716 ], [ 35.243026703121672, 31.754601951648329 ], [ 35.243032985073953, 31.754243325016485 ], [ 35.243045402619238, 31.75396410210206 ], [ 35.243051571758777, 31.753727929714422 ], [ 35.243070306747725, 31.753572215167534 ], [ 35.243095463471704, 31.753389654359548 ], [ 35.24310783159801, 31.752992416037102 ], [ 35.243107753387974, 31.752804508624873 ], [ 35.243126315967949, 31.752235424585798 ], [ 35.243082208283219, 31.75205288478179 ], [ 35.243006763705772, 31.751859645052711 ], [ 35.242912369999466, 31.751704035065028 ], [ 35.242740792807624, 31.751534920587336 ], [ 35.242526995881157, 31.751357786688217 ], [ 35.242319445018801, 31.751127032282898 ], [ 35.242042774994289, 31.750842539904049 ], [ 35.241835399777905, 31.750633274701059 ], [ 35.24169071016842, 31.75047225304921 ], [ 35.241527238086555, 31.750354145585881 ], [ 35.24133868758053, 31.750203916056314 ], [ 35.241219088898724, 31.750101929468801 ], [ 35.241055607514141, 31.749957047420988 ], [ 35.240942426371035, 31.749817504993779 ], [ 35.240816711548149, 31.749677966948543 ], [ 35.240684741629536, 31.749565273976536 ], [ 35.240565307046495, 31.749457931561587 ], [ 35.240338984054837, 31.749275442328848 ], [ 35.24001202231814, 31.748969540809558 ], [ 35.239873622782262, 31.748856848781443 ], [ 35.239707685911746, 31.748746278161846 ], [ 35.239588249429367, 31.748628155963001 ], [ 35.239487607919507, 31.748499388504147 ], [ 35.239393394195858, 31.748359839441203 ], [ 35.239261261196638, 31.748241720415596 ], [ 35.239072716634205, 31.748086133222678 ], [ 35.238846380024178, 31.747849953547096 ], [ 35.238620044562992, 31.747613772558079 ], [ 35.238230258635397, 31.747286394071683 ], [ 35.237903309766672, 31.746980487938622 ], [ 35.237595175817077, 31.746712127993717 ], [ 35.237293526351415, 31.746588766142946 ], [ 35.23689004308865, 31.746209390229577 ], [ 35.236493991266151, 31.745849809359378 ], [ 35.236223608657291, 31.745527820002316 ], [ 35.235934272528986, 31.74522725268158 ], [ 35.235808565971674, 31.745071574665342 ], [ 35.235701666079258, 31.744937381081598 ], [ 35.235569698289922, 31.744792484123192 ], [ 35.235431304233472, 31.744658298009004 ], [ 35.235205040316281, 31.744588530222671 ], [ 35.23420048259824, 31.744599478614955 ], [ 35.233615918531825, 31.744604968290233 ], [ 35.232566335293356, 31.744589070679655 ], [ 35.231340807128895, 31.744578626362056 ], [ 35.231070542988512, 31.744594746915954 ], [ 35.230693587234292, 31.744600250792377 ], [ 35.230410618493039, 31.744589529128159 ], [ 35.230109019540173, 31.744589590360285 ], [ 35.229895309714827, 31.744584278156172 ], [ 35.229574748645653, 31.74458969707845 ], [ 35.229109735087057, 31.744589788139557 ], [ 35.22741045501472, 31.744586089649413 ], [ 35.227200538034189, 31.744579786523342 ], [ 35.226744598645581, 31.744598397555396 ], [ 35.226332183532065, 31.74457993901634 ], [ 35.225550565060793, 31.744580071217456 ], [ 35.224653191406183, 31.744598747311823 ], [ 35.224465023875879, 31.744512256713421 ], [ 35.224197223783122, 31.744487568207937 ], [ 35.22405246870705, 31.744611171464559 ], [ 35.223972852171997, 31.744747235283697 ], [ 35.223857122497392, 31.744889435320513 ], [ 35.223654495211221, 31.7450501777402 ], [ 35.223524249706671, 31.745173848535622 ], [ 35.223437535889779, 31.74528511231663 ], [ 35.223336152547454, 31.745433509912448 ], [ 35.223220429602343, 31.745612768899985 ], [ 35.22311196700479, 31.745822957311404 ], [ 35.223133611603842, 31.746033196894203 ], [ 35.223191706712925, 31.746280420289789 ], [ 35.223285722593303, 31.746391658052769 ], [ 35.223437780146291, 31.746478226113727 ], [ 35.223576316324447, 31.746568812848917 ], [ 35.223699351885863, 31.746661514806274 ], [ 35.223829648319445, 31.746772746657609 ], [ 35.223974463244623, 31.746921106024018 ], [ 35.22419873731446, 31.746952001948713 ], [ 35.224401424698478, 31.747050891001731 ], [ 35.22450270654663, 31.747199187148833 ], [ 35.224560627986619, 31.747384619962002 ], [ 35.224567913242417, 31.74752067030693 ], [ 35.224553433866419, 31.747668983781008 ], [ 35.224524630285089, 31.747922491659377 ], [ 35.224488574724354, 31.748194459635307 ], [ 35.224459583485853, 31.748342846617238 ], [ 35.224416250170187, 31.748509765157195 ], [ 35.224452391658488, 31.748639610759685 ], [ 35.224488713618776, 31.748837376990654 ], [ 35.224539373491901, 31.748991950669875 ], [ 35.224604547985159, 31.749158852050428 ], [ 35.224676977260522, 31.749319552052803 ], [ 35.224713124815196, 31.749474058518977 ], [ 35.224749277615963, 31.749647164623831 ], [ 35.224778340615323, 31.749826472033426 ], [ 35.224821757767074, 31.750036637366204 ], [ 35.224879514112125, 31.750213896556147 ], [ 35.224937462755996, 31.750510580703839 ], [ 35.224894148671773, 31.750770219830127 ], [ 35.224669739612452, 31.750918637197994 ], [ 35.224474321945003, 31.75091866815383 ], [ 35.224257312722209, 31.750974292801903 ], [ 35.224278958462307, 31.751172131651625 ], [ 35.224322555659725, 31.75145648825136 ], [ 35.224351493825736, 31.751827437750283 ], [ 35.224380625802553, 31.752328097715846 ], [ 35.224438595512076, 31.752723772970118 ], [ 35.224505049629073, 31.753457285935831 ], [ 35.224526859784937, 31.753648924458776 ], [ 35.224541452611142, 31.754019805709177 ], [ 35.224563107994733, 31.754260904991032 ], [ 35.224584937260417, 31.754539134970933 ], [ 35.224628393832916, 31.754922341596789 ], [ 35.224664732112188, 31.75518196778722 ], [ 35.224679126035262, 31.755392207950688 ], [ 35.224729965255349, 31.755596171768762 ], [ 35.224773393135344, 31.755843467655971 ], [ 35.224795193554762, 31.755985645318667 ], [ 35.224860384593391, 31.756208136958339 ], [ 35.224911051825188, 31.756375040321775 ], [ 35.224976245857782, 31.75660380241013 ], [ 35.225043579089977, 31.756810863035614 ], [ 35.225101514491129, 31.757027225864778 ], [ 35.225231823306935, 31.757126126083381 ], [ 35.225420001695085, 31.757144624445676 ], [ 35.225745730241485, 31.757187830814889 ], [ 35.225962937792232, 31.757218724762708 ], [ 35.226151116117492, 31.757231022768945 ], [ 35.226332039844742, 31.757255722102329 ], [ 35.22651296514276, 31.757286621356066 ], [ 35.226592586794524, 31.75713822530161 ], [ 35.226708316076731, 31.756952763395155 ], [ 35.226816802877401, 31.756822893225159 ], [ 35.226947050259263, 31.756662158905517 ], [ 35.227178724028114, 31.756501406345798 ], [ 35.22736688169504, 31.756439581795956 ], [ 35.227627440489023, 31.756383873616745 ], [ 35.227786599822593, 31.756433305226377 ], [ 35.227888067699489, 31.756600198058795 ], [ 35.227996656521064, 31.756884541150932 ], [ 35.228018462111919, 31.757026718236528 ], [ 35.228025753170243, 31.757162697831191 ], [ 35.228033088258158, 31.757471789978542 ], [ 35.228163390495347, 31.758170342164021 ], [ 35.228221527168941, 31.758497954044586 ], [ 35.228264945588748, 31.758671057544365 ], [ 35.228293847160103, 31.758825564122922 ], [ 35.228330182872902, 31.75902952821054 ], [ 35.228373620333848, 31.759270622556681 ], [ 35.228431581008714, 31.759548844847583 ], [ 35.228460662198813, 31.759759011320611 ], [ 35.228475212450711, 31.759901189634128 ], [ 35.228482526820379, 31.760123690209983 ], [ 35.228511938435126, 31.760336956226141 ], [ 35.228533598634463, 31.760547194405181 ], [ 35.228562699654333, 31.760831551877107 ], [ 35.228570019126039, 31.761072581690513 ], [ 35.228570107541735, 31.761412604614204 ], [ 35.228577409412935, 31.761585715679953 ], [ 35.228562932660893, 31.761727899450729 ], [ 35.228519609049691, 31.761931879384139 ], [ 35.228468846095772, 31.762067940175655 ], [ 35.228418247641038, 31.762203930569225 ], [ 35.22835315538299, 31.762414114707902 ], [ 35.228237433734279, 31.762647136653325 ], [ 35.228121705152503, 31.762851129054841 ], [ 35.22805658869499, 31.762974792893708 ], [ 35.227933623198076, 31.763265377833065 ], [ 35.227911905403055, 31.763475553687528 ], [ 35.227933739016194, 31.763722781830015 ], [ 35.227955564924429, 31.763939149792375 ], [ 35.227984483322331, 31.76415551643008 ], [ 35.228013555533309, 31.764328622517542 ], [ 35.228035210811292, 31.764520260138649 ], [ 35.228086062393018, 31.764724222319334 ], [ 35.228144005078711, 31.764922053324497 ], [ 35.228194685061091, 31.765101285144553 ], [ 35.228201977035781, 31.765237334899876 ], [ 35.228224309435639, 31.765494426285823 ], [ 35.228275179451259, 31.765766449531956 ], [ 35.228354733290338, 31.765976606348882 ], [ 35.2284344591055, 31.766217692675689 ], [ 35.228543057088608, 31.766483504704674 ], [ 35.228630043739017, 31.766730720239146 ], [ 35.228695253138859, 31.766959479142848 ], [ 35.2287531920174, 31.767132509129311 ], [ 35.228825661976799, 31.767367397288616 ], [ 35.228919738549635, 31.767602281238702 ], [ 35.228999471564748, 31.767855768384575 ], [ 35.229093713155592, 31.768084451087041 ], [ 35.22916615672181, 31.768214288805066 ], [ 35.229260223439894, 31.768405911994005 ], [ 35.229368824677223, 31.768665522157118 ], [ 35.22951424062358, 31.769046944924103 ], [ 35.229564934932647, 31.769257106564609 ], [ 35.229709879913194, 31.769720751927693 ], [ 35.229789638849176, 31.770054558359128 ], [ 35.229883757873388, 31.770425422150936 ], [ 35.22994899609553, 31.770734501036642 ], [ 35.229999858699571, 31.770950862578228 ], [ 35.230028789157487, 31.771185758657378 ], [ 35.230021575866566, 31.771346471064842 ], [ 35.229992790106728, 31.771637039524904 ], [ 35.229920427629906, 31.771816365485162 ], [ 35.22985535067982, 31.77209453993413 ], [ 35.229797511398893, 31.772304723034811 ], [ 35.22970058899368, 31.772549930590721 ], [ 35.229526756668093, 31.772636485920348 ], [ 35.22930242717392, 31.772636529997172 ], [ 35.229049073382932, 31.772661379952265 ], [ 35.228687019316432, 31.772686108597387 ], [ 35.228455438399379, 31.772710953216116 ], [ 35.228274490889596, 31.772717046753367 ], [ 35.228013869456618, 31.772704835723694 ], [ 35.227767772824265, 31.772729541096467 ], [ 35.227652004384915, 31.772828483519621 ], [ 35.227579627201962, 31.772970677490388 ], [ 35.227485491900168, 31.773174736298945 ], [ 35.227434885490844, 31.773304525906067 ], [ 35.227398796516958, 31.773446713192381 ], [ 35.227355284953681, 31.773588902705814 ], [ 35.227239532171133, 31.773761964401398 ], [ 35.227138285100679, 31.773891903641545 ], [ 35.2270223698698, 31.774077365483329 ], [ 35.22690662292348, 31.774275227506816 ], [ 35.226812639041441, 31.774435884623781 ], [ 35.226696728435272, 31.77464614679592 ], [ 35.226631605836076, 31.774782138756663 ], [ 35.226552133841722, 31.774930534401904 ], [ 35.226385605749698, 31.775239584672882 ], [ 35.226255331810158, 31.775406588464527 ], [ 35.226161346715031, 31.775567245073162 ], [ 35.226052682551902, 31.775740445112817 ], [ 35.225965946523296, 31.77587024112713 ], [ 35.225879056620599, 31.77604329663254 ], [ 35.225799410547424, 31.776160830797743 ], [ 35.225697338553047, 31.776313737980193 ], [ 35.225581417428813, 31.776499198442512 ], [ 35.225509205605796, 31.776666192665878 ], [ 35.225465686834887, 31.776795980245026 ], [ 35.225436876762195, 31.777049487171805 ], [ 35.225436913143255, 31.777210127631886 ], [ 35.225444202026559, 31.777346106943863 ], [ 35.225436990150733, 31.777550149700225 ], [ 35.225400740161305, 31.777729396612795 ], [ 35.225408034642022, 31.777890176545259 ], [ 35.225408072376695, 31.778057017141368 ], [ 35.225422644633454, 31.778304316690292 ], [ 35.225502357654406, 31.778471284778774 ], [ 35.225458903908034, 31.778891634651139 ], [ 35.225422812521359, 31.779046080880217 ], [ 35.22542284750935, 31.779200661820994 ], [ 35.225516900439196, 31.779311967690823 ], [ 35.225719660155256, 31.779417054270027 ], [ 35.22598032309552, 31.779528190189744 ], [ 35.226343777311662, 31.77972371478721 ], [ 35.226560899567581, 31.779865858691771 ], [ 35.226980945322801, 31.780094485384907 ], [ 35.227256137445245, 31.780242817935981 ], [ 35.227371967056953, 31.780347917447681 ], [ 35.22748055288266, 31.780514738341921 ], [ 35.227357545151094, 31.780731202357611 ], [ 35.227183891878873, 31.780947534635473 ], [ 35.227010077173446, 31.781176267006824 ], [ 35.226908823626452, 31.781318465537883 ], [ 35.2267858015786, 31.781485468431917 ], [ 35.226604904467521, 31.781769862174176 ], [ 35.226547050365568, 31.781973913675415 ], [ 35.226547090151122, 31.782140754163166 ], [ 35.226532620376183, 31.782338597936658 ], [ 35.226510726741921, 31.78253390611501 ], [ 35.226496250928172, 31.782706949261712 ], [ 35.226518064736204, 31.782867726482831 ], [ 35.226532618578091, 31.783022164119064 ], [ 35.226554278563569, 31.783232401884778 ], [ 35.22661224286508, 31.783485893687416 ], [ 35.226807757312578, 31.783603239343801 ], [ 35.227039560221677, 31.783695919229615 ], [ 35.22717716405046, 31.783782414530062 ], [ 35.227358182528626, 31.783980223213391 ], [ 35.227387087437279, 31.784122399421147 ], [ 35.227358266586847, 31.784320245817391 ], [ 35.227336527339695, 31.784468630403079 ], [ 35.227307739344077, 31.784796256977078 ], [ 35.227271517562357, 31.785086825549467 ], [ 35.227242706808966, 31.785327931351361 ], [ 35.227220976249981, 31.785513376106266 ], [ 35.227148793393802, 31.785819450977549 ], [ 35.227127050428116, 31.785955436095779 ], [ 35.22709097676443, 31.786177942678826 ], [ 35.227076496960095, 31.786332526933805 ], [ 35.22700412945229, 31.786561240089416 ], [ 35.226938996402744, 31.786691032709449 ], [ 35.226881126501205, 31.78683942355557 ], [ 35.226883980495195, 31.787040363785085 ] ] ] } },
{ "type": "Feature", "properties": { "OBJECTID": 5, "ID": 8.0, "LENGTH": 4902.514, "AREA": 4902.514, "PERIMETER": 36.0, "ALLMAP1_": 35.0, "ALLMAP1_ID": 0.0, "NAME": null, "NAME_CITY": "4902.514", "Shape_Leng": 4902.5143031600001 }, "geometry": { "type": "MultiLineString", "coordinates": [ [ [ 35.248784078005777, 31.801538996207402 ], [ 35.248935911163933, 31.801609117863265 ], [ 35.249170095293856, 31.801711619735816 ], [ 35.249315670057811, 31.801803443154672 ], [ 35.249524465582674, 31.801949213576705 ], [ 35.24967005313853, 31.802067950120978 ], [ 35.249802784128917, 31.801873444110438 ], [ 35.249954494061143, 31.801689782074902 ], [ 35.250144142099764, 31.801484545991283 ], [ 35.25034021378513, 31.801257606380226 ], [ 35.25051089675334, 31.801073935913646 ], [ 35.250649918189943, 31.800928042079391 ], [ 35.250789093150054, 31.800760587798923 ], [ 35.250921832431729, 31.80059313571466 ], [ 35.251124151826659, 31.800328568810958 ], [ 35.251263138463507, 31.800117854708837 ], [ 35.251376895606526, 31.799939558208344 ], [ 35.251478127371882, 31.799788322273617 ], [ 35.25153491927292, 31.799529163542012 ], [ 35.251566288276145, 31.7992428183721 ], [ 35.251572576885586, 31.798956624067689 ], [ 35.251584990232942, 31.798708191046295 ], [ 35.251622851602612, 31.798535418201119 ], [ 35.251625555029413, 31.79833644917036 ], [ 35.251612773885931, 31.798185255341437 ], [ 35.251612680516416, 31.798001646542854 ], [ 35.251612603628942, 31.797850447993078 ], [ 35.251587277621056, 31.797688408787124 ], [ 35.251555505787422, 31.797504811713804 ], [ 35.251517485811824, 31.797364477218775 ], [ 35.251466759062751, 31.797218651606023 ], [ 35.251390786327093, 31.797067481078244 ], [ 35.2512831273405, 31.796900117043517 ], [ 35.251150222631011, 31.796727266384988 ], [ 35.25097309556773, 31.796543722440109 ], [ 35.250833778767031, 31.796414275660741 ], [ 35.250631424729931, 31.79626300911066 ], [ 35.250447899586128, 31.79614978218417 ], [ 35.250289621677382, 31.796041759419438 ], [ 35.250144052353043, 31.795944582809692 ], [ 35.249916319242985, 31.795847576125208 ], [ 35.249764494702603, 31.795777314880333 ], [ 35.249574718220146, 31.795696357596128 ], [ 35.249384933229742, 31.795599336483491 ], [ 35.249220405625472, 31.795529079075326 ], [ 35.249049595299098, 31.795432050777297 ], [ 35.248815406452138, 31.795286288281588 ], [ 35.248625613811733, 31.795167565091269 ], [ 35.248486479849021, 31.795065029217792 ], [ 35.248429315167115, 31.794897645214707 ], [ 35.248536812629979, 31.794740913527061 ], [ 35.248555695525518, 31.794551943826114 ], [ 35.248579060385616, 31.794417787217935 ], [ 35.248604395844303, 31.79426657975603 ], [ 35.248623297548683, 31.794115374520878 ], [ 35.24864846040925, 31.793947961962783 ], [ 35.248686304681229, 31.793731929561687 ], [ 35.248679970328034, 31.793596938224002 ], [ 35.248648185036288, 31.79337008000147 ], [ 35.248629135442727, 31.793208178594348 ], [ 35.248603794266202, 31.793002878369524 ], [ 35.248546795366664, 31.792835494306754 ], [ 35.248502345739162, 31.792689805914875 ], [ 35.248445326696626, 31.792479162394713 ], [ 35.248356818912114, 31.792317143349091 ], [ 35.248280666508336, 31.79211735637303 ], [ 35.248217376993317, 31.791901358870678 ], [ 35.248173098097737, 31.791766380523768 ], [ 35.248116092051035, 31.791582791090921 ], [ 35.248046391595885, 31.79141541112709 ], [ 35.247989409890913, 31.791280437060468 ], [ 35.247925943172156, 31.791037384270219 ], [ 35.247887890888727, 31.790810669496523 ], [ 35.247790896363995, 31.790488013702912 ], [ 35.24775914457981, 31.79032597483133 ], [ 35.247670422546051, 31.790050662666182 ], [ 35.247676579006622, 31.78980758601946 ], [ 35.247777751740294, 31.789542918552122 ], [ 35.247859845703942, 31.789402541799294 ], [ 35.247980012954805, 31.78918648222481 ], [ 35.248137936248888, 31.788921794104294 ], [ 35.248264394833335, 31.78875434664317 ], [ 35.248416094093358, 31.788586890327743 ], [ 35.248574214271947, 31.788392376413867 ], [ 35.248700518487169, 31.788251983746505 ], [ 35.248798663284099, 31.788160856546234 ], [ 35.248519451791203, 31.788054716915667 ], [ 35.247669854356495, 31.787731991218521 ], [ 35.247631186676806, 31.787773544892062 ], [ 35.247641938244648, 31.787775700244591 ], [ 35.247662318694367, 31.787883573178352 ], [ 35.247523177444798, 31.788094284703881 ], [ 35.24735898418438, 31.788358973310732 ], [ 35.247194630211517, 31.788634371995279 ], [ 35.247011287838461, 31.788877507193853 ], [ 35.246897548147736, 31.789082713689815 ], [ 35.246796323074825, 31.789239442042192 ], [ 35.246632110984308, 31.789471720270679 ], [ 35.246524628601037, 31.789655364967501 ], [ 35.246278124493521, 31.789963198972647 ], [ 35.246183320751932, 31.790092869525548 ], [ 35.246069411975057, 31.790298075299798 ], [ 35.24585453024784, 31.790492604546461 ], [ 35.245657943592974, 31.790648657741226 ], [ 35.245550424455452, 31.790756772562197 ], [ 35.245341822238821, 31.790978213389106 ], [ 35.245240734453517, 31.791080830066839 ], [ 35.244987740594631, 31.791280724269448 ], [ 35.24484870583607, 31.791383352725003 ], [ 35.244734909094696, 31.791475263693403 ], [ 35.244595704351276, 31.791567041897554 ], [ 35.244431245763053, 31.791631913406885 ], [ 35.244241543911471, 31.791696792606576 ], [ 35.244045573003262, 31.791761673475737 ], [ 35.243843153485045, 31.791794146650588 ], [ 35.24362802813728, 31.791821126710616 ], [ 35.243432054286757, 31.791880652417042 ], [ 35.243235915407134, 31.791940036282998 ], [ 35.243046210917257, 31.79199955948183 ], [ 35.242907157275859, 31.792064421303632 ], [ 35.242761662154578, 31.792113079768971 ], [ 35.242388518190076, 31.792226625889427 ], [ 35.242160881247251, 31.792323782001429 ], [ 35.241857197778977, 31.79244815686409 ], [ 35.241566383827447, 31.792577881461334 ], [ 35.24141660506136, 31.792643872080141 ], [ 35.241264843703405, 31.792703380677992 ], [ 35.241119357362628, 31.792778951741575 ], [ 35.240860049316154, 31.792897815603187 ], [ 35.240683046957571, 31.792962685852498 ], [ 35.240493370234944, 31.793103229144759 ], [ 35.240404827200912, 31.793243602897967 ], [ 35.240347991366612, 31.793459638228576 ], [ 35.240379760568217, 31.793697206968496 ], [ 35.240449298923913, 31.793902496306885 ], [ 35.240481055943057, 31.794107655628988 ], [ 35.240493834133844, 31.794296616081446 ], [ 35.240506425610398, 31.794431606042604 ], [ 35.240544456147191, 31.794647613573112 ], [ 35.24061417185775, 31.794879817212507 ], [ 35.240696544238972, 31.794993228817162 ], [ 35.240721843129108, 31.795133710922212 ], [ 35.240690220274431, 31.795274068574194 ], [ 35.240652331466812, 31.795425278019874 ], [ 35.240588886585797, 31.795618909989766 ], [ 35.240513048398938, 31.795764775052913 ], [ 35.240374058494282, 31.79601324296252 ], [ 35.240228613143309, 31.796207602221045 ], [ 35.240083162011778, 31.79639125197798 ], [ 35.239969377147744, 31.79654248244945 ], [ 35.23985558881256, 31.796688358602267 ], [ 35.239646949483081, 31.796882875451402 ], [ 35.239476073710058, 31.797028766152067 ], [ 35.239299094984247, 31.797180014311678 ], [ 35.239159894520803, 31.797320400991651 ], [ 35.238995628944544, 31.797498699496924 ], [ 35.238862704788772, 31.797660784171384 ], [ 35.238767875735292, 31.797774103243249 ], [ 35.23863511257219, 31.797925338516176 ], [ 35.238464429717268, 31.798157607650822 ], [ 35.238432800461858, 31.798292609563937 ], [ 35.238489785553206, 31.798459998021617 ], [ 35.238635383418256, 31.798659772902582 ], [ 35.23873029941543, 31.798778677236307 ], [ 35.238913839588477, 31.798956740618742 ], [ 35.239223970578628, 31.79923749392086 ], [ 35.239420052330978, 31.799415693814421 ], [ 35.239676047407976, 31.799646014767671 ], [ 35.239815365886805, 31.799807883947768 ], [ 35.239910284569007, 31.799926787378435 ], [ 35.24003673053712, 31.800077950574508 ], [ 35.240245593081674, 31.800018427434434 ], [ 35.2404036416523, 31.799969768348003 ], [ 35.240751553820957, 31.799802265786902 ], [ 35.240916023072337, 31.79972119397657 ], [ 35.241055081052636, 31.799634775061829 ], [ 35.241289157108021, 31.799499713109537 ], [ 35.241579966095955, 31.799305169671239 ], [ 35.241902610010797, 31.799089056846757 ], [ 35.242085880425968, 31.79899191443646 ], [ 35.242269319499137, 31.798905339449306 ], [ 35.242522368841513, 31.798775765370532 ], [ 35.242686850302498, 31.798732456629345 ], [ 35.242965254544188, 31.798872721128461 ], [ 35.243148598999916, 31.798959185081216 ], [ 35.243319578941616, 31.799067072105384 ], [ 35.243509385236237, 31.79921285736641 ], [ 35.243737145121194, 31.799369340844407 ], [ 35.243920682318709, 31.799515128323993 ], [ 35.244097789559412, 31.799671626866665 ], [ 35.244230673762203, 31.799817428778621 ], [ 35.244338314158398, 31.799963239373934 ], [ 35.244502921562322, 31.800206120196794 ], [ 35.244635807166986, 31.80035192257435 ], [ 35.24473718775058, 31.800519294133426 ], [ 35.24482569705647, 31.800681314583162 ], [ 35.244895392669754, 31.800832491845938 ], [ 35.244958653305545, 31.800983670215803 ], [ 35.245047328175993, 31.801145690446443 ], [ 35.245256082223534, 31.801215798305773 ], [ 35.246546878062944, 31.801598799115162 ], [ 35.247032376384581, 31.801751386170508 ], [ 35.247209606613346, 31.80179444624487 ], [ 35.247506968499216, 31.801864519668353 ], [ 35.247785356673852, 31.801934740453895 ], [ 35.248120667511749, 31.801999445290523 ], [ 35.248310332970114, 31.80182112638219 ], [ 35.24841142241074, 31.801702302315203 ], [ 35.248531650481816, 31.801583471531227 ], [ 35.248784078005777, 31.801538996207402 ] ] ] } },
{ "type": "Feature", "properties": { "OBJECTID": 6, "ID": 0.0, "LENGTH": 44172.949, "AREA": 3556.128, "PERIMETER": 26.0, "ALLMAP1_": 25.0, "ALLMAP1_ID": 0.0, "NAME": null, "NAME_CITY": "44172.949", "Shape_Leng": 44172.948547200001 }, "geometry": { "type": "MultiLineString", "coordinates": [ [ [ 35.224605987490882, 32.552197701555592 ], [ 35.224693965146606, 32.552082998978214 ], [ 35.224813873791703, 32.551926021632681 ], [ 35.225044714695919, 32.55164546185344 ], [ 35.225216506943205, 32.551407460491589 ], [ 35.225343894621311, 32.551224557528883 ], [ 35.22544534093506, 32.551092380229434 ], [ 35.225533812216106, 32.55096246025515 ], [ 35.225645737135231, 32.55081929163407 ], [ 35.22573936352628, 32.550686974739847 ], [ 35.225853779163288, 32.550530561783951 ], [ 35.225952561746951, 32.550391762203915 ], [ 35.226059661416365, 32.550253666264716 ], [ 35.226161105589789, 32.550121489269927 ], [ 35.226247078729848, 32.549984805322723 ], [ 35.226332883429116, 32.549843894930284 ], [ 35.226468089850286, 32.549682969112517 ], [ 35.226621587663445, 32.549491324252131 ], [ 35.22677773996066, 32.549277699032807 ], [ 35.226899972481938, 32.549127764440513 ], [ 35.22702585407157, 32.548938941917307 ], [ 35.227155897938133, 32.548762798652113 ], [ 35.227288436850593, 32.548590882109018 ], [ 35.227371744706069, 32.548456453074863 ], [ 35.227460211744337, 32.548330898776598 ], [ 35.22759291999693, 32.548172226497513 ], [ 35.227681212983263, 32.54801807005849 ], [ 35.227767186480875, 32.54790350629731 ], [ 35.227872437981169, 32.547718068214088 ], [ 35.227995830808105, 32.54756630088746 ], [ 35.228151488691708, 32.547392265405016 ], [ 35.228286517933434, 32.547215556404538 ], [ 35.228433520518173, 32.54702658773266 ], [ 35.228565557208789, 32.546862419372424 ], [ 35.228671306188929, 32.54668078489965 ], [ 35.228765252511117, 32.546531558141609 ], [ 35.228871005440098, 32.54636739453727 ], [ 35.228983584638378, 32.546223799803599 ], [ 35.229103982895836, 32.546087107086478 ], [ 35.22923617550984, 32.545895463110568 ], [ 35.229350576203331, 32.545728902379771 ], [ 35.229550295617457, 32.545500048222088 ], [ 35.229647240601146, 32.545378154367278 ], [ 35.22974701047773, 32.545243719484908 ], [ 35.229870384875596, 32.545049822265049 ], [ 35.229976129105268, 32.544868186644749 ], [ 35.230094360549138, 32.544726984733039 ], [ 35.230252990278366, 32.544508000952931 ], [ 35.230426257196939, 32.544284223036541 ], [ 35.230576082393313, 32.544110045001176 ], [ 35.230696464495608, 32.543935872942122 ], [ 35.230837300075549, 32.543739434510677 ], [ 35.230928420229219, 32.543617540859231 ], [ 35.231036986002849, 32.543428436469867 ], [ 35.231110472762886, 32.543306545512202 ], [ 35.23124849962344, 32.543179710078526 ], [ 35.231421108677715, 32.543001299723535 ], [ 35.231561943851354, 32.542813596431245 ], [ 35.231694959123935, 32.542622513178245 ], [ 35.231831972261617, 32.542451999217086 ], [ 35.231940709576072, 32.542288114518577 ], [ 35.232045454348459, 32.542127751863092 ], [ 35.23228703128779, 32.541755874727819 ], [ 35.232480406735398, 32.541506728210067 ], [ 35.232617413434994, 32.541325787538184 ], [ 35.232933653185391, 32.540893166990301 ], [ 35.233155288748065, 32.540603012123889 ], [ 35.233348494407934, 32.540360767928199 ], [ 35.233509776694653, 32.540159391015386 ], [ 35.23364659444821, 32.539920540879308 ], [ 35.233803725000271, 32.539746498754525 ], [ 35.233972978184184, 32.539514544324511 ], [ 35.234117960716027, 32.539326837093547 ], [ 35.234307158752095, 32.539050355346141 ], [ 35.234544914973611, 32.538746668126571 ], [ 35.234718997507144, 32.538540495639545 ], [ 35.234904212968978, 32.538302195982745 ], [ 35.235174387236647, 32.537960176937496 ], [ 35.235372222287623, 32.537668896688309 ], [ 35.235505556078529, 32.537480627089394 ], [ 35.235683284816716, 32.537251627667239 ], [ 35.235879460288203, 32.536978662996908 ], [ 35.23609792115704, 32.536699493883717 ], [ 35.236201671343203, 32.536586610423861 ], [ 35.236305235264986, 32.536420327207061 ], [ 35.23640148253277, 32.536257286590335 ], [ 35.236482939765892, 32.536131727491181 ], [ 35.236645883949215, 32.535968669650174 ], [ 35.236882835455596, 32.535783471191486 ], [ 35.237107152105864, 32.535617719634942 ], [ 35.237255138961565, 32.535492284278206 ], [ 35.2374255765124, 32.53536050186591 ], [ 35.237551448188768, 32.535256910130116 ], [ 35.237703263188266, 32.535144012729603 ], [ 35.237825477930272, 32.535046761769316 ], [ 35.237977292181036, 32.534933723364333 ], [ 35.238121791167451, 32.534827167491081 ], [ 35.238243833149966, 32.534717235995537 ], [ 35.238362383523622, 32.534610686821608 ], [ 35.238499394792136, 32.534500751031757 ], [ 35.238632744793804, 32.534384757342529 ], [ 35.238751128158569, 32.53427806717194 ], [ 35.238958632844316, 32.534096113623001 ], [ 35.239243619367322, 32.533851439876806 ], [ 35.239436161886928, 32.533691328748993 ], [ 35.239578654329648, 32.533569695663175 ], [ 35.239697203989323, 32.533469203958646 ], [ 35.239878605912594, 32.533321776345076 ], [ 35.240041550014176, 32.533186892299391 ], [ 35.240237761985711, 32.533061299043226 ], [ 35.240378586902715, 32.532932761844513 ], [ 35.240578435076941, 32.532753907033836 ], [ 35.240826500068195, 32.532534320176381 ], [ 35.241070924361878, 32.532361651974696 ], [ 35.241278256499264, 32.532186034684713 ], [ 35.241400452038874, 32.532063701202873 ], [ 35.241648514412113, 32.531847211960276 ], [ 35.241770713905694, 32.53173417768879 ], [ 35.2418817733192, 32.531630726633416 ], [ 35.242000317926248, 32.53153037340094 ], [ 35.242137658266536, 32.531432409421996 ], [ 35.242368100617725, 32.531249034779329 ], [ 35.242540192729052, 32.531132180266646 ], [ 35.242700145066081, 32.531019414968348 ], [ 35.242903817344065, 32.530857744995259 ], [ 35.243138075743012, 32.530659151003093 ], [ 35.243308327397934, 32.530522429000222 ], [ 35.243448815382997, 32.530404455836454 ], [ 35.243625548966541, 32.530258996292432 ], [ 35.243745921746488, 32.530163572405925 ], [ 35.243932793818161, 32.530005146831037 ], [ 35.244083915767462, 32.529867302608537 ], [ 35.244236541996365, 32.529745520308779 ], [ 35.24443506124242, 32.529603434213648 ], [ 35.244682288066535, 32.529408918936376 ], [ 35.244916228507734, 32.529258930555798 ], [ 35.245200701059368, 32.529048763477405 ], [ 35.245599890387062, 32.528752892607123 ], [ 35.245829812633325, 32.528551899053149 ], [ 35.246037636083415, 32.528400508658756 ], [ 35.246187263589285, 32.528279992796278 ], [ 35.246391411573263, 32.528094505764969 ], [ 35.246533720220008, 32.527973851257343 ], [ 35.246665049475951, 32.527847141525108 ], [ 35.246883829684329, 32.527658690176175 ], [ 35.247095483505703, 32.527525753413443 ], [ 35.247237772732653, 32.5273680431469 ], [ 35.247394545681018, 32.527241323974486 ], [ 35.247554976529116, 32.527114603349517 ], [ 35.247803004647594, 32.526885843648444 ], [ 35.247963588371334, 32.526734325654857 ], [ 35.248111554101101, 32.5266264882355 ], [ 35.248334140178343, 32.526410136056086 ], [ 35.248512857346171, 32.526274108220861 ], [ 35.248655163395966, 32.526159792277063 ], [ 35.24881192920688, 32.526026871895041 ], [ 35.248965045841729, 32.525915509467843 ], [ 35.249202267993489, 32.525708449227992 ], [ 35.24949036217032, 32.525467273029257 ], [ 35.249756681599962, 32.525250902612385 ], [ 35.249960829477445, 32.525093306662605 ], [ 35.250110439987012, 32.524960387232845 ], [ 35.250300109640335, 32.524787297875967 ], [ 35.250482472027798, 32.524635768671615 ], [ 35.250754585589426, 32.52437642003207 ], [ 35.250951401051907, 32.524197127620106 ], [ 35.251155702476304, 32.524024031538431 ], [ 35.251334402139427, 32.523869542950543 ], [ 35.251484016607172, 32.523751979303576 ], [ 35.251644438757701, 32.523631452827011 ], [ 35.251815822540173, 32.523483025048627 ], [ 35.251950805832145, 32.523374906613697 ], [ 35.252107560891382, 32.523241982976224 ], [ 35.252268149974888, 32.523124414223531 ], [ 35.252417605918552, 32.523025589364124 ], [ 35.25255992820464, 32.522960582108148 ], [ 35.252748634961982, 32.522870336254286 ], [ 35.253013679639622, 32.522786118493691 ], [ 35.253200403860951, 32.522719684835131 ], [ 35.253429357432132, 32.522632803843628 ], [ 35.253664464925244, 32.522548455702776 ], [ 35.254157780134278, 32.522350725730121 ], [ 35.254383568668345, 32.522256235411447 ], [ 35.254621659736777, 32.5221565268467 ], [ 35.255001237674961, 32.52199307687966 ], [ 35.255323465638547, 32.521873044078944 ], [ 35.255703048019569, 32.521719876272435 ], [ 35.255989195842588, 32.52161760982694 ], [ 35.256296450522839, 32.521492508408812 ], [ 35.256516421157734, 32.521410697749111 ], [ 35.256757338992202, 32.521318733470004 ], [ 35.257010397556556, 32.521229300232164 ], [ 35.257206265500933, 32.521168068818 ], [ 35.257456324347118, 32.521068491422476 ], [ 35.257672962884911, 32.520979917129168 ], [ 35.257859841465383, 32.52090586763417 ], [ 35.258082627052246, 32.520808836255817 ], [ 35.25832970059512, 32.520727010850131 ], [ 35.258528554783801, 32.520658026582645 ], [ 35.25882066441811, 32.52052517689043 ], [ 35.259197246939308, 32.520379608651943 ], [ 35.259591969164092, 32.520259533295423 ], [ 35.260019112929541, 32.52012958009275 ], [ 35.260187872427693, 32.520073287599033 ], [ 35.260932740547773, 32.519828500113519 ], [ 35.26146892160466, 32.519618323274138 ], [ 35.261691709425165, 32.51953593868344 ], [ 35.261995795360271, 32.5194188556085 ], [ 35.262334630383627, 32.519293866518417 ], [ 35.262670142941822, 32.519174090983789 ], [ 35.263033907449881, 32.519027812015423 ], [ 35.263401476036684, 32.518852788300237 ], [ 35.263993997337295, 32.51860763199695 ], [ 35.26422574988424, 32.518508612466704 ], [ 35.264439068059069, 32.518447643714836 ], [ 35.264596849510518, 32.51839726862233 ], [ 35.26499055399146, 32.518270273100164 ], [ 35.265285483492427, 32.518152764452672 ], [ 35.265629950694752, 32.518008460293743 ], [ 35.266087158405853, 32.517853674095683 ], [ 35.26646239581769, 32.517721469178994 ], [ 35.266769959421531, 32.517601555801207 ], [ 35.267016010657109, 32.517507596290763 ], [ 35.267321428232087, 32.517413607522542 ], [ 35.267555013827511, 32.517330784211602 ], [ 35.267770318935341, 32.517264736543801 ], [ 35.26805943127215, 32.517160327426524 ], [ 35.268327916559265, 32.517049024439999 ], [ 35.26870928996108, 32.516901311563608 ], [ 35.269262897016176, 32.516692501033056 ], [ 35.269563810922271, 32.516585405113801 ], [ 35.270045759266566, 32.516399313186618 ], [ 35.270461869324826, 32.516235796484203 ], [ 35.270763282738358, 32.516133206105756 ], [ 35.271314869477493, 32.515903675627804 ], [ 35.27196471387402, 32.515650138094585 ], [ 35.272177835841504, 32.515564922161516 ], [ 35.272450638044837, 32.515457130209136 ], [ 35.272676064074581, 32.515371906774355 ], [ 35.272965152791279, 32.515251846669742 ], [ 35.273163967406639, 32.51516142392461 ], [ 35.27335265013226, 32.515086646121361 ], [ 35.273529029247733, 32.515015396073302 ], [ 35.273697100717335, 32.514952745698224 ], [ 35.273891936320155, 32.514879654449679 ], [ 35.274488789518209, 32.514716306680242 ], [ 35.274715521791848, 32.514605012381097 ], [ 35.274906872481175, 32.514542770288408 ], [ 35.2752071280512, 32.514463418443988 ], [ 35.275420592703128, 32.514399190123598 ], [ 35.275643041731726, 32.514340732872839 ], [ 35.275853349933477, 32.514281437197724 ], [ 35.27602460688265, 32.514254992903126 ], [ 35.276173719572618, 32.514194604345406 ], [ 35.276358248302486, 32.514130531607016 ], [ 35.27654511580441, 32.514079561281235 ], [ 35.276729646453035, 32.514017178750898 ], [ 35.276987677215665, 32.513956726563549 ], [ 35.277303569806627, 32.513888773057303 ], [ 35.277463676393218, 32.51385289299126 ], [ 35.277709723525902, 32.513780188083821 ], [ 35.278136624328504, 32.513625516348668 ], [ 35.278390158384909, 32.513559428068916 ], [ 35.278605944611314, 32.513493361547269 ], [ 35.278850500491707, 32.513429109059608 ], [ 35.279061809580824, 32.51337812052676 ], [ 35.279282100543305, 32.513330929815282 ], [ 35.279494903598604, 32.513277685325704 ], [ 35.279726158498455, 32.513217243496683 ], [ 35.279973024514128, 32.513134107797583 ], [ 35.280197641574283, 32.513090717307307 ], [ 35.280462325097005, 32.513037721255792 ], [ 35.280638062501545, 32.513005632120624 ], [ 35.280862650176786, 32.512928284692272 ], [ 35.281040524648752, 32.512867872875233 ], [ 35.281231875310958, 32.512815060523756 ], [ 35.281443189542699, 32.512773366686524 ], [ 35.281870108293383, 32.512652638927818 ], [ 35.282150244857696, 32.512589203034402 ], [ 35.282357063419568, 32.512542016162335 ], [ 35.28251050273176, 32.512492889102447 ], [ 35.28273958619998, 32.512426807228422 ], [ 35.282984131333762, 32.512356910856376 ], [ 35.283135411866333, 32.512311588806043 ], [ 35.283377797205297, 32.512245497443892 ], [ 35.28357131315726, 32.512200148349862 ], [ 35.283749371385895, 32.512162416654519 ], [ 35.283940548529841, 32.512105796766974 ], [ 35.284156313216691, 32.51202267160712 ], [ 35.284349813333577, 32.511960413774084 ], [ 35.285211507157484, 32.511783038237368 ], [ 35.285832107556203, 32.511630048127593 ], [ 35.286425232496619, 32.511436493843938 ], [ 35.286693362978099, 32.511343750133513 ], [ 35.286946205426439, 32.511262568924948 ], [ 35.287183751748422, 32.511182806686357 ], [ 35.287540004173607, 32.511083662149211 ], [ 35.287700926865938, 32.511041286828466 ], [ 35.287892421566561, 32.510973106774706 ], [ 35.288136971687791, 32.510917149331327 ], [ 35.28857949808512, 32.510790329632385 ], [ 35.288803590372737, 32.51073015723896 ], [ 35.288975983579576, 32.510686223408065 ], [ 35.289154032188335, 32.510643834714166 ], [ 35.289383950480456, 32.510591829796844 ], [ 35.289562003358803, 32.510554371215918 ], [ 35.289925271055125, 32.510493257618002 ], [ 35.290078547962231, 32.510455956717337 ], [ 35.290268225526532, 32.510403836908559 ], [ 35.290484688931713, 32.510366351703354 ], [ 35.290674206380686, 32.510320852840763 ], [ 35.290909769237125, 32.510260669729853 ], [ 35.291164656108585, 32.510237668571065 ], [ 35.291347488477008, 32.510157654840846 ], [ 35.291544840771181, 32.510133142573011 ], [ 35.291711602038326, 32.510113583724852 ], [ 35.291868555531991, 32.510097271412548 ], [ 35.292046772413045, 32.510059810101914 ], [ 35.292276504120309, 32.509989905972773 ], [ 35.292516052612179, 32.50992647622931 ], [ 35.292795691006894, 32.509879220267727 ], [ 35.292959952085525, 32.509854589254935 ], [ 35.293228131952162, 32.509823684366523 ], [ 35.293440763153441, 32.509781265184344 ], [ 35.293664881702156, 32.509753490707823 ], [ 35.293883188134494, 32.50973389240157 ], [ 35.294155206450618, 32.509717495350749 ], [ 35.294331452073585, 32.509705957127288 ], [ 35.294511507883868, 32.509679903384679 ], [ 35.294691581474439, 32.509671743426182 ], [ 35.294916233684866, 32.509680176459383 ], [ 35.295098147901612, 32.50968328629817 ], [ 35.295295020853615, 32.509680466973272 ], [ 35.295564899267276, 32.509685766900418 ], [ 35.295825954797579, 32.509681913724769 ], [ 35.296091507570075, 32.509685384239042 ], [ 35.296302680108909, 32.50968156641639 ], [ 35.296517663199481, 32.509664924563523 ], [ 35.296750460909109, 32.5096702490901 ], [ 35.296959486100562, 32.509681225626011 ], [ 35.297133594786658, 32.509693919211088 ], [ 35.29740780566317, 32.509708510695766 ], [ 35.297651584227935, 32.50971932061772 ], [ 35.297982485155821, 32.509722879361895 ], [ 35.298258841419113, 32.509720841183253 ], [ 35.298419960763219, 32.50971508503811 ], [ 35.298647921559329, 32.509705756454146 ], [ 35.298826521204361, 32.509720275758262 ], [ 35.299035376903817, 32.509727586119553 ], [ 35.299220460988458, 32.509740268560641 ], [ 35.299405378193931, 32.509753091526214 ], [ 35.299601249963494, 32.509747448293339 ], [ 35.299779821747897, 32.509734350593675 ], [ 35.300225970244718, 32.509752469232858 ], [ 35.300554569331474, 32.509779834210974 ], [ 35.300717865038784, 32.509787176588503 ], [ 35.300905100005608, 32.509790696871583 ], [ 35.301085684838228, 32.50979422108464 ], [ 35.301405598115068, 32.509784676139752 ], [ 35.301592657232668, 32.509779036600783 ], [ 35.30185172634873, 32.509782499964757 ], [ 35.302213061164572, 32.509789686858426 ], [ 35.302391501634403, 32.509809837075615 ], [ 35.302609172242704, 32.509818825393396 ], [ 35.302874736841353, 32.509831580283709 ], [ 35.303144635219859, 32.509855321572459 ], [ 35.303357995444166, 32.509875443008163 ], [ 35.303586318459772, 32.509893719959479 ], [ 35.303812811265026, 32.509910167418035 ], [ 35.30398260371782, 32.509928490784134 ], [ 35.304193629612165, 32.509942976798825 ], [ 35.304531032053688, 32.50995933404581 ], [ 35.304707295558394, 32.509964688826798 ], [ 35.305022916121501, 32.509982894445479 ], [ 35.30523412180731, 32.510008508699471 ], [ 35.305414718611004, 32.510023158620704 ], [ 35.305719494240577, 32.510008118777449 ], [ 35.306005601920212, 32.509952656720678 ], [ 35.306281622546237, 32.509947924837405 ], [ 35.3064772006204, 32.509976227814008 ], [ 35.306703380357824, 32.510009718544318 ], [ 35.306899124709801, 32.510038019827512 ], [ 35.307064104468665, 32.510063669559763 ], [ 35.307220119539515, 32.510102429528551 ], [ 35.307428062688359, 32.510182569841774 ], [ 35.307602221096523, 32.510236672845792 ], [ 35.307755079988929, 32.510277970420049 ], [ 35.307923237957603, 32.510319256122813 ], [ 35.308229065164298, 32.510350141964615 ], [ 35.30841436539886, 32.51040507957363 ], [ 35.308692620644401, 32.51046177131758 ], [ 35.308894367719965, 32.510503026971556 ], [ 35.309050206235447, 32.510531358941577 ], [ 35.309273434859676, 32.510598521026871 ], [ 35.30951493313632, 32.510647492062866 ], [ 35.309731990926025, 32.51069901968124 ], [ 35.309894003431502, 32.510745520825303 ], [ 35.310114197223072, 32.51077647385155 ], [ 35.310291487777363, 32.510804786255612 ], [ 35.310531833835661, 32.510863055007235 ], [ 35.310744390625366, 32.510903312973653 ], [ 35.310966421208747, 32.510940885302695 ], [ 35.311206090169328, 32.510987459626449 ], [ 35.311378078060322, 32.511031555376739 ], [ 35.311589981021555, 32.511080688254637 ], [ 35.311755967694424, 32.511111826146731 ], [ 35.31198930900544, 32.511150654857204 ], [ 35.312192060702316, 32.511194722280329 ], [ 35.312520707023609, 32.511254180287253 ], [ 35.312711134984852, 32.51128261865783 ], [ 35.312932334636528, 32.511318920387758 ], [ 35.31314720046398, 32.511342123178117 ], [ 35.313313007396971, 32.511360156045676 ], [ 35.313591578309179, 32.51139922396171 ], [ 35.313849697080101, 32.511438028613867 ], [ 35.314083018053594, 32.511458678068088 ], [ 35.314319511297079, 32.511489609516332 ], [ 35.314494629533549, 32.511507631788632 ], [ 35.314859995171481, 32.511541126638861 ], [ 35.315093485762503, 32.511564310651941 ], [ 35.315271591704445, 32.511577256949906 ], [ 35.315431239787749, 32.511590078615086 ], [ 35.315775318500066, 32.511620912336056 ], [ 35.315974900548696, 32.511654550593164 ], [ 35.316146896394422, 32.511701316159638 ], [ 35.316484781577806, 32.511698339251915 ], [ 35.316647471115253, 32.511750184686989 ], [ 35.31698432897803, 32.511589684944177 ], [ 35.3171501559235, 32.511623632878774 ], [ 35.31739750727067, 32.511693295489394 ], [ 35.317643515126782, 32.511752110039474 ], [ 35.317919265188642, 32.511793284574082 ], [ 35.318069305723846, 32.511834432371145 ], [ 35.318277068710579, 32.511893420897671 ], [ 35.318477826144097, 32.511934662060661 ], [ 35.318640000840531, 32.511972838676357 ], [ 35.31884424282142, 32.51200815890035 ], [ 35.319056613660877, 32.51202769101095 ], [ 35.319344543137447, 32.512099849382103 ], [ 35.319559269410497, 32.512141076054071 ], [ 35.319833229019594, 32.512210286594204 ], [ 35.320065426590119, 32.51226023238447 ], [ 35.320297483165156, 32.51232948132899 ], [ 35.32051705161053, 32.512385637349134 ], [ 35.320768385419186, 32.512445990043261 ], [ 35.321010926878408, 32.5125211451589 ], [ 35.321243150861868, 32.512590391297458 ], [ 35.321484016199214, 32.512655120287036 ], [ 35.321667157661523, 32.51270229083412 ], [ 35.32185678691777, 32.512751145811343 ], [ 35.322047056197029, 32.512780556682898 ], [ 35.322368071053567, 32.512843800492874 ], [ 35.322657827418041, 32.51291003146185 ], [ 35.322839296037905, 32.512948325187665 ], [ 35.323013787850662, 32.512992401746367 ], [ 35.323289570398352, 32.513052727242965 ], [ 35.323573993371269, 32.513108675943329 ], [ 35.323826813874582, 32.513157890084727 ], [ 35.324004987046855, 32.513218306627401 ], [ 35.324277131737226, 32.513293427284275 ], [ 35.324465765007169, 32.513341997026572 ], [ 35.324652392285429, 32.513381692621465 ], [ 35.324856665327864, 32.51343616491598 ], [ 35.325078238482945, 32.513495128961736 ], [ 35.325251109686036, 32.513568792606698 ], [ 35.325406472834089, 32.513607107695648 ], [ 35.325591104487593, 32.513645957986647 ], [ 35.325791698060286, 32.513684229923243 ], [ 35.325969711536722, 32.513747601520883 ], [ 35.326165345321911, 32.513806588709187 ], [ 35.326351991117967, 32.513859526447398 ], [ 35.326598198785106, 32.513934666307307 ], [ 35.326837246093589, 32.514002346284556 ], [ 35.327001266725482, 32.514046569062138 ], [ 35.327155623128164, 32.514076710540479 ], [ 35.32742692359831, 32.51413843983218 ], [ 35.327591264317221, 32.514173503502946 ], [ 35.327813193118331, 32.514247115568665 ], [ 35.327973575260842, 32.514305570927775 ], [ 35.328189194566399, 32.514385247283599 ], [ 35.328369368330129, 32.514445514084947 ], [ 35.328531921966068, 32.514510729603309 ], [ 35.32868049380064, 32.514565954873561 ], [ 35.32885871433156, 32.514656375120218 ], [ 35.329027271246638, 32.514733278659058 ], [ 35.329207423091397, 32.514776777414141 ], [ 35.329371798017696, 32.514835227022097 ], [ 35.329579972787414, 32.514940692591615 ], [ 35.329720571099287, 32.515000996821016 ], [ 35.329991272441951, 32.515106962088964 ], [ 35.330181447237244, 32.515182292408262 ], [ 35.330435025238714, 32.515290951988298 ], [ 35.330666817367629, 32.515398081937491 ], [ 35.330827376515842, 32.515461605723708 ], [ 35.331011509798088, 32.515496645022125 ], [ 35.331185761194916, 32.515481393429361 ], [ 35.331363979935169, 32.515449370731339 ], [ 35.331524286378105, 32.515450899602335 ], [ 35.331700580348972, 32.515469178952941 ], [ 35.331902503892287, 32.515502508190941 ], [ 35.332118300231741, 32.515467347072168 ], [ 35.332272724639132, 32.51542534339292 ], [ 35.33246075408028, 32.515393169400568 ], [ 35.332666618875791, 32.515391409598067 ], [ 35.33286275889941, 32.515449822244072 ], [ 35.333011375440599, 32.515533503799674 ], [ 35.333150179686967, 32.515615645138062 ], [ 35.333314589846957, 32.515695927760689 ], [ 35.333546419859481, 32.515826441551603 ], [ 35.333770426156875, 32.515950341517993 ], [ 35.333897252623096, 32.516028971263076 ], [ 35.33408117165348, 32.516145162418532 ], [ 35.334227752681912, 32.516198692413511 ], [ 35.334408013083028, 32.516198506261375 ], [ 35.334716828834942, 32.516206499845161 ], [ 35.334879324858377, 32.516226479780514 ], [ 35.335081257206895, 32.516263184502662 ], [ 35.335249656572785, 32.516340220506741 ], [ 35.335372706060539, 32.516450695645332 ], [ 35.335532511392394, 32.516563951177105 ], [ 35.335696918014449, 32.516639158414094 ], [ 35.335871290378769, 32.516706042829938 ], [ 35.336017885693913, 32.516768025381154 ], [ 35.336164479938986, 32.51682986618939 ], [ 35.336342836846818, 32.516891814188057 ], [ 35.336499411582913, 32.516955334888806 ], [ 35.336645991811231, 32.517007171303312 ], [ 35.336816367104738, 32.517068986347283 ], [ 35.337004553687983, 32.517142617654017 ], [ 35.337208220962111, 32.517226659093872 ], [ 35.337442830813067, 32.517318133845613 ], [ 35.337644037679929, 32.517424861213961 ], [ 35.337832405235297, 32.517507649100722 ], [ 35.338053716205984, 32.51760209630455 ], [ 35.338319428586686, 32.517695791603913 ], [ 35.338559168954106, 32.517769647926123 ], [ 35.3388378333131, 32.517850224307338 ], [ 35.33900020537822, 32.517895841665407 ], [ 35.339283855472836, 32.517974158286748 ], [ 35.339565014524545, 32.518054589707127 ], [ 35.339828049417832, 32.518135181581904 ], [ 35.340060319089623, 32.518215664512539 ], [ 35.34029760719681, 32.518315867032307 ], [ 35.340555530547512, 32.518424642102538 ], [ 35.340707313025362, 32.518504365091964 ], [ 35.340846618179476, 32.51858072082846 ], [ 35.340996237672712, 32.518659178875723 ], [ 35.341158824606033, 32.51873536740964 ], [ 35.341372980975827, 32.518822489931445 ], [ 35.341602468968581, 32.518931293799582 ], [ 35.341888819619271, 32.519031439781642 ], [ 35.342059024035635, 32.519085921289232 ], [ 35.342345312186971, 32.519144501756642 ], [ 35.342523127001535, 32.519172627417163 ], [ 35.342886722811286, 32.519218159316054 ], [ 35.343085322668287, 32.519244147632968 ], [ 35.343366425285886, 32.519283146723659 ], [ 35.343544228289602, 32.519302534950988 ], [ 35.343778402837181, 32.519320169731323 ], [ 35.344025863635331, 32.519326376079555 ], [ 35.344224408883029, 32.519317420456183 ], [ 35.344528546516152, 32.519303978943313 ], [ 35.344871408500865, 32.519275275793667 ], [ 35.345126620938203, 32.51924004835579 ], [ 35.345335262038418, 32.519200505484669 ], [ 35.345525913306453, 32.519141396782942 ], [ 35.345724383862262, 32.519084392673136 ], [ 35.345920199195227, 32.519031759237819 ], [ 35.346172719030498, 32.518976948842841 ], [ 35.34640997691497, 32.518946106133711 ], [ 35.346572236066883, 32.518916335158004 ], [ 35.346749941784736, 32.518874710331552 ], [ 35.346938117177594, 32.5188285656223 ], [ 35.347123645660112, 32.518791299404825 ], [ 35.347329791186311, 32.518751755155449 ], [ 35.347546218683959, 32.518694728669516 ], [ 35.347767785197242, 32.518626846287894 ], [ 35.347935328520087, 32.518574241932356 ], [ 35.348125958195759, 32.518504139878146 ], [ 35.348356174332984, 32.518438218670113 ], [ 35.348544699162147, 32.518404047090492 ], [ 35.348717580641498, 32.518362425011816 ], [ 35.348949637291639, 32.518304532353504 ], [ 35.349160930453813, 32.518261316343917 ], [ 35.349396673028416, 32.518221171062613 ], [ 35.34967596379424, 32.518167590615334 ], [ 35.349897433855425, 32.518145354892454 ], [ 35.350178516528402, 32.518171658603904 ], [ 35.350351552101593, 32.518226125612642 ], [ 35.350556019994364, 32.518282105949567 ], [ 35.350804084414136, 32.518354237585378 ], [ 35.351053965788125, 32.51841904092344 ], [ 35.35132641669523, 32.518454228800927 ], [ 35.351632123416834, 32.518487827089771 ], [ 35.351831072519744, 32.518523804129693 ], [ 35.352021598366456, 32.518594592268947 ], [ 35.352203276109485, 32.518644678581694 ], [ 35.352444309343056, 32.518687227533874 ], [ 35.352765869388392, 32.518753493172042 ], [ 35.352999938726427, 32.51880788453154 ], [ 35.353241036162572, 32.518888896250289 ], [ 35.353392599208604, 32.518929012629265 ], [ 35.353590018189038, 32.518943573410496 ], [ 35.353834473953412, 32.51894328326501 ], [ 35.354075413225971, 32.518928202076729 ], [ 35.354391536926641, 32.518923458460236 ], [ 35.35459058638061, 32.518918712304853 ], [ 35.354920668011459, 32.518908031711106 ], [ 35.355208845146493, 32.518898810805609 ], [ 35.355381614968721, 32.518890994738129 ], [ 35.355580659575118, 32.518883429103091 ], [ 35.355961439763071, 32.518859300402127 ], [ 35.356347361574088, 32.518827697078621 ], [ 35.356558523846651, 32.51880672991885 ], [ 35.356724462293499, 32.518791735252805 ], [ 35.356933958516002, 32.518769360971696 ], [ 35.357112027259241, 32.518748433005015 ], [ 35.357300718847966, 32.518715656615576 ], [ 35.357529312221835, 32.518678041367842 ], [ 35.357695062577982, 32.518649660309947 ], [ 35.357866301906682, 32.518622822418621 ], [ 35.358080937786653, 32.518591563287458 ], [ 35.358281762994679, 32.518555812013943 ], [ 35.358468609083012, 32.518514159460125 ], [ 35.358648316524167, 32.518479842873255 ], [ 35.358831665278267, 32.518435235478776 ], [ 35.359011510951532, 32.518384855613832 ], [ 35.359196187764411, 32.5183391188882 ], [ 35.359457812325722, 32.518265813036876 ], [ 35.359701964954454, 32.518186891471686 ], [ 35.359929080110682, 32.51806417253033 ], [ 35.360159544511554, 32.517955960638545 ], [ 35.360321047443989, 32.517877141076617 ], [ 35.360489680571689, 32.517786476297566 ], [ 35.36072025074543, 32.517739554116908 ], [ 35.360888857726998, 32.517730608493999 ], [ 35.361129758628373, 32.517695366400574 ], [ 35.361325925109504, 32.517660038985234 ], [ 35.361638977875238, 32.517614420713898 ], [ 35.361807575277638, 32.51759955669241 ], [ 35.362144904605387, 32.517552497374027 ], [ 35.3623306039255, 32.517523098696586 ], [ 35.362564669546501, 32.517479127338 ], [ 35.362754022388451, 32.51744676485243 ], [ 35.362956995571309, 32.517405789585908 ], [ 35.363221991512567, 32.517361637346809 ], [ 35.363431964541469, 32.517329388477563 ], [ 35.363669359957093, 32.517288227872314 ], [ 35.363841432067581, 32.517264762298367 ], [ 35.364020317443412, 32.51723818768243 ], [ 35.364302601897812, 32.517191193311326 ], [ 35.364602013476322, 32.517144175596144 ], [ 35.364884135493021, 32.517100137815461 ], [ 35.365100914536967, 32.517061960299266 ], [ 35.365317708960461, 32.517032517489028 ], [ 35.365507065141486, 32.517003110348142 ], [ 35.365703051025392, 32.516961435345713 ], [ 35.365878407077027, 32.516914573594278 ], [ 35.366036577019386, 32.516835610301719 ], [ 35.366260255111797, 32.51675078513248 ], [ 35.366466665721745, 32.516680634992142 ], [ 35.366748701274574, 32.516589815679772 ], [ 35.36709624043143, 32.516490316610515 ], [ 35.367275247395959, 32.516440489599937 ], [ 35.367484954816391, 32.516355680338407 ], [ 35.367619181699062, 32.516279704679512 ], [ 35.367914996384229, 32.516177311853994 ], [ 35.368155810891871, 32.516098237547396 ], [ 35.368413741691292, 32.516013363956304 ], [ 35.368596217821413, 32.515951977523045 ], [ 35.368754420866345, 32.51589343955596 ], [ 35.368922928887287, 32.515831929323618 ], [ 35.369094911782611, 32.515761819886798 ], [ 35.369270387055984, 32.515691564967312 ], [ 35.369698805442667, 32.515538271541068 ], [ 35.369846043742186, 32.515486510515537 ], [ 35.370041791613339, 32.51540847835247 ], [ 35.370256981356349, 32.515323093663319 ], [ 35.370480961504278, 32.515225579495386 ], [ 35.370715578255947, 32.515125092276627 ], [ 35.370891829479625, 32.515026231954934 ], [ 35.371085851432248, 32.514915371907499 ], [ 35.371255134890355, 32.514825537650587 ], [ 35.371499179713545, 32.514698970928549 ], [ 35.371687892809575, 32.514595584263503 ], [ 35.371862298647706, 32.514489257768894 ], [ 35.372012285337611, 32.51439634801136 ], [ 35.372182695584975, 32.51428734914434 ], [ 35.372367762058822, 32.514191434483863 ], [ 35.372507119479948, 32.514106147160113 ], [ 35.372648102499191, 32.514001272736209 ], [ 35.372759167650052, 32.513904047028767 ], [ 35.372886013025713, 32.513797641172737 ], [ 35.373067483909935, 32.51364649815293 ], [ 35.373203133327721, 32.513535713070397 ], [ 35.37338120233828, 32.513433747546813 ], [ 35.373505597394775, 32.513351719138825 ], [ 35.373620102949616, 32.513227436003099 ], [ 35.373775130681182, 32.513076327517631 ], [ 35.3739160770388, 32.5129535585912 ], [ 35.374046547830808, 32.512830802729376 ], [ 35.374157429719645, 32.512725968087182 ], [ 35.374298403102223, 32.512618133220471 ], [ 35.37444470309579, 32.512513390257453 ], [ 35.374621137437884, 32.512427909789857 ], [ 35.374780976747822, 32.512360908254529 ], [ 35.374934316366833, 32.512285885378809 ], [ 35.375080637446843, 32.51219297691253 ], [ 35.375299286712682, 32.512097153029174 ], [ 35.375495036645347, 32.512026579624873 ], [ 35.375652064062528, 32.511968034568106 ], [ 35.375819544954147, 32.511897640706415 ], [ 35.3759941417796, 32.511809201320105 ], [ 35.376150959881151, 32.511728254129409 ], [ 35.376292014584067, 32.511665222304678 ], [ 35.376471501953482, 32.511613267876363 ], [ 35.376653103779063, 32.511536794834299 ], [ 35.376815235947483, 32.511452739374477 ], [ 35.376989822589621, 32.511359931516232 ], [ 35.37715194280797, 32.511269957552344 ], [ 35.377375839863134, 32.511138194127952 ], [ 35.377675680651471, 32.510982232282473 ], [ 35.377813233082072, 32.510914835569054 ], [ 35.378042303325429, 32.510793489682648 ], [ 35.378279843263002, 32.510666778073265 ], [ 35.378496600938796, 32.510542349110281 ], [ 35.378648279994913, 32.510471972439575 ], [ 35.378870389516912, 32.510364020033983 ], [ 35.379101469471586, 32.510251546105579 ], [ 35.379347845825322, 32.510138627569546 ], [ 35.379624392739068, 32.509978607695501 ], [ 35.379770388807486, 32.509893725963686 ], [ 35.379916378304372, 32.509805603235662 ], [ 35.380058536517417, 32.509714244851217 ], [ 35.380196716349978, 32.509629373535098 ], [ 35.380466429560727, 32.509462456766798 ], [ 35.380667006902549, 32.509314658393421 ], [ 35.380810314903307, 32.509217238787222 ], [ 35.38099036074879, 32.509114554529553 ], [ 35.381229825682233, 32.508956273906144 ], [ 35.381444693113103, 32.508804931122626 ], [ 35.381609051182956, 32.508673384573918 ], [ 35.381828078634392, 32.508523866696301 ], [ 35.38205720338884, 32.508351650130216 ], [ 35.382226972607427, 32.508183040126404 ], [ 35.382392619754796, 32.508031765267653 ], [ 35.382521363055787, 32.507885896039006 ], [ 35.38261333838215, 32.507729512226717 ], [ 35.382695031297004, 32.507587090955084 ], [ 35.382777379321347, 32.507439738010774 ], [ 35.382863017790427, 32.507274768551675 ], [ 35.382950790748687, 32.507095846157092 ], [ 35.383007904859426, 32.50696910014517 ], [ 35.383091751866175, 32.506823153365573 ], [ 35.383159011400352, 32.506698082723602 ], [ 35.383259097258822, 32.50652435644006 ], [ 35.383369536870887, 32.506373158730455 ], [ 35.383490693724575, 32.506177141141286 ], [ 35.383619353244406, 32.505991256365888 ], [ 35.383744073162141, 32.505831302865246 ], [ 35.383840059167937, 32.505687169687171 ], [ 35.383932061064208, 32.50554642452768 ], [ 35.384046515547325, 32.505409168521069 ], [ 35.384152882302288, 32.505301371938508 ], [ 35.384283869908586, 32.505200585328275 ], [ 35.384412225797767, 32.505114313975469 ], [ 35.384567675440735, 32.50502377726486 ], [ 35.384725410878509, 32.504995794988425 ], [ 35.384905791355358, 32.504983418830115 ], [ 35.385086015139194, 32.504976256473107 ], [ 35.385295003193946, 32.504968910935922 ], [ 35.385655606153797, 32.504949371692192 ], [ 35.386010303351739, 32.504969712880076 ], [ 35.386311461741144, 32.50498998890901 ], [ 35.386636567816772, 32.50501248477584 ], [ 35.386849772070889, 32.505034719196281 ], [ 35.387091583218513, 32.50506043390201 ], [ 35.387300616924996, 32.505075629255685 ], [ 35.387548583495622, 32.505103024888818 ], [ 35.387911471066261, 32.505144201424834 ], [ 35.388075443267105, 32.505157911118864 ], [ 35.388341505760344, 32.505171612069034 ], [ 35.388546383697182, 32.505186952097645 ], [ 35.388755414764368, 32.505200594051885 ], [ 35.389052594652632, 32.505226083179352 ], [ 35.389222715480258, 32.505238091600134 ], [ 35.389517871008806, 32.505249775229181 ], [ 35.389677665447827, 32.505252921543338 ], [ 35.389843614363684, 32.505257890008735 ], [ 35.39000341152434, 32.50526286732967 ], [ 35.390206262517829, 32.505262567945756 ], [ 35.390385799562075, 32.505244831574792 ], [ 35.390551631704831, 32.505192595892062 ], [ 35.390709265310271, 32.505115996419576 ], [ 35.390914105330403, 32.505032423999253 ], [ 35.391081771258634, 32.504982720579243 ], [ 35.391270003380733, 32.504908752255055 ], [ 35.391501576677349, 32.504808230731783 ], [ 35.3917693545418, 32.504687225157205 ], [ 35.391943120783175, 32.504613278267108 ], [ 35.392162550739407, 32.504510659956736 ], [ 35.39240627750879, 32.504418291058613 ], [ 35.392558136894635, 32.504364946437647 ], [ 35.392695663097506, 32.504295137555403 ], [ 35.392891004095553, 32.504202840115056 ], [ 35.393096163372398, 32.504114613411026 ], [ 35.393308493583859, 32.504036660801447 ], [ 35.393503220805464, 32.503969442398365 ], [ 35.393698661923715, 32.503846428637679 ], [ 35.3938506780772, 32.503788995554501 ], [ 35.393995355579229, 32.503721288150146 ], [ 35.394166572349796, 32.503622825642175 ], [ 35.394369195963215, 32.503516143059386 ], [ 35.394540438027242, 32.503430078866771 ], [ 35.394699554181912, 32.503350091541037 ], [ 35.394878102477314, 32.503259788501886 ], [ 35.395025076316557, 32.503177705475537 ], [ 35.395172230040451, 32.503101820534646 ], [ 35.395362744435033, 32.503009526568285 ], [ 35.395630498647563, 32.502882313368652 ], [ 35.395905097436696, 32.502768615215807 ], [ 35.396069055257726, 32.502698763312061 ], [ 35.39621617574992, 32.502608506238211 ], [ 35.396368170848589, 32.502542898614237 ], [ 35.396536958038695, 32.502477124496423 ], [ 35.396742318852596, 32.502487095953157 ], [ 35.396930619174668, 32.502527667427344 ], [ 35.397234846711711, 32.502508885518452 ], [ 35.397427991647106, 32.502481960225005 ], [ 35.397584889929156, 32.502455089386764 ], [ 35.397769645129358, 32.502392811280124 ], [ 35.397953036145601, 32.502314754627058 ], [ 35.39817499201714, 32.502232693231228 ], [ 35.398438018500798, 32.50215254111572 ], [ 35.398691244442517, 32.502076489347488 ], [ 35.399036397815806, 32.501992122481056 ], [ 35.399268073742533, 32.501946677132551 ], [ 35.399439427044534, 32.501915695832437 ], [ 35.399596301821127, 32.501878678899374 ], [ 35.399847273042113, 32.501837429888724 ], [ 35.400245109422208, 32.501820044457574 ], [ 35.400409229777878, 32.501827960444146 ], [ 35.400655688114703, 32.501852092685141 ], [ 35.400861051908208, 32.501863888843388 ], [ 35.40103789263302, 32.501757377342784 ], [ 35.40118885703528, 32.501679084400187 ], [ 35.401350988185797, 32.501613173565687 ], [ 35.401527777717256, 32.501559779095544 ], [ 35.401739741683102, 32.501548738748923 ], [ 35.402042149386347, 32.501535723694516 ], [ 35.402270721009891, 32.50151662550995 ], [ 35.402429062066695, 32.501466358048226 ], [ 35.402594801609972, 32.501378741468052 ], [ 35.402782799688808, 32.501281508638151 ], [ 35.402904153750306, 32.501197061784353 ], [ 35.40304762128148, 32.501037481554029 ], [ 35.403135896081231, 32.500881229175455 ], [ 35.403227628483421, 32.500709331563975 ], [ 35.403326841774032, 32.500537281385057 ], [ 35.403400206395531, 32.500405991687032 ], [ 35.403492076186282, 32.500221554116784 ], [ 35.40360256938294, 32.500038214164789 ], [ 35.40371282292373, 32.499897424700315 ], [ 35.403852547044906, 32.499700371510514 ], [ 35.403995948606806, 32.499512751699235 ], [ 35.404084102549334, 32.499378337958525 ], [ 35.404175721065982, 32.499156422314506 ], [ 35.404286014607443, 32.498959556015116 ], [ 35.404399806459011, 32.498765642649865 ], [ 35.404458407058499, 32.498575057770616 ], [ 35.40445777247055, 32.498363855068483 ], [ 35.404446163720436, 32.498076445152542 ], [ 35.404438101700173, 32.497814109571237 ], [ 35.404426741183734, 32.497639274680502 ], [ 35.404411564467139, 32.497467546919978 ], [ 35.404389003306981, 32.497264550561312 ], [ 35.404344338913688, 32.496990860728751 ], [ 35.404332917418792, 32.496787846644423 ], [ 35.404302736280513, 32.496522445969781 ], [ 35.404287497677842, 32.496322539000552 ], [ 35.404264902513795, 32.49610390382152 ], [ 35.404216531296392, 32.495882350061457 ], [ 35.404182886861413, 32.495704310534762 ], [ 35.404171244054751, 32.495401402378427 ], [ 35.404163563027829, 32.495235861162548 ], [ 35.404163310940433, 32.495046215553209 ], [ 35.404162993319034, 32.49490250179683 ], [ 35.40412206199391, 32.494737013340377 ], [ 35.404449806882738, 32.494539660814645 ], [ 35.404526976427796, 32.494402163960295 ], [ 35.404478736492052, 32.494239787400396 ], [ 35.404370821207507, 32.493855875010532 ], [ 35.404326183655861, 32.493668554221919 ], [ 35.404277916749258, 32.493493637154273 ], [ 35.404303292146956, 32.493315644511021 ], [ 35.404384027739603, 32.493137423228497 ], [ 35.404513776342512, 32.492945457241333 ], [ 35.404585686760413, 32.49276161399785 ], [ 35.404642259517594, 32.492633026496186 ], [ 35.404731061643652, 32.492419568493517 ], [ 35.404800962622886, 32.492229105956341 ], [ 35.404868157742456, 32.49201807726228 ], [ 35.404927513866809, 32.491871168202707 ], [ 35.404970340944551, 32.4916921619769 ], [ 35.405021818579151, 32.491515818297842 ], [ 35.405086423735263, 32.491336776403621 ], [ 35.405142782176185, 32.491187618567658 ], [ 35.405196601550266, 32.491017752755369 ], [ 35.405255806166764, 32.490877889034081 ], [ 35.405323277008584, 32.490717159414991 ], [ 35.405387730375303, 32.490545021288 ], [ 35.40544160926153, 32.490402770961197 ], [ 35.405498164297164, 32.490267420032339 ], [ 35.405565534746891, 32.490136560474973 ], [ 35.405638853875708, 32.489990051637548 ], [ 35.405714251894288, 32.489806343669912 ], [ 35.405770811174193, 32.489673246943887 ], [ 35.405821893855631, 32.489544808312274 ], [ 35.405889166272324, 32.489370411947469 ], [ 35.405943038337263, 32.489225765477812 ], [ 35.406015775560562, 32.489042202242011 ], [ 35.406061528520638, 32.488909122681726 ], [ 35.406120612544562, 32.488716422306034 ], [ 35.406163522895199, 32.488576443556873 ], [ 35.406226647541153, 32.488331886742124 ], [ 35.406281751158332, 32.488143701344981 ], [ 35.406327329319552, 32.488007522679688 ], [ 35.406395727370686, 32.487816920879283 ], [ 35.406436659325252, 32.487684693824662 ], [ 35.406473067815284, 32.487536975853587 ], [ 35.406513929925033, 32.487373610980697 ], [ 35.406559394570628, 32.487186991001217 ], [ 35.406623742891306, 32.486970048589299 ], [ 35.406650867352738, 32.486833898530378 ], [ 35.406691833961304, 32.486643340613874 ], [ 35.406741690993883, 32.486414021619318 ], [ 35.406764335303059, 32.486281824731286 ], [ 35.406823631435792, 32.486110680554226 ], [ 35.406846267782377, 32.485974538555631 ], [ 35.406873531716862, 32.485826835139868 ], [ 35.406923370176806, 32.485589625869721 ], [ 35.406964457501097, 32.485453454149585 ], [ 35.407041759151475, 32.485157868998961 ], [ 35.407096190397546, 32.484893459434332 ], [ 35.407137113510757, 32.484684303043444 ], [ 35.407182531944002, 32.484478239565718 ], [ 35.407205176200947, 32.484346041658704 ], [ 35.407218501466517, 32.484209914559472 ], [ 35.407231863195193, 32.484015596438581 ], [ 35.406964190290424, 32.483924162932148 ], [ 35.406959146956737, 32.483750586470421 ], [ 35.406968230824873, 32.483576000767428 ], [ 35.406977302351372, 32.483395920788453 ], [ 35.406999180708389, 32.48321863722073 ], [ 35.407039921039747, 32.48307626653606 ], [ 35.407106109172652, 32.482866505833506 ], [ 35.407153319334164, 32.482718770164048 ], [ 35.407210194879887, 32.482581586371339 ], [ 35.407311239687957, 32.482422914169994 ], [ 35.40742557664209, 32.482262107672781 ], [ 35.407495109227405, 32.482135752140827 ], [ 35.407577148351848, 32.481953017736728 ], [ 35.407630698218178, 32.481815839108044 ], [ 35.407690761477696, 32.481692176010128 ], [ 35.407772860010425, 32.481536211278808 ], [ 35.407845366112831, 32.481401819854845 ], [ 35.407927427969803, 32.481229793311364 ], [ 35.407974659736169, 32.48109262473843 ], [ 35.408022004136413, 32.480931362413109 ], [ 35.408069211807025, 32.480783626364662 ], [ 35.408151631061358, 32.480622870813463 ], [ 35.40818937583569, 32.480480503652096 ], [ 35.408239705028521, 32.480316560038581 ], [ 35.408280516918886, 32.480133750312625 ], [ 35.408333986179215, 32.479961769781674 ], [ 35.408384439580871, 32.479779085964985 ], [ 35.408447310141057, 32.479574825031783 ], [ 35.40851365625069, 32.479437625238909 ], [ 35.408589306006007, 32.479297873726395 ], [ 35.408658761836506, 32.479139252513512 ], [ 35.408728223471158, 32.478983307610015 ], [ 35.408775793167415, 32.478849378993715 ], [ 35.408854686421748, 32.478674679667733 ], [ 35.408933639913357, 32.478526751011323 ], [ 35.408977675015954, 32.478373524530831 ], [ 35.409059695654712, 32.478185435473094 ], [ 35.409129161933585, 32.478032167583201 ], [ 35.409195321747248, 32.477886935917468 ], [ 35.409261635178161, 32.477736350340315 ], [ 35.409324648567114, 32.477596619819948 ], [ 35.409390956568245, 32.477443356914733 ], [ 35.409463500195805, 32.4772552821007 ], [ 35.409507588428674, 32.477126148884501 ], [ 35.409596015118048, 32.476978345017805 ], [ 35.409698218975258, 32.476822628402068 ], [ 35.409774047537724, 32.476690766955713 ], [ 35.409855923379837, 32.476513384822191 ], [ 35.409919010143511, 32.476333216274774 ], [ 35.410001149012395, 32.476198806886963 ], [ 35.410102211541343, 32.476053659272395 ], [ 35.41020661101404, 32.475913719072565 ], [ 35.410326629002718, 32.475698655497688 ], [ 35.410408772470504, 32.475566782417957 ], [ 35.410554158409774, 32.475397327646995 ], [ 35.410687040247886, 32.47528439256741 ], [ 35.410829623571175, 32.475198070698973 ], [ 35.411022110904518, 32.475128997295513 ], [ 35.411271356132019, 32.474949226612743 ], [ 35.411410517546393, 32.474748220196872 ], [ 35.411482038180786, 32.474550987772332 ], [ 35.411553442253236, 32.474303455572553 ], [ 35.411608114395506, 32.474152747173505 ], [ 35.411692264976402, 32.473955353152775 ], [ 35.411784966298313, 32.473790210121955 ], [ 35.411920159150682, 32.473671774714276 ], [ 35.412051058371269, 32.473565886732395 ], [ 35.412226518121926, 32.473466827873672 ], [ 35.412416441152644, 32.473369013619454 ], [ 35.412563439394617, 32.473252953931031 ], [ 35.412708446192582, 32.473138869469118 ], [ 35.41282487824396, 32.473030468022188 ], [ 35.412938056800321, 32.472881352907343 ], [ 35.413020837641938, 32.472740318957271 ], [ 35.413112099479349, 32.472601102323161 ], [ 35.413201231132732, 32.472475133904048 ], [ 35.413322392662501, 32.472328681556185 ], [ 35.413403514088166, 32.472189059517603 ], [ 35.413491088649785, 32.472037309129902 ], [ 35.413588330002085, 32.471896955032719 ], [ 35.413677405785251, 32.471747879280322 ], [ 35.413757005421338, 32.471597409801831 ], [ 35.413855730740842, 32.47145240365289 ], [ 35.413957593980733, 32.471299219733943 ], [ 35.414031219708448, 32.471153269617446 ], [ 35.414082116998351, 32.471025954792246 ], [ 35.414147263392614, 32.470879594907139 ], [ 35.414220410500533, 32.470742662866947 ], [ 35.414271304354969, 32.470614080117755 ], [ 35.414334719299205, 32.470437852882732 ], [ 35.41441447307399, 32.470283719838498 ], [ 35.414473315847275, 32.470142865487901 ], [ 35.414544968489011, 32.470007344257098 ], [ 35.414619750614314, 32.469859559505679 ], [ 35.414664155636167, 32.469728169479708 ], [ 35.414727977728013, 32.469584911662103 ], [ 35.414807651633694, 32.469468397271648 ], [ 35.414883967553919, 32.469336953826101 ], [ 35.414934862636784, 32.469209639530298 ], [ 35.414976110621993, 32.469079522508373 ], [ 35.415058900907972, 32.468945390854969 ], [ 35.415122423752123, 32.468816645927163 ], [ 35.41520834315952, 32.468670250679573 ], [ 35.415278699054113, 32.468549807368369 ], [ 35.415359766790715, 32.468389894037585 ], [ 35.415418635135865, 32.468261156749982 ], [ 35.415502894269508, 32.468116173493456 ], [ 35.415564885491854, 32.467972495374731 ], [ 35.41563651900595, 32.467830210465181 ], [ 35.415721518872097, 32.467718054564017 ], [ 35.41579949974075, 32.467589285005914 ], [ 35.415883754351043, 32.467442892971491 ], [ 35.415955424830571, 32.467316810276934 ], [ 35.416025430667261, 32.467189462490843 ], [ 35.416135213724054, 32.467014707313972 ], [ 35.416230746459142, 32.466858714177256 ], [ 35.416299365534577, 32.466707275867421 ], [ 35.416372700689664, 32.466582599541894 ], [ 35.416426733294415, 32.466448515359701 ], [ 35.416480607145139, 32.466317108686361 ], [ 35.41655061775262, 32.466192437850857 ], [ 35.41662541264327, 32.466052823384253 ], [ 35.416710258878815, 32.465876418948255 ], [ 35.416755327297267, 32.465746999101526 ], [ 35.416800472297595, 32.46557911446682 ], [ 35.416829374534963, 32.465430560775886 ], [ 35.416871278260622, 32.465298469853138 ], [ 35.416929161508286, 32.465105765800729 ], [ 35.416964525806279, 32.464948888014547 ], [ 35.417029350949811, 32.464740251055247 ], [ 35.417071075224413, 32.464602665149002 ], [ 35.417129207667671, 32.464445747943834 ], [ 35.417206713306619, 32.464258505793318 ], [ 35.41726800327654, 32.464101584081618 ], [ 35.417326096276042, 32.463928183022027 ], [ 35.417371091566906, 32.463768469966411 ], [ 35.41751682728605, 32.463619718406306 ], [ 35.417717777857554, 32.463487357864381 ], [ 35.417944813378071, 32.463352133921468 ], [ 35.418149151496856, 32.463247242081998 ], [ 35.418311148475496, 32.463158906573781 ], [ 35.418473252403132, 32.46304577190206 ], [ 35.418630404684762, 32.462947018291935 ], [ 35.418786065426062, 32.46285052047476 ], [ 35.418931927600049, 32.462756716428352 ], [ 35.419055180580386, 32.462660132818506 ], [ 35.419204257886683, 32.46259112084644 ], [ 35.419255890544775, 32.462428719403171 ], [ 35.419294388294304, 32.462263663084258 ], [ 35.419333077598061, 32.462109456168911 ], [ 35.419374963101646, 32.461971869178285 ], [ 35.419419960514801, 32.461814973289094 ], [ 35.419458516302257, 32.461674574010495 ], [ 35.41949724459333, 32.461536992363051 ], [ 35.419535779322274, 32.461388280842847 ], [ 35.419581008818597, 32.461259000304494 ], [ 35.419674765695603, 32.460990150079098 ], [ 35.419723046677952, 32.460816763717609 ], [ 35.41976159380954, 32.460673546400145 ], [ 35.419813146986272, 32.460478175362049 ], [ 35.419861427435841, 32.46030478893568 ], [ 35.419900007012686, 32.460175379871899 ], [ 35.41994507802211, 32.459980018957708 ], [ 35.419977085209503, 32.45981215554076 ], [ 35.420018972491739, 32.459606515681749 ], [ 35.420057395499434, 32.459411166094704 ], [ 35.420096056119853, 32.459245968507929 ], [ 35.420134589245798, 32.459097397429673 ], [ 35.420169938975576, 32.458937699794909 ], [ 35.42001055872128, 32.458794962938164 ], [ 35.41985759174726, 32.458693496621201 ], [ 35.419711265823302, 32.458589201720507 ], [ 35.419561763755134, 32.458476598018677 ], [ 35.419384809649046, 32.458350938705514 ], [ 35.419179909613575, 32.458213772796483 ], [ 35.419001127982504, 32.458087551563224 ], [ 35.418861285469376, 32.457983244610325 ], [ 35.418701985952062, 32.45787347540157 ], [ 35.418571789633909, 32.457771828073867 ], [ 35.418363695420382, 32.457618181513155 ], [ 35.418236862457455, 32.457533012855713 ], [ 35.418015814267967, 32.457382205651136 ], [ 35.417843388853363, 32.457272316033105 ], [ 35.417703575161902, 32.457179138824259 ], [ 35.417567123894734, 32.457102298931595 ], [ 35.417414328099483, 32.457000688643703 ], [ 35.417221056066168, 32.456788119637316 ], [ 35.417163800133402, 32.456608573211433 ], [ 35.417140484740813, 32.456446157517874 ], [ 35.417101723877259, 32.456287150339051 ], [ 35.417047650291558, 32.456118305751403 ], [ 35.416993523304832, 32.455926636336685 ], [ 35.416935552712459, 32.455725392372337 ], [ 35.4168853402102, 32.45557274458141 ], [ 35.416835089854011, 32.455403893430002 ], [ 35.41677714930217, 32.455215611863906 ], [ 35.416726952887153, 32.455069586361873 ], [ 35.416687256261916, 32.454865634168009 ], [ 35.416636953492777, 32.454674098783045 ], [ 35.416586892806251, 32.454514968867329 ], [ 35.416559614928765, 32.454362422939518 ], [ 35.416517032263471, 32.454203281290333 ], [ 35.416459109399661, 32.454021480329153 ], [ 35.416409019038497, 32.453849388733119 ], [ 35.416354963398831, 32.453687024566477 ], [ 35.416304775782294, 32.453544099031753 ], [ 35.416266032824012, 32.453391572306771 ], [ 35.41623110332263, 32.453235657617888 ], [ 35.416184646280243, 32.45298240299396 ], [ 35.416130568833097, 32.452810317059431 ], [ 35.416080366909249, 32.452660909713593 ], [ 35.416056828330944, 32.452472710566646 ], [ 35.415998922666468, 32.452297391034051 ], [ 35.415952474289043, 32.452118811360933 ], [ 35.415913610754821, 32.45191415225802 ], [ 35.415855605945218, 32.45169656363138 ], [ 35.415805390298566, 32.451540816018486 ], [ 35.415766769241763, 32.451368703937085 ], [ 35.415735692808774, 32.451225745138522 ], [ 35.415689261701665, 32.451053647031777 ], [ 35.415654500351394, 32.45089787251009 ], [ 35.415631062158049, 32.450751660899897 ], [ 35.41559624022603, 32.450569820683477 ], [ 35.415542089465532, 32.450365187949352 ], [ 35.415495387732086, 32.450219437316932 ], [ 35.415449018365493, 32.450073404762769 ], [ 35.41542951485394, 32.449904501359001 ], [ 35.415386861864015, 32.44971295249173 ], [ 35.415352116334986, 32.44956351887955 ], [ 35.415324841748806, 32.449410831878104 ], [ 35.415263063467982, 32.449212833255103 ], [ 35.415220524670993, 32.449070035041416 ], [ 35.415182002811989, 32.448940051066913 ], [ 35.415139449187826, 32.448790771115931 ], [ 35.415104568691945, 32.448654300191869 ], [ 35.415062166153412, 32.448498538226367 ], [ 35.415034921476853, 32.448358813639267 ], [ 35.415007836640847, 32.448215989485071 ], [ 35.414965327800729, 32.448086152764141 ], [ 35.414915153062658, 32.447946466476488 ], [ 35.41485322332192, 32.447753400389374 ], [ 35.414793552262182, 32.447602739468692 ], [ 35.414718283941959, 32.447390391970885 ], [ 35.414618822654418, 32.447135111333111 ], [ 35.414544266959837, 32.446942628827877 ], [ 35.41443497366879, 32.446674824788019 ], [ 35.414400100947262, 32.446540889307371 ], [ 35.414365121502762, 32.446360880322032 ], [ 35.414320114313412, 32.446155808751413 ], [ 35.414275351682171, 32.445984130108478 ], [ 35.414220628240415, 32.445816693608393 ], [ 35.414160998365681, 32.445682800185153 ], [ 35.41410134835251, 32.445540592689923 ], [ 35.414051630114542, 32.445381461843674 ], [ 35.414006720989434, 32.445218236268694 ], [ 35.413966749117009, 32.445034149640605 ], [ 35.413916604014098, 32.444834158734757 ], [ 35.413876807845369, 32.444654158475359 ], [ 35.413821920063732, 32.444486722036245 ], [ 35.413767237144533, 32.444336053149264 ], [ 35.413712544638202, 32.44418115687651 ], [ 35.413657900827857, 32.444047253987748 ], [ 35.413588295240984, 32.443837996467174 ], [ 35.413538617897238, 32.443695772094841 ], [ 35.413463951255125, 32.44345298885171 ], [ 35.413399145362135, 32.443235269390208 ], [ 35.413354462577722, 32.443097264016941 ], [ 35.413319407468641, 32.442954874608404 ], [ 35.413269692372822, 32.44279588404811 ], [ 35.413214972748143, 32.442628447010698 ], [ 35.413125567611118, 32.442406682355688 ], [ 35.413079286317554, 32.442223450745885 ], [ 35.413044368988913, 32.44206852136017 ], [ 35.412989640495745, 32.441896858646082 ], [ 35.412935000213345, 32.441762955383275 ], [ 35.412895069616134, 32.441595635264171 ], [ 35.412870150941359, 32.441453228914099 ], [ 35.412845047328737, 32.441302510585395 ], [ 35.412800103861663, 32.441122517492268 ], [ 35.412760183201513, 32.44095928309801 ], [ 35.412710354518808, 32.440749992261857 ], [ 35.412665664310055, 32.440607759220022 ], [ 35.412625764298546, 32.440452837913838 ], [ 35.412585901899433, 32.440314683559748 ], [ 35.412546050398767, 32.440180755646708 ], [ 35.41247645039968, 32.439971497360425 ], [ 35.412436598151153, 32.439837569405924 ], [ 35.412431248817157, 32.439678505144734 ], [ 35.412401509022267, 32.439461994960112 ], [ 35.412363259299873, 32.439301998503254 ], [ 35.412315883831617, 32.439147511422405 ], [ 35.412274520299484, 32.439006260121054 ], [ 35.41223642598181, 32.438841049470589 ], [ 35.412195204357374, 32.43868923035879 ], [ 35.412135262965322, 32.438561253566959 ], [ 35.412068745528046, 32.438390876740435 ], [ 35.412027536342102, 32.438244270526042 ], [ 35.411986285733612, 32.438079065882377 ], [ 35.411941872077733, 32.437911189152636 ], [ 35.411909261007928, 32.437746251583398 ], [ 35.411883787857768, 32.437578343619947 ], [ 35.411870818969788, 32.437429154206363 ], [ 35.411861025239332, 32.437287849823804 ], [ 35.411854400841818, 32.437151894777244 ], [ 35.411860396344395, 32.437013241663436 ], [ 35.411841206903745, 32.43683193782379 ], [ 35.411821832535352, 32.436642744915858 ], [ 35.411808790342214, 32.43646143093769 ], [ 35.411805182778345, 32.436264180213307 ], [ 35.411804786975559, 32.436091299257939 ], [ 35.411794895029587, 32.435907444368809 ], [ 35.41178816085435, 32.435723442700656 ], [ 35.411791006584032, 32.435587472024842 ], [ 35.411768585599241, 32.435446329955617 ], [ 35.411774533175546, 32.4352862604457 ], [ 35.411771004020927, 32.435123669924124 ], [ 35.411764361553239, 32.434979683914626 ], [ 35.411761041198751, 32.434835832203341 ], [ 35.411779466948225, 32.434683773979174 ], [ 35.411801229101549, 32.434537204587976 ], [ 35.411832238847758, 32.434366526236673 ], [ 35.411863199759296, 32.434174572180858 ], [ 35.411888475186288, 32.434038846774072 ], [ 35.411925833857296, 32.433884079141059 ], [ 35.411963242532011, 32.433750728759478 ], [ 35.412006939648897, 32.433606799547682 ], [ 35.412060076359168, 32.433449329481611 ], [ 35.412122737775768, 32.433315937413653 ], [ 35.412197791394341, 32.433153217250435 ], [ 35.412276050452959, 32.43301176752621 ], [ 35.412363761828679, 32.432862412777602 ], [ 35.412432741247663, 32.432731686494712 ], [ 35.41250465613728, 32.432576861590533 ], [ 35.412564122848316, 32.432427553350188 ], [ 35.412656079350192, 32.432246488711712 ], [ 35.412728196280611, 32.432107726125608 ], [ 35.412800110175191, 32.431952901041512 ], [ 35.412887726529796, 32.431763530211732 ], [ 35.412959867372571, 32.431635475671236 ], [ 35.413047496158981, 32.431451318593851 ], [ 35.413141270586507, 32.431267291940145 ], [ 35.413225975558127, 32.431112586072651 ], [ 35.413291624613279, 32.430979188429383 ], [ 35.413354244420461, 32.430829732981465 ], [ 35.413426174769654, 32.430682939333757 ], [ 35.413501237308658, 32.430525572887241 ], [ 35.413559355390191, 32.430369079462089 ], [ 35.413668751225288, 32.430187844407499 ], [ 35.413738703239922, 32.430048098291884 ], [ 35.413796271154652, 32.429869626513536 ], [ 35.413865983820003, 32.429698742539969 ], [ 35.413921619666105, 32.429546621113225 ], [ 35.413973111989598, 32.429399155952531 ], [ 35.414048940897487, 32.429215440671285 ], [ 35.414109724106261, 32.429062746994191 ], [ 35.41418558320391, 32.428891852593217 ], [ 35.414243269257604, 32.428765089193547 ], [ 35.414306936579635, 32.42863817512729 ], [ 35.414401033132712, 32.428451892565839 ], [ 35.41450447404651, 32.428283487688766 ], [ 35.414595748017163, 32.428169631595935 ], [ 35.414668542678207, 32.427967744482217 ], [ 35.414741999515634, 32.427836445786404 ], [ 35.414805825466011, 32.427706994576525 ], [ 35.414897025086979, 32.427561999290958 ], [ 35.414972989825131, 32.427437741604464 ], [ 35.415033640461736, 32.42730054687663 ], [ 35.415082174922262, 32.427168585372925 ], [ 35.415136660747862, 32.427023651294448 ], [ 35.415203493350518, 32.426901944445213 ], [ 35.415273458518527, 32.426769947000061 ], [ 35.415370564852608, 32.426593943946727 ], [ 35.415453184500606, 32.42640331170977 ], [ 35.415519865568527, 32.42621693350938 ], [ 35.415580532625441, 32.426087487172701 ], [ 35.415677895219012, 32.425950371239871 ], [ 35.415762909914072, 32.425789745781209 ], [ 35.415841937165837, 32.425626735272679 ], [ 35.415908689540565, 32.425471494925702 ], [ 35.416018068558195, 32.425287580460029 ], [ 35.416103082364771, 32.425127096333618 ], [ 35.416191568065472, 32.424959701638919 ], [ 35.416264281348582, 32.424796560789098 ], [ 35.416352467922643, 32.424643819854872 ], [ 35.416422250903139, 32.424506749716251 ], [ 35.416495202870266, 32.424374605852634 ], [ 35.416552852505802, 32.424234878776893 ], [ 35.416622640808761, 32.42410034422182 ], [ 35.416692546983157, 32.423944957443197 ], [ 35.416753120079449, 32.423776764420921 ], [ 35.416801601636699, 32.423624090066852 ], [ 35.41684455547891, 32.42345141796261 ], [ 35.416871797397654, 32.423309064706892 ], [ 35.416923232865173, 32.423140886996947 ], [ 35.416968576495023, 32.422995967467514 ], [ 35.417029277948473, 32.422812274853527 ], [ 35.417101933464849, 32.422625885641445 ], [ 35.417156615598699, 32.422496448587246 ], [ 35.417208080518719, 32.422341233299818 ], [ 35.417250463075689, 32.422209281261992 ], [ 35.417277532186681, 32.42206439247331 ], [ 35.417338256562815, 32.421890984970403 ], [ 35.417380775512932, 32.421746211615151 ], [ 35.417406144829179, 32.42158526284787 ], [ 35.417437487388881, 32.421420923323474 ], [ 35.417470840457952, 32.421263906178119 ], [ 35.417488280016954, 32.421121287974998 ], [ 35.417503729369983, 32.420980504580264 ], [ 35.417525167867865, 32.420843093502491 ], [ 35.417552495353249, 32.420666924393487 ], [ 35.417581696924131, 32.420511042309641 ], [ 35.417622808373054, 32.420333299751285 ], [ 35.417667988229418, 32.420190776130589 ], [ 35.417711342142304, 32.420048536025384 ], [ 35.417750538689774, 32.41990433172316 ], [ 35.417791723436494, 32.419758432361228 ], [ 35.417832944611916, 32.419627609229181 ], [ 35.417893936363491, 32.419498443359217 ], [ 35.417939055971253, 32.419330697862009 ], [ 35.417988017260392, 32.419171400612967 ], [ 35.418074768964871, 32.418977237234344 ], [ 35.418163232120833, 32.418804345807004 ], [ 35.418232156680332, 32.418658399214628 ], [ 35.418283105385591, 32.418497407687425 ], [ 35.418326295018062, 32.418356577046538 ], [ 35.418405023793994, 32.418212304480797 ], [ 35.418462165024437, 32.418071309418856 ], [ 35.418519996211359, 32.417940740059031 ], [ 35.418584810661436, 32.417813258105419 ], [ 35.418657780047937, 32.41769252535429 ], [ 35.418734522067474, 32.417551496828224 ], [ 35.418823184422187, 32.417393821551848 ], [ 35.418917688238118, 32.417247831927881 ], [ 35.419041980194159, 32.417125320784571 ], [ 35.4191879139089, 32.417022779696701 ], [ 35.419308287113559, 32.416928736819479 ], [ 35.419427513020914, 32.41684188090727 ], [ 35.419589186615354, 32.41672254630253 ], [ 35.419733263828356, 32.41660831298838 ], [ 35.419859631544405, 32.416520881769685 ], [ 35.420019520775824, 32.416420147299128 ], [ 35.42017342139426, 32.416315901556395 ], [ 35.42033827381649, 32.416207268792625 ], [ 35.420458664888073, 32.41612167775984 ], [ 35.420602788099927, 32.416027592913565 ], [ 35.420794353900114, 32.415906513783952 ], [ 35.420940275928636, 32.41580073069813 ], [ 35.42108837256324, 32.415701566136384 ], [ 35.421246249192194, 32.415593929785416 ], [ 35.421410125503833, 32.415494737687858 ], [ 35.421548291208921, 32.415410805773341 ], [ 35.421720123726118, 32.415304836453984 ], [ 35.421863112459491, 32.415223290916522 ], [ 35.421995297534401, 32.415139369733232 ], [ 35.422133433731524, 32.415043601789542 ], [ 35.422265768606586, 32.414952776283307 ], [ 35.422429436478239, 32.414836815220191 ], [ 35.422731599867888, 32.414775002057404 ], [ 35.422891293221966, 32.414802481953863 ], [ 35.423058763303615, 32.414748509527648 ], [ 35.423219201550033, 32.414671440906837 ], [ 35.423409210357114, 32.414596294615855 ], [ 35.423580919968224, 32.414509624875521 ], [ 35.423714263697185, 32.414424995605984 ], [ 35.423849955288965, 32.41434994227253 ], [ 35.423992268328909, 32.414265155512972 ], [ 35.424148339253371, 32.414168932082944 ], [ 35.424270188609803, 32.414070935823943 ], [ 35.42442399895122, 32.414001486177654 ], [ 35.42456182513326, 32.413916848181607 ], [ 35.424698621456045, 32.413817980453302 ], [ 35.424856915019603, 32.413748522439917 ], [ 35.424988097362053, 32.413663894697699 ], [ 35.425150847684755, 32.41358301599427 ], [ 35.425297609658216, 32.413484834419933 ], [ 35.425437704932222, 32.413377084200619 ], [ 35.425556022337275, 32.413262467365023 ], [ 35.425707368862511, 32.413137506178373 ], [ 35.425854258901346, 32.41302396606158 ], [ 35.425985248951832, 32.412929757446541 ], [ 35.426125328422572, 32.412816228987488 ], [ 35.426279073462617, 32.412721979123461 ], [ 35.426432734372789, 32.412593068739938 ], [ 35.426550032713642, 32.412469998872638 ], [ 35.426662836436279, 32.412343132348177 ], [ 35.426793897561986, 32.412210597577278 ], [ 35.426946798568729, 32.412110994706637 ], [ 35.427086545583265, 32.411999015862435 ], [ 35.427240556933008, 32.411878275505174 ], [ 35.427378170185136, 32.411776866790198 ], [ 35.42755074431323, 32.41164045419071 ], [ 35.427711854247818, 32.411502792910042 ], [ 35.427872149440383, 32.411371614630632 ], [ 35.427999420222434, 32.411252611534415 ], [ 35.428153646724951, 32.411152864167406 ], [ 35.428297403211793, 32.411051443534518 ], [ 35.428455537754552, 32.410920268346757 ], [ 35.428609701507611, 32.410796003806489 ], [ 35.42873499930726, 32.410685880278784 ], [ 35.428887017251228, 32.410566832221868 ], [ 35.429052462528304, 32.410437756953371 ], [ 35.429210655685559, 32.410331096530392 ], [ 35.429346227538552, 32.410212077253895 ], [ 35.429465374147355, 32.410100273196498 ], [ 35.429590630759101, 32.409974368293383 ], [ 35.429736478341304, 32.409846594996623 ], [ 35.429900849616864, 32.409753871796212 ], [ 35.430085947145741, 32.409647021450276 ], [ 35.430256414881356, 32.409534984046637 ], [ 35.430383906878355, 32.409440493952694 ], [ 35.430519014912072, 32.40933612854613 ], [ 35.430638004686195, 32.409229395986188 ], [ 35.430757195887388, 32.409136611191663 ], [ 35.430898949973376, 32.409033501295298 ], [ 35.431022283933181, 32.408937186574306 ], [ 35.431147650216005, 32.408856649570346 ], [ 35.431283326949796, 32.40878144755829 ], [ 35.431472463903745, 32.408697272274537 ], [ 35.431636940405674, 32.408648083919104 ], [ 35.43178926497027, 32.408588491263259 ], [ 35.431994906072028, 32.408528802145369 ], [ 35.432177949382321, 32.408465630407974 ], [ 35.43234456666805, 32.408409533475485 ], [ 35.432491604092121, 32.408361362059438 ], [ 35.43272542554174, 32.408279781301971 ], [ 35.432890344831577, 32.408209456235433 ], [ 35.43311782718537, 32.408117460229832 ], [ 35.433265675777825, 32.408061677486792 ], [ 35.433476116162211, 32.407996059062995 ], [ 35.433695193390321, 32.407930566148266 ], [ 35.433914109113573, 32.4078673266159 ], [ 35.43412758801216, 32.407821145968782 ], [ 35.434309465842489, 32.40775811483514 ], [ 35.43449438115465, 32.407714240044029 ], [ 35.43468489527551, 32.407651191698555 ], [ 35.434860619017364, 32.407584930131677 ], [ 35.435039831947925, 32.407519367101365 ], [ 35.435239061996825, 32.407487722484071 ], [ 35.435435234955563, 32.407429453627934 ], [ 35.435591550838467, 32.407373653535736 ], [ 35.435750844476196, 32.407313056794571 ], [ 35.435958445793155, 32.407242649352192 ], [ 35.436137473056412, 32.407169898168497 ], [ 35.436291155462484, 32.407123823799594 ], [ 35.436490125344129, 32.407055826406946 ], [ 35.436657888694064, 32.406995212921146 ], [ 35.436811619641091, 32.406968299980043 ], [ 35.436999319583954, 32.406910044315509 ], [ 35.437184207251462, 32.406856584555008 ], [ 35.437343376508622, 32.406812893812109 ], [ 35.437519750519485, 32.406742540612896 ], [ 35.437687562247888, 32.40670122939386 ], [ 35.437852567993431, 32.406667108280068 ], [ 35.438003271919008, 32.406625827428755 ], [ 35.438188134772496, 32.406562785166159 ], [ 35.438376685697385, 32.406513261108657 ], [ 35.438573022905004, 32.406456396498051 ], [ 35.438719375595952, 32.406402442490766 ], [ 35.438945580677789, 32.406334390581975 ], [ 35.439138407651647, 32.406269077732972 ], [ 35.43935132460156, 32.406200908271572 ], [ 35.439544172913962, 32.406144048653005 ], [ 35.439753862917271, 32.406112659634296 ], [ 35.439906909475631, 32.406078558165653 ], [ 35.440113014967096, 32.40601040104832 ], [ 35.440289523402832, 32.405993163013385 ], [ 35.440441911471204, 32.405961880091638 ], [ 35.440584889105104, 32.405888204494751 ], [ 35.440934475386491, 32.405876277004872 ], [ 35.441170959455782, 32.405929514919315 ], [ 35.441340811699504, 32.405971465152319 ], [ 35.441534050547304, 32.406064235169048 ], [ 35.441697415228333, 32.406165656605666 ], [ 35.441887557926187, 32.406280975611907 ], [ 35.442057575036657, 32.406385060428576 ], [ 35.442217596552069, 32.406477892022686 ], [ 35.44240423113407, 32.406584904544893 ], [ 35.44254100078912, 32.406677779633206 ], [ 35.442704390601357, 32.406787512015562 ], [ 35.442841116419224, 32.406863479980089 ], [ 35.442998166051439, 32.406962233465499 ], [ 35.443213114195522, 32.407098357309323 ], [ 35.443401307410497, 32.407228754024288 ], [ 35.44358275083443, 32.407381988311784 ], [ 35.443751307885705, 32.407497627682794 ], [ 35.443858585750192, 32.407616764831822 ], [ 35.443944638771981, 32.407749045532519 ], [ 35.444023369108827, 32.407875704169783 ], [ 35.4440878315935, 32.408008589409299 ], [ 35.444130908090472, 32.408156450045901 ], [ 35.444188479395031, 32.408321050185663 ], [ 35.444235239107044, 32.408479612928105 ], [ 35.444278505699181, 32.408636068600813 ], [ 35.444332241132351, 32.408794617118403 ], [ 35.444382642948007, 32.408948664119457 ], [ 35.444402614327217, 32.409089101262126 ], [ 35.444433585510197, 32.409243889503408 ], [ 35.444487467268033, 32.409394829613198 ], [ 35.444550085128583, 32.409520109146158 ], [ 35.444632337696248, 32.409658878334227 ], [ 35.444723620691555, 32.409820455281334 ], [ 35.444720497009044, 32.409957836184766 ], [ 35.444669284094871, 32.410125180074516 ], [ 35.444667828968235, 32.410265657997293 ], [ 35.444679061393607, 32.410430347094838 ], [ 35.444679625507455, 32.410643242312169 ], [ 35.444736933505816, 32.410770082854341 ], [ 35.444876277208678, 32.410890707103569 ], [ 35.445002230976826, 32.410972328227189 ], [ 35.445167914187415, 32.411003714519346 ], [ 35.44532996933836, 32.410982269634843 ], [ 35.445533034667186, 32.410954688136279 ], [ 35.445732429069025, 32.410921054499418 ], [ 35.445896202829459, 32.410858886285702 ], [ 35.446090193141991, 32.410792010499996 ], [ 35.446246912287407, 32.410762966627395 ], [ 35.44641977106766, 32.410744599816191 ], [ 35.446613934240411, 32.410742676667496 ], [ 35.446793553477271, 32.410767552275274 ], [ 35.446953816656283, 32.410759635864906 ], [ 35.447107015631637, 32.410718620688684 ], [ 35.447301053427729, 32.410669919473648 ], [ 35.447468305105808, 32.410604642306971 ], [ 35.447619639598159, 32.410549964120861 ], [ 35.447769142417521, 32.410493739186485 ], [ 35.447927445181477, 32.410436087638004 ], [ 35.448114513290186, 32.4103903563716 ], [ 35.448370379696684, 32.410356750910985 ], [ 35.448530735689296, 32.410383633458707 ], [ 35.44873581247505, 32.410425646089969 ], [ 35.448890866823035, 32.410457047195095 ], [ 35.449070870679513, 32.410501926784377 ], [ 35.449240319381786, 32.4105741594908 ], [ 35.449388354296346, 32.410650943238643 ], [ 35.449564960905626, 32.410729079757871 ], [ 35.449740678892923, 32.410785519911713 ], [ 35.449893988872759, 32.410847216476064 ], [ 35.450047546573906, 32.410939064998637 ], [ 35.450174192032783, 32.411029414816952 ], [ 35.450309758269114, 32.411101572380467 ], [ 35.450468606418809, 32.411184391684785 ], [ 35.450634577744125, 32.411259588826475 ], [ 35.450800349523298, 32.411322669359599 ], [ 35.450967932786398, 32.41137982796149 ], [ 35.451133900662334, 32.411453474344128 ], [ 35.451268974333445, 32.411527322607355 ], [ 35.451413680646347, 32.411600869596022 ], [ 35.451564609609306, 32.411641433628191 ], [ 35.451757392148167, 32.411680647474419 ], [ 35.451941031841514, 32.411717202599519 ], [ 35.45212309744371, 32.411785320800924 ], [ 35.452210446757412, 32.411899840478775 ], [ 35.452302432436859, 32.41200899639793 ], [ 35.452399617017527, 32.412136176958747 ], [ 35.452491682965274, 32.412274498685072 ], [ 35.452590150326579, 32.412445636737118 ], [ 35.452677601559671, 32.412596929120149 ], [ 35.452792828325954, 32.412700825873081 ], [ 35.452965558975308, 32.412755857953243 ], [ 35.453154816814497, 32.412780564783681 ], [ 35.453339769410711, 32.412749906255421 ], [ 35.45352614480548, 32.412692755824274 ], [ 35.453698626014507, 32.412656908425298 ], [ 35.453863270635502, 32.412610368058438 ], [ 35.45403727877401, 32.412586352603192 ], [ 35.454220562821192, 32.412553019703523 ], [ 35.454389949077417, 32.412539580497757 ], [ 35.454559975581226, 32.412517403668268 ], [ 35.454761185949998, 32.412539688416871 ], [ 35.454949080070222, 32.412552136913824 ], [ 35.455150358253064, 32.412538914617535 ], [ 35.45531293916823, 32.412527178488659 ], [ 35.455533861700012, 32.412529837708448 ], [ 35.455735214729295, 32.412543667640406 ], [ 35.455894575280034, 32.412568992672725 ], [ 35.456082510167299, 32.412595669866398 ], [ 35.456268834898125, 32.412640807856022 ], [ 35.456429960972457, 32.412703044397333 ], [ 35.456582780635522, 32.412765297354738 ], [ 35.456740482392341, 32.412790624634141 ], [ 35.45690305462827, 32.412776068511661 ], [ 35.457097527065514, 32.412764266172431 ], [ 35.457392225661444, 32.412776355226399 ], [ 35.457549985995826, 32.4128229580922 ], [ 35.457719354400915, 32.412862491174792 ], [ 35.45787712963557, 32.412854988787331 ], [ 35.458021062826056, 32.412768046717218 ], [ 35.458126420196059, 32.412666811019946 ], [ 35.458255197211706, 32.412565527155081 ], [ 35.458427881968944, 32.412543904247833 ], [ 35.458585464160983, 32.412526537154704 ], [ 35.458742520581033, 32.412499873013623 ], [ 35.458920085005765, 32.412441322966977 ], [ 35.459086041061767, 32.412389700808433 ], [ 35.45924689587774, 32.412355278749416 ], [ 35.459370661000207, 32.412244141474432 ], [ 35.459452527644942, 32.412118858417713 ], [ 35.459572934127259, 32.411994906701374 ], [ 35.459695108637213, 32.411909274630602 ], [ 35.45985584315499, 32.411832159730636 ], [ 35.460001626908237, 32.411755074951628 ], [ 35.460153782570671, 32.411698829068833 ], [ 35.460349958423159, 32.411644467524873 ], [ 35.460517479246001, 32.411618483281899 ], [ 35.460683533624703, 32.411602505779669 ], [ 35.460862944369786, 32.411610736228447 ], [ 35.461037408605563, 32.411631655959503 ], [ 35.46121711017252, 32.411683986147473 ], [ 35.46138149811221, 32.411724793224536 ], [ 35.461556011432286, 32.411762902137632 ], [ 35.461720517118223, 32.411786660103644 ], [ 35.461883051764488, 32.411759416371687 ], [ 35.462068815317586, 32.411723389712968 ], [ 35.462246471940496, 32.41169893255028 ], [ 35.462399027921848, 32.411667341410556 ], [ 35.462554909777459, 32.411637151801628 ], [ 35.462750942281637, 32.411591239793204 ], [ 35.46291695562585, 32.411561028965309 ], [ 35.463173439769662, 32.41157036494144 ], [ 35.463341268949549, 32.41159425463978 ], [ 35.466020032145373, 32.411966469790308 ], [ 35.466160955925076, 32.412048461529317 ], [ 35.46629408766951, 32.412135541628494 ], [ 35.466456751070233, 32.412210865422026 ], [ 35.466629411526426, 32.412239108746185 ], [ 35.466789950903951, 32.412269066945953 ], [ 35.466992134369598, 32.412224967888037 ], [ 35.467110053570359, 32.412106085609338 ], [ 35.467214633484758, 32.411969619926587 ], [ 35.467287625167003, 32.411823355849585 ], [ 35.467378468137234, 32.411703826434831 ], [ 35.467572490793295, 32.411652979474496 ], [ 35.46782235172433, 32.411669224492478 ], [ 35.46800077055709, 32.411678996050547 ], [ 35.468276313628579, 32.411673347039013 ], [ 35.468464655178657, 32.411667880185604 ], [ 35.468795704145549, 32.411672258364483 ], [ 35.468952192722227, 32.411680243138008 ], [ 35.46914822401731, 32.411691807542262 ], [ 35.469401837082899, 32.411684511365941 ], [ 35.469617945912404, 32.411689129043353 ], [ 35.469804338755651, 32.411698881264293 ], [ 35.469978741760997, 32.411698513828597 ], [ 35.470194826928918, 32.411694676691326 ], [ 35.470412958344305, 32.411709292716381 ], [ 35.470625036641216, 32.411698840872234 ], [ 35.470786782021989, 32.411686522961396 ], [ 35.470969058725153, 32.411652462683854 ], [ 35.471135621391134, 32.411640415480093 ], [ 35.471308006199521, 32.411631596602199 ], [ 35.471466620538109, 32.411627878998118 ], [ 35.471638947386651, 32.411599052737976 ], [ 35.471827213098081, 32.411568360069154 ], [ 35.472033281403796, 32.411547773960798 ], [ 35.472191685203107, 32.411528979589889 ], [ 35.472356243880895, 32.411513412809981 ], [ 35.472561672127249, 32.411501140401214 ], [ 35.472743967789505, 32.41147384151958 ], [ 35.472916474360076, 32.411449943881628 ], [ 35.473114554397874, 32.411424300702869 ], [ 35.473296870849119, 32.411403763175542 ], [ 35.473469230310727, 32.411386629096711 ], [ 35.473675343644359, 32.411381116510235 ], [ 35.473935066006703, 32.411362103407512 ], [ 35.474129159203677, 32.411336467162435 ], [ 35.474285724773736, 32.411314292546002 ], [ 35.474453750329303, 32.411291952504392 ], [ 35.474620149560685, 32.411281451150273 ], [ 35.474818475879317, 32.411282716491947 ], [ 35.47501064064889, 32.411278922428615 ], [ 35.475173255676999, 32.411280263894312 ], [ 35.475351583944722, 32.4112597328673 ], [ 35.47556761151192, 32.411237428794031 ], [ 35.475734036862555, 32.411235379787406 ], [ 35.475916356312446, 32.41121652924096 ], [ 35.476088982263022, 32.4112329242557 ], [ 35.476281137142401, 32.411225887399638 ], [ 35.476437212717642, 32.411206811373724 ], [ 35.476617559728936, 32.411194586497835 ], [ 35.476784065304209, 32.411164074105699 ], [ 35.476944464170671, 32.411146819554347 ], [ 35.477094973347661, 32.411099434501615 ], [ 35.477275299058306, 32.411080586304713 ], [ 35.477439830969381, 32.411056699747157 ], [ 35.477596400313246, 32.411036212688799 ], [ 35.477772658323559, 32.410990460875936 ], [ 35.477960730783799, 32.410951447170902 ], [ 35.478137138961401, 32.410900622198547 ], [ 35.478287652203527, 32.410854926488653 ], [ 35.478463289190493, 32.410823405522422 ], [ 35.478623838039411, 32.4108012177593 ], [ 35.47880006585553, 32.410745460600552 ], [ 35.478956583150321, 32.410708064219847 ], [ 35.479110920196732, 32.410664049069524 ], [ 35.479275471351855, 32.410646923174603 ], [ 35.479437886552319, 32.410582742280809 ], [ 35.47959414447179, 32.41051505240209 ], [ 35.479760606696559, 32.410471009977528 ], [ 35.47993833504092, 32.410417643890099 ], [ 35.480088809942153, 32.410360251363841 ], [ 35.480247176027291, 32.41027578898845 ], [ 35.480433275345867, 32.410189715567064 ], [ 35.480573778236376, 32.410130511955366 ], [ 35.480730135292603, 32.410041121723566 ], [ 35.480874640575017, 32.409986982226208 ], [ 35.481021077362236, 32.40991268879624 ], [ 35.481161548907295, 32.409843481523247 ], [ 35.481337795394523, 32.409740661328094 ], [ 35.481490184983556, 32.409657901298132 ], [ 35.481670301377996, 32.40957183920451 ], [ 35.481813863503646, 32.409481207921999 ], [ 35.481984144248102, 32.409383331606477 ], [ 35.482128528428483, 32.409290584459939 ], [ 35.482247153021802, 32.409192821619619 ], [ 35.482385568685423, 32.409103468886691 ], [ 35.482529968627851, 32.409015793569068 ], [ 35.482672545754269, 32.40892967221324 ], [ 35.482834716315956, 32.408841957304475 ], [ 35.482953355139777, 32.408749266090474 ], [ 35.483111674589594, 32.408651414686794 ], [ 35.483259053143591, 32.408560772411853 ], [ 35.483397436067861, 32.408461415561256 ], [ 35.483522083928591, 32.408378713582614 ], [ 35.483668422653849, 32.408274124912587 ], [ 35.48378323429128, 32.408179750620157 ], [ 35.483941391233714, 32.408083589306884 ], [ 35.484077919336301, 32.407975781944891 ], [ 35.48421026794631, 32.407859528936378 ], [ 35.4843586242295, 32.407763388858015 ], [ 35.484508941957067, 32.407657099593628 ], [ 35.484645520551155, 32.407566057679666 ], [ 35.484795154519681, 32.407453710756471 ], [ 35.48494146350248, 32.407340807464855 ], [ 35.485077833937304, 32.407236380916061 ], [ 35.485196473160933, 32.407145236781368 ], [ 35.485335043370817, 32.407054189679982 ], [ 35.485471407680798, 32.40694807194177 ], [ 35.485588037769546, 32.406852001165916 ], [ 35.485722563302694, 32.406742364132164 ], [ 35.485860935497904, 32.406641312912576 ], [ 35.485975582210422, 32.406548627756507 ], [ 35.486102218153263, 32.406465919677053 ], [ 35.486280823577097, 32.406378022013122 ], [ 35.486412210899331, 32.40627459076925 ], [ 35.486533665937294, 32.406181889868158 ], [ 35.486713284150703, 32.40604608491897 ], [ 35.486837256483909, 32.405961831962614 ], [ 35.487044722955133, 32.405808774123557 ], [ 35.487231847782546, 32.40568365984214 ], [ 35.487403877058469, 32.405565060036658 ], [ 35.487558128785658, 32.405444387146126 ], [ 35.487677082930887, 32.405349436389884 ], [ 35.487823734543539, 32.405241601294414 ], [ 35.487998226892465, 32.405114400584566 ], [ 35.488158638289363, 32.404998926094208 ], [ 35.488313080771057, 32.404886846397019 ], [ 35.488429389698204, 32.404796268047406 ], [ 35.488571070108883, 32.404692811345008 ], [ 35.488735489929319, 32.40458493602128 ], [ 35.488889758098651, 32.404470600738541 ], [ 35.489028786748598, 32.404369263200763 ], [ 35.489156709260612, 32.404274995051466 ], [ 35.489277986356477, 32.404180179103058 ], [ 35.489399435655905, 32.404087475441457 ], [ 35.489556305448431, 32.403955944352205 ], [ 35.489675056050402, 32.403850283914309 ], [ 35.489798949030082, 32.403742638696031 ], [ 35.489910252631319, 32.403645590352518 ], [ 35.49005433880442, 32.403516341966288 ], [ 35.490178297909573, 32.403429972046034 ], [ 35.490299572804034, 32.403335154212463 ], [ 35.490426043374931, 32.403255260109496 ], [ 35.490631053658404, 32.403117278228088 ], [ 35.490772715140388, 32.403009451019692 ], [ 35.490928439350625, 32.402937098881004 ], [ 35.49108544353804, 32.402902221155713 ], [ 35.491255128451996, 32.402833076834533 ], [ 35.491434943838598, 32.402763909213746 ], [ 35.491617284348628, 32.402705443830762 ], [ 35.491832508271408, 32.40264690319453 ], [ 35.492070992276162, 32.402591127062514 ], [ 35.492231921187908, 32.402536937052332 ], [ 35.492389175897998, 32.402476554818335 ], [ 35.492565662258883, 32.402405561743812 ], [ 35.49272635827549, 32.402330800074843 ], [ 35.492867499567971, 32.402269468495938 ], [ 35.493025579043483, 32.402207675051343 ], [ 35.493205570199734, 32.402142449648046 ], [ 35.493383242780475, 32.402079201425465 ], [ 35.493554137067626, 32.402025691143102 ], [ 35.493702286318687, 32.401975050800807 ], [ 35.493861392741515, 32.40192297568894 ], [ 35.494022120565283, 32.401858779872136 ], [ 35.494173541370444, 32.40179263222592 ], [ 35.494320524974349, 32.401741007325953 ], [ 35.494479935673837, 32.401680618427335 ], [ 35.494649794123426, 32.401615414283896 ], [ 35.494817167180329, 32.401552187760018 ], [ 35.494962788892387, 32.401490420592467 ], [ 35.495114214262109, 32.401426104156705 ], [ 35.495289705739353, 32.401357081686214 ], [ 35.495451471943326, 32.401306407861014 ], [ 35.495609891504834, 32.401247991944388 ], [ 35.49575917625048, 32.401189596946146 ], [ 35.495919741941044, 32.401127371207117 ], [ 35.496084858853344, 32.401085987638105 ], [ 35.496247789050322, 32.401036296609604 ], [ 35.496419878600818, 32.400994332864215 ], [ 35.496574884479621, 32.400959171593115 ], [ 35.496725220361157, 32.400918244369635 ], [ 35.496980628184758, 32.400859601743903 ], [ 35.497158391986659, 32.40082621927467 ], [ 35.497346788300689, 32.400793938124821 ], [ 35.49753286113102, 32.400762367263965 ], [ 35.497690712921923, 32.400734524700205 ], [ 35.497883071783704, 32.400695471325406 ], [ 35.498073439057173, 32.400656562068669 ], [ 35.498248526544465, 32.400617548378641 ], [ 35.498406371921206, 32.400587873485684 ], [ 35.498560881325389, 32.400554120364028 ], [ 35.498725143898142, 32.400505972228963 ], [ 35.498878622803005, 32.40046165354773 ], [ 35.499034338241316, 32.400441000318907 ], [ 35.499190005384179, 32.400405834289401 ], [ 35.499339165949337, 32.400361384475495 ], [ 35.499499193086812, 32.400339029806972 ], [ 35.499665024860292, 32.400314124722065 ], [ 35.499818526832179, 32.400277131540591 ], [ 35.500019632952558, 32.400221569563001 ], [ 35.500194695309077, 32.400175366305241 ], [ 35.500398055327736, 32.400149105222887 ], [ 35.500575311963978, 32.400113886780183 ], [ 35.500744085845696, 32.400074883561594 ], [ 35.500900423500262, 32.400041686868605 ], [ 35.501075996309744, 32.39999970857879 ], [ 35.501254208341784, 32.399951947235337 ], [ 35.501437884158634, 32.399899523354591 ], [ 35.501590376299063, 32.399858725925597 ], [ 35.501748205838183, 32.399824961072405 ], [ 35.50192445229996, 32.399786080220075 ], [ 35.502080971930063, 32.399758094636098 ], [ 35.502246949677968, 32.399727691466744 ], [ 35.502421208507897, 32.399690223146855 ], [ 35.502585308429254, 32.399644465412258 ], [ 35.5027430760519, 32.39959210092276 ], [ 35.502919960427185, 32.399545467553573 ], [ 35.503099661281745, 32.399496572893419 ], [ 35.503253344350853, 32.399465070352505 ], [ 35.503435758732678, 32.399433357886998 ], [ 35.503618995200689, 32.399399249067052 ], [ 35.503821582576428, 32.399340999324146 ], [ 35.503979364299859, 32.39929328266463 ], [ 35.504137395459374, 32.39927092685793 ], [ 35.504291090482262, 32.399242945249703 ], [ 35.504459851322679, 32.399200978459369 ], [ 35.504638058905371, 32.399153212347564 ], [ 35.504820785247169, 32.399115579870873 ], [ 35.505003166955397, 32.39907470797344 ], [ 35.505164986630113, 32.399043042124191 ], [ 35.505367498008816, 32.399012406993933 ], [ 35.505529483717567, 32.398980880953332 ], [ 35.505683346891622, 32.39895388375912 ], [ 35.505861607174516, 32.398922319290776 ], [ 35.506015300590832, 32.398894194913652 ], [ 35.506188234530931, 32.398859119602946 ], [ 35.506374586932225, 32.398813726577757 ], [ 35.506558323722054, 32.398780880147513 ], [ 35.506744564780334, 32.398752253932159 ], [ 35.506913305348526, 32.39870450731614 ], [ 35.507088899518386, 32.398670551570355 ], [ 35.507241252234678, 32.398639047367361 ], [ 35.507419522634095, 32.398610862226178 ], [ 35.507578857244106, 32.398581595198287 ], [ 35.507831038210554, 32.398555344464526 ], [ 35.508048506419044, 32.398528472593568 ], [ 35.508299932182958, 32.398475171225186 ], [ 35.508560832557649, 32.398424522878287 ], [ 35.50877804602311, 32.398371303112718 ], [ 35.508973679187136, 32.398320811508576 ], [ 35.509187894371735, 32.398264920995004 ], [ 35.509392677835038, 32.398219619615311 ], [ 35.50962864885156, 32.398163816380354 ], [ 35.509951578199306, 32.398089203392978 ], [ 35.510202956954124, 32.398022653482997 ], [ 35.510504157667206, 32.397956122758607 ], [ 35.510768017419522, 32.397897573274477 ], [ 35.510923206678676, 32.397870847812996 ], [ 35.511077831636811, 32.397824680058996 ], [ 35.511254862193724, 32.397774230179415 ], [ 35.511425616554398, 32.3977342222434 ], [ 35.511636699888271, 32.39768622458876 ], [ 35.511866365424581, 32.397632969154408 ], [ 35.512068184560007, 32.397595702527063 ], [ 35.512267005195262, 32.397555624038937 ], [ 35.512453167718874, 32.397505151074675 ], [ 35.51263319425027, 32.397457227652716 ], [ 35.512831803977015, 32.397404046402734 ], [ 35.513005703929274, 32.397361492016366 ], [ 35.513195074968877, 32.397326789777409 ], [ 35.513415613575603, 32.397276231170984 ], [ 35.513620357688488, 32.397220355451154 ], [ 35.513819131048812, 32.397167172245936 ], [ 35.513996046812203, 32.397132499380156 ], [ 35.514172212422864, 32.397073030060092 ], [ 35.514489022293965, 32.397056470481381 ], [ 35.514678275024053, 32.396987528767745 ], [ 35.514833509711146, 32.396926419271352 ], [ 35.515038180268775, 32.396849548756109 ], [ 35.515218105155618, 32.3967727380304 ], [ 35.515385776792172, 32.396706384184291 ], [ 35.515581181618352, 32.396640102323303 ], [ 35.515745697140652, 32.396573755790612 ], [ 35.515947457607083, 32.396520561854729 ], [ 35.516105672193383, 32.396457048386843 ], [ 35.516291748427463, 32.39638275753294 ], [ 35.516459391410478, 32.396308512042097 ], [ 35.516664022808747, 32.396221071409748 ], [ 35.516887436764655, 32.396138937555968 ], [ 35.517092269098434, 32.396061921733164 ], [ 35.517281544957847, 32.396000866346292 ], [ 35.517439263108805, 32.395938479622373 ], [ 35.517597466381474, 32.395872287023941 ], [ 35.517768123299383, 32.395805922593951 ], [ 35.517914045735466, 32.395742437417248 ], [ 35.518072274044286, 32.395683993777602 ], [ 35.518267693772422, 32.395622920720484 ], [ 35.518456940601631, 32.395553973353792 ], [ 35.518605878740949, 32.395498229479628 ], [ 35.518764263185957, 32.395437247967784 ], [ 35.518937908664164, 32.395371015174632 ], [ 35.519077500958367, 32.395302190774203 ], [ 35.519304110977423, 32.395233007280467 ], [ 35.51950593043162, 32.395198264473095 ], [ 35.519692011631641, 32.395126645879913 ], [ 35.519862785122541, 32.395094657442854 ], [ 35.520042775432202, 32.395038834154605 ], [ 35.520212632247741, 32.394982049487659 ], [ 35.520389458802462, 32.394923697016331 ], [ 35.520553995145519, 32.394865234451338 ], [ 35.520718328064511, 32.394796346179376 ], [ 35.52091067176594, 32.394711605880786 ], [ 35.52113412491304, 32.394642568602357 ], [ 35.521323524997747, 32.394570938361902 ], [ 35.521478621082444, 32.394520388615739 ], [ 35.521643018263326, 32.394469956844624 ], [ 35.52183862633634, 32.394416768073512 ], [ 35.522068369705245, 32.394389841133268 ], [ 35.522254779328698, 32.394365700342625 ], [ 35.522437996293554, 32.394331000656528 ], [ 35.522649130478499, 32.394301442322472 ], [ 35.522840849840058, 32.394276442322727 ], [ 35.523052039178985, 32.394262663753651 ], [ 35.523244675614805, 32.394262176626803 ], [ 35.523449786080768, 32.394267012208438 ], [ 35.52364862221237, 32.394282289349896 ], [ 35.523884749627022, 32.39427633651173 ], [ 35.524139392412188, 32.394246806974252 ], [ 35.52436619218436, 32.3942329866059 ], [ 35.524630171163651, 32.394213859282395 ], [ 35.524797860816932, 32.394202865580361 ], [ 35.52497796772554, 32.394181414073756 ], [ 35.525164357180763, 32.394151914459783 ], [ 35.525375499491801, 32.394125028829947 ], [ 35.525533804375897, 32.39409038808251 ], [ 35.52568808122134, 32.394043498149323 ], [ 35.52588203774652, 32.393993971120913 ], [ 35.526055462900644, 32.3939616861961 ], [ 35.526252989173919, 32.393935256762191 ], [ 35.526467277143645, 32.393905824658617 ], [ 35.526654496092632, 32.393876462298749 ], [ 35.526838206227602, 32.393841332043763 ], [ 35.527055847609226, 32.393774411943063 ], [ 35.527253032412396, 32.393698808637978 ], [ 35.527406072686546, 32.393631912705608 ], [ 35.527582810605537, 32.393550724456205 ], [ 35.527759556687748, 32.393472214127662 ], [ 35.527932951594138, 32.393385116697686 ], [ 35.528153923811871, 32.393274931140297 ], [ 35.528320363367499, 32.393193627634723 ], [ 35.528510799063568, 32.393089155839206 ], [ 35.528697674606612, 32.393010757921218 ], [ 35.52888824350093, 32.392943763634747 ], [ 35.529136248757538, 32.392824207044264 ], [ 35.529103633647487, 32.393037611110202 ], [ 35.529340028118163, 32.393060954163658 ], [ 35.529554360639473, 32.392998547922517 ], [ 35.529704299673547, 32.39294729620606 ], [ 35.529905613003848, 32.392866746446373 ], [ 35.530089861216119, 32.39279709028196 ], [ 35.530299797044343, 32.392712853815539 ], [ 35.530449722017707, 32.392657938352365 ], [ 35.530642425117229, 32.392584736384869 ], [ 35.530796759053921, 32.392555171642854 ], [ 35.531015319260412, 32.392514590489903 ], [ 35.531255494313285, 32.392481279610145 ], [ 35.531444009791066, 32.392444297841521 ], [ 35.531628426104731, 32.392422120498459 ], [ 35.531819263658001, 32.392384287204145 ], [ 35.531990661305223, 32.392343826855701 ], [ 35.532213459704224, 32.392281393196299 ], [ 35.532423456981753, 32.392215329558411 ], [ 35.5326205281565, 32.392156625925395 ], [ 35.532774834693207, 32.392119871910246 ], [ 35.532950443946369, 32.392050234074929 ], [ 35.533125854336483, 32.391926067855167 ], [ 35.533292656682484, 32.391809251449025 ], [ 35.533468186245081, 32.391717913453505 ], [ 35.533609585097942, 32.391648364002123 ], [ 35.533797992499672, 32.391582353558157 ], [ 35.533952244871934, 32.391531086425964 ], [ 35.534089324949129, 32.391461546825809 ], [ 35.53423483579548, 32.39138113609512 ], [ 35.534376014965289, 32.391297073637816 ], [ 35.534523039043123, 32.391222012287137 ], [ 35.534758639396664, 32.391119526471847 ], [ 35.534929874224844, 32.3910353837217 ], [ 35.535066801416583, 32.390969507259328 ], [ 35.53519102772632, 32.390881965231003 ], [ 35.535327834781697, 32.390783259785636 ], [ 35.53549479796952, 32.390666439139515 ], [ 35.535618870515655, 32.390582420219502 ], [ 35.535760020911781, 32.390491169360175 ], [ 35.535939702850996, 32.390356139971146 ], [ 35.536127653659683, 32.390166419226247 ], [ 35.53624749389148, 32.390060571402017 ], [ 35.53647200757414, 32.389879348438718 ], [ 35.536613175332604, 32.389748082433741 ], [ 35.536784086963792, 32.389576581227857 ], [ 35.536912260570737, 32.389434359549604 ], [ 35.537091673245641, 32.389226624925541 ], [ 35.537215595598298, 32.389102588876021 ], [ 35.537373838226117, 32.388963950232437 ], [ 35.537523458402205, 32.388828856400586 ], [ 35.537664430315267, 32.38869026302735 ], [ 35.537839788947686, 32.388555241444045 ], [ 35.538019543718008, 32.388441906734364 ], [ 35.538156617573669, 32.388372503396752 ], [ 35.538323526098736, 32.388288368388501 ], [ 35.538501435776382, 32.388170106221004 ], [ 35.538668430023748, 32.388064131103135 ], [ 35.538895409645491, 32.387968986211604 ], [ 35.539113968065692, 32.387931913275473 ], [ 35.539315289920957, 32.387858675176965 ], [ 35.539486608500155, 32.387800029238448 ], [ 35.539679540909326, 32.387748510710139 ], [ 35.539919412342798, 32.387682495815206 ], [ 35.540133711203289, 32.387616407899401 ], [ 35.540352188998604, 32.387557635182915 ], [ 35.540549163958914, 32.387477080001318 ], [ 35.540716235444542, 32.38739294049207 ], [ 35.540951599196262, 32.387275931011111 ], [ 35.541157126714467, 32.387173512621153 ], [ 35.541435590275945, 32.387081748750234 ], [ 35.541692796691898, 32.38703385976536 ], [ 35.541924412746802, 32.3870259131536 ], [ 35.542181860978438, 32.387043399228652 ], [ 35.542396397503651, 32.387086503062875 ], [ 35.542654008767443, 32.387147665684139 ], [ 35.542907276214045, 32.387201513643667 ], [ 35.543147771832444, 32.387259058311038 ], [ 35.543321987149206, 32.387310018523827 ], [ 35.543502371616874, 32.387367724105054 ], [ 35.543695530025843, 32.387421872821129 ], [ 35.54397034172348, 32.387508348996704 ], [ 35.544202272088732, 32.387584090337135 ], [ 35.544369679101251, 32.387634644526358 ], [ 35.544554367996973, 32.387688673185821 ], [ 35.544704630400126, 32.387728282689785 ], [ 35.544880686484639, 32.387782475746853 ], [ 35.545056769221162, 32.387843713837235 ], [ 35.545237210861266, 32.387916070162994 ], [ 35.545374838373256, 32.387995728064098 ], [ 35.545529582682086, 32.388079003295097 ], [ 35.545739956807083, 32.388162126815558 ], [ 35.545899101322838, 32.388267087517612 ], [ 35.546052801445413, 32.388337260735881 ], [ 35.546215975911267, 32.388365843838287 ], [ 35.546387592459098, 32.388387217803064 ], [ 35.546606397330329, 32.388415789240696 ], [ 35.546825366534904, 32.388444220080686 ], [ 35.547074199685348, 32.388465383340296 ], [ 35.547310287443281, 32.388497570371889 ], [ 35.547512001183371, 32.388529709850907 ], [ 35.547730902678893, 32.388583641611881 ], [ 35.547949666295544, 32.388601361905401 ], [ 35.548117104814558, 32.388615418201624 ], [ 35.548426022381008, 32.388629088254191 ], [ 35.54870488430808, 32.388642838740346 ], [ 35.548910625876481, 32.3886422766425 ], [ 35.549133859688617, 32.388656319765865 ], [ 35.549399853038594, 32.388691944219204 ], [ 35.549580105787989, 32.388713290195462 ], [ 35.549746215887993, 32.388683669137258 ], [ 35.550114955059122, 32.388664482821206 ], [ 35.550295222935205, 32.388689490629652 ], [ 35.550479778812949, 32.388707159712986 ], [ 35.550694225775992, 32.388724746417722 ], [ 35.550891651269652, 32.388720541033585 ], [ 35.551127449769353, 32.388719892699065 ], [ 35.551397815770876, 32.388726475472048 ], [ 35.551642249147974, 32.388725802405773 ], [ 35.551848046035936, 32.38869606925531 ], [ 35.551997909026753, 32.388630138786354 ], [ 35.55218617129065, 32.388531413877843 ], [ 35.55251156557425, 32.388381445237933 ], [ 35.552708697132175, 32.388300870670591 ], [ 35.552858530708207, 32.38822761256624 ], [ 35.553034173067935, 32.388172599196558 ], [ 35.553218687755219, 32.388179415468933 ], [ 35.553416169892635, 32.388233396615995 ], [ 35.553575407883343, 32.388360327412961 ], [ 35.553687292767592, 32.388480062523271 ], [ 35.553803716507637, 32.388614297665896 ], [ 35.553967316844719, 32.388795742696395 ], [ 35.554122337408401, 32.388948046109881 ], [ 35.554442035328691, 32.389259529306749 ] ] ] } },
{ "type": "Feature", "properties": { "OBJECTID": 7, "ID": 6.0, "LENGTH": 0.012, "AREA": 2601.623, "PERIMETER": 41.0, "ALLMAP1_": 40.0, "ALLMAP1_ID": 0.0, "NAME": null, "NAME_CITY": "0.012", "Shape_Leng": 0.01199416543 }, "geometry": { "type": "MultiLineString", "coordinates": [ [ [ 35.558657860228848, 31.762964190348168 ], [ 35.558657985889454, 31.762964203526248 ] ] ] } },
{ "type": "Feature", "properties": { "OBJECTID": 8, "ID": 6.0, "LENGTH": 39623.705, "AREA": 2601.623, "PERIMETER": 41.0, "ALLMAP1_": 40.0, "ALLMAP1_ID": 0.0, "NAME": null, "NAME_CITY": "39623.705", "Shape_Leng": 39623.705360599997 }, "geometry": { "type": "MultiLineString", "coordinates": [ [ [ 35.558657985889454, 31.762964203526248 ], [ 35.558561672757307, 31.762576048034731 ], [ 35.55812332069403, 31.761716365488581 ], [ 35.557444080076543, 31.760959438708117 ], [ 35.556845168588097, 31.760202639477129 ], [ 35.556246302780316, 31.759411524108792 ], [ 35.555607169729086, 31.758654617931388 ], [ 35.554847855765232, 31.757863163238813 ], [ 35.55408895482762, 31.757002937691333 ], [ 35.553530007544282, 31.756246293847312 ], [ 35.552730454609303, 31.755488967145979 ], [ 35.552011265258436, 31.754697666598361 ], [ 35.551211939138732, 31.753905946909942 ], [ 35.55049253530786, 31.753183262473367 ], [ 35.550295111276135, 31.752289711623604 ], [ 35.549536337077924, 31.751395286851114 ], [ 35.548776449536739, 31.750775497021511 ], [ 35.548057329653737, 31.749983962947635 ], [ 35.547378701295109, 31.749123901345854 ], [ 35.546619738516313, 31.748298083505901 ], [ 35.545859935245119, 31.747643892977255 ], [ 35.545261487039575, 31.746783887914795 ], [ 35.544703285262941, 31.745924124119803 ], [ 35.544064662804132, 31.74502969620228 ], [ 35.543385698379588, 31.744238309018012 ], [ 35.542547201394243, 31.743240552516092 ], [ 35.541789065824304, 31.742208476282443 ], [ 35.541230473248959, 31.741451634281923 ], [ 35.540671969783737, 31.740626093651183 ], [ 35.540073244365068, 31.739800516588573 ], [ 35.539514679249599, 31.73904366568641 ], [ 35.538996397902103, 31.738252535737839 ], [ 35.538398363143315, 31.737289558640438 ], [ 35.537759570625106, 31.736498175477497 ], [ 35.537121244712274, 31.735603710107029 ], [ 35.536443779199899, 31.734503118568604 ], [ 35.535646346477165, 31.733230497765888 ], [ 35.53500810623207, 31.732301708611477 ], [ 35.534289498645755, 31.731441467423416 ], [ 35.533610673745081, 31.730684336791899 ], [ 35.532971922967263, 31.729927240700896 ], [ 35.532374257192139, 31.728895467231261 ], [ 35.531736663437158, 31.727898035305106 ], [ 35.531137845448001, 31.727140967683184 ], [ 35.530460093939254, 31.726109037264017 ], [ 35.529821744549437, 31.725214603693736 ], [ 35.529103614865861, 31.724319947931406 ], [ 35.528386100722408, 31.72321912970898 ], [ 35.527749071870453, 31.721981206960095 ], [ 35.527231847371795, 31.720915173448276 ], [ 35.526713816796068, 31.720089607055844 ], [ 35.526195586111967, 31.719298421686421 ], [ 35.525597548509943, 31.718404004576943 ], [ 35.525159970166598, 31.717475573684315 ], [ 35.524365024243011, 31.715687552558851 ], [ 35.524008009263696, 31.714690572380057 ], [ 35.523610827055919, 31.713659167195797 ], [ 35.523173880063894, 31.712662031773963 ], [ 35.52273665964843, 31.711630582873994 ], [ 35.522260291046109, 31.710427175079463 ], [ 35.521823208305946, 31.709430034742692 ], [ 35.521306169188954, 31.708329661584845 ], [ 35.520869155527656, 31.707298134557885 ], [ 35.520392097659041, 31.706266563478003 ], [ 35.519914738801887, 31.705337999919042 ], [ 35.519397483766021, 31.704306313139551 ], [ 35.519000134880265, 31.703343588229021 ], [ 35.518563383767372, 31.702277668780159 ], [ 35.518166743593973, 31.701177477088581 ], [ 35.517810329230102, 31.700077467361726 ], [ 35.517454236254629, 31.698874306957087 ], [ 35.517057624211979, 31.697774181394536 ], [ 35.516821021869688, 31.696811829007373 ], [ 35.516543995997118, 31.695883675589062 ], [ 35.516227720358359, 31.694749390245065 ], [ 35.515911187118938, 31.693683729666922 ], [ 35.5155539184967, 31.692755347465482 ], [ 35.51495690252063, 31.691689099173036 ], [ 35.514438930191034, 31.690897860838312 ], [ 35.513881719236238, 31.689900347477849 ], [ 35.513364350818456, 31.688937328959444 ], [ 35.51288715172597, 31.688008665213971 ], [ 35.512410117948676, 31.686977061260162 ], [ 35.511972500279889, 31.686151586836235 ], [ 35.511495166253269, 31.685222988037257 ], [ 35.511017571924789, 31.684363082615178 ], [ 35.510861155608204, 31.683400875728992 ], [ 35.51058454968539, 31.682369628298513 ], [ 35.510308011772949, 31.681407074658271 ], [ 35.509951333364036, 31.680375734290131 ], [ 35.509594122947234, 31.679481715894742 ], [ 35.509237189582912, 31.67851899910476 ], [ 35.508840928219989, 31.677418773484646 ], [ 35.508563822881854, 31.676524982591502 ], [ 35.508287969563433, 31.675356334766946 ], [ 35.508171472015214, 31.674394169560813 ], [ 35.508014831326442, 31.673500583430773 ], [ 35.50785846406324, 31.672538370918843 ], [ 35.507461047586339, 31.671678611995432 ], [ 35.506943794615495, 31.670749876475842 ], [ 35.506586762961902, 31.669890230696559 ], [ 35.505712016253035, 31.668101772621934 ], [ 35.505235602853681, 31.667001440643155 ], [ 35.504758925788103, 31.665969661510022 ], [ 35.504402260826851, 31.665006999379944 ], [ 35.504084980820721, 31.664147392879826 ], [ 35.50372788966672, 31.663253283806341 ], [ 35.503291285311398, 31.66222168672568 ], [ 35.502894669735937, 31.661224518220543 ], [ 35.502497402598372, 31.660330358486004 ], [ 35.502020680636214, 31.659367335057944 ], [ 35.501703937566965, 31.658404710866154 ], [ 35.501547442131475, 31.657476801992186 ], [ 35.501231703094078, 31.656308016701942 ], [ 35.500875995097012, 31.655104728156054 ], [ 35.50043896332194, 31.654176199850994 ], [ 35.50000149858348, 31.653316296516291 ], [ 35.499604567335915, 31.65245643848036 ], [ 35.499207868912684, 31.651459256878308 ], [ 35.498891346750398, 31.65049662469513 ], [ 35.498614582799192, 31.649602736628093 ], [ 35.498337938011105, 31.648640151510914 ], [ 35.498022047969314, 31.647505739941707 ], [ 35.497745358959889, 31.646577466134925 ], [ 35.497388340540411, 31.645717790664769 ], [ 35.497071413150493, 31.644823778719491 ], [ 35.496714630132622, 31.643929717325719 ], [ 35.496277915347576, 31.642966787948133 ], [ 35.495920981417562, 31.642072654021764 ], [ 35.495603858954659, 31.641213021501347 ], [ 35.495247383526198, 31.640250258566578 ], [ 35.495051017314836, 31.639287904732097 ], [ 35.494694554855556, 31.638325068638906 ], [ 35.494258449880434, 31.637224668175094 ], [ 35.49378222381128, 31.636089832990546 ], [ 35.493385764194578, 31.635126872285614 ], [ 35.49310893532985, 31.634233040257087 ], [ 35.492712549252218, 31.63323576402718 ], [ 35.49231578305303, 31.63227280017637 ], [ 35.491999563852538, 31.631310146824639 ], [ 35.491603036747378, 31.630312866922267 ], [ 35.491247330890829, 31.629143930017616 ], [ 35.490811876783589, 31.627906121882482 ], [ 35.490415720434413, 31.6268057572278 ], [ 35.490099375073122, 31.625843028144395 ], [ 35.48978309492793, 31.624845984980141 ], [ 35.489586818339305, 31.623883549550012 ], [ 35.489310792997287, 31.62285224265478 ], [ 35.489034369777343, 31.621958258203954 ], [ 35.48875825286526, 31.620892566614806 ], [ 35.488561709063561, 31.619998896250753 ], [ 35.488365861504498, 31.618899064422337 ], [ 35.488054298829816, 31.616836965820994 ], [ 35.487858913565987, 31.615668435185068 ], [ 35.487623805477909, 31.614431014306891 ], [ 35.48746752707811, 31.613503149957932 ], [ 35.487192129538343, 31.612334372875971 ], [ 35.487035633542348, 31.61144068051594 ], [ 35.486798950206726, 31.610546882864821 ], [ 35.486484356795906, 31.60920627232861 ], [ 35.486287860769686, 31.608312455867807 ], [ 35.486052505714007, 31.607143868276939 ], [ 35.485816068098842, 31.606215613810612 ], [ 35.485540426807262, 31.605115598196711 ], [ 35.485264050443519, 31.60415290613691 ], [ 35.484868906930103, 31.602949438249851 ], [ 35.484473217179932, 31.601780422976937 ], [ 35.483957223449742, 31.600679661786405 ], [ 35.483761223786715, 31.599717212758524 ], [ 35.483725383375813, 31.598686491278599 ], [ 35.483769536934666, 31.597759027442493 ], [ 35.483937526600776, 31.595904276733862 ], [ 35.483666498032832, 31.593739202465951 ], [ 35.483510192076444, 31.59277680586781 ], [ 35.483274333275475, 31.591745604521659 ], [ 35.483078070413299, 31.590851849374932 ], [ 35.482921651419439, 31.58995821887866 ], [ 35.482685453928575, 31.589029956234004 ], [ 35.482449614805887, 31.587998681404827 ], [ 35.482254073306713, 31.586898833534605 ], [ 35.482058081535719, 31.585867612542334 ], [ 35.481942074394219, 31.584939719752025 ], [ 35.481745674870467, 31.584046033055142 ], [ 35.481669509106105, 31.583118194849167 ], [ 35.481553862802507, 31.582087220139957 ], [ 35.481438800877427, 31.580918851179039 ], [ 35.481362413930306, 31.580025395473889 ], [ 35.481287064551381, 31.57892577742707 ], [ 35.481211781026481, 31.577791845751488 ], [ 35.481135854471376, 31.576829692513623 ], [ 35.481099863920839, 31.575901976915876 ], [ 35.481024358246529, 31.574802428666452 ], [ 35.481029695116206, 31.573599977356405 ], [ 35.480954191278698, 31.572500428656376 ], [ 35.480878209013056, 31.571572586943926 ], [ 35.48072190754413, 31.570644566986598 ], [ 35.480525613677791, 31.569716492404684 ], [ 35.4802903677462, 31.568582129257607 ], [ 35.480215624805979, 31.567345113321071 ], [ 35.480140592311876, 31.56617686503105 ], [ 35.480105555357461, 31.56500867090919 ], [ 35.48006964468658, 31.564046569415495 ], [ 35.480074018639364, 31.563015895834035 ], [ 35.479958353205063, 31.562019300010427 ], [ 35.479802305095035, 31.561056893224169 ], [ 35.47980684641243, 31.560026218799813 ], [ 35.479771296765364, 31.558961105285078 ], [ 35.479696112824342, 31.557792785140553 ], [ 35.479700300952707, 31.556865191725304 ], [ 35.479785469578303, 31.555662916837651 ], [ 35.479714540051006, 31.553532687774936 ], [ 35.479598497706732, 31.552570405191108 ], [ 35.479522483150916, 31.551676943481773 ], [ 35.479286254649729, 31.550748738948997 ], [ 35.479251071109076, 31.54958047168784 ], [ 35.479135559204977, 31.54851510600604 ], [ 35.479019922829892, 31.547518506913814 ], [ 35.478905000856095, 31.546315745032249 ], [ 35.478709692057095, 31.54525019704122 ], [ 35.47851324473303, 31.544356357937449 ], [ 35.478396997632188, 31.543428457018639 ], [ 35.478202058113638, 31.542259825925139 ], [ 35.478247187761276, 31.541091807773697 ], [ 35.47825141836352, 31.540061129895918 ], [ 35.478215702528793, 31.539099023612696 ], [ 35.478259786791988, 31.538137169288525 ], [ 35.47834443842229, 31.537037974043788 ], [ 35.478432510587446, 31.535251728803505 ], [ 35.478557658566707, 31.534049576959283 ], [ 35.478643345735208, 31.532744287540407 ], [ 35.478769137550273, 31.531370355131489 ], [ 35.478813314726231, 31.530442883138758 ], [ 35.478699067588721, 31.529068266494448 ], [ 35.478663938106799, 31.527968693226583 ], [ 35.478588338651967, 31.526869135266043 ], [ 35.478432237099625, 31.525975489127656 ], [ 35.478316994828205, 31.524875733282723 ], [ 35.478241144821027, 31.523913499603093 ], [ 35.478165654030065, 31.522848253979575 ], [ 35.478130076203058, 31.521817447317634 ], [ 35.478134408924632, 31.520821079677191 ], [ 35.478019176092005, 31.519721393871663 ], [ 35.478064235350175, 31.518587755768579 ], [ 35.47810814892842, 31.517625897907664 ], [ 35.478122385058597, 31.514327617683588 ], [ 35.478166918285872, 31.513297061210153 ], [ 35.478252136580323, 31.512060465524783 ], [ 35.478280014679541, 31.5056014348655 ], [ 35.47824512940295, 31.504467542337277 ], [ 35.478129460172482, 31.50343655143314 ], [ 35.478133335867682, 31.502508880470522 ], [ 35.478177114292023, 31.501615718153928 ], [ 35.478261543060434, 31.50061959897161 ], [ 35.478305677068427, 31.499623425143096 ], [ 35.478269685872029, 31.498730011031451 ], [ 35.478113765316031, 31.497767591962706 ], [ 35.478038756858233, 31.496633572741217 ], [ 35.477923100205579, 31.495602581222414 ], [ 35.478179061652085, 31.491729389082742 ], [ 35.464620432655188, 31.492077276318813 ], [ 35.450012624096857, 31.492479576584145 ], [ 35.431915213668631, 31.492513026497406 ], [ 35.417524393057128, 31.492537799096127 ], [ 35.408583887574288, 31.492178939906552 ], [ 35.394943451913598, 31.490556158367081 ], [ 35.394943127571572, 31.490557109430942 ] ] ] } },
{ "type": "Feature", "properties": { "OBJECTID": 9, "ID": 0.0, "LENGTH": 146131.8, "AREA": 3556.128, "PERIMETER": 26.0, "ALLMAP1_": 25.0, "ALLMAP1_ID": 0.0, "NAME": null, "NAME_CITY": "146131.800", "Shape_Leng": 146131.8003 }, "geometry": { "type": "MultiLineString", "coordinates": [ [ [ 35.230323752457686, 31.781693563243028 ], [ 35.230286380864932, 31.781650236507744 ], [ 35.230103140949353, 31.781778644328469 ], [ 35.229910163337273, 31.781888594963092 ], [ 35.22973318176529, 31.781984733139204 ], [ 35.229566930783953, 31.782108346223239 ], [ 35.229449005109473, 31.782195453906898 ], [ 35.229245303526135, 31.782309914839562 ], [ 35.229025432918093, 31.782415218580059 ], [ 35.228837719728681, 31.782484020090664 ], [ 35.228601845650729, 31.782584817868347 ], [ 35.22834452964004, 31.782703796738421 ], [ 35.22816227304277, 31.782827552574503 ], [ 35.228022754024387, 31.78299230510143 ], [ 35.227851229314872, 31.783152694857478 ], [ 35.227728029874527, 31.783276298482292 ], [ 35.227529609596068, 31.783418232955288 ], [ 35.227427700096563, 31.783578610363236 ], [ 35.227540399446447, 31.783683851820612 ], [ 35.227765591707609, 31.783729607032317 ], [ 35.227872846886243, 31.783834849192111 ], [ 35.227862160076292, 31.783976749412293 ], [ 35.22780331282501, 31.784159946541269 ], [ 35.227776466482517, 31.784333978675775 ], [ 35.227797951029153, 31.784485032957498 ], [ 35.227830155065512, 31.784627066857755 ], [ 35.227895032626762, 31.784800095473866 ], [ 35.227970134879456, 31.784964808095314 ], [ 35.22809356752375, 31.785102175104321 ], [ 35.228190106435726, 31.785221227943023 ], [ 35.228147251581547, 31.785367784953582 ], [ 35.228061498275615, 31.785491381866787 ], [ 35.228007924975131, 31.785660768190457 ], [ 35.228013249489742, 31.785839444249643 ], [ 35.228024007203786, 31.785972182273774 ], [ 35.227932972928002, 31.786091269967411 ], [ 35.227771990183378, 31.786210370457436 ], [ 35.227616612109465, 31.786315660747047 ], [ 35.227498681612147, 31.78641643485544 ], [ 35.227402036527664, 31.786530873293273 ], [ 35.227273391567685, 31.786668285468039 ], [ 35.227176911793897, 31.786787374488991 ], [ 35.227069719985167, 31.786956769968185 ], [ 35.226883980495195, 31.787040363785085 ], [ 35.227032710516099, 31.78740530116028 ], [ 35.227112915453795, 31.787519425514208 ], [ 35.227429057804855, 31.787725242479517 ], [ 35.227606127070686, 31.787926714672761 ], [ 35.227724112360512, 31.788041114013811 ], [ 35.227847389819495, 31.78820145017615 ], [ 35.227927929317822, 31.788325015299346 ], [ 35.228035205032981, 31.788485212640726 ], [ 35.228185395088872, 31.788727836324309 ], [ 35.228287408979782, 31.78895229049283 ], [ 35.228373232518678, 31.789089522607245 ], [ 35.22844832726706, 31.78920858011346 ], [ 35.22850198501871, 31.789359768763816 ], [ 35.228625443373311, 31.789570268021766 ], [ 35.228834723714577, 31.789904472249251 ], [ 35.228861485949679, 31.79004185692747 ], [ 35.228813349375272, 31.790183765182782 ], [ 35.228641607393087, 31.790188447893701 ], [ 35.228464750733906, 31.79019299065326 ], [ 35.228266296822156, 31.790257143388843 ], [ 35.228089292842881, 31.790330450904186 ], [ 35.227917730330297, 31.790394598087126 ], [ 35.227730022047496, 31.790550340603126 ], [ 35.227612089646136, 31.790660273831072 ], [ 35.227488714064847, 31.790779226328297 ], [ 35.227333345016831, 31.790953281440238 ], [ 35.227235540852504, 31.791071665426923 ], [ 35.227101459789019, 31.791268543780703 ], [ 35.226826793897757, 31.791387240246692 ], [ 35.226871069975985, 31.791639466030489 ], [ 35.226860385177261, 31.791799685051036 ], [ 35.226860418415555, 31.79193707482403 ], [ 35.226817569430153, 31.792129427523381 ], [ 35.226737096388774, 31.792289658795333 ], [ 35.226645904920922, 31.792472860824915 ], [ 35.226576317491968, 31.79262393100646 ], [ 35.226490567406771, 31.79279797289027 ], [ 35.226404817000379, 31.792972014711708 ], [ 35.226318903681545, 31.79315507488819 ], [ 35.226265328195701, 31.793342920017789 ], [ 35.226142150662298, 31.793626738097515 ], [ 35.226077856067832, 31.793837413212028 ], [ 35.226040271332899, 31.793974809343979 ], [ 35.225986683073458, 31.794116717371619 ], [ 35.225927339637551, 31.794339368874823 ], [ 35.225895198761172, 31.794472113249761 ], [ 35.225841620571728, 31.794659817476184 ], [ 35.225771886580112, 31.794897971441888 ], [ 35.225729040291647, 31.795117801808075 ], [ 35.225691647594012, 31.795378777627363 ], [ 35.225680971867476, 31.79558930191271 ], [ 35.225681009665557, 31.795754169723345 ], [ 35.225664898948175, 31.796010632755227 ], [ 35.225654216797302, 31.796193678901041 ], [ 35.225643524155721, 31.796331070370908 ], [ 35.225450488188997, 31.796344912302828 ], [ 35.224886559951429, 31.796380936292092 ], [ 35.22476072109712, 31.796604443785874 ], [ 35.2246374956868, 31.796709583536146 ], [ 35.224485566070406, 31.796833188332123 ], [ 35.224261062352063, 31.797061923478175 ], [ 35.224188657184115, 31.7971856561627 ], [ 35.224087394971761, 31.797389572111967 ], [ 35.224029535834902, 31.797636881352926 ], [ 35.223986190792488, 31.79786558881219 ], [ 35.223963948499289, 31.798017496067708 ], [ 35.223920614825012, 31.798301863140424 ], [ 35.22390614604965, 31.798542966390357 ], [ 35.22388441483411, 31.7987716704673 ], [ 35.223877184911856, 31.798913851767665 ], [ 35.223884475835803, 31.799062230978667 ], [ 35.223891783652583, 31.799290930588135 ], [ 35.223899079810984, 31.799463969648379 ], [ 35.223906373419929, 31.799624749117726 ], [ 35.223899152554985, 31.799810190666118 ], [ 35.223905292835923, 31.799974915844668 ], [ 35.223876451861337, 31.800135560150309 ], [ 35.223832948335286, 31.800401468306305 ], [ 35.223782332580171, 31.800586916445752 ], [ 35.223681062990941, 31.800772372245738 ], [ 35.22349994031741, 31.800994900096114 ], [ 35.223405915758235, 31.801112434466621 ], [ 35.223174291297155, 31.801279308849335 ], [ 35.223022182763046, 31.801384452121269 ], [ 35.222891854860961, 31.801489591144193 ], [ 35.222761523154233, 31.801582330665365 ], [ 35.222623929819562, 31.801662669921377 ], [ 35.222457463572795, 31.801761614433889 ], [ 35.222298093293574, 31.801860556827375 ], [ 35.222066460280153, 31.802002770228963 ], [ 35.221907088114229, 31.802101712129655 ], [ 35.221581248427306, 31.802293397054481 ], [ 35.22145091314367, 31.802379935089416 ], [ 35.221335099904543, 31.802472670289365 ], [ 35.221219285378233, 31.802565406284689 ], [ 35.221067181349795, 31.80271380654569 ], [ 35.22089543656346, 31.802841213489181 ], [ 35.220736226412598, 31.802933953757343 ], [ 35.220453770838454, 31.803094629528584 ], [ 35.220258265638314, 31.803224575470288 ], [ 35.2199614549275, 31.80339765219648 ], [ 35.219765944292419, 31.803502795944208 ], [ 35.219592212617307, 31.803601737560133 ], [ 35.219403958219807, 31.803694479616865 ], [ 35.21924457345424, 31.803743958689537 ], [ 35.218976623461288, 31.803842910421821 ], [ 35.218773847725018, 31.803929453074321 ], [ 35.218600110290772, 31.804009792934018 ], [ 35.218426372695511, 31.80408407220829 ], [ 35.218223598670292, 31.804189074592472 ], [ 35.217991950900405, 31.804312819921261 ], [ 35.217818048228168, 31.804399358858554 ], [ 35.217586399372912, 31.804522962758927 ], [ 35.217383627777885, 31.804658963554246 ], [ 35.21725328803452, 31.804757897524222 ], [ 35.217086809665247, 31.804850633935857 ], [ 35.216920158110177, 31.804875450975565 ], [ 35.216753673665963, 31.804918727488278 ], [ 35.216536365482057, 31.804955808511625 ], [ 35.216377139379823, 31.804986824262617 ], [ 35.216174350868016, 31.805011502135049 ], [ 35.215928167795333, 31.805054784920937 ], [ 35.215678189831998, 31.805104127011646 ], [ 35.21546814209934, 31.805141204664622 ], [ 35.215258258214938, 31.805172082727537 ], [ 35.214946896644491, 31.805215369163353 ], [ 35.214744106576902, 31.805233986214219 ], [ 35.21445435793779, 31.805252469160866 ], [ 35.214244306104256, 31.805258685727363 ], [ 35.214077814153661, 31.805258698508229 ], [ 35.213846145584007, 31.80525871593014 ], [ 35.213563655134145, 31.805258736603477 ], [ 35.213324724518685, 31.805240293893096 ], [ 35.213042230670098, 31.805203253309632 ], [ 35.212593243577807, 31.805135222282594 ], [ 35.212368835041396, 31.805129036416705 ], [ 35.212194918335584, 31.805116646937844 ], [ 35.212013905614654, 31.805110457777815 ], [ 35.211564923558086, 31.805092025074437 ], [ 35.211260817130061, 31.805085841723102 ], [ 35.210956712675738, 31.805092057907647 ], [ 35.210609046824878, 31.805116734306942 ], [ 35.210391735182725, 31.805129145002468 ], [ 35.210203463464218, 31.805141554003839 ], [ 35.21000793398354, 31.805178622885375 ], [ 35.2098414457719, 31.80522189035684 ], [ 35.209602521196828, 31.805296161252951 ], [ 35.209428608524014, 31.805376487685006 ], [ 35.209227800157549, 31.805454278937482 ], [ 35.209003395381053, 31.805534748284487 ], [ 35.208873045769117, 31.805639732204217 ], [ 35.208742693947229, 31.805726397872057 ], [ 35.208583302517674, 31.805831382481959 ], [ 35.208344379318099, 31.805998370690681 ], [ 35.208047538502576, 31.80619622008879 ], [ 35.207844749277285, 31.806332206558306 ], [ 35.207533384333189, 31.806492854361512 ], [ 35.207098759707499, 31.80675876469882 ], [ 35.20691774787479, 31.806851488994191 ], [ 35.206707693152822, 31.806907153473063 ], [ 35.206381969432769, 31.80712345828147 ], [ 35.20601977856596, 31.807352163881532 ], [ 35.20580972206352, 31.807469687477312 ], [ 35.205549173941797, 31.807624270378934 ], [ 35.205244896411074, 31.807784912487254 ], [ 35.204976919987253, 31.80790863430385 ], [ 35.204817683785876, 31.807914694382021 ], [ 35.204651023484139, 31.807951895605441 ], [ 35.204491788264015, 31.80797655566122 ], [ 35.204252852382453, 31.808007556272603 ], [ 35.203955832309624, 31.8080692746179 ], [ 35.203796595489258, 31.808118734316828 ], [ 35.203521356075044, 31.808199053033228 ], [ 35.20326789784729, 31.808267110875509 ], [ 35.20303061071639, 31.808348415466909 ], [ 35.20275537039241, 31.808404071796822 ], [ 35.202378811699539, 31.808472127129463 ], [ 35.202197792686249, 31.808527784607314 ], [ 35.201994991873548, 31.808583299831163 ], [ 35.201752257550865, 31.808632051036685 ], [ 35.201625692245806, 31.80865755319801 ], [ 35.201205568881171, 31.808744063800695 ], [ 35.200858050331213, 31.808799714196699 ], [ 35.200524887745651, 31.808880024805557 ], [ 35.199988921144978, 31.809003727683418 ], [ 35.199590574703976, 31.80910249326999 ], [ 35.199235793294498, 31.809176739341652 ], [ 35.198967808457517, 31.809238588796987 ], [ 35.198526060363307, 31.80934974854511 ], [ 35.198127711510075, 31.809454850361597 ], [ 35.197403452357491, 31.809652653089682 ], [ 35.197149989061586, 31.809677298748881 ], [ 35.196990748317269, 31.809695889973941 ], [ 35.196700981192784, 31.809726731848645 ], [ 35.196362538249588, 31.809725865937811 ], [ 35.196101814398993, 31.809744449611376 ], [ 35.195841091598957, 31.809750491811126 ], [ 35.195406610499951, 31.809732002200935 ], [ 35.195087971015994, 31.809713378937992 ], [ 35.194573790588265, 31.809682480383422 ], [ 35.193335368824414, 31.809608118035957 ], [ 35.192908150556867, 31.80958962142995 ], [ 35.192531422994897, 31.809595787022118 ], [ 35.192002887032558, 31.809577136311475 ], [ 35.191604548349844, 31.809540036854791 ], [ 35.191184431004899, 31.809490533640435 ], [ 35.190800611512714, 31.80947189286702 ], [ 35.190511014231852, 31.809459602056805 ], [ 35.190221252299906, 31.809447169882905 ], [ 35.189779513255267, 31.809434719697986 ], [ 35.189511535246496, 31.809410029741255 ], [ 35.189100323769928, 31.809397157802184 ], [ 35.1888975224972, 31.809397133283436 ], [ 35.188535486684131, 31.809372288202212 ], [ 35.188108269402825, 31.809359834025361 ], [ 35.18788368972772, 31.809341345409798 ], [ 35.187724460983226, 31.809291864334998 ], [ 35.187456497481456, 31.809192909215312 ], [ 35.187029297456, 31.809087730885128 ], [ 35.186645329759578, 31.809001158436903 ], [ 35.186189253915117, 31.808902173383942 ], [ 35.185790927886032, 31.808827996557618 ], [ 35.185392601041634, 31.808766077150619 ], [ 35.185081231508441, 31.808722770098324 ], [ 35.184856655314533, 31.808697935327402 ], [ 35.184646762392326, 31.808685644281791 ], [ 35.184436702419461, 31.808679411403055 ], [ 35.18417598588276, 31.808666970016613 ], [ 35.183893497366405, 31.808611264386055 ], [ 35.183654564067574, 31.808592625309338 ], [ 35.183263493131186, 31.808561701058348 ], [ 35.183034128695162, 31.808549826180279 ], [ 35.182672098788771, 31.808525105108483 ], [ 35.18246204476344, 31.808500268589178 ], [ 35.182201334890955, 31.808463164236944 ], [ 35.18185367428773, 31.808382782877747 ], [ 35.181448262356504, 31.808296049359313 ], [ 35.181165778125276, 31.80823427913429 ], [ 35.180810852519897, 31.808178553424469 ], [ 35.180115684504017, 31.808085703121652 ], [ 35.179876761469913, 31.808036197001254 ], [ 35.179478434268979, 31.807999059594806 ], [ 35.179268380614261, 31.807980417932303 ], [ 35.178957011487668, 31.807955696280743 ], [ 35.178507032126916, 31.807935596533561 ], [ 35.178302425449246, 31.807911458590791 ], [ 35.177864827107946, 31.807875294690604 ], [ 35.17749075382455, 31.807857038774923 ], [ 35.176933193058773, 31.807820846267283 ], [ 35.176481393399563, 31.807820748020827 ], [ 35.176015565497657, 31.807832622339809 ], [ 35.175426300871585, 31.807868703794348 ], [ 35.174783897137345, 31.807922666223252 ], [ 35.174162788575508, 31.807946616437043 ], [ 35.173499434888882, 31.807976612817502 ], [ 35.173135742395942, 31.80800160593061 ], [ 35.172712309379961, 31.808043634180802 ], [ 35.172218248086033, 31.808097761173119 ], [ 35.171681783946603, 31.808133697937556 ], [ 35.171159506551412, 31.80818175502726 ], [ 35.170834916025136, 31.808217884039369 ], [ 35.170503060424622, 31.808265846897111 ], [ 35.169966738096434, 31.808362086801427 ], [ 35.169578449232063, 31.80840411412197 ], [ 35.169253858372912, 31.808440239100591 ], [ 35.1688373479939, 31.808494374346985 ], [ 35.168378589432429, 31.808560474480419 ], [ 35.167945907349967, 31.808611924679575 ], [ 35.16748255732054, 31.808602350759088 ], [ 35.166797753830217, 31.808612436723696 ], [ 35.166148739596998, 31.808663535372116 ], [ 35.165668042453397, 31.808704395672017 ], [ 35.164995257578497, 31.808775913216301 ], [ 35.164250195692873, 31.808847404433514 ], [ 35.163505132602246, 31.808919032876389 ], [ 35.162832170559767, 31.809011111623768 ], [ 35.162351442348033, 31.809113397002896 ], [ 35.161930795480004, 31.80917483569764 ], [ 35.161474162576944, 31.809266980133348 ], [ 35.160921319917769, 31.80936923577341 ], [ 35.16046467913705, 31.809471662928619 ], [ 35.159767753834103, 31.809625155705969 ], [ 35.159322996528637, 31.809717295676279 ], [ 35.158950520098905, 31.809799174467773 ], [ 35.158433789529049, 31.809942578465705 ], [ 35.157953046450373, 31.810055274240941 ], [ 35.157509608966478, 31.810140363202194 ], [ 35.157147368604974, 31.810204625810702 ], [ 35.156769949692674, 31.810262400211975 ], [ 35.156203727386369, 31.810371675480248 ], [ 35.155456481143972, 31.810480879669655 ], [ 35.155011063361847, 31.810558068089225 ], [ 35.154580833232629, 31.810622296995327 ], [ 35.154120405431037, 31.81068651252443 ], [ 35.153501403047059, 31.810737840783258 ], [ 35.153048410060009, 31.810782750697104 ], [ 35.152504961642833, 31.810872713974554 ], [ 35.152091563682127, 31.810931304844917 ], [ 35.151608352578755, 31.811008325129336 ], [ 35.151117718841789, 31.811078999661166 ], [ 35.150627084360444, 31.811149672300242 ], [ 35.150204442497653, 31.81120740721062 ], [ 35.149804243438766, 31.811265151244619 ], [ 35.14942681559193, 31.811323044540369 ], [ 35.149056982530148, 31.81137431693282 ], [ 35.148694566782424, 31.81143855629248 ], [ 35.148339730108489, 31.811522242446145 ], [ 35.147932078487088, 31.811618587618359 ], [ 35.147667850529665, 31.811676525851141 ], [ 35.147449001359689, 31.811734342253789 ], [ 35.147184768864186, 31.811798621191784 ], [ 35.146826785903961, 31.811895124914543 ], [ 35.146620794466813, 31.811974082938459 ], [ 35.14624992726997, 31.812088193849227 ], [ 35.145776082188824, 31.812210992385161 ], [ 35.145168372943438, 31.812386428436671 ], [ 35.144573534447503, 31.812558626430594 ], [ 35.144223289541777, 31.812672741111612 ], [ 35.143914145874831, 31.812769259700669 ], [ 35.143615562815604, 31.812865783481438 ], [ 35.1431519188965, 31.813023663925751 ], [ 35.142801664696101, 31.813146511665447 ], [ 35.14245141062662, 31.813269357536424 ], [ 35.142132178422614, 31.813392217617537 ], [ 35.141884913193977, 31.813488762416036 ], [ 35.141565520644725, 31.813602884006414 ], [ 35.140988622486375, 31.813822279748159 ], [ 35.140576644926327, 31.813945089683546 ], [ 35.140226397084341, 31.814050315660921 ], [ 35.139752509515958, 31.814208320107692 ], [ 35.139289017097305, 31.814366187415615 ], [ 35.138959393645308, 31.814471561130294 ], [ 35.138732748847808, 31.814567968793881 ], [ 35.138495867352702, 31.814673389109288 ], [ 35.138124960601772, 31.814813826995618 ], [ 35.13785704621683, 31.814927825352129 ], [ 35.137568680855203, 31.8150243402449 ], [ 35.137208003294624, 31.815164779916877 ], [ 35.136847495864238, 31.815296341885887 ], [ 35.136548719715194, 31.815410462684863 ], [ 35.136291211289169, 31.815506990214757 ], [ 35.135922429211284, 31.815666023151891 ], [ 35.135598386544793, 31.815799855767896 ], [ 35.135323368630402, 31.815916945439092 ], [ 35.135018949950911, 31.81606755504594 ], [ 35.134665326969767, 31.816251674429537 ], [ 35.134331513127684, 31.81642734902271 ], [ 35.13410564988822, 31.816569686527142 ], [ 35.133737846889787, 31.816733504190594 ], [ 35.133551239196905, 31.816900239996819 ], [ 35.133098867900564, 31.8171579970744 ], [ 35.132749016941901, 31.817364095440794 ], [ 35.132254848313799, 31.817673258522969 ], [ 35.131770862554099, 31.818042735701212 ], [ 35.131244960787633, 31.818403449953784 ], [ 35.130811500040828, 31.818729833926444 ], [ 35.130208766360603, 31.819198578915604 ], [ 35.129857194165602, 31.819473433160081 ], [ 35.129350057316188, 31.819877129216422 ], [ 35.129059893010613, 31.820126230352248 ], [ 35.128790185271647, 31.820383938355128 ], [ 35.128572131195199, 31.820641677458205 ], [ 35.128353918066203, 31.820890960479225 ], [ 35.128125306460575, 31.821140097100042 ], [ 35.12776149461709, 31.821431988207706 ], [ 35.127293852161586, 31.82174960246024 ], [ 35.126908753138132, 31.822032882815595 ], [ 35.12633626312698, 31.822401862157399 ], [ 35.125982250915271, 31.822607657794663 ], [ 35.12568119871716, 31.822832507595887 ], [ 35.125477749923441, 31.82297695647592 ], [ 35.125152132997414, 31.823167689617218 ], [ 35.124751887744566, 31.82339303904396 ], [ 35.124414543794693, 31.82359080897448 ], [ 35.124055099831857, 31.823769962821977 ], [ 35.12375657890243, 31.823920126926101 ], [ 35.123437759358808, 31.824067458281409 ], [ 35.123108864118088, 31.824223378681694 ], [ 35.122692969623401, 31.824404042844662 ], [ 35.122279216085268, 31.824588934821183 ], [ 35.121899481923208, 31.824747778184388 ], [ 35.121519593594329, 31.824892107093785 ], [ 35.12113657946685, 31.825024877620674 ], [ 35.120693138041439, 31.825181561777267 ], [ 35.120330271791964, 31.825297010771372 ], [ 35.119936894273451, 31.82538932989036 ], [ 35.119557216365372, 31.825478697105325 ], [ 35.119140264247065, 31.825539150677461 ], [ 35.118665563401379, 31.825582232550751 ], [ 35.118221595430526, 31.825587710759546 ], [ 35.11776098447794, 31.825564146960005 ], [ 35.117479615159574, 31.825535068471066 ], [ 35.117106828577668, 31.825488594346989 ], [ 35.116849228512969, 31.825456571847774 ], [ 35.116486518127871, 31.825401365870796 ], [ 35.116130581172264, 31.82534038640987 ], [ 35.115859472668511, 31.825282424813008 ], [ 35.115520558387217, 31.825198205306464 ], [ 35.115127342254716, 31.825117188011248 ], [ 35.114690905110834, 31.825016974170897 ], [ 35.11419605269014, 31.82490770000809 ], [ 35.113701050024936, 31.824784755617987 ], [ 35.113190142323447, 31.824725348340301 ], [ 35.112769663922357, 31.824679672343112 ], [ 35.112286260784565, 31.824679323403235 ], [ 35.11183916099278, 31.824683508203769 ], [ 35.111397348034934, 31.824683186127071 ], [ 35.11102998233406, 31.824669248958408 ], [ 35.11056703866705, 31.824673417665363 ], [ 35.11009848044732, 31.824682230384063 ], [ 35.109635536682731, 31.824686395702187 ], [ 35.109140392125752, 31.824708713505501 ], [ 35.108629408103489, 31.824726507392715 ], [ 35.108128977126185, 31.824753325549736 ], [ 35.107683480639032, 31.824803715948892 ], [ 35.107337346913638, 31.824844317246281 ], [ 35.107049978066975, 31.824875802637166 ], [ 35.106693286993611, 31.824911884034833 ], [ 35.106416475426613, 31.824948026855793 ], [ 35.10613966751486, 31.824979518319829 ], [ 35.105868136845331, 31.825015664024097 ], [ 35.105554010284841, 31.825065443365279 ], [ 35.105261164854056, 31.825124257748868 ], [ 35.104883132360939, 31.825205691407547 ], [ 35.104636479158152, 31.826970274058908 ], [ 35.104713037799627, 31.82975488518273 ], [ 35.104553031768297, 31.829822960877522 ], [ 35.104305186696905, 31.829920982122616 ], [ 35.104053552771227, 31.830011530913541 ], [ 35.103798294979597, 31.830094466672701 ], [ 35.103539909845146, 31.83016979067401 ], [ 35.103210035054062, 31.830264925609246 ], [ 35.103013227925473, 31.830326206344697 ], [ 35.102817737855474, 31.830390306054365 ], [ 35.102623564673628, 31.830457366331867 ], [ 35.102430708520792, 31.830527244693599 ], [ 35.102239500011336, 31.830599942312681 ], [ 35.102049607288791, 31.830675600517324 ], [ 35.101861362338099, 31.83075393640522 ], [ 35.10167476483447, 31.830835232256987 ], [ 35.101489814019139, 31.83091920760916 ], [ 35.101306675726406, 31.831005860799404 ], [ 35.101125183943786, 31.831095333288488 ], [ 35.100945669449381, 31.831187483764456 ], [ 35.100768132388716, 31.831282173353426 ], [ 35.100592407652073, 31.831379681497019 ], [ 35.100418826176657, 31.831479728003014 ], [ 35.100247221054858, 31.831582311841601 ], [ 35.100077758123163, 31.831687434058423 ], [ 35.099910603221197, 31.831795093896236 ], [ 35.099745425867354, 31.831905150406318 ], [ 35.099582721320161, 31.832017745591898 ], [ 35.099422323888518, 31.832132738639729 ], [ 35.099264234786425, 31.832249987069844 ], [ 35.09910861864023, 31.832369632614657 ], [ 35.098955309599852, 31.832491676047489 ], [ 35.098461022242795, 31.832880885179403 ], [ 35.098154580975283, 31.833111160657982 ], [ 35.097983763173204, 31.83324178364937 ], [ 35.097812935419611, 31.833381566312923 ], [ 35.097647877483887, 31.833526425489858 ], [ 35.097488921386393, 31.833676081011333 ], [ 35.097336065020151, 31.833830531996227 ], [ 35.097189641797087, 31.833989216003722 ], [ 35.097049980098035, 31.83415227311669 ], [ 35.096916914414095, 31.83431942274748 ], [ 35.09653705560428, 31.834798199772191 ], [ 35.096318874123106, 31.835059263739065 ], [ 35.096095413463942, 31.835316941857162 ], [ 35.095866838405122, 31.835571232435957 ], [ 35.095632984131626, 31.83582213711102 ], [ 35.095260297974306, 31.836226515175692 ], [ 35.095035843651857, 31.836481653671708 ], [ 35.094816832094565, 31.836740037631486 ], [ 35.094602931616713, 31.837001665894721 ], [ 35.094394638746564, 31.837266539817932 ], [ 35.094191623189879, 31.837534377770648 ], [ 35.093994215629444, 31.837805179162881 ], [ 35.093854499213563, 31.838004588153904 ], [ 35.093721220597423, 31.838202593021226 ], [ 35.093591901495415, 31.838402715083838 ], [ 35.093466870974723, 31.838604532583272 ], [ 35.093345799118872, 31.838808324811879 ], [ 35.093229015884802, 31.839013812501324 ], [ 35.093128777009333, 31.839188314082236 ], [ 35.092989024601366, 31.839413509015838 ], [ 35.092840198879507, 31.839634327359846 ], [ 35.092682464772906, 31.839850628541885 ], [ 35.092111556702903, 31.840618795754203 ], [ 35.09156953745736, 31.841377264178103 ], [ 35.091043181555932, 31.842143775854264 ], [ 35.090325275879231, 31.843224908605407 ], [ 35.089622036138081, 31.844313096333337 ], [ 35.089511059780072, 31.844482934471319 ], [ 35.089419607758124, 31.844616294863702 ], [ 35.08932568081778, 31.844748243387095 ], [ 35.089228949327449, 31.844878780639565 ], [ 35.0891295780932, 31.84500790586225 ], [ 35.089027566226065, 31.845135479264492 ], [ 35.08892291565919, 31.845261640625498 ], [ 35.088815790493946, 31.84538610871677 ], [ 35.087951178269535, 31.846387760942395 ], [ 35.08710386612276, 31.847399991608057 ], [ 35.085932499290905, 31.848783920957494 ], [ 35.085100590070589, 31.849723723498656 ], [ 35.084575015915618, 31.850318155970836 ], [ 35.084098346442453, 31.850878249297221 ], [ 35.083556826339439, 31.851537481368585 ], [ 35.083450020762349, 31.851658563238512 ], [ 35.083338267012678, 31.851776399131094 ], [ 35.083221730091878, 31.851890848505192 ], [ 35.08310073982873, 31.852001770976933 ], [ 35.082975131764861, 31.852108885005936 ], [ 35.082845236424525, 31.852212329776293 ], [ 35.082711217944684, 31.852311825864902 ], [ 35.082573242397494, 31.852407231830707 ], [ 35.082431475672436, 31.85249854691823 ], [ 35.082166623496256, 31.852659776113345 ], [ 35.081906404476292, 31.85281227319005 ], [ 35.081643218724352, 31.852960821362309 ], [ 35.081377065203363, 31.853105420611019 ], [ 35.081107944990151, 31.853246070918871 ], [ 35.080836021876351, 31.853382772426436 ], [ 35.080561298373652, 31.853515243747715 ], [ 35.080283936846627, 31.853643765492155 ], [ 35.080047880800009, 31.85374795056476 ], [ 35.079852300899653, 31.853830332525721 ], [ 35.079655073184156, 31.853909753666255 ], [ 35.079456363362205, 31.853986355728804 ], [ 35.079256007003544, 31.854059854468488 ], [ 35.079054168949312, 31.854130252745652 ], [ 35.078850847781077, 31.85419783011903 ], [ 35.078646209780139, 31.854262306277064 ], [ 35.078311767691162, 31.854356948657831 ], [ 35.078073789508117, 31.854414908491435 ], [ 35.077833344179872, 31.854465679648513 ], [ 35.077591092133005, 31.854509261871826 ], [ 35.077362877366134, 31.854549334205792 ], [ 35.077203519553493, 31.854580457610496 ], [ 35.077044818911283, 31.854613835144391 ], [ 35.076886775426146, 31.854649468613591 ], [ 35.07672955353037, 31.854687638654344 ], [ 35.076572988770586, 31.854728063733681 ], [ 35.076417410795507, 31.854770744185654 ], [ 35.076262820457153, 31.854815820700008 ], [ 35.076109052053326, 31.854863152427818 ], [ 35.075956271460534, 31.854912739539483 ], [ 35.075804477416092, 31.854964723624434 ], [ 35.07565383618995, 31.855018821680002 ], [ 35.075504347576889, 31.855075175297205 ], [ 35.075356011566754, 31.855133785381888 ], [ 35.075208827096837, 31.855194650133221 ], [ 35.075063125071274, 31.855257630108081 ], [ 35.074842760486959, 31.855349561065331 ], [ 35.07466601499366, 31.855416173092554 ], [ 35.074486636290374, 31.855477427122757 ], [ 35.07430478837496, 31.855533182627365 ], [ 35.074120800540719, 31.855583722205772 ], [ 35.073935005186328, 31.855628623231961 ], [ 35.073344281771718, 31.855753708402091 ], [ 35.072996660381385, 31.855820000346714 ], [ 35.072647726200259, 31.855881076506673 ], [ 35.072297643059834, 31.855936937041562 ], [ 35.070869941680684, 31.856132017064809 ], [ 35.070151157575296, 31.856213833740131 ], [ 35.068768454239333, 31.856340313870465 ], [ 35.068059786704453, 31.85638929842656 ], [ 35.067350142751444, 31.85642784923202 ], [ 35.066635733105208, 31.856452019371691 ], [ 35.066222486705215, 31.856457629616902 ], [ 35.065094869377745, 31.856460486769116 ], [ 35.063967265465273, 31.856455159763136 ], [ 35.063771129929258, 31.856455366028715 ], [ 35.063464532956303, 31.856463340651164 ], [ 35.063158416684772, 31.856480333355556 ], [ 35.062853277638048, 31.856506343795804 ], [ 35.062582154937644, 31.856528446835132 ], [ 35.062366852467861, 31.856538775136706 ], [ 35.062151229180955, 31.85654262037022 ], [ 35.061935616683115, 31.856540124492607 ], [ 35.061720178172685, 31.856531005414723 ], [ 35.061505245877299, 31.856515687370177 ], [ 35.061290982997946, 31.856493886469149 ], [ 35.061077887024844, 31.856465746666377 ], [ 35.060865956108081, 31.856431125476661 ], [ 35.060655685188543, 31.856390446422793 ], [ 35.060447240631262, 31.856343428330703 ], [ 35.059616641648425, 31.856130415190325 ], [ 35.058889354739172, 31.855943723798273 ], [ 35.058498902209877, 31.855839425550805 ], [ 35.058211269741946, 31.85575708480367 ], [ 35.057925461003713, 31.855670377949384 ], [ 35.057641475809, 31.855579444783356 ], [ 35.057359479020491, 31.855484286410142 ], [ 35.057079304559728, 31.855385043335694 ], [ 35.056801284682855, 31.855281432783304 ], [ 35.056525417687403, 31.855173879526305 ], [ 35.056251703827357, 31.855062241991739 ], [ 35.055980474073984, 31.854946378992395 ], [ 35.055711563172451, 31.854826572623249 ], [ 35.055445134920738, 31.854702823090619 ], [ 35.055181355228513, 31.854575130604594 ], [ 35.054993301540208, 31.85448021783364 ], [ 35.054824719956237, 31.854391386168643 ], [ 35.054658122394869, 31.854300302944768 ], [ 35.05449334577613, 31.85420654411794 ], [ 35.05433055530866, 31.854110532847855 ], [ 35.054169749341064, 31.8540119877694 ], [ 35.054010928709857, 31.853911048674533 ], [ 35.053854259075166, 31.853807857353729 ], [ 35.053699573729169, 31.853702272932072 ], [ 35.053547204444961, 31.853594295810144 ], [ 35.053396984883911, 31.853484207169306 ], [ 35.053249245988603, 31.853371866724981 ], [ 35.053103657877458, 31.853257414778732 ], [ 35.052960383495694, 31.853140710846418 ], [ 35.052819590609488, 31.853021896722879 ], [ 35.052207291352026, 31.852505149858612 ], [ 35.051584584490385, 31.851997266023957 ], [ 35.051114722983179, 31.851609336221117 ], [ 35.050838760219982, 31.851370582291334 ], [ 35.050567593980198, 31.851127747368679 ], [ 35.050348680571723, 31.850933589159705 ], [ 35.050204927693564, 31.850811527354747 ], [ 35.050058530058188, 31.850691716750244 ], [ 35.049909817310706, 31.850574156835666 ], [ 35.049758790737435, 31.850458708722918 ], [ 35.049605449868416, 31.850345652872193 ], [ 35.049449629058991, 31.850234847486256 ], [ 35.049291657946199, 31.850126294761715 ], [ 35.049131537112814, 31.850020275160318 ], [ 35.048969267023537, 31.84991650820567 ], [ 35.048755877869525, 31.849779140375315 ], [ 35.048603346506873, 31.849676793524026 ], [ 35.04845296534382, 31.849572053865757 ], [ 35.048304734149262, 31.849465061191264 ], [ 35.048158652686226, 31.849355957996757 ], [ 35.048014886834785, 31.84924474359163 ], [ 35.047873272014513, 31.849131277095669 ], [ 35.047734136571819, 31.849015699605769 ], [ 35.045394493295746, 31.847039480901383 ], [ 35.044450142716435, 31.846232005354338 ], [ 35.043687458480434, 31.845672895357701 ], [ 35.043547556417849, 31.845528989407999 ], [ 35.043431376994633, 31.845413859148664 ], [ 35.043312718261092, 31.845300558160954 ], [ 35.043191910903722, 31.845189085053381 ], [ 35.043068789051368, 31.84507944141324 ], [ 35.042943518575058, 31.844971626542584 ], [ 35.042815934663146, 31.84486564022588 ], [ 35.042694450641569, 31.844763607039624 ], [ 35.0425505644127, 31.844634772611077 ], [ 35.042411803814375, 31.84450157607958 ], [ 35.042278662536887, 31.844364441049041 ], [ 35.042151305382767, 31.844223367746963 ], [ 35.041889864856493, 31.843919370738359 ], [ 35.041737962101472, 31.843750365740913 ], [ 35.041582755525965, 31.843583610004281 ], [ 35.041423913154809, 31.84341924558051 ], [ 35.041261930479962, 31.843257272189675 ], [ 35.041096642447386, 31.843097831195472 ], [ 35.040928049312022, 31.842940780096352 ], [ 35.038225620807154, 31.840466263930036 ], [ 35.035030493056588, 31.837609306952785 ], [ 35.032234864434741, 31.835093814953073 ], [ 35.032090314508906, 31.834982158369215 ], [ 35.031960463223704, 31.834866576028613 ], [ 35.031840529626422, 31.834743538939787 ], [ 35.031730843300096, 31.834613611222135 ], [ 35.031632061824475, 31.834477638810352 ], [ 35.031524271580132, 31.834304453541169 ], [ 35.031437362732632, 31.834174979465729 ], [ 35.0313426885822, 31.834049580063912 ], [ 35.031184575642243, 31.833866603404807 ], [ 35.031037792392524, 31.833716051094267 ], [ 35.030881917579386, 31.833572250851724 ], [ 35.030717612757186, 31.833435624702446 ], [ 35.030545041131028, 31.83330645511046 ], [ 35.0303646981219, 31.833185306364744 ], [ 35.03017724155432, 31.833072320920909 ], [ 35.029443190857734, 31.832661403439303 ], [ 35.02880562816766, 31.83229049297908 ], [ 35.028416357951684, 31.832067737631263 ], [ 35.028202339732786, 31.831951612936884 ], [ 35.027986004623365, 31.831838724950344 ], [ 35.027767187819322, 31.831729074333058 ], [ 35.027546384727344, 31.831622661760836 ], [ 35.027323265486814, 31.831519627450216 ], [ 35.027098159658387, 31.831419970946438 ], [ 35.024967746060319, 31.830524594467853 ], [ 35.023464641663701, 31.829926412251393 ], [ 35.023285199990269, 31.829858660297187 ], [ 35.023136429335437, 31.829805183587798 ], [ 35.022986334832169, 31.829754100984086 ], [ 35.022835410321207, 31.8297051309126 ], [ 35.022683491515913, 31.82965855360553 ], [ 35.022530577897882, 31.829614089490796 ], [ 35.022376834748449, 31.829572019270863 ], [ 35.022222262335021, 31.829532201355548 ], [ 35.022066859310968, 31.829494778229392 ], [ 35.02191062805651, 31.829459608305132 ], [ 35.021753896016932, 31.829426692049754 ], [ 35.021596334113141, 31.829396311262016 ], [ 35.021438273516061, 31.829368183239769 ], [ 35.021279713154776, 31.829342309783371 ], [ 35.021120486623673, 31.829318971120873 ], [ 35.02096092720349, 31.829297886358759 ], [ 35.020801031435447, 31.829279196176476 ], [ 35.020640636634319, 31.829262901239705 ], [ 35.020479907575393, 31.829248999981012 ], [ 35.020319007970301, 31.829237494439592 ], [ 35.019076981168048, 31.829174113775665 ], [ 35.018351968241795, 31.829151778063334 ], [ 35.017626605326846, 31.8291402885461 ], [ 35.016901055127953, 31.829139502967717 ], [ 35.015319027867008, 31.829159003650705 ], [ 35.013737294073636, 31.829196803106175 ], [ 35.009773412097417, 31.829314945881329 ], [ 35.004299953874892, 31.829371134552613 ], [ 35.004109001243904, 31.829367311597704 ], [ 35.003785495355231, 31.829372297772807 ], [ 35.003570082699802, 31.829383653849941 ], [ 35.003355316442445, 31.829401351359365 ], [ 35.003141361323465, 31.829425390564765 ], [ 35.002928712400376, 31.829455913841329 ], [ 35.002717204097273, 31.829492779345468 ], [ 35.002507498983874, 31.82953584744817 ], [ 35.002299594907889, 31.829585118154696 ], [ 35.001662835312359, 31.829736570682975 ], [ 35.00132713290899, 31.829808604868305 ], [ 35.000989954573122, 31.82987570369189 ], [ 35.000651632346937, 31.82993772698828 ], [ 35.000312000442506, 31.829994674482727 ], [ 34.999971223698317, 31.830046546429813 ], [ 34.999433990776133, 31.830119237401362 ], [ 34.99898774486347, 31.830172064078543 ], [ 34.998540520955402, 31.830218406146987 ], [ 34.998092322943187, 31.830257980428094 ], [ 34.997643478378087, 31.830290789247833 ], [ 34.995848350642717, 31.830382975144627 ], [ 34.994915920034074, 31.830410330142183 ], [ 34.993596278448479, 31.830438447013801 ], [ 34.992276806820819, 31.830464436588997 ], [ 34.99105834429745, 31.83049044027597 ], [ 34.989840198095493, 31.830522352443978 ], [ 34.987937649837171, 31.830598040539691 ], [ 34.986676158796527, 31.830671980397661 ], [ 34.986177123241035, 31.830708889747889 ], [ 34.985712076878904, 31.830750646080421 ], [ 34.985247838779983, 31.830799307421088 ], [ 34.984784904592296, 31.830854733046291 ], [ 34.984011433806032, 31.830941746355226 ], [ 34.983620838485059, 31.830976861130814 ], [ 34.983271346323804, 31.83100993224835 ], [ 34.983063654945873, 31.831033948548825 ], [ 34.982856450754809, 31.831060924264055 ], [ 34.982649899235682, 31.831091001272146 ], [ 34.982443835581606, 31.831124179288658 ], [ 34.982238589348249, 31.831160457989466 ], [ 34.981713645291656, 31.831262827979621 ], [ 34.981329041565978, 31.83134486933762 ], [ 34.97980099671728, 31.831683326793843 ], [ 34.978647856057336, 31.831989176526751 ], [ 34.97851131293573, 31.832074890362289 ], [ 34.978383989531011, 31.832170483743084 ], [ 34.9782668766236, 31.832275113442115 ], [ 34.978160966434928, 31.832388217607388 ], [ 34.97806144928736, 31.832518946698951 ], [ 34.977991991071619, 31.832642401825517 ], [ 34.97794067185437, 31.83277209017827 ], [ 34.977908324699108, 31.832906038253771 ], [ 34.977895282330408, 31.833042558432723 ], [ 34.977901880269513, 31.833179253352139 ], [ 34.977939970195173, 31.833465229238413 ], [ 34.977973292903854, 31.833675527668074 ], [ 34.977996512178727, 31.833832825593273 ], [ 34.978012479389015, 31.833985883731142 ], [ 34.978022338092927, 31.834139212367052 ], [ 34.978025924524211, 31.834292811210947 ], [ 34.978023239336366, 31.834446399795382 ], [ 34.978014115940447, 31.834599835334295 ], [ 34.977998887401256, 31.834752978635237 ], [ 34.977977387471697, 31.834905547127367 ], [ 34.977949616810541, 31.83505725853588 ], [ 34.977921732907525, 31.835188255603892 ], [ 34.977898748492464, 31.835339976414897 ], [ 34.977888142652709, 31.835492563367158 ], [ 34.97788991436277, 31.835645596209456 ], [ 34.977903415521631, 31.835794562835449 ], [ 34.977928273895465, 31.835956513473594 ], [ 34.977962874236709, 31.836117213467716 ], [ 34.97800738276662, 31.836276099462307 ], [ 34.978061470630351, 31.836432888589606 ], [ 34.978125138535191, 31.836586876509958 ], [ 34.978198222069778, 31.836737922231634 ], [ 34.978280557853061, 31.836885460903062 ], [ 34.978371652212061, 31.837029211160651 ], [ 34.978471505495662, 31.837168608441246 ], [ 34.97857962296527, 31.837303370475706 ], [ 34.978696006726842, 31.837433074289024 ], [ 34.978820160975744, 31.837557436707193 ], [ 34.978951758207842, 31.837676035071336 ], [ 34.979090467403346, 31.83778858649984 ], [ 34.979235795904657, 31.837894808727185 ], [ 34.980695159706741, 31.838905881653542 ], [ 34.980946905748468, 31.839034130383965 ], [ 34.981133190049846, 31.839133517951133 ], [ 34.981317488244208, 31.839235719979499 ], [ 34.981499633767839, 31.839340594598568 ], [ 34.981679627343183, 31.839448284307807 ], [ 34.981857303800517, 31.839558505652917 ], [ 34.982032663865049, 31.839671399330086 ], [ 34.98220587267835, 31.839786826755514 ], [ 34.982376599252724, 31.839904926241974 ], [ 34.98254484426657, 31.840025416429754 ], [ 34.98271060844101, 31.840148438917048 ], [ 34.982873890725351, 31.840273992809738 ], [ 34.983464093968408, 31.84072269249636 ], [ 34.983834858132823, 31.840992052928012 ], [ 34.984211249991148, 31.841255643994227 ], [ 34.984592773378161, 31.841513747962846 ], [ 34.984979760661943, 31.841766083089002 ], [ 34.985885793635035, 31.842343262783992 ], [ 34.986795477165927, 31.842916496747506 ], [ 34.987472567438168, 31.843355744400721 ], [ 34.987822130408077, 31.84359476097065 ], [ 34.988166895425181, 31.843838841208726 ], [ 34.988506368077985, 31.84408798431447 ], [ 34.988840877670377, 31.844342332474721 ], [ 34.989170096638432, 31.844601460412505 ], [ 34.989493857731581, 31.844865511276591 ], [ 34.989639331644071, 31.844990039756897 ], [ 34.989795986985804, 31.845133188050916 ], [ 34.989946525557762, 31.84528097566816 ], [ 34.990091110379623, 31.845433261317499 ], [ 34.990229249034684, 31.845589623035941 ], [ 34.990360940451815, 31.845750060842338 ], [ 34.990486020454952, 31.845914291306098 ], [ 34.990604324535134, 31.84608217348466 ], [ 34.990715522307482, 31.846253567058223 ], [ 34.99081977953567, 31.846428048463899 ], [ 34.990916932754821, 31.846605477660702 ], [ 34.991006651251404, 31.846785852306184 ], [ 34.991088934901001, 31.846968752163416 ], [ 34.991163785376138, 31.847153893173363 ], [ 34.99123103676326, 31.847341275972656 ], [ 34.991290526231886, 31.847530478244565 ], [ 34.991342253008852, 31.847721357509485 ], [ 34.991469754915485, 31.848198695008165 ], [ 34.99155444516358, 31.848484744268568 ], [ 34.991644917310275, 31.848769394475365 ], [ 34.991741171729757, 31.84905250403013 ], [ 34.991843206768579, 31.849334354287741 ], [ 34.991951025553931, 31.849614524086029 ], [ 34.992064626021552, 31.849893012505355 ], [ 34.992168098504337, 31.850124701584452 ], [ 34.992263740068708, 31.850316357991758 ], [ 34.992367147019088, 31.850505069270124 ], [ 34.992478155954018, 31.850690692639962 ], [ 34.99259676681627, 31.8508728060261 ], [ 34.992722650316217, 31.851051267272727 ], [ 34.992855806802375, 31.851225935674062 ], [ 34.992996072116632, 31.851396530466353 ], [ 34.993143282104349, 31.851562767278043 ], [ 34.993297105018144, 31.851724647338511 ], [ 34.993500041190636, 31.851923526774037 ], [ 34.993605969330616, 31.85202205840454 ], [ 34.993713882282549, 31.852119042089399 ], [ 34.993823944867572, 31.852214479900173 ], [ 34.993935827759337, 31.852308229699471 ], [ 34.994049529900728, 31.852400291480809 ], [ 34.994165218229057, 31.852490665515326 ], [ 34.994282726124666, 31.852579210837263 ], [ 34.994401889498434, 31.852666067855917 ], [ 34.994523037263356, 31.852751095522418 ], [ 34.994645675675351, 31.852834435505816 ], [ 34.994770135023636, 31.852915805172191 ], [ 34.994896249102673, 31.852995345829516 ], [ 34.99502385445988, 31.853072915616917 ], [ 34.995153114540678, 31.85314865638583 ], [ 34.995284029661036, 31.85322242654475 ], [ 34.995416271218524, 31.853294226450679 ], [ 34.995550002660593, 31.853364197052969 ], [ 34.995685059052242, 31.853431915119138 ], [ 34.995821606376495, 31.85349780297253 ], [ 34.995959314549125, 31.853561579599141 ], [ 34.996098513219039, 31.853623244633212 ], [ 34.996238872407652, 31.85368293911684 ], [ 34.997232462155225, 31.854095878498825 ], [ 34.997410934027002, 31.854166483643841 ], [ 34.997580520656072, 31.854224110319539 ], [ 34.997753261797499, 31.854273991587217 ], [ 34.99792882670026, 31.854316126897167 ], [ 34.998106885981031, 31.854350375018495 ], [ 34.998286613340596, 31.854376735503649 ], [ 34.998601182100316, 31.854421349618455 ], [ 34.998855655778733, 31.854466148133817 ], [ 34.999107966908888, 31.854518551369985 ], [ 34.999357951031755, 31.854578418389629 ], [ 34.999605442315683, 31.854645749841204 ], [ 34.999849946951223, 31.854720262673027 ], [ 35.00014691848056, 31.854809653777561 ], [ 35.00038451622131, 31.85487203573145 ], [ 35.000624440247613, 31.854927516576225 ], [ 35.000866362837051, 31.854975672817254 ], [ 35.001110281513647, 31.855016645124248 ], [ 35.001355538270239, 31.855050291750306 ], [ 35.001602130937016, 31.855076612684176 ], [ 35.001849730854104, 31.855095607394684 ], [ 35.00219472566922, 31.855119829267341 ], [ 35.002502568850261, 31.855146245809976 ], [ 35.002809906549423, 31.855177310630058 ], [ 35.003116575344805, 31.855212882787633 ], [ 35.003422408030104, 31.855253103610295 ], [ 35.003727406015393, 31.855297830617538 ], [ 35.004031569339965, 31.855347065619117 ], [ 35.004258826210673, 31.85538335582094 ], [ 35.004429152126256, 31.855407437367742 ], [ 35.004599979146953, 31.85542898353437 ], [ 35.004771141374171, 31.855447993156599 ], [ 35.004942639848764, 31.855464467136525 ], [ 35.005114638332458, 31.855478404827487 ], [ 35.005286808509652, 31.855489665028415 ], [ 35.005459148700886, 31.855498530909866 ], [ 35.005631659502242, 31.855504718396286 ], [ 35.00619755439476, 31.855528570089813 ], [ 35.006504424834908, 31.855548071042843 ], [ 35.00681079024703, 31.855572078707805 ], [ 35.007593516995804, 31.855645157028523 ], [ 35.008374569682232, 31.855729499899063 ], [ 35.009065491756871, 31.855808768402511 ], [ 35.009756418754066, 31.85588676519242 ], [ 35.010901752584985, 31.856013641272998 ], [ 35.012047426064413, 31.856138252989371 ], [ 35.012648915001719, 31.856197074735285 ], [ 35.013111602461947, 31.856234267466846 ], [ 35.01357496596215, 31.85626455513691 ], [ 35.014290718236069, 31.856316213141543 ], [ 35.014667561518763, 31.856351580955891 ], [ 35.015043733191845, 31.856392583077913 ], [ 35.015799551289433, 31.85647064273974 ], [ 35.016230547135251, 31.856506226893359 ], [ 35.016662216837872, 31.856535329145405 ], [ 35.017094560309204, 31.856557948586975 ], [ 35.01752724645214, 31.856574226311508 ], [ 35.01796011063049, 31.85658402048713 ], [ 35.018393153808269, 31.856587332015032 ], [ 35.01882621000739, 31.856584159749225 ], [ 35.019510545166135, 31.856580083539214 ], [ 35.020099269983625, 31.856586010712313 ], [ 35.020504249412305, 31.856587724144688 ], [ 35.020727137385265, 31.856583960009722 ], [ 35.020949868263685, 31.856576812501206 ], [ 35.021172439628153, 31.856566424105193 ], [ 35.02139468690266, 31.856552652998698 ], [ 35.021616775672641, 31.8565356410083 ], [ 35.02183837653098, 31.856515245173103 ], [ 35.022059652950688, 31.856491607316936 ], [ 35.022280275242558, 31.856464727871163 ], [ 35.022500408494103, 31.856434465488228 ], [ 35.023255925342795, 31.856332820064985 ], [ 35.023812757593362, 31.856267947040855 ], [ 35.024370563243828, 31.856211246221299 ], [ 35.024929673671849, 31.856162999432083 ], [ 35.025489426803709, 31.856123065040052 ], [ 35.026050154567486, 31.856091442600803 ], [ 35.026611361558409, 31.856068133213192 ], [ 35.027663779822106, 31.856018449068682 ], [ 35.028253909084967, 31.855978262435197 ], [ 35.028843064356003, 31.855929335708794 ], [ 35.029004219164428, 31.855918144492563 ], [ 35.02923338047939, 31.855913809552074 ], [ 35.029405233956787, 31.855919682523428 ], [ 35.029576413774677, 31.855933163962717 ], [ 35.029746587409164, 31.855954111829099 ], [ 35.029915261989743, 31.855982806820919 ], [ 35.03008194042048, 31.856018967794327 ], [ 35.03024612956721, 31.856062452494925 ], [ 35.03040733285868, 31.856113259351176 ], [ 35.030698205046846, 31.856216099165231 ], [ 35.030894697207515, 31.856289781564982 ], [ 35.031089532654704, 31.856366421203628 ], [ 35.031282712725719, 31.85644587560164 ], [ 35.031474401206275, 31.85652814679284 ], [ 35.031664269240686, 31.856613374120666 ], [ 35.031934952482324, 31.856742815571611 ], [ 35.032094100483135, 31.856835186366137 ], [ 35.03224315586592, 31.856938957739064 ], [ 35.032381129642623, 31.857053563843539 ], [ 35.032506869019663, 31.857177875872086 ], [ 35.032619383119837, 31.857311188194515 ], [ 35.032717851154118, 31.857452231767311 ], [ 35.032801612140339, 31.857600160717912 ], [ 35.032869844204015, 31.857753704192636 ], [ 35.033087597022636, 31.858296362389673 ], [ 35.033274672189229, 31.858734564375037 ], [ 35.033470669518401, 31.85916981915252 ], [ 35.033675424281412, 31.859602125558737 ], [ 35.033800409909468, 31.85986945971985 ], [ 35.033877190689907, 31.860044714751783 ], [ 35.033950171789236, 31.860221232610819 ], [ 35.034019683643514, 31.860398591690686 ], [ 35.034085562992757, 31.860577072246695 ], [ 35.034147806905118, 31.860756534497192 ], [ 35.034206252892957, 31.860936837544855 ], [ 35.034261065777898, 31.861117980713463 ], [ 35.034312079640777, 31.861299964687539 ], [ 35.034359459819939, 31.861482507420604 ], [ 35.034588524650466, 31.86234870846096 ], [ 35.034759982065992, 31.862938225503658 ], [ 35.034843215216625, 31.863198879799409 ], [ 35.034899550930142, 31.86336114310777 ], [ 35.034959355413626, 31.86352256509495 ], [ 35.035022464095682, 31.863683004851904 ], [ 35.0350887121444, 31.863842463056262 ], [ 35.035158263107633, 31.864001079704011 ], [ 35.035231119884656, 31.86415843273863 ], [ 35.035307116071124, 31.864314804205218 ], [ 35.035386415987134, 31.864469911142852 ], [ 35.035468690750832, 31.864623894695523 ], [ 35.035631243839909, 31.864940594980595 ], [ 35.035736824467044, 31.865172251167419 ], [ 35.035832823441282, 31.865406712768891 ], [ 35.035919075851304, 31.865643978685949 ], [ 35.035995734210417, 31.865891378287007 ], [ 35.036039836697597, 31.866063488110115 ], [ 35.036077003040461, 31.86623671691892 ], [ 35.036106901391094, 31.866411062476498 ], [ 35.03612969944006, 31.866586102954766 ], [ 35.036145397401526, 31.866761698574525 ], [ 35.036153828529692, 31.866937706629077 ], [ 35.036162956749969, 31.86709356608625 ], [ 35.036181502253768, 31.86724675957074 ], [ 35.036209459898942, 31.867398979800569 ], [ 35.036246668015814, 31.86754966291431 ], [ 35.036292961252592, 31.867698525511862 ], [ 35.036348339359542, 31.867845145528339 ], [ 35.036412804454926, 31.867988959313315 ], [ 35.036485158082741, 31.868153355946536 ], [ 35.036535762151921, 31.868292501542875 ], [ 35.036577941269158, 31.868433748978156 ], [ 35.036635522177512, 31.868641245050554 ], [ 35.036692146547608, 31.868829717603386 ], [ 35.036752570678125, 31.869017348320138 ], [ 35.03681679458564, 31.86920413990099 ], [ 35.036884817748501, 31.869389808264302 ], [ 35.036956642044736, 31.869574494993323 ], [ 35.037027461839806, 31.869766085639327 ], [ 35.037071791508126, 31.869906350015349 ], [ 35.03711033978373, 31.870047734050694 ], [ 35.037143106643143, 31.8701902368486 ], [ 35.03716992770859, 31.870333578631165 ], [ 35.037190968069375, 31.870477616228676 ], [ 35.037206227949675, 31.870622210763006 ], [ 35.037215378921061, 31.870767219315759 ], [ 35.037225282986277, 31.870951683750388 ], [ 35.037238501535477, 31.871130094067841 ], [ 35.037255517425514, 31.871308367783559 ], [ 35.037276001212355, 31.871486364680045 ], [ 35.037300285003717, 31.871663943605423 ], [ 35.037328035931282, 31.871841104120264 ], [ 35.037359585592924, 31.872017988244625 ], [ 35.037394605053834, 31.872194171685528 ], [ 35.03743325762634, 31.872369937828029 ], [ 35.037475543585849, 31.872545145082537 ], [ 35.03752129965649, 31.872719510959765 ], [ 35.037589842894732, 31.872985920909755 ], [ 35.037630310996384, 31.873162112309888 ], [ 35.037667312152919, 31.873338721201254 ], [ 35.037700678858805, 31.873516030540575 ], [ 35.037730246740566, 31.873693756941812 ], [ 35.037756346811811, 31.873871761058393 ], [ 35.037991189347764, 31.875600332718633 ], [ 35.038022476994733, 31.876016763634855 ], [ 35.038044722498604, 31.876226748531383 ], [ 35.038071098208079, 31.876436176080972 ], [ 35.038101932326732, 31.876645327178117 ], [ 35.038136895652471, 31.876853920019691 ], [ 35.038176153885928, 31.877062095503774 ], [ 35.038219707813106, 31.877269431573268 ], [ 35.038267555901626, 31.877476208689522 ], [ 35.038319533558422, 31.877682287751799 ], [ 35.038442021293143, 31.878166615097591 ], [ 35.03855492884761, 31.878652620717844 ], [ 35.038623804683368, 31.87901358125945 ], [ 35.038658208584451, 31.879259514122452 ], [ 35.038682371838775, 31.879506420216806 ], [ 35.038696461052929, 31.879753876809282 ], [ 35.03870047639812, 31.880001743218543 ], [ 35.03869425312422, 31.880249314003525 ], [ 35.038681301593755, 31.88065807810284 ], [ 35.038678761169329, 31.880970190047641 ], [ 35.038682495542538, 31.881282311057525 ], [ 35.038692672021241, 31.881594299763652 ], [ 35.038720368584151, 31.882081884821037 ], [ 35.038749295868136, 31.882435888673548 ], [ 35.03878532475224, 31.882789338110715 ], [ 35.038828456627407, 31.883142091542165 ], [ 35.038879022137081, 31.883494291879689 ], [ 35.038979264307748, 31.884234200615072 ], [ 35.039024911011744, 31.884659103117304 ], [ 35.039061639425803, 31.885084699204295 ], [ 35.039089778391734, 31.885510847724543 ], [ 35.039273657160855, 31.888805280852516 ], [ 35.039339358595846, 31.89187720239492 ], [ 35.039307873627372, 31.892306372550689 ], [ 35.039289726422858, 31.892664823692076 ], [ 35.03924582185487, 31.893389466285598 ], [ 35.039212122211531, 31.893763115409506 ], [ 35.03917049543665, 31.894136190558843 ], [ 35.039121437192598, 31.894508692370184 ], [ 35.039064781684118, 31.894880479934848 ], [ 35.039000364675736, 31.89525113007404 ], [ 35.038898022066896, 31.895771657907069 ], [ 35.038805271400172, 31.896192294198276 ], [ 35.038703932605337, 31.896611509648562 ], [ 35.038594007936787, 31.897029163556084 ], [ 35.038547737092237, 31.897226799816178 ], [ 35.038521183855003, 31.897389093211373 ], [ 35.038504538943151, 31.897552386122726 ], [ 35.038497969383947, 31.897716114231336 ], [ 35.038491551265139, 31.897886747787069 ], [ 35.03847354217519, 31.898074416060958 ], [ 35.038455704190007, 31.898257998392996 ], [ 35.038448420465564, 31.898451457727912 ], [ 35.038453193178995, 31.898644792113469 ], [ 35.03846969521075, 31.898837718851077 ], [ 35.038498090437223, 31.899029675413182 ], [ 35.038538051185533, 31.899220095921937 ], [ 35.038589743441158, 31.899408418748013 ], [ 35.038649151349574, 31.899623524905817 ], [ 35.038682578406238, 31.899773355738272 ], [ 35.038709726913872, 31.89992402338142 ], [ 35.038730928775188, 31.900075529173588 ], [ 35.038883880470102, 31.901275151705033 ], [ 35.039057818845293, 31.902472687267586 ], [ 35.039104272732999, 31.902820653378747 ], [ 35.039122294149756, 31.902996250676303 ], [ 35.039136845560726, 31.903172124822902 ], [ 35.039147598422964, 31.903348134708335 ], [ 35.039154882294262, 31.903524422347985 ], [ 35.039158531687072, 31.903700704355245 ], [ 35.039158546577404, 31.903876982534008 ], [ 35.039154928003263, 31.904053255983772 ], [ 35.039147676196819, 31.904229383118469 ], [ 35.03913695499476, 31.904405365954172 ], [ 35.039122600268215, 31.904581343157027 ], [ 35.039104611693624, 31.904756892672864 ], [ 35.039082990054638, 31.904932156087177 ], [ 35.039057899192656, 31.905107133611214 ], [ 35.039029175227711, 31.905281824127865 ], [ 35.038839451615445, 31.906348544407987 ], [ 35.038643943261633, 31.907414410763646 ], [ 35.038465963776488, 31.908283167783367 ], [ 35.038351935375431, 31.908769861433864 ], [ 35.038227996555079, 31.909254709483989 ], [ 35.038094149025362, 31.909737854394773 ], [ 35.037643677592477, 31.911199340706208 ], [ 35.037378451818675, 31.911980053645433 ], [ 35.037270347592134, 31.912290616577302 ], [ 35.0371637296874, 31.912601463626306 ], [ 35.036981804124977, 31.913172752643149 ], [ 35.036899010809485, 31.913462634632708 ], [ 35.036822161023281, 31.913753652569184 ], [ 35.036751257192513, 31.914045663978925 ], [ 35.036686296999711, 31.914338810454563 ], [ 35.036647497356995, 31.914508696396933 ], [ 35.0365906098789, 31.914722661942303 ], [ 35.036526618777181, 31.914936901241404 ], [ 35.036461492207231, 31.915139301711768 ], [ 35.036392237367977, 31.915340710092504 ], [ 35.036319019170691, 31.915541127496905 ], [ 35.03624150691634, 31.915740411894749 ], [ 35.036160031771679, 31.915938422131042 ], [ 35.036010394263229, 31.91628147906215 ], [ 35.03587588293064, 31.916572701227025 ], [ 35.035735592445768, 31.916861661014206 ], [ 35.035589193425778, 31.917148640236732 ], [ 35.035437014108304, 31.917433356138758 ], [ 35.035279056820016, 31.917715669822652 ], [ 35.034973744322912, 31.918262413186607 ], [ 35.034698220980864, 31.918779605957337 ], [ 35.034433425846416, 31.919300616306963 ], [ 35.034179192545047, 31.919825726348446 ], [ 35.034079377029933, 31.920020892349108 ], [ 35.033976956680462, 31.920194355198792 ], [ 35.033864137572607, 31.920362872856828 ], [ 35.033740919133358, 31.920526162123782 ], [ 35.033608128957212, 31.920683802030915 ], [ 35.033465601000465, 31.920835228688293 ], [ 35.033220110526493, 31.92109557978733 ], [ 35.033055371044206, 31.921286007671068 ], [ 35.032898717401224, 31.921481096928868 ], [ 35.032749985735322, 31.921680846467066 ], [ 35.032609670389029, 31.92188497471221 ], [ 35.032465547698322, 31.922093184685224 ], [ 35.032332386191818, 31.922270127041212 ], [ 35.032191962623635, 31.92244283258421 ], [ 35.032044771824843, 31.922611301059881 ], [ 35.031890651468373, 31.922775250857153 ], [ 35.031729929589829, 31.922934541713222 ], [ 35.031477539411235, 31.923167966985087 ], [ 35.031345976442637, 31.923283333367603 ], [ 35.031212104083487, 31.923396864869435 ], [ 35.031075921805311, 31.923508279213483 ], [ 35.030937430402503, 31.923617717077168 ], [ 35.030796794033201, 31.923725038895519 ], [ 35.030654013758735, 31.923830243761124 ], [ 35.030464758679742, 31.923961312129244 ], [ 35.030305462846954, 31.924063394435919 ], [ 35.030141878728529, 31.924160537711685 ], [ 35.02997450436537, 31.924252744427619 ], [ 35.029803339773146, 31.924340014569044 ], [ 35.029628879307019, 31.924422065629898 ], [ 35.029451124045288, 31.924498897598323 ], [ 35.029270240284248, 31.924570371809981 ], [ 35.029086556903536, 31.924636486000058 ], [ 35.028776896343992, 31.924745122433738 ], [ 35.028469374588887, 31.924857987893507 ], [ 35.028313795769847, 31.924914136005 ], [ 35.028118549468111, 31.924978542754719 ], [ 35.027920835651365, 31.925037027141968 ], [ 35.027720820094338, 31.925089730971482 ], [ 35.027518667268296, 31.925136372192455 ], [ 35.027314874187127, 31.925176952389492 ], [ 35.027109440104844, 31.925211329066588 ], [ 35.026902860439051, 31.925239786079022 ], [ 35.025818279117104, 31.925366915960122 ], [ 35.024732060797952, 31.925483889704768 ], [ 35.024322570263067, 31.925522764490097 ], [ 35.023933251356354, 31.925553634115275 ], [ 35.023543117390396, 31.925578865924802 ], [ 35.023152663857744, 31.925598177447373 ], [ 35.022761891612383, 31.925611710266953 ], [ 35.022370799670135, 31.92561946437937 ], [ 35.021979719072661, 31.925621440257199 ], [ 35.021265461507809, 31.925626471086591 ], [ 35.020722190711226, 31.925639777714881 ], [ 35.020333066209098, 31.925655559989405 ], [ 35.019993500024199, 31.925674654149272 ], [ 35.019654584441838, 31.925698821073638 ], [ 35.019371180344422, 31.925724195224912 ], [ 35.019169237988898, 31.925745882769789 ], [ 35.018967784187588, 31.925770670254945 ], [ 35.018766820541401, 31.925798277219542 ], [ 35.018566346468333, 31.925828984130394 ], [ 35.01836669214363, 31.925862650789583 ], [ 35.018167692593046, 31.92589927695904 ], [ 35.017969512752394, 31.92593886378565 ], [ 35.016829639808606, 31.926190117947776 ], [ 35.016124624861057, 31.926360138221515 ], [ 35.015423220354322, 31.926540587661954 ], [ 35.014725592086286, 31.92673146657496 ], [ 35.014244338753883, 31.926872924134706 ], [ 35.013916159579686, 31.926976141535537 ], [ 35.013590117117907, 31.927084293335341 ], [ 35.013266377923173, 31.927197097531845 ], [ 35.012945105270951, 31.927314836657338 ], [ 35.012614225710323, 31.927443973867454 ], [ 35.012421739563408, 31.927523860134972 ], [ 35.01223106388678, 31.927606567027627 ], [ 35.012042036116448, 31.927691953623697 ], [ 35.011854818498506, 31.927780301543464 ], [ 35.011669411311601, 31.927871471013429 ], [ 35.011485817252002, 31.927965177972929 ], [ 35.01130419826719, 31.928061847431923 ], [ 35.01112472230529, 31.9281610567018 ], [ 35.010947223048156, 31.928262945319968 ], [ 35.010771700779671, 31.928367373513272 ], [ 35.010598484822772, 31.928474623159204 ], [ 35.010427411096757, 31.928584271064125 ], [ 35.010165995085025, 31.928755357632962 ], [ 35.009904742938588, 31.928927007543574 ], [ 35.009413647652828, 31.929260631452447 ], [ 35.009136143210455, 31.929458605013821 ], [ 35.008862595433669, 31.929660671085781 ], [ 35.008593333183988, 31.92986682839669 ], [ 35.007607602556732, 31.930633822933093 ], [ 35.00662086713303, 31.931399679949759 ], [ 35.006101323098441, 31.93181201485676 ], [ 35.005721276343941, 31.93212621191141 ], [ 35.005347824136784, 31.932446053593392 ], [ 35.004980801809957, 31.932771399919911 ], [ 35.004319031600232, 31.933387399374357 ], [ 35.003958386543459, 31.933739807220306 ], [ 35.003268855538622, 31.934425788721693 ], [ 35.003153565910623, 31.934556792450266 ], [ 35.003042717316802, 31.934697102640897 ], [ 35.002940615186375, 31.934842217953122 ], [ 35.002847591777659, 31.934991574397866 ], [ 35.002763811341566, 31.935145032474168 ], [ 35.00268960857241, 31.935301886609366 ], [ 35.002625146981053, 31.935461856615053 ], [ 35.002570427535538, 31.935624519555621 ], [ 35.002525949299631, 31.935789453284968 ], [ 35.002495069664043, 31.935931157985461 ], [ 35.00246679937576, 31.936089072459534 ], [ 35.002445137304591, 31.936247560163117 ], [ 35.002429917142429, 31.936406762420347 ], [ 35.002421141960191, 31.93656625718852 ], [ 35.0024189749588, 31.936725904045225 ], [ 35.002423417541621, 31.936885560506202 ], [ 35.002434305380511, 31.93704494584474 ], [ 35.002451638818322, 31.937203918474761 ], [ 35.00247885749004, 31.937376292467803 ], [ 35.002520901837151, 31.937569545410319 ], [ 35.002574683377475, 31.937760703127267 ], [ 35.002640037376736, 31.937949201707461 ], [ 35.002716966186689, 31.938134478404137 ], [ 35.002805139780811, 31.938316108819397 ], [ 35.003149384026635, 31.938978785015827 ], [ 35.003490491884143, 31.9396425816293 ], [ 35.003784982560802, 31.94016412790965 ], [ 35.003993260067318, 31.940513769564692 ], [ 35.004208817035462, 31.940860181211743 ], [ 35.004431323863386, 31.94120322161228 ], [ 35.004660779242684, 31.94154303141157 ], [ 35.004897349876231, 31.94187932946808 ], [ 35.005140539802788, 31.942212114964615 ], [ 35.005390680400431, 31.942541246798037 ], [ 35.005680850508469, 31.942929622390235 ], [ 35.005757922888975, 31.943052897552459 ], [ 35.005862751478567, 31.943255828305347 ], [ 35.006003536572216, 31.94349108389018 ], [ 35.006113953216364, 31.943708960819631 ], [ 35.006187715426982, 31.94383518849461 ], [ 35.006288248210019, 31.943961458788021 ], [ 35.006408912292542, 31.944179350530455 ], [ 35.006549705458127, 31.944411646639931 ], [ 35.006640889050686, 31.944583274199516 ], [ 35.006741239574986, 31.944795356949747 ], [ 35.006818149088552, 31.944996130461703 ], [ 35.006895163798518, 31.945225508754 ], [ 35.006931733060817, 31.945357315372259 ], [ 35.006985110537968, 31.945589475015527 ], [ 35.007008288302337, 31.945724219642699 ], [ 35.007014502499963, 31.945987164249487 ], [ 35.00700071138936, 31.9461763832483 ], [ 35.006923010031521, 31.946345212046484 ], [ 35.006808241356104, 31.946537091228116 ], [ 35.006663317186288, 31.946688624857128 ], [ 35.006457667657578, 31.946874585150464 ], [ 35.006146469140127, 31.947113503575043 ], [ 35.006018527781229, 31.94720503547094 ], [ 35.005792923119692, 31.947370813347312 ], [ 35.005664846995572, 31.947447972451119 ], [ 35.005405497290049, 31.947628069939316 ], [ 35.005179902655705, 31.947788211286834 ], [ 35.005028308474337, 31.947888300258533 ], [ 35.004895562318083, 31.947984613902008 ], [ 35.00465641408455, 31.948144733013418 ], [ 35.004478072160019, 31.948233224298253 ], [ 35.004255707818785, 31.948350392196769 ], [ 35.00399320942423, 31.948455941426204 ], [ 35.003744072229928, 31.948573065267773 ], [ 35.003471398439977, 31.948721574200274 ], [ 35.003262619992284, 31.948821570552077 ], [ 35.003094324767517, 31.9489244489064 ], [ 35.002876224065055, 31.949055007658206 ], [ 35.002633853154428, 31.949174958209699 ], [ 35.002492384890331, 31.949252091899201 ], [ 35.002206143466509, 31.949406354440736 ], [ 35.002000846075276, 31.949500577220299 ], [ 35.001815672043527, 31.949612022151289 ], [ 35.001505732358012, 31.949794989718011 ], [ 35.001340693600497, 31.949917880378376 ], [ 35.001168961822991, 31.950003559374668 ], [ 35.000987109988621, 31.950106413209703 ], [ 35.000842320916078, 31.950189317646263 ], [ 35.000611342045993, 31.950311678681928 ], [ 35.000432713134366, 31.950451736716911 ], [ 35.000294647812972, 31.95055761872112 ], [ 35.000018359140114, 31.950766282482387 ], [ 34.999880311915383, 31.950863568868439 ], [ 34.999745545766444, 31.950972133064571 ], [ 34.999600703272542, 31.951078003379386 ], [ 34.999462662768451, 31.951172330463628 ], [ 34.99924034823821, 31.951335284583767 ], [ 34.999078616360578, 31.95145535853181 ], [ 34.998943866477546, 31.951555326700706 ], [ 34.998822503343312, 31.951655457079347 ], [ 34.998672230769351, 31.951823880861653 ], [ 34.998520498164503, 31.9519799021535 ], [ 34.998406231007117, 31.952084412015136 ], [ 34.998294794147462, 31.952178921643416 ], [ 34.998135143227145, 31.95232788464196 ], [ 34.997994558327413, 31.952449824015172 ], [ 34.997845065092726, 31.952564139235538 ], [ 34.997689776542025, 31.952683517545204 ], [ 34.99756953444345, 31.952798021632059 ], [ 34.997417015263487, 31.952934876751616 ], [ 34.997261742293503, 31.953046786634687 ], [ 34.997082921757411, 31.953193603159654 ], [ 34.996871987851549, 31.953362630021136 ], [ 34.996713732416111, 31.953477071150218 ], [ 34.996600589857508, 31.953593839542666 ], [ 34.996474505390701, 31.953733273562872 ], [ 34.99632496309102, 31.953867596317192 ], [ 34.996181393714572, 31.953991923967173 ], [ 34.996064117714184, 31.954108967358518 ], [ 34.995946852871867, 31.954220937956482 ], [ 34.995826578589664, 31.954347839333721 ], [ 34.995709330039588, 31.954452341816811 ], [ 34.995574340501172, 31.954581755564906 ], [ 34.995427731376132, 31.954733554694453 ], [ 34.995239086294049, 31.954909942696943 ], [ 34.995121825181727, 31.955019376620765 ], [ 34.994972223296841, 31.955178638193228 ], [ 34.994807916589266, 31.9553353385127 ], [ 34.994676064944471, 31.955464756460461 ], [ 34.994535270666674, 31.955601628304876 ], [ 34.994382878826094, 31.95575102051982 ], [ 34.994227369126463, 31.955890262890584 ], [ 34.994065238462767, 31.956034142945949 ], [ 34.993918578179141, 31.956205808044864 ], [ 34.993801313852813, 31.956315240713067 ], [ 34.993660500987069, 31.95645957854342 ], [ 34.993513908262344, 31.956601512300477 ], [ 34.993373116326822, 31.95673584512474 ], [ 34.993217746619706, 31.956885091174634 ], [ 34.993112202767463, 31.956999614478693 ], [ 34.99294685397718, 31.957175756385922 ], [ 34.992838295283306, 31.957307606376645 ], [ 34.992694651768488, 31.957459407203146 ], [ 34.992594875475369, 31.957581408493454 ], [ 34.99244230670417, 31.957733194137312 ], [ 34.992333775123953, 31.957852643800681 ], [ 34.992228235953121, 31.957964630456914 ], [ 34.992122655279438, 31.958094089575695 ], [ 34.99197604656284, 31.958240811910038 ], [ 34.991845617236955, 31.958394887482367 ], [ 34.991731236835996, 31.958541804153874 ], [ 34.991631462883603, 31.958661268766516 ], [ 34.991508282312907, 31.958825501517808 ], [ 34.991393677199703, 31.958997358927192 ], [ 34.991323151720685, 31.959119407345202 ], [ 34.991252796924485, 31.959238921012549 ], [ 34.991155738947832, 31.959398266141438 ], [ 34.991041099967113, 31.959584636025468 ], [ 34.99098527740415, 31.959709245746275 ], [ 34.990914738369419, 31.959836225910507 ], [ 34.9908501388975, 31.959968148936557 ], [ 34.990741429386503, 31.960162419361136 ], [ 34.990653273171006, 31.960331782861999 ], [ 34.990565121446693, 31.960498611309244 ], [ 34.990485467656463, 31.960635861936815 ], [ 34.990393051852706, 31.96078830998588 ], [ 34.990354981134196, 31.96095479972551 ], [ 34.990278163971432, 31.961080078024285 ], [ 34.990172409571556, 31.961282103079043 ], [ 34.990076331613409, 31.961444971452842 ], [ 34.989993425922947, 31.961558403906277 ], [ 34.989897423022676, 31.961688722253484 ], [ 34.989816588321986, 31.96183527082411 ], [ 34.989718661656525, 31.962011100236737 ], [ 34.989655184643574, 31.962156127828933 ], [ 34.98954149492841, 31.962357715945242 ], [ 34.989460783465368, 31.962522160037967 ], [ 34.989347410763372, 31.962728961878511 ], [ 34.989255116563889, 31.962898318219413 ], [ 34.98914525247546, 31.963088499102785 ], [ 34.989053096985685, 31.963269268852436 ], [ 34.988943463115277, 31.963502286004193 ], [ 34.988873770388381, 31.963689293684126 ], [ 34.988783170951237, 31.963910788075193 ], [ 34.988681379820207, 31.964111127613872 ], [ 34.988621744855607, 31.964238124925124 ], [ 34.988569535851497, 31.964369644790334 ], [ 34.988502159248469, 31.964555387325124 ], [ 34.988427005912271, 31.964744358602267 ], [ 34.988348016022158, 31.964947976837841 ], [ 34.988292082245856, 31.965117112914374 ], [ 34.988220695628094, 31.965320743999133 ], [ 34.98816499048251, 31.965462543782447 ], [ 34.988087940928281, 31.965684060683714 ], [ 34.988039563567952, 31.965873077311748 ], [ 34.988017807648163, 31.966057911598533 ], [ 34.987969900899465, 31.966257214150136 ], [ 34.987928035058921, 31.966417919526595 ], [ 34.987875592725509, 31.966648355649166 ], [ 34.987829875579465, 31.966829907900966 ], [ 34.987789356392653, 31.966980046283581 ], [ 34.987747942369559, 31.967159352210857 ], [ 34.987721942701846, 31.967321070249422 ], [ 34.987638999479806, 31.967657698369766 ], [ 34.987484831826919, 31.96770548445577 ], [ 34.987289546638785, 31.967735869033806 ], [ 34.987022605809422, 31.9677309031844 ], [ 34.987021987263439, 31.967993413966752 ], [ 34.987026596400106, 31.968212111076539 ], [ 34.987005605315375, 31.968421886913866 ], [ 34.986953806057969, 31.968588069631647 ], [ 34.986922360956143, 31.968744705450405 ], [ 34.986885852621796, 31.9690157498631 ], [ 34.986844167859765, 31.96923873598843 ], [ 34.9868025448921, 31.969505403217262 ], [ 34.986776273408537, 31.969710943132711 ], [ 34.986763618274637, 31.969890014781615 ], [ 34.98673262798988, 31.970063842520517 ], [ 34.986715267084179, 31.970205707287864 ], [ 34.986694519053131, 31.970382369828073 ], [ 34.98679607818535, 31.970565019971584 ], [ 34.987061082810932, 31.970623387339511 ], [ 34.987275367566852, 31.970670112513012 ], [ 34.987469010494507, 31.970708206894003 ], [ 34.987666118333813, 31.970748984371856 ], [ 34.987839595480615, 31.970787043757596 ], [ 34.988101421457138, 31.970862030219145 ], [ 34.988270630370934, 31.970887399577745 ], [ 34.988561247523045, 31.970950598740462 ], [ 34.988866433604549, 31.971004380015227 ], [ 34.989263604598612, 31.971095939124393 ], [ 34.98942898285636, 31.971133841931486 ], [ 34.989627557624495, 31.971184200590017 ], [ 34.989932686798987, 31.9712630612716 ], [ 34.990186451035733, 31.971323094024026 ], [ 34.990438358785333, 31.971399609144253 ], [ 34.990710392824248, 31.971494052277556 ], [ 34.990982485450523, 31.971563414665841 ], [ 34.991184684192973, 31.971620258296689 ], [ 34.991368563691232, 31.971664389600942 ], [ 34.991589219184974, 31.971746204039317 ], [ 34.991831874290774, 31.971821855886912 ], [ 34.992074516585646, 31.971903706296796 ], [ 34.992262004365507, 31.971960382923559 ], [ 34.992423705908841, 31.972017156899671 ], [ 34.992675421344998, 31.972107194422762 ], [ 34.992859201714495, 31.972195286679071 ], [ 34.993094529645099, 31.97229586438187 ], [ 34.993300281349917, 31.972390333201371 ], [ 34.993495152977822, 31.972472101446577 ], [ 34.993715640187006, 31.972557012334089 ], [ 34.993888397006351, 31.972623103166136 ], [ 34.994086863811532, 31.972723758577754 ], [ 34.994178415647021, 31.972880599837961 ], [ 34.994225989220148, 31.973040468648232 ], [ 34.994288856257072, 31.973308297764596 ], [ 34.994347228792122, 31.973590350875757 ], [ 34.994398331280038, 31.973725143386478 ], [ 34.994442125589437, 31.973875705471883 ], [ 34.994493294418959, 31.974054461313631 ], [ 34.99455172379048, 31.974239006131391 ], [ 34.994595411853645, 31.974436490079938 ], [ 34.994642757482453, 31.9746246805821 ], [ 34.994682823039156, 31.97481581787423 ], [ 34.994730385109811, 31.974982027061802 ], [ 34.994781183491462, 31.975251667501517 ], [ 34.994843343453191, 31.975467923261359 ], [ 34.994901730554815, 31.975671771963459 ], [ 34.994960480347913, 31.975934521167769 ], [ 34.995011651302185, 31.976113276751725 ], [ 34.995055462117982, 31.976257497973737 ], [ 34.995132086410543, 31.976511399134694 ], [ 34.995208904294586, 31.97675290066924 ], [ 34.995278226208505, 31.977019331163376 ], [ 34.995311595480096, 31.977175652698556 ], [ 34.995351792323916, 31.97731042679348 ], [ 34.995413761199053, 31.97753936314972 ], [ 34.995450214302664, 31.977721194706248 ], [ 34.995490375094157, 31.977871608779061 ], [ 34.99554477818841, 31.978156895725871 ], [ 34.995606829024553, 31.978423454704934 ], [ 34.995668708467711, 31.978692972199941 ], [ 34.995709430838552, 31.978887774189442 ], [ 34.995732033317623, 31.979054223230179 ], [ 34.995760320794545, 31.979192077100731 ], [ 34.995812175777175, 31.97936223825381 ], [ 34.995873526985115, 31.979572996424611 ], [ 34.995939728233488, 31.979759526387234 ], [ 34.995996313455862, 31.979958158139869 ], [ 34.996039098661882, 31.980119003925939 ], [ 34.996081540013833, 31.98028506339331 ], [ 34.996142984833597, 31.980455380806472 ], [ 34.996199644089614, 31.980621603334637 ], [ 34.9962610804427, 31.980795866086048 ], [ 34.996294163520936, 31.980933587886806 ], [ 34.99636974372163, 31.981140422781515 ], [ 34.996407420528506, 31.981294355789636 ], [ 34.996459259885945, 31.981545679461938 ], [ 34.99650634235546, 31.981780650015022 ], [ 34.996558471496364, 31.981976878955233 ], [ 34.996600979509843, 31.982114615184308 ], [ 34.996671666987041, 31.982365969597115 ], [ 34.996718969402728, 31.982503713625878 ], [ 34.996770818465379, 31.982678101078886 ], [ 34.996856415234959, 31.982989506893983 ], [ 34.996903444573356, 31.983248853971517 ], [ 34.996978827666211, 31.983544741780527 ], [ 34.997026039857786, 31.983723067842686 ], [ 34.997063636722459, 31.983913494884 ], [ 34.997082275677265, 31.984079655722578 ], [ 34.997119853366129, 31.984278255802415 ], [ 34.997152921635582, 31.984424149480684 ], [ 34.997190618054191, 31.984570050703422 ], [ 34.997228306783136, 31.984719897314235 ], [ 34.99726631720948, 31.984873548266396 ], [ 34.997308780637908, 31.985031716417083 ], [ 34.997370221980781, 31.985205978531717 ], [ 34.997393637908736, 31.985380178596301 ], [ 34.997421710283717, 31.98554226773674 ], [ 34.997459334828562, 31.985720577048227 ], [ 34.99750161851248, 31.985959625361165 ], [ 34.997534460637389, 31.986206831356586 ], [ 34.997581563490215, 31.986360919949739 ], [ 34.997633464552145, 31.98658786626288 ], [ 34.997671017246844, 31.986798583671266 ], [ 34.997694913321226, 31.986980393883869 ], [ 34.997718384631803, 31.987130357821837 ], [ 34.99774185633273, 31.987280181070595 ], [ 34.997774560590898, 31.987515268225131 ], [ 34.997821594749176, 31.987774614797992 ], [ 34.997873077910846, 31.988040872830759 ], [ 34.997944437480015, 31.988290958569689 ], [ 34.997966242729035, 31.988446697610112 ], [ 34.99798798600613, 31.988630617158556 ], [ 34.998042737859656, 31.988913789315543 ], [ 34.998070112604033, 31.989093068269312 ], [ 34.998108452661455, 31.98924883324667 ], [ 34.99814749694751, 31.989385013877136 ], [ 34.998186033846935, 31.989526688387414 ], [ 34.998213440878992, 31.989691735907762 ], [ 34.998246261243182, 31.989875814056777 ], [ 34.998278829770769, 31.990173041679576 ], [ 34.998328268410354, 31.990319383560628 ], [ 34.99838298145265, 31.990621296817888 ], [ 34.998399363632728, 31.990762935269785 ], [ 34.998421117626791, 31.990942204974559 ], [ 34.998487151572405, 31.991135637280927 ], [ 34.998616097866005, 31.991365525273959 ], [ 34.998692280633925, 31.991530370367656 ], [ 34.998728340804291, 31.991671194758929 ], [ 34.998744072829368, 31.991808605316251 ], [ 34.998759846621603, 31.992000828735769 ], [ 34.998787788495484, 31.992223367204616 ], [ 34.998831701127024, 31.992401968389512 ], [ 34.998895858897939, 31.992621888015279 ], [ 34.998939733603208, 31.99281767935538 ], [ 34.99897957154586, 31.993044323107277 ], [ 34.998999390513077, 31.993202312263588 ], [ 34.999015123504179, 31.993339582075397 ], [ 34.999054885246515, 31.99360060708884 ], [ 34.999083027316289, 31.993733809970486 ], [ 34.999110993913774, 31.993871240234682 ], [ 34.999134736726454, 31.994049807738424 ], [ 34.999166565769116, 31.994235293453741 ], [ 34.9991943569404, 31.994451631586749 ], [ 34.999222007118988, 31.994657683459483 ], [ 34.999253978722564, 31.994853455385488 ], [ 34.999285869742316, 31.995011323288143 ], [ 34.999297603404521, 31.995162395042225 ], [ 34.999341573896182, 31.995464430989209 ], [ 34.999361326380487, 31.99565327887893 ], [ 34.999344745762841, 31.995897021500483 ], [ 34.999340130041475, 31.996113307174134 ], [ 34.999331781108772, 31.996298587173623 ], [ 34.999335313888338, 31.996494313067505 ], [ 34.999326746205178, 31.996703687193691 ], [ 34.999298821429988, 31.997066619552715 ], [ 34.999277993799026, 31.997286543021598 ], [ 34.999274278766322, 31.99746985731878 ], [ 34.999270398945846, 31.997653030662214 ], [ 34.999273386386513, 31.997870737187064 ], [ 34.999262917977063, 31.998042486594574 ], [ 34.999252283889916, 31.998288634825858 ], [ 34.999241350580192, 31.998594526387571 ], [ 34.999224032628646, 31.99879782794762 ], [ 34.999216775332577, 31.999012559038839 ], [ 34.999206260745204, 31.999204458313436 ], [ 34.999182099115977, 31.999510751379628 ], [ 34.999171611188309, 31.999691095825547 ], [ 34.999154178182337, 31.999945405161419 ], [ 34.999143594406043, 32.000168726852031 ], [ 34.999136412421372, 32.000423616377759 ], [ 34.999119061105731, 32.000641149224037 ], [ 34.999121978905556, 32.000815879028465 ], [ 34.999114822543319, 32.001059214618969 ], [ 34.999110796223015, 32.001307909290951 ], [ 34.999107080649488, 32.001491223464939 ], [ 34.999099797400596, 32.001717367681216 ], [ 34.99909932516956, 32.001929291498143 ], [ 34.999105734648616, 32.002095291115872 ], [ 34.999105421926146, 32.002235634274342 ], [ 34.999105122074262, 32.002370200477145 ], [ 34.999098023681086, 32.002513350795518 ], [ 34.999083986266683, 32.002802187559233 ], [ 34.99907680386989, 32.003057076974152 ], [ 34.999072807358999, 32.003291822471191 ], [ 34.999072264690682, 32.003535309348273 ], [ 34.999061814361418, 32.003698462593327 ], [ 34.999061488989874, 32.003844441985812 ], [ 34.999044309988925, 32.003984757807217 ], [ 34.999023707878301, 32.004250616665772 ], [ 34.99900317063085, 32.004413754460451 ], [ 34.998982548991215, 32.004614231401902 ], [ 34.998985511542791, 32.004768812113895 ], [ 34.9989750605937, 32.004932106000091 ], [ 34.998964552413, 32.005121046256626 ], [ 34.998960881287537, 32.005284210428542 ], [ 34.998957019399526, 32.005532905194762 ], [ 34.998950104771993, 32.005667460615179 ], [ 34.998953111918212, 32.005802032099396 ], [ 34.998941334520374, 32.00604085097298 ], [ 34.998927314351121, 32.006246974831384 ], [ 34.998917798078153, 32.006510174067287 ], [ 34.998912941319169, 32.006685737016191 ], [ 34.998925935491307, 32.006865132690045 ], [ 34.99892524391651, 32.007101151331888 ], [ 34.99892930044998, 32.007284337237451 ], [ 34.998928806664885, 32.007505701837943 ], [ 34.998915063032925, 32.007662226770691 ], [ 34.998874304864849, 32.007845340067831 ], [ 34.998873947387359, 32.008005551611454 ], [ 34.998873521683272, 32.008196338766773 ], [ 34.998868468852017, 32.008459685829756 ], [ 34.998858916812495, 32.008738244465839 ], [ 34.998840598837297, 32.008943516270307 ], [ 34.998831087024136, 32.009130484858041 ], [ 34.998835236093839, 32.009271680080779 ], [ 34.998812485840467, 32.009462572605123 ], [ 34.998807679960798, 32.009615167462741 ], [ 34.998811778803166, 32.009779330680644 ], [ 34.99880699838122, 32.00992051141872 ], [ 34.998806564011815, 32.010115104121184 ], [ 34.998797207551895, 32.010305876738776 ], [ 34.998778722111695, 32.01051199410459 ], [ 34.998765016382507, 32.010725164112756 ], [ 34.998760201537074, 32.01088170432206 ], [ 34.998755145113797, 32.011072483883353 ], [ 34.998763866175679, 32.011240318592996 ], [ 34.998767913713984, 32.011427449767673 ], [ 34.998767572991603, 32.011580051813809 ], [ 34.998758258757739, 32.011751802672997 ], [ 34.998748848715152, 32.011892975859624 ], [ 34.998739406660498, 32.012121934321776 ], [ 34.998734506722982, 32.012316519716414 ], [ 34.998729523488485, 32.012548867160582 ], [ 34.998729225170308, 32.012682446569869 ], [ 34.99873772854459, 32.012873389643026 ], [ 34.99873293082738, 32.013022179712372 ], [ 34.9987461684198, 32.013167194301886 ], [ 34.998727605785064, 32.013407551175391 ], [ 34.998735981451652, 32.01365570272813 ], [ 34.998758115013523, 32.013815949684258 ], [ 34.998775617754767, 32.013976329807925 ], [ 34.998806806943335, 32.014154769109126 ], [ 34.998842242409289, 32.01435702834015 ], [ 34.998895334251003, 32.014651045951766 ], [ 34.998921805861634, 32.014868649262333 ], [ 34.998929224996907, 32.0151012989759 ], [ 34.998950204130843, 32.015260276056217 ], [ 34.998971163962118, 32.015428411827486 ], [ 34.99901857695076, 32.015673666775065 ], [ 34.999050246293791, 32.015859855956805 ], [ 34.999092407706264, 32.016087066265605 ], [ 34.999129223802875, 32.016264105018017 ], [ 34.999144891942244, 32.016432233073843 ], [ 34.999183584524189, 32.016657887517908 ], [ 34.999199242034329, 32.016830382979464 ], [ 34.999246566031374, 32.01711664179863 ], [ 34.999288860317179, 32.017284671292408 ], [ 34.999368329731851, 32.017543645622723 ], [ 34.999474689077893, 32.017684583766432 ], [ 34.999666317581806, 32.017857503994883 ], [ 34.999874048568721, 32.018003114399484 ], [ 35.000001855464475, 32.0180942051662 ], [ 35.000257630473214, 32.018203537907624 ], [ 35.000566895075515, 32.01828125226352 ], [ 35.000876066531539, 32.018327121198467 ], [ 35.00119594800168, 32.018391182406333 ], [ 35.0013878405111, 32.018446020885065 ], [ 35.001590463217269, 32.018509894274658 ], [ 35.001827151026013, 32.018576216940694 ], [ 35.002050954746046, 32.018635614397773 ], [ 35.00227489387418, 32.018708679423497 ], [ 35.002541317679167, 32.018790829715343 ], [ 35.002727899707345, 32.018854674858261 ], [ 35.002887854976095, 32.018918478330022 ], [ 35.003095712391179, 32.019009693126151 ], [ 35.003244898585095, 32.019082497099745 ], [ 35.003383354796178, 32.019146265849741 ], [ 35.003543251395634, 32.01923740389536 ], [ 35.003697699863714, 32.019323883415154 ], [ 35.003868142308306, 32.019433215406679 ], [ 35.004022454165082, 32.019583242661433 ], [ 35.004182233878076, 32.019728770237549 ], [ 35.004338398121959, 32.019864146609493 ], [ 35.004471599692224, 32.0199869452032 ], [ 35.004631186034601, 32.020146139648546 ], [ 35.004774964597445, 32.020273464501209 ], [ 35.004897387668422, 32.02040991432542 ], [ 35.005115472886352, 32.020669102924074 ], [ 35.005056434544095, 32.020818935097374 ], [ 35.005029413648167, 32.021000521396452 ], [ 35.005018258306102, 32.021263858623037 ], [ 35.005007105006676, 32.021449979768377 ], [ 35.004990589091349, 32.021667936079275 ], [ 35.004963469193889, 32.021971266627503 ], [ 35.004936329612953, 32.022207383870594 ], [ 35.004903801188746, 32.022411647220238 ], [ 35.004892842257114, 32.022584099984655 ], [ 35.004876404644321, 32.022765702845263 ], [ 35.004849353171409, 32.02296095764104 ], [ 35.004827712424351, 32.0231016897622 ], [ 35.004821947220286, 32.023319662908371 ], [ 35.004821651813153, 32.023455919587406 ], [ 35.004815888849059, 32.023596676678736 ], [ 35.004804752093385, 32.023850995768306 ], [ 35.004786879371359, 32.024084027990668 ], [ 35.004773912330265, 32.024267044873298 ], [ 35.004754382172749, 32.024502328975743 ], [ 35.004728760534249, 32.024647563796201 ], [ 35.004703163106292, 32.02478208882652 ], [ 35.004690030352414, 32.024965247002008 ], [ 35.00468340597287, 32.025121361313019 ], [ 35.004645132885621, 32.02530433920176 ], [ 35.004619254706625, 32.025568075967001 ], [ 35.004606168764219, 32.025729534989225 ], [ 35.0045868686055, 32.025934101241731 ], [ 35.004548523462461, 32.026073961036509 ], [ 35.004548160924934, 32.026240934776091 ], [ 35.004509862776374, 32.026434621465306 ], [ 35.004509396533926, 32.02657327299594 ], [ 35.004490012548487, 32.026740216740855 ], [ 35.004483423939654, 32.026880126549479 ], [ 35.004470384387687, 32.027020027087225 ], [ 35.00446378273039, 32.027165432457018 ], [ 35.004450826209535, 32.027343095225817 ], [ 35.004431418681754, 32.027520747816816 ], [ 35.00439928966707, 32.02776827008465 ], [ 35.004386166731429, 32.027945933468814 ], [ 35.004373151451873, 32.028150509526718 ], [ 35.00434737700602, 32.028365774362221 ], [ 35.004328039195222, 32.028511159602367 ], [ 35.004321461839346, 32.028645714473868 ], [ 35.004314946674874, 32.028827615000623 ], [ 35.004301847004399, 32.028994427888698 ], [ 35.004295175823849, 32.029172100505804 ], [ 35.004275768809457, 32.029425138335526 ], [ 35.004243718252219, 32.029559653885279 ], [ 35.004217943090644, 32.029774918643795 ], [ 35.004204786466737, 32.030044170799066 ], [ 35.00416608766249, 32.030345509340023 ], [ 35.00414678550046, 32.030550075368609 ], [ 35.004120997864021, 32.030770834736892 ], [ 35.00408884215517, 32.031029207242227 ], [ 35.004069412560106, 32.031216300608214 ], [ 35.004062599220006, 32.031383123337079 ], [ 35.004043402128659, 32.031539217590435 ], [ 35.004036634287488, 32.03168462256933 ], [ 35.003966610986311, 32.031937580266124 ], [ 35.003947261188351, 32.032088319345718 ], [ 35.003934361857041, 32.032238928836193 ], [ 35.003908607459429, 32.032443484565405 ], [ 35.003882724741764, 32.032707361547168 ], [ 35.003888565414528, 32.03291182652989 ], [ 35.003913544705284, 32.033062635664258 ], [ 35.003930598394064, 32.033206951007756 ], [ 35.003895502427795, 32.033447846292731 ], [ 35.003871755666474, 32.033718067178896 ], [ 35.003830396083366, 32.034100422751045 ], [ 35.003818355835648, 32.034311763607064 ], [ 35.003789284858357, 32.034444451183234 ], [ 35.003748414236526, 32.034601778958489 ], [ 35.003707516986658, 32.034847455329285 ], [ 35.003695509372569, 32.035044141915044 ], [ 35.003666175246998, 32.035221074146349 ], [ 35.003613709621433, 32.035461801094932 ], [ 35.003555431271877, 32.035712380912408 ], [ 35.003508840472371, 32.035913944627637 ], [ 35.003479173083058, 32.036243196022561 ], [ 35.003460661503873, 32.036463544535678 ], [ 35.003414090903028, 32.036655103632661 ], [ 35.003379153229083, 32.036822304542376 ], [ 35.003343974389871, 32.037023745569037 ], [ 35.003326272735308, 32.037176037238289 ], [ 35.003273674650082, 32.037475943596 ], [ 35.003250381367387, 32.037613431414684 ], [ 35.003203493588948, 32.037874034538099 ], [ 35.003180069914293, 32.038070561280179 ], [ 35.003139165605717, 32.038242543887627 ], [ 35.003104204482788, 32.038419466963056 ], [ 35.003074720237862, 32.038664455882106 ], [ 35.00305120585513, 32.038826742828952 ], [ 35.003004600789147, 32.039033097502106 ], [ 35.00297512426868, 32.03927385964176 ], [ 35.002951785507044, 32.039431214880459 ], [ 35.002922406670066, 32.039627732964831 ], [ 35.002898827260196, 32.039819468981371 ], [ 35.002875466925012, 32.039986547380167 ], [ 35.002846204919926, 32.040129098213335 ], [ 35.002811286782865, 32.040286294315933 ], [ 35.002793604895146, 32.040428863539944 ], [ 35.002735482638371, 32.040605749620497 ], [ 35.00270617833246, 32.040767885659314 ], [ 35.002670886919795, 32.040943963027132 ], [ 35.002635978674782, 32.041096367805508 ], [ 35.002600915217442, 32.041243700593327 ], [ 35.002519449933338, 32.041504106686006 ], [ 35.002484573694289, 32.041641716509396 ], [ 35.002443740883578, 32.041779317734296 ], [ 35.002355554269997, 32.042011531707303 ], [ 35.002313379228852, 32.042158007170393 ], [ 35.002270967235866, 32.042336608900335 ], [ 35.002211597579937, 32.042553510113464 ], [ 35.002148042593021, 32.042792949638986 ], [ 35.002084581795138, 32.042989413047223 ], [ 35.002046556859966, 32.04312884924822 ], [ 35.001991578910868, 32.043303908365068 ], [ 35.001928148748135, 32.043486139504971 ], [ 35.001877330511505, 32.043650496318868 ], [ 35.001749216823853, 32.044057088554162 ], [ 35.001706874694321, 32.044203563496389 ], [ 35.001668683817051, 32.044342858608438 ], [ 35.001622015631582, 32.044575138346765 ], [ 35.001575560046433, 32.044710897769932 ], [ 35.001516334509837, 32.04486100963809 ], [ 35.001444551122184, 32.045079017782818 ], [ 35.00138520694896, 32.045282672899305 ], [ 35.00133460727578, 32.045421948916363 ], [ 35.001237095812527, 32.045678664278121 ], [ 35.001186259230877, 32.045850207170965 ], [ 35.001139699899397, 32.046032324193824 ], [ 35.001101515174931, 32.046168096667991 ], [ 35.001071916065406, 32.04631106934464 ], [ 35.00102111839157, 32.046464716887222 ], [ 35.000970194011678, 32.046675571714005 ], [ 35.000881407554104, 32.046950619015632 ], [ 35.000813922927563, 32.047093530791003 ], [ 35.000767456747468, 32.047232952953721 ], [ 35.000695287236354, 32.047474491539752 ], [ 35.000648560605569, 32.047656749644901 ], [ 35.000572487989743, 32.047867563849692 ], [ 35.000517393462516, 32.048092643047553 ], [ 35.000441320178183, 32.048303458058228 ], [ 35.000360369754098, 32.048624452514566 ], [ 35.000309647836524, 32.048817272223509 ], [ 35.000271468528851, 32.048949521057878 ], [ 35.000224984930831, 32.049095988712132 ], [ 35.000182605034915, 32.049256835844595 ], [ 35.000144417533058, 32.049392607949976 ], [ 35.000093789897484, 32.04954259129876 ], [ 35.00003875748294, 32.049739207714168 ], [ 35.000000497098348, 32.049907106269309 ], [ 34.999911791986648, 32.050142840705647 ], [ 34.999839386589827, 32.050414108838687 ], [ 34.999775779318206, 32.050671301398836 ], [ 34.999729279111534, 32.050824954341124 ], [ 34.999630011701107, 32.051122387957768 ], [ 34.999594117266597, 32.051267604498413 ], [ 34.999508055968185, 32.05150376490905 ], [ 34.999450643407393, 32.051727713407836 ], [ 34.999378961134454, 32.051969815467992 ], [ 34.999328648607083, 32.052199974346117 ], [ 34.999228387065507, 32.052496560982348 ], [ 34.999163792121315, 32.052750791838491 ], [ 34.999048851678985, 32.053100334353672 ], [ 34.998991558487006, 32.053269892548549 ], [ 34.998941352883882, 32.053451439899256 ], [ 34.998855304343643, 32.05375410749803 ], [ 34.998776586330614, 32.053959984169317 ], [ 34.998719044838765, 32.054165755366249 ], [ 34.99864734620585, 32.054413915170535 ], [ 34.998596962664763, 32.054674368588572 ], [ 34.998560861712207, 32.054910468634581 ], [ 34.998553394651118, 32.055067849319386 ], [ 34.998524475658506, 32.055273806643299 ], [ 34.998502766553621, 32.055437222471056 ], [ 34.998462444839738, 32.055784631874239 ], [ 34.99841315629417, 32.055924894264884 ], [ 34.99835175469844, 32.056080776844084 ], [ 34.998253083009409, 32.056329457023416 ], [ 34.998194641134646, 32.056493094388401 ], [ 34.998117999250518, 32.056656843688131 ], [ 34.998047248525836, 32.056849065103052 ], [ 34.997994922894179, 32.057015249077409 ], [ 34.99789958743564, 32.05732452352882 ], [ 34.997831048167448, 32.057563247853075 ], [ 34.997781700885703, 32.057802284776116 ], [ 34.997701907511136, 32.057968565408515 ], [ 34.997606909526112, 32.058126929541444 ], [ 34.99752104081653, 32.058272345142655 ], [ 34.997450358743045, 32.058433426272465 ], [ 34.997358150005113, 32.058675070449219 ], [ 34.997271804273694, 32.058885161179305 ], [ 34.99718266138089, 32.059087779476251 ], [ 34.997115132768258, 32.059243652253251 ], [ 34.997056757225529, 32.059376149113262 ], [ 34.996995421252926, 32.059500891043108 ], [ 34.996921735275009, 32.059672253741795 ], [ 34.996832680735054, 32.059908688446789 ], [ 34.996786370314574, 32.060046700482388 ], [ 34.99671798526235, 32.060214971345395 ], [ 34.99663719115172, 32.06038322182718 ], [ 34.996544068893741, 32.060588228273375 ], [ 34.996469384170361, 32.060761701950838 ], [ 34.996407261445512, 32.060940409488623 ], [ 34.996332552252674, 32.061124451207675 ], [ 34.99625805549941, 32.061287497559753 ], [ 34.996170358297739, 32.061507166826352 ], [ 34.99610804639206, 32.061696442055251 ], [ 34.996033477220259, 32.061891051975095 ], [ 34.995946473989882, 32.062096067985081 ], [ 34.995822097810205, 32.062364148295309 ], [ 34.995760069099184, 32.062500866100365 ], [ 34.995691656643864, 32.062679562878124 ], [ 34.995641895459457, 32.06280573264668 ], [ 34.995579676969903, 32.06295301730821 ], [ 34.995511299686839, 32.06311593347025 ], [ 34.99541188491628, 32.063320928611887 ], [ 34.995337325114981, 32.063510183204791 ], [ 34.995261088321868, 32.063708874999925 ], [ 34.995205179893659, 32.06384560259859 ], [ 34.995124379789139, 32.064013851994353 ], [ 34.995006309933068, 32.064271373654805 ], [ 34.994919314013579, 32.064471175590434 ], [ 34.994832294997927, 32.064681404005661 ], [ 34.994757614511045, 32.064849663260226 ], [ 34.994689235403662, 32.06501257801775 ], [ 34.994633265181058, 32.065175654853789 ], [ 34.994533700993301, 32.065443774811634 ], [ 34.994477790416362, 32.065580501141085 ], [ 34.994403298954509, 32.065738192307371 ], [ 34.994328581799458, 32.06592223267215 ], [ 34.994241558982374, 32.06613246062026 ], [ 34.994167066663039, 32.066290151630312 ], [ 34.994041720219791, 32.066616000224471 ], [ 34.993960842189964, 32.066815811571189 ], [ 34.993880154282934, 32.067005055012018 ], [ 34.993824040401542, 32.067157562129481 ], [ 34.993774262246035, 32.067288945226345 ], [ 34.993724483949251, 32.067420327398544 ], [ 34.993637507523594, 32.067609560210634 ], [ 34.993556768694006, 32.06781993875466 ], [ 34.993488421438713, 32.06796707228083 ], [ 34.993407565266139, 32.068156315101184 ], [ 34.993308079767758, 32.068387656993522 ], [ 34.993252081049263, 32.068561159651459 ], [ 34.993183719383602, 32.068713646938534 ], [ 34.993090512556464, 32.068876519339142 ], [ 34.993041013895557, 32.069029178670242 ], [ 34.992985900039606, 32.069249463385063 ], [ 34.992915484554729, 32.069431114803045 ], [ 34.992848971489522, 32.069642643811555 ], [ 34.992825289295027, 32.069794641826306 ], [ 34.992743434530531, 32.069913570292705 ], [ 34.992696554549582, 32.070078775123669 ], [ 34.992644776323502, 32.070286665515546 ], [ 34.992589990962237, 32.070435370437927 ], [ 34.992527351587178, 32.07061703369623 ], [ 34.992449291704638, 32.070812057399628 ], [ 34.99237499902555, 32.071023433318089 ], [ 34.992312366299302, 32.071201855404937 ], [ 34.992261505519792, 32.07137043511301 ], [ 34.992198872332921, 32.071548857132008 ], [ 34.992128361707479, 32.071770242840735 ], [ 34.992054169303032, 32.072009517583595 ], [ 34.992011138223489, 32.07215486016802 ], [ 34.991936806045949, 32.072382862135385 ], [ 34.991870365146752, 32.072561278478027 ], [ 34.991806754958027, 32.072732371530854 ], [ 34.99175590698249, 32.072894187538871 ], [ 34.991708850629657, 32.073062772456851 ], [ 34.991650224998914, 32.07322471513757 ], [ 34.991595436250343, 32.073373419546527 ], [ 34.991509336253408, 32.073607883564186 ], [ 34.991407716321945, 32.073898682795317 ], [ 34.991301793880112, 32.074188911072234 ], [ 34.991243158954369, 32.074354236154043 ], [ 34.991192302286059, 32.074519432708776 ], [ 34.99108662316393, 32.074846578913537 ], [ 34.991020194188266, 32.075018371961427 ], [ 34.990949702317529, 32.075229752384494 ], [ 34.990891081475382, 32.075388454506296 ], [ 34.990819950574455, 32.075589265619016 ], [ 34.990741890651151, 32.075780906361906 ], [ 34.990663625758792, 32.075989033338175 ], [ 34.990604942611157, 32.076174083874641 ], [ 34.990538396296301, 32.07639547520597 ], [ 34.990436689932473, 32.076649779493401 ], [ 34.990393638323766, 32.076801884843789 ], [ 34.990299640750273, 32.07708522812284 ], [ 34.990260449474604, 32.077214090741769 ], [ 34.990217444687971, 32.077346327732258 ], [ 34.99015485761489, 32.077501500335416 ], [ 34.990111774564163, 32.077666709507639 ], [ 34.990068565653061, 32.077815432720655 ], [ 34.99002856017497, 32.078009251117706 ], [ 34.989985626823874, 32.078181365535016 ], [ 34.989933041186646, 32.078376148264866 ], [ 34.989873597571744, 32.078531326021071 ], [ 34.989777047122125, 32.078772533518169 ], [ 34.989713950283729, 32.079003230375136 ], [ 34.989642529956221, 32.079184172751475 ], [ 34.989566938209293, 32.079379198563323 ], [ 34.989499729398844, 32.079599179496725 ], [ 34.989419924670514, 32.079826324521882 ], [ 34.989344306842305, 32.080032058954068 ], [ 34.989293598231626, 32.080201763809292 ], [ 34.989218005951692, 32.080396790278364 ], [ 34.989146575293901, 32.080581254724663 ], [ 34.989091892405305, 32.080751657935025 ], [ 34.989028909091523, 32.080932614244837 ], [ 34.988974184461561, 32.08112063028473 ], [ 34.988911210314285, 32.081297922546042 ], [ 34.988856534821188, 32.081464803234027 ], [ 34.988776157316622, 32.081722946010544 ], [ 34.988683637876925, 32.082006713301368 ], [ 34.988629028412277, 32.082145129724239 ], [ 34.98858701371929, 32.08227638207017 ], [ 34.988511343023475, 32.08250339277614 ], [ 34.988440041055973, 32.082702089101858 ], [ 34.988376806342821, 32.082918552771353 ], [ 34.988301324691179, 32.083134996415914 ], [ 34.988250809812747, 32.083291033488507 ], [ 34.988191846952041, 32.083450437851852 ], [ 34.988137259102693, 32.08364916159195 ], [ 34.988057514478641, 32.083847843251306 ], [ 34.98799024963408, 32.084018082821906 ], [ 34.987931408574646, 32.08419552314588 ], [ 34.987897633067611, 32.084341021415867 ], [ 34.987843112217142, 32.084511282669112 ], [ 34.987780061394261, 32.084788758104409 ], [ 34.987715305450152, 32.085017477759443 ], [ 34.987640922088907, 32.085258158537442 ], [ 34.987572723693276, 32.08547264009006 ], [ 34.987492289253559, 32.085681888278231 ], [ 34.987424077870728, 32.085901583888131 ], [ 34.987349716938709, 32.08613169546522 ], [ 34.987293628012822, 32.086403828553706 ], [ 34.987213180838879, 32.08661828978142 ], [ 34.987157504457528, 32.086785589903343 ], [ 34.987087297840873, 32.087078271294999 ], [ 34.987037804967599, 32.087220500352799 ], [ 34.986908859677108, 32.087575079188682 ], [ 34.986844536938449, 32.08775913136099 ], [ 34.986799773409338, 32.087930677641715 ], [ 34.986715535637842, 32.088206848069191 ], [ 34.986651105232475, 32.088365819240309 ], [ 34.986611385075129, 32.088503979767921 ], [ 34.986527354828944, 32.088692225479967 ], [ 34.986487625705756, 32.088834471072275 ], [ 34.986433095454643, 32.089006000391805 ], [ 34.986378495408864, 32.089206836964877 ], [ 34.986309048965971, 32.089386794867977 ], [ 34.986175719570731, 32.089633572045429 ], [ 34.985978878200889, 32.089582929867689 ], [ 34.985831409254409, 32.089511518587692 ], [ 34.985634863175932, 32.08940648648845 ], [ 34.985433371445254, 32.089293131897776 ], [ 34.985266226900386, 32.089213372312877 ], [ 34.985010417839376, 32.089112464334583 ], [ 34.984760827230133, 32.089041719904834 ], [ 34.984559216944888, 32.08897866758749 ], [ 34.984357598205605, 32.088919700963146 ], [ 34.984121521982651, 32.088873214458658 ], [ 34.98374255804692, 32.088847474297047 ], [ 34.98353597848206, 32.088855427971048 ], [ 34.98330444123588, 32.088917867431483 ], [ 34.983141922209292, 32.088980427923154 ], [ 34.983008763152796, 32.089084746580632 ], [ 34.982776971220524, 32.089251877485388 ], [ 34.982678363954193, 32.089373025082963 ], [ 34.982574382186293, 32.089594768211022 ], [ 34.982485214606747, 32.089850074003387 ], [ 34.982464991934812, 32.090067737003295 ], [ 34.982465105238994, 32.090226396085725 ], [ 34.982494256931048, 32.090423292484729 ], [ 34.982557609094314, 32.090645328547531 ], [ 34.982650579337538, 32.090871503346264 ], [ 34.982738861220348, 32.091051735205951 ], [ 34.982807301843337, 32.091223477079758 ], [ 34.982880678503072, 32.091407768786809 ], [ 34.982959060551813, 32.091575441926729 ], [ 34.983027572637504, 32.091717876406776 ], [ 34.983095994250746, 32.091897931710442 ], [ 34.983179915581673, 32.092102391320871 ], [ 34.983238663598534, 32.092244807724498 ], [ 34.983326670679546, 32.092471113994144 ], [ 34.983400079552759, 32.092642865086809 ], [ 34.983473467297003, 32.092823069507297 ], [ 34.98358122848051, 32.093095345580245 ], [ 34.983635031595377, 32.093229440430818 ], [ 34.983688835206763, 32.093363393675425 ], [ 34.983757389706398, 32.093489200536517 ], [ 34.983821143825544, 32.0936148583204 ], [ 34.983894614771373, 32.093761527632779 ], [ 34.984021999650835, 32.093996215541488 ], [ 34.984145299112555, 32.094209337943916 ], [ 34.984282817629079, 32.094360204386071 ], [ 34.98447429718572, 32.094511305949844 ], [ 34.98468564013146, 32.094662440773291 ], [ 34.984818325142903, 32.094758909296573 ], [ 34.984985407915183, 32.094868118278377 ], [ 34.985098406075444, 32.094960324800532 ], [ 34.985309505787008, 32.095144994038733 ], [ 34.985417308450081, 32.095333571325718 ], [ 34.985441602985119, 32.095488467421397 ], [ 34.985500116018819, 32.095731348365085 ], [ 34.985539121053101, 32.095894725063211 ], [ 34.985587018108127, 32.096077843826649 ], [ 34.985630697547968, 32.096294490257662 ], [ 34.985680015634834, 32.096506496758394 ], [ 34.985734883840557, 32.096751484165466 ], [ 34.985784146363883, 32.096987021898407 ], [ 34.985816635078066, 32.09724606204275 ], [ 34.985838166096826, 32.097519172873092 ], [ 34.985876322210267, 32.097970275752552 ], [ 34.985898066558626, 32.098153912844509 ], [ 34.985908618224649, 32.098379942832715 ], [ 34.985941307620806, 32.098624892726889 ], [ 34.985951982850445, 32.098799069834257 ], [ 34.985962572047647, 32.098940415225485 ], [ 34.985973337940031, 32.099076971497219 ], [ 34.986000631474731, 32.099293730127513 ], [ 34.986016714236705, 32.099491447908385 ], [ 34.98603277426902, 32.099698747187034 ], [ 34.986033339204653, 32.100017897918242 ], [ 34.986038529970692, 32.100201506390576 ], [ 34.985899740858301, 32.10037077516774 ], [ 34.985794012973152, 32.100558983479139 ], [ 34.985993091458738, 32.100653451473733 ], [ 34.986153514011065, 32.10071502100373 ], [ 34.986308473694763, 32.100776441147062 ], [ 34.986457816999696, 32.10083320089435 ], [ 34.986607137027171, 32.10089940128924 ], [ 34.986844896562005, 32.101017606495354 ], [ 34.987099220460742, 32.101131049351913 ], [ 34.98731495436131, 32.101253865527738 ], [ 34.987497371708315, 32.101324771232569 ], [ 34.987751955404349, 32.101399323430691 ], [ 34.987884034097021, 32.101477610211269 ], [ 34.987960225091733, 32.101598918760494 ], [ 34.988112769567635, 32.101703167699469 ], [ 34.988351845999631, 32.101755569443903 ], [ 34.988530077814666, 32.101777572248203 ], [ 34.988804941230114, 32.10181693018037 ], [ 34.988978040335546, 32.101838924520059 ], [ 34.989156252307339, 32.101869522293683 ], [ 34.989492137785575, 32.101935049623606 ], [ 34.989654944239447, 32.101969987936762 ], [ 34.989929707307184, 32.102052742011075 ], [ 34.99015880392168, 32.102126823275093 ], [ 34.990392795102977, 32.102231065621261 ], [ 34.990555430711765, 32.102339696948874 ], [ 34.990702837624639, 32.102448160793585 ], [ 34.990819725361668, 32.102582640212646 ], [ 34.990844845827972, 32.10274289135873 ], [ 34.9907679231247, 32.102933405912736 ], [ 34.990644486803767, 32.103123137625566 ], [ 34.990516772946542, 32.103300603928339 ], [ 34.990358435546369, 32.103477876768366 ], [ 34.990256366125841, 32.103590286665174 ], [ 34.990159418238846, 32.103707074322308 ], [ 34.990041923123378, 32.103832422109669 ], [ 34.989908985270162, 32.104048767809061 ], [ 34.989817036671596, 32.104221924752828 ], [ 34.989786077835603, 32.104364750406518 ], [ 34.989795885086259, 32.104559638840222 ], [ 34.989856604724032, 32.104715722841412 ], [ 34.989932575853615, 32.104863097880468 ], [ 34.990003630087969, 32.104988763829994 ], [ 34.990102110772838, 32.105138149081412 ], [ 34.990215479776666, 32.105291504770513 ], [ 34.990329109509929, 32.105404561525653 ], [ 34.99052778199151, 32.105537911444223 ], [ 34.990740860176189, 32.105598719071878 ], [ 34.990942633468208, 32.105609204443589 ], [ 34.991117970645639, 32.105597382446632 ], [ 34.991321772702527, 32.105589694115878 ], [ 34.991535166197679, 32.105586107595791 ], [ 34.991786173890077, 32.105638945849407 ], [ 34.992008807478427, 32.105719917021013 ], [ 34.99218861318208, 32.105780666415512 ], [ 34.992368565845261, 32.105849447158207 ], [ 34.99252945077275, 32.106002880307535 ], [ 34.992657025867999, 32.106172461862435 ], [ 34.992794027028083, 32.10634600347116 ], [ 34.992916773899985, 32.106527553386236 ], [ 34.993006393795476, 32.106717079248192 ], [ 34.99309120378112, 32.106910823714642 ], [ 34.993195687573461, 32.107188017552744 ], [ 34.993242883195009, 32.107325055842722 ], [ 34.993285002634792, 32.107510556946949 ], [ 34.993322569185118, 32.10765983810407 ], [ 34.993355537818623, 32.107792907293693 ], [ 34.993369460363425, 32.107929890076228 ], [ 34.993383344623638, 32.108083076179632 ], [ 34.99338767403917, 32.108216097632784 ], [ 34.993392150276541, 32.108357151583881 ], [ 34.993382371133549, 32.108506352912919 ], [ 34.993367800717436, 32.108651461139203 ], [ 34.993371946613124, 32.108791950009476 ], [ 34.993362195258705, 32.108929034002507 ], [ 34.993352416322097, 32.109078095538166 ], [ 34.993337816827513, 32.109235321068844 ], [ 34.993328074771291, 32.109368319048599 ], [ 34.993308359386781, 32.109662495588118 ], [ 34.993308034865713, 32.109803540606201 ], [ 34.993293241374012, 32.110045449393382 ], [ 34.993264321410784, 32.110238864246909 ], [ 34.993202281617393, 32.110436308974407 ], [ 34.993063114950445, 32.11062446639427 ], [ 34.992892069578367, 32.110781289991387 ], [ 34.992768629006385, 32.110898035254365 ], [ 34.992654615246721, 32.111018740589614 ], [ 34.992550046538696, 32.111135517185197 ], [ 34.992436033255146, 32.111256222318389 ], [ 34.992312442596628, 32.11143736015925 ], [ 34.992198231681861, 32.111642749221161 ], [ 34.992083880355132, 32.111908585881999 ], [ 34.992050240241802, 32.1120657792641 ], [ 34.991964531440878, 32.112259097614313 ], [ 34.991840651748248, 32.112492651065615 ], [ 34.991763551645683, 32.112685701452911 ], [ 34.991597450429012, 32.112778138265853 ], [ 34.991440819750075, 32.112926951803544 ], [ 34.991293515685683, 32.113051686793547 ], [ 34.991165287083234, 32.113160249452257 ], [ 34.990951600276425, 32.113353351523429 ], [ 34.99081854247796, 32.113474164625963 ], [ 34.99069038895481, 32.113550459950112 ], [ 34.990566951373197, 32.113663116088873 ], [ 34.990438786787344, 32.113743497149343 ], [ 34.990315367380717, 32.113848121721851 ], [ 34.990191791941193, 32.113948659894739 ], [ 34.989967692900215, 32.114203459397665 ], [ 34.989775320356081, 32.114412658220104 ], [ 34.989635657169906, 32.114524440951897 ], [ 34.989433786624311, 32.114688675193115 ], [ 34.98924750781989, 32.11483997236035 ], [ 34.98909225050744, 32.114964831902782 ], [ 34.988952617486476, 32.115063510002692 ], [ 34.988913535674214, 32.115208293580778 ], [ 34.988905337054987, 32.11538624163731 ], [ 34.988920202756752, 32.115682730491024 ], [ 34.988942839805894, 32.115913289141204 ], [ 34.988934686780453, 32.116071370819014 ], [ 34.988934284287836, 32.116242710272438 ], [ 34.988926158215783, 32.116460112645896 ], [ 34.98893330915692, 32.116657813445244 ], [ 34.988925229713232, 32.116855348545933 ], [ 34.988909170680877, 32.117066255331146 ], [ 34.988916503871053, 32.117257193899185 ], [ 34.988900445802336, 32.117468100671324 ], [ 34.98888470717894, 32.11761292390576 ], [ 34.988875811973152, 32.117875695775652 ], [ 34.988898418296408, 32.118119499793181 ], [ 34.988921101871277, 32.118330472464528 ], [ 34.988920745995287, 32.118481944603438 ], [ 34.988928156438725, 32.118640051797023 ], [ 34.988920033904748, 32.118785029549016 ], [ 34.988896312925057, 32.119015509201581 ], [ 34.988903614768518, 32.11921983292406 ], [ 34.988918640812471, 32.119377953961823 ], [ 34.98882544797258, 32.119509540508233 ], [ 34.988724410931923, 32.119667463917253 ], [ 34.988631019991367, 32.119812295462339 ], [ 34.9885378107045, 32.119950505402755 ], [ 34.988366839997205, 32.120134657764673 ], [ 34.988203786096896, 32.120331927310275 ], [ 34.988118160069831, 32.120483394457899 ], [ 34.98799997666346, 32.120679473346414 ], [ 34.987906718972098, 32.120837408459444 ], [ 34.987798005625642, 32.120949241931299 ], [ 34.987689308723724, 32.121054452593405 ], [ 34.987595930384423, 32.12119266061508 ], [ 34.987518147301323, 32.121317650695588 ], [ 34.987424903461267, 32.121469104297134 ], [ 34.987277367827723, 32.121613701321216 ], [ 34.987137431481642, 32.121765074628378 ], [ 34.986997738479694, 32.121883336293116 ], [ 34.986819254586955, 32.122021397568432 ], [ 34.986725906445351, 32.12214636039382 ], [ 34.986617174375084, 32.122264815528943 ], [ 34.986531773214146, 32.122389791873289 ], [ 34.98644604871717, 32.122580710937527 ], [ 34.98630629057886, 32.122725460862242 ], [ 34.986197439245913, 32.122824047198186 ], [ 34.98605752438656, 32.123034739902309 ], [ 34.986010980463028, 32.123250384727122 ], [ 34.985991395578353, 32.123409150596316 ], [ 34.985900756659781, 32.123577233791309 ], [ 34.985835643372909, 32.123733666580094 ], [ 34.985783818971541, 32.123872509434761 ], [ 34.985675539848252, 32.124146662880136 ], [ 34.985631922911267, 32.124384293685566 ], [ 34.985575704870655, 32.124559764022358 ], [ 34.985506248659796, 32.124801013174562 ], [ 34.985492870547823, 32.124994733972855 ], [ 34.985462360458882, 32.125151930648727 ], [ 34.985419056195276, 32.125327422320218 ], [ 34.98535739124128, 32.125633783160929 ], [ 34.985292413285492, 32.125871376832784 ], [ 34.985253282599317, 32.126032221581951 ], [ 34.985218448621922, 32.126196737720171 ], [ 34.985226490549991, 32.126434457720791 ], [ 34.985239047978986, 32.126584401817645 ], [ 34.985243002941615, 32.126730667052634 ], [ 34.985263925816149, 32.126983063390938 ], [ 34.985241918749352, 32.12718423686934 ], [ 34.985228995013792, 32.127326246190592 ], [ 34.985224183125567, 32.127538440417645 ], [ 34.985206367983373, 32.127787105700953 ], [ 34.985210078363046, 32.128035667560439 ], [ 34.985218321172503, 32.128189408797425 ], [ 34.985239524196572, 32.128324713759106 ], [ 34.985290549206454, 32.128522208956483 ], [ 34.985315786014553, 32.128770948716102 ], [ 34.985341188940659, 32.128950223095693 ], [ 34.985367097350867, 32.129125553016259 ], [ 34.985388282962624, 32.129268325612486 ], [ 34.985409310729096, 32.129476759834517 ], [ 34.985438871379365, 32.129718179983676 ], [ 34.985459969016894, 32.129897446867972 ], [ 34.985485451258441, 32.130043750147848 ], [ 34.985532050543341, 32.130292526743887 ], [ 34.985660649546048, 32.13045732532251 ], [ 34.985815168819727, 32.130654999018446 ], [ 34.985960929965515, 32.130845471963482 ], [ 34.986081940812383, 32.130998984660962 ], [ 34.986249178172379, 32.131211333800991 ], [ 34.986416467179048, 32.131401843303109 ], [ 34.986527997087563, 32.131504331408195 ], [ 34.986661096867529, 32.13165814660433 ], [ 34.986789700867675, 32.13182294401971 ], [ 34.986944111353985, 32.131998775719829 ], [ 34.987038509907144, 32.132203249596991 ], [ 34.987132811686038, 32.13237897784294 ], [ 34.987328676625502, 32.13260123840611 ], [ 34.987439362640252, 32.132711614891811 ], [ 34.987574623185957, 32.132863741957877 ], [ 34.987703768466758, 32.133010784951672 ], [ 34.987832902901872, 32.133163041929642 ], [ 34.987949641938265, 32.133304709530428 ], [ 34.988164840817511, 32.133546164821645 ], [ 34.988300103463487, 32.133698431781433 ], [ 34.988429251080589, 32.133845474025954 ], [ 34.988576793976478, 32.133987193585099 ], [ 34.988669200455533, 32.134196171739191 ], [ 34.988625825163709, 32.134332351612123 ], [ 34.988576094892359, 32.134494730187164 ], [ 34.98850783112232, 32.134651862997003 ], [ 34.988359275366754, 32.134939899315896 ], [ 34.988235114527896, 32.135275180265893 ], [ 34.988142081633221, 32.135542317482205 ], [ 34.988036529010614, 32.135851421342068 ], [ 34.987924810808586, 32.136176156054916 ], [ 34.987899629390682, 32.136390991772871 ], [ 34.98783757067892, 32.136583924912394 ], [ 34.987794069120099, 32.136772520609952 ], [ 34.987737919868529, 32.136987304183506 ], [ 34.987675808760656, 32.13720207661563 ], [ 34.987650564478344, 32.137443120778897 ], [ 34.987625244345466, 32.13771572644437 ], [ 34.987587770492055, 32.137946323169672 ], [ 34.987568652756607, 32.138187376878435 ], [ 34.98754360523202, 32.138344583082862 ], [ 34.987635817655352, 32.138496636217226 ], [ 34.987913102296211, 32.138539099737002 ], [ 34.988098092001977, 32.138534202739542 ], [ 34.988270625433593, 32.138544924798509 ], [ 34.988591194174731, 32.138561252994592 ], [ 34.988831587002593, 32.138587870331079 ], [ 34.988967041922763, 32.138661511802859 ], [ 34.989120848663056, 32.138819022575099 ], [ 34.989250737311771, 32.13900706939846 ], [ 34.989305919271544, 32.139132990410502 ], [ 34.989354936554406, 32.139274541516208 ], [ 34.989410094353666, 32.139410889799258 ], [ 34.98945280696163, 32.139557784062376 ], [ 34.989514030714332, 32.139720350324886 ], [ 34.989556945966541, 32.139851464522593 ], [ 34.989618231523252, 32.139987823104399 ], [ 34.989655007710077, 32.14012413917505 ], [ 34.989704051541956, 32.140255263712412 ], [ 34.989746777218897, 32.14039694465189 ], [ 34.989826402749998, 32.140622385663036 ], [ 34.989887640070371, 32.1407797385151 ], [ 34.989949116477199, 32.140905669883431 ], [ 34.989991867556057, 32.141036783634078 ], [ 34.990070212659539, 32.141173029289931 ], [ 34.99016616945152, 32.14135538059049 ], [ 34.99019264691097, 32.141505770366081 ], [ 34.990256652764813, 32.141683558583189 ], [ 34.9903150181784, 32.141865847058661 ], [ 34.990432197194103, 32.142180401671901 ], [ 34.990356824407996, 32.142330619186566 ], [ 34.99024944198387, 32.142430620627216 ], [ 34.990163250966283, 32.142603645735107 ], [ 34.990017284196718, 32.142843639917125 ], [ 34.989877274605064, 32.143084912829565 ], [ 34.989726762636309, 32.143285022860105 ], [ 34.989581681476409, 32.143498950974639 ], [ 34.989463296287049, 32.143699116097288 ], [ 34.989334156322741, 32.143894894575666 ], [ 34.989215967525638, 32.144081391411476 ], [ 34.98911898830945, 32.144263415274857 ], [ 34.989006097875688, 32.144450062493398 ], [ 34.988893041634142, 32.144636708420421 ], [ 34.988757024596069, 32.144867982392981 ], [ 34.988665615790694, 32.14500450313021 ], [ 34.988541862581641, 32.145231993122181 ], [ 34.988466549647349, 32.145354874587959 ], [ 34.988364309706995, 32.145518712455235 ], [ 34.988256748109094, 32.145691699685507 ], [ 34.988160016754442, 32.145837228805817 ], [ 34.988041668007419, 32.146019356852399 ], [ 34.987944780205005, 32.146160376601934 ], [ 34.987869465701301, 32.146283257687543 ], [ 34.987799594420984, 32.14641530567603 ], [ 34.987665247660466, 32.146638549949806 ], [ 34.987552604647512, 32.14685788504319 ], [ 34.987456040289395, 32.147001723932021 ], [ 34.987350375401704, 32.147141741601175 ], [ 34.987272157219572, 32.147301252373559 ], [ 34.987145772254685, 32.147518309037707 ], [ 34.987062942419698, 32.147666257173725 ], [ 34.986934319591676, 32.147849070771827 ], [ 34.986833160992681, 32.147973456060441 ], [ 34.986750350047146, 32.14811351248553 ], [ 34.986672193557808, 32.148245827816282 ], [ 34.986534201919163, 32.148467514370779 ], [ 34.986401142340604, 32.148564650136912 ], [ 34.986112541137885, 32.148533013157255 ], [ 34.985819355786255, 32.148548006145973 ], [ 34.985599365283541, 32.148567211904897 ], [ 34.985388668294483, 32.148578542740168 ], [ 34.985141222957367, 32.148581918042822 ], [ 34.98487998285637, 32.148604855716599 ], [ 34.984600525975324, 32.148627760313907 ], [ 34.984371435463387, 32.14864286214312 ], [ 34.984151453930203, 32.148658120087802 ], [ 34.983936081894129, 32.14868493935429 ], [ 34.983615309183556, 32.148738910253591 ], [ 34.983331364708164, 32.148836483772243 ], [ 34.98304721213389, 32.148882625662928 ], [ 34.982859331454023, 32.14890963275186 ], [ 34.982566107595197, 32.148940258696612 ], [ 34.982373645963584, 32.148943866525698 ], [ 34.982172038359685, 32.148962957889999 ], [ 34.981883341900215, 32.148970199692755 ], [ 34.981443657029658, 32.148953786239638 ], [ 34.981164117011396, 32.148941738914807 ], [ 34.980907588642921, 32.148933395563589 ], [ 34.980664798204501, 32.148929161967942 ], [ 34.980458638676438, 32.148913157695965 ], [ 34.980130090676525, 32.148894680911546 ], [ 34.979937676714329, 32.148878839924251 ], [ 34.979562201933696, 32.14881575368517 ], [ 34.979296466865001, 32.148780337154861 ], [ 34.979090068454134, 32.148861694183843 ], [ 34.978906584403248, 32.148986067180182 ], [ 34.978791725519741, 32.149087031070401 ], [ 34.978631125717222, 32.149199750100657 ], [ 34.978498057801602, 32.149296877506004 ], [ 34.978342095028864, 32.149409462859985 ], [ 34.978218144654839, 32.149502660940826 ], [ 34.978085065057009, 32.149603732292199 ], [ 34.977942711375924, 32.149704787809284 ], [ 34.977818779366089, 32.149790235584 ], [ 34.977570915713571, 32.149961130764623 ], [ 34.977433372426098, 32.1500582490116 ], [ 34.977300136637432, 32.150155374836196 ], [ 34.977152191478041, 32.150306158271967 ], [ 34.976912892468235, 32.150494820961718 ], [ 34.976688719526713, 32.150661811657251 ], [ 34.976522939102871, 32.150790863500035 ], [ 34.97629881103645, 32.150938831323039 ], [ 34.976110514435696, 32.151063895822809 ], [ 34.975868413172542, 32.151246070320987 ], [ 34.9756713086269, 32.151382672821676 ], [ 34.975375504193181, 32.151579826233778 ], [ 34.975200610572458, 32.15170885982387 ], [ 34.974971949844068, 32.151879643029723 ], [ 34.974706969508084, 32.152068819435854 ], [ 34.974563453929278, 32.152167332262223 ], [ 34.974388597319219, 32.152281147162796 ], [ 34.974271953928884, 32.152429306645075 ], [ 34.974320811513024, 32.152562549389089 ], [ 34.974374131187922, 32.152699464173011 ], [ 34.974463191090621, 32.152916477254486 ], [ 34.974520916218772, 32.153080171252363 ], [ 34.974587489864717, 32.153281784194284 ], [ 34.974654120703185, 32.153460712810293 ], [ 34.97472095638792, 32.153624423243748 ], [ 34.974774286808831, 32.153757533230369 ], [ 34.974872840979593, 32.154019933797876 ], [ 34.974970810135588, 32.154252039575525 ], [ 34.975042019516138, 32.154389127156726 ], [ 34.975180023736876, 32.154640467328683 ], [ 34.975260372629151, 32.154766017673303 ], [ 34.975411880597036, 32.154983142182282 ], [ 34.97549656418208, 32.155097427911606 ], [ 34.975594783179062, 32.155230618713162 ], [ 34.975688420343609, 32.155341115871011 ], [ 34.975835495899673, 32.155543014238859 ], [ 34.975920641484556, 32.15567181382697 ], [ 34.976059025143449, 32.155839457291677 ], [ 34.976179373407064, 32.155999458822983 ], [ 34.976290962707814, 32.15615183609588 ], [ 34.976384555701507, 32.156281213302684 ], [ 34.976473676213097, 32.156410723963134 ], [ 34.976562933951499, 32.156551647785733 ], [ 34.976647582572426, 32.156681149366499 ], [ 34.976776821405714, 32.156863852496848 ], [ 34.976852720560693, 32.156981925218368 ], [ 34.976937330436748, 32.157127349329997 ], [ 34.977039780551749, 32.157359460568422 ], [ 34.977112952982992, 32.157508668632666 ], [ 34.97717490991036, 32.157638692702335 ], [ 34.977208518723671, 32.157778388882861 ], [ 34.977253186555522, 32.158067180607986 ], [ 34.97726404413384, 32.158230790010229 ], [ 34.977252124033726, 32.158495526047965 ], [ 34.977211785674541, 32.158731326920133 ], [ 34.977177495775891, 32.158865969310433 ], [ 34.977058149584614, 32.159034135121104 ], [ 34.976921906851182, 32.159202411118891 ], [ 34.976769786417336, 32.159427441920471 ], [ 34.976662741840414, 32.159577030178951 ], [ 34.976486116916988, 32.15979736782451 ], [ 34.976397643209744, 32.159938957107592 ], [ 34.976221184083094, 32.160092224510663 ], [ 34.976117393828169, 32.160198278240749 ], [ 34.975954721615082, 32.16033578892236 ], [ 34.975824512642056, 32.160540427283351 ], [ 34.97570829764674, 32.160646599803457 ], [ 34.975494496470141, 32.160894485038696 ], [ 34.975373573920294, 32.161028125167 ], [ 34.975178420687762, 32.161236590574504 ], [ 34.975066908983727, 32.161382083354241 ], [ 34.974959800009898, 32.16155534180821 ], [ 34.974773990036319, 32.161736206395581 ], [ 34.974690198971281, 32.16185821799646 ], [ 34.974567406344036, 32.162010311632457 ], [ 34.974390900511104, 32.162179357535287 ], [ 34.974237613742346, 32.162336749293679 ], [ 34.974102872123467, 32.162431050692383 ], [ 34.973954381392495, 32.162525326906255 ], [ 34.973801096835999, 32.162615648905948 ], [ 34.973624788016949, 32.162705927826195 ], [ 34.973397309892171, 32.162855152835377 ], [ 34.973197728986449, 32.162976951977306 ], [ 34.973058357229306, 32.163067297585386 ], [ 34.972840203035112, 32.163196952799574 ], [ 34.972663932095834, 32.163271450134545 ], [ 34.972492052594056, 32.163377517677048 ], [ 34.972178646879797, 32.163573221366256 ], [ 34.971983691968674, 32.16369897236072 ], [ 34.971811830927109, 32.163797147498791 ], [ 34.971570422683349, 32.16395028887522 ], [ 34.971408022486493, 32.164040591168103 ], [ 34.97123152203644, 32.164138756966111 ], [ 34.971027287246606, 32.164264489367504 ], [ 34.970874163346117, 32.164354808076347 ], [ 34.97060027479835, 32.164511832027628 ], [ 34.9704467621738, 32.164688805410719 ], [ 34.970441771470867, 32.164826740992439 ], [ 34.970445815526936, 32.165059238884375 ], [ 34.970454749857971, 32.165193114227776 ], [ 34.970504689714097, 32.165421470299762 ], [ 34.970601373445916, 32.165638358185205 ], [ 34.970656690047583, 32.165772459877708 ], [ 34.970702670258305, 32.165930074513497 ], [ 34.970780812038825, 32.166142983601667 ], [ 34.970840647036745, 32.166324295552293 ], [ 34.970692055980223, 32.166454075354551 ], [ 34.970529444761752, 32.166560157273246 ], [ 34.970366958571397, 32.166681878825266 ], [ 34.970148721278107, 32.166839146223907 ], [ 34.969972269742257, 32.166980568797229 ], [ 34.969761321630905, 32.167137143827667 ], [ 34.969631351795421, 32.167239339804873 ], [ 34.96944100293598, 32.167372844338722 ], [ 34.969204023810846, 32.167537825193406 ], [ 34.969069455724885, 32.167624371522997 ], [ 34.968888412368891, 32.167746056627543 ], [ 34.968744329816516, 32.167860061300686 ], [ 34.968623654835518, 32.167954382941687 ], [ 34.968461008053758, 32.168072297987969 ], [ 34.968249913082445, 32.168219711682639 ], [ 34.968124274884779, 32.168311346184012 ], [ 34.967998655358343, 32.168395653613175 ], [ 34.967838317998925, 32.168516530908448 ], [ 34.967647646574861, 32.168644818896382 ], [ 34.967478751064633, 32.168743698774726 ], [ 34.967357418983134, 32.168835340566126 ], [ 34.967218847420312, 32.16893075454125 ], [ 34.966972045099517, 32.169047804662149 ], [ 34.966643409888405, 32.169036197504241 ], [ 34.966409046207758, 32.169019835010268 ], [ 34.96599811988974, 32.168992712205387 ], [ 34.965566650888874, 32.168966112903554 ], [ 34.965381144514886, 32.168954490312771 ], [ 34.965129395307414, 32.168935133857353 ], [ 34.964886415437931, 32.168919737897056 ], [ 34.964599224941388, 32.168896649349051 ], [ 34.964258995908658, 32.168884731767143 ], [ 34.964081924276698, 32.169004585962881 ], [ 34.96409925552063, 32.169154822393018 ], [ 34.964129584207434, 32.169338899422236 ], [ 34.964146905974602, 32.169492798858514 ], [ 34.964172790342012, 32.169729425080853 ], [ 34.964190240297796, 32.169897555765168 ], [ 34.964198596185867, 32.170059047393558 ], [ 34.964220440435653, 32.170194215461038 ], [ 34.964237398627219, 32.170423356142656 ], [ 34.964258838953278, 32.170712530620527 ], [ 34.964293375413661, 32.170998066899486 ], [ 34.964301692392034, 32.171174493728294 ], [ 34.964327608056117, 32.171462971461139 ], [ 34.964340348746283, 32.171658288172594 ], [ 34.964357581159781, 32.171846144844167 ], [ 34.964370381087079, 32.172018917114336 ], [ 34.964387664200821, 32.172187892365699 ], [ 34.964409194967836, 32.172379421107848 ], [ 34.964430704970191, 32.172642388028969 ], [ 34.964446200462227, 32.172798115401335 ], [ 34.96445907936404, 32.172940874697403 ], [ 34.964467366892706, 32.173128714352352 ], [ 34.964312585576629, 32.173210990523081 ], [ 34.964148985537975, 32.173244496748822 ], [ 34.963963147595706, 32.173292895804273 ], [ 34.963746524531167, 32.173330105342124 ], [ 34.963388530386815, 32.17338944912396 ], [ 34.963207213993471, 32.173419256439495 ], [ 34.963017097113053, 32.173456374578819 ], [ 34.962667852232507, 32.173527004374982 ], [ 34.962398195472275, 32.173571577904873 ], [ 34.962066550295013, 32.17362730440064 ], [ 34.961783629632947, 32.173675655825399 ], [ 34.961659649240403, 32.173761791511303 ], [ 34.961540081341695, 32.173870339397183 ], [ 34.9614052131504, 32.174000979374931 ], [ 34.961201421684613, 32.174195880216303 ], [ 34.961064045910192, 32.174334546263083 ], [ 34.960926699331964, 32.174462081528254 ], [ 34.96078505605896, 32.174585663074339 ], [ 34.960638723427408, 32.174728116013135 ], [ 34.96051913277558, 32.174844272094838 ], [ 34.960399551589042, 32.174956764142365 ], [ 34.960284463706266, 32.175061655516309 ], [ 34.960098268046607, 32.17524151160999 ], [ 34.959969815333757, 32.175387802894903 ], [ 34.959823480524356, 32.175530114182969 ], [ 34.959605250331187, 32.175731888504949 ], [ 34.959432502170735, 32.175900496449614 ], [ 34.959418846504057, 32.176050673331396 ], [ 34.959387384163172, 32.176230968567239 ], [ 34.959369370231258, 32.176399876901186 ], [ 34.959333404485619, 32.176591294070235 ], [ 34.959306464676018, 32.176752717447073 ], [ 34.959274965028953, 32.177008113760948 ], [ 34.959220948139659, 32.177320250643803 ], [ 34.959193740223853, 32.177457719458047 ], [ 34.959159436672522, 32.177646603958102 ], [ 34.959124938861954, 32.177846197612361 ], [ 34.959097747189638, 32.177977888717038 ], [ 34.959076992861043, 32.178118188069071 ], [ 34.959049316367839, 32.178430235221235 ], [ 34.959018560868159, 32.178593482602231 ], [ 34.959004606222479, 32.178730977053647 ], [ 34.958977298833169, 32.178905644038331 ], [ 34.958949707083676, 32.179062556207583 ], [ 34.958918812144944, 32.179277232713048 ], [ 34.95887101826164, 32.17949201798374 ], [ 34.95884711511345, 32.179632311150627 ], [ 34.958802803846979, 32.179783977620289 ], [ 34.958768710144227, 32.17995567261179 ], [ 34.958737937041995, 32.18012469665225 ], [ 34.958689520843691, 32.180447693337698 ], [ 34.958665170973177, 32.180754110620633 ], [ 34.958634428438913, 32.180911580163752 ], [ 34.958600160623156, 32.181086233479249 ], [ 34.958555851969898, 32.181298065694463 ], [ 34.958507777125824, 32.181555120245179 ], [ 34.958466820258323, 32.181752587259723 ], [ 34.958429145756575, 32.181961614242105 ], [ 34.958394607756723, 32.1822364492864 ], [ 34.958360511964898, 32.182408284769906 ], [ 34.958333066423869, 32.182571537410261 ], [ 34.958288810234279, 32.182763361790535 ], [ 34.958257675241768, 32.182943234242742 ], [ 34.958223360042197, 32.183134936352459 ], [ 34.958202715402486, 32.183295385020102 ], [ 34.958168649939488, 32.183455666877641 ], [ 34.95814801203403, 32.183613155899742 ], [ 34.958113634132417, 32.183827965940822 ], [ 34.9580862286005, 32.183976424870643 ], [ 34.958055445625298, 32.184148125994412 ], [ 34.958017846198274, 32.184328549367606 ], [ 34.957980231438384, 32.184514608816649 ], [ 34.957942508330746, 32.184740826085346 ], [ 34.957915242302107, 32.184898302120516 ], [ 34.957884297607478, 32.185130168688005 ], [ 34.957839712075085, 32.185381593496139 ], [ 34.957822449472943, 32.185516263152188 ], [ 34.957805329450146, 32.18565938726298 ], [ 34.957781218823975, 32.185814051335932 ], [ 34.957740188889105, 32.186037303308922 ], [ 34.957692860817929, 32.186199671968048 ], [ 34.95766730757105, 32.186336297604612 ], [ 34.957626503359705, 32.18653700547857 ], [ 34.957590651204114, 32.186806059828463 ], [ 34.957539416962035, 32.187126373730194 ], [ 34.957498594130485, 32.187395418325877 ], [ 34.957447555519572, 32.187643026597812 ], [ 34.957406765741538, 32.187899248807902 ], [ 34.957350202328449, 32.18816784054853 ], [ 34.957299162870846, 32.188415448726211 ], [ 34.957237950461142, 32.188748564417409 ], [ 34.957186948973096, 32.189043093059141 ], [ 34.957130822488004, 32.189333524784203 ], [ 34.957080004727949, 32.189559856687225 ], [ 34.957044053644623, 32.189803266667539 ], [ 34.957023508280066, 32.189986823238634 ], [ 34.957028869302817, 32.190148590293042 ], [ 34.957048561394238, 32.190280935982905 ], [ 34.957118600351421, 32.190422117447973 ], [ 34.957258871775494, 32.19057188940377 ], [ 34.957404211249489, 32.190747315882078 ], [ 34.957499494809511, 32.190867128281425 ], [ 34.957654685027734, 32.191076671751148 ], [ 34.957815047026969, 32.191273544298014 ], [ 34.957905196223194, 32.191393205697025 ], [ 34.958000469719281, 32.191517245229235 ], [ 34.958170729213641, 32.191731185624064 ], [ 34.958327947584856, 32.191927064840876 ], [ 34.958528439025713, 32.192175161612148 ], [ 34.958638615891751, 32.192303597840905 ], [ 34.95873391441728, 32.19241904110455 ], [ 34.958829047368305, 32.192534625552753 ], [ 34.95891917605686, 32.192662881023622 ], [ 34.959024547960475, 32.192791307583072 ], [ 34.959209937306632, 32.192988085301678 ], [ 34.959269771068769, 32.193167712005625 ], [ 34.959304584319788, 32.193347148610847 ], [ 34.959349374147607, 32.193513782146667 ], [ 34.959575601872437, 32.193497171268604 ], [ 34.959731584916305, 32.193476055894664 ], [ 34.960073300142071, 32.193523778528402 ], [ 34.960072726997524, 32.193676374552936 ], [ 34.960056905817765, 32.193954063759307 ], [ 34.960046204869776, 32.194176105990614 ], [ 34.960055627606607, 32.194432426713583 ], [ 34.960049475774952, 32.194812570258158 ], [ 34.960048973497138, 32.195000534128141 ], [ 34.960060928454745, 32.195239528436282 ], [ 34.960111087860923, 32.195505790559046 ], [ 34.960178422060295, 32.195670635787145 ], [ 34.960258570180486, 32.195814652998202 ], [ 34.960380647032181, 32.196081194487888 ], [ 34.960498532135794, 32.196304471279639 ], [ 34.960616468300394, 32.196570863861751 ], [ 34.960696685801132, 32.196689799762829 ], [ 34.960776689329826, 32.196826629178666 ], [ 34.960860925087339, 32.196992352442109 ], [ 34.961013703787444, 32.197305027841381 ], [ 34.961195405892468, 32.197460089128846 ], [ 34.961352061440749, 32.197499983764168 ], [ 34.961555009332542, 32.197579561470128 ], [ 34.961711502931394, 32.197680606708268 ], [ 34.961816960603613, 32.197842707023419 ], [ 34.961871308167687, 32.198094603857569 ], [ 34.961955413681274, 32.198310628183258 ], [ 34.96206488236183, 32.198523178709479 ], [ 34.962187458940164, 32.198667275047136 ], [ 34.962350333093653, 32.198800035504249 ], [ 34.962553189699499, 32.198915541858341 ], [ 34.962773088119533, 32.199041788158056 ], [ 34.962988667008744, 32.199171830428504 ], [ 34.963242518364396, 32.199305326989389 ], [ 34.96347085954595, 32.199435252096372 ], [ 34.96367371861556, 32.199550896429869 ], [ 34.963889485774615, 32.199673610576731 ], [ 34.964100780064221, 32.199796315855195 ], [ 34.964278433853586, 32.199918956905769 ], [ 34.964494037248485, 32.200041669707879 ], [ 34.96463786257587, 32.200110280092183 ], [ 34.964890415397626, 32.200235316713155 ], [ 34.965017299997292, 32.200318407786099 ], [ 34.96526258719301, 32.20043399010121 ], [ 34.965558805160711, 32.200527967771507 ], [ 34.965846722745546, 32.200564582351021 ], [ 34.966016054215011, 32.200575610286158 ], [ 34.966217419664552, 32.200567394885944 ], [ 34.966468649756479, 32.200565049785126 ], [ 34.966735275978159, 32.200568509909445 ], [ 34.967174822872359, 32.200541296282246 ], [ 34.967429282065048, 32.200507956725474 ], [ 34.967667232956927, 32.200514038522378 ], [ 34.96791161784185, 32.200531404124376 ], [ 34.968172696368619, 32.200565567191589 ], [ 34.968430308843246, 32.200594088044106 ], [ 34.968648316548311, 32.20062253454217 ], [ 34.968846474605236, 32.200636994093131 ], [ 34.969114204128545, 32.20066271434338 ], [ 34.969394037555837, 32.200686201176069 ], [ 34.96970441304537, 32.200754129573717 ], [ 34.969882743185657, 32.200810680848932 ], [ 34.970074115084088, 32.200886840846898 ], [ 34.970252482863543, 32.200929301395398 ], [ 34.970447507789245, 32.200937975850422 ], [ 34.970718480439203, 32.200927345345185 ], [ 34.970930090653852, 32.200865879680492 ], [ 34.971092144070624, 32.200807281871775 ], [ 34.971383252708641, 32.200698336511358 ], [ 34.97159411582642, 32.200604179814036 ], [ 34.971842151882193, 32.200489517974333 ], [ 34.972206043096826, 32.200366615163851 ], [ 34.972453934048794, 32.200308173184474 ], [ 34.972817674182195, 32.200244305917224 ], [ 34.973098623358865, 32.200219457618395 ], [ 34.973359663970456, 32.200203167166656 ], [ 34.973587685945724, 32.200203583569454 ], [ 34.973807947736169, 32.200258655690597 ], [ 34.97408524272457, 32.200368643175509 ], [ 34.974283245805701, 32.200444808893295 ], [ 34.974431922200218, 32.200498481740247 ], [ 34.974636639415969, 32.200540842447566 ], [ 34.974960431490018, 32.200547066463294 ], [ 34.975231260881976, 32.200592505780456 ], [ 34.975409483006686, 32.200693855709282 ], [ 34.975617262239666, 32.200837389021316 ], [ 34.975736013050827, 32.200930318290247 ], [ 34.975848094640696, 32.201040002147039 ], [ 34.975973288343639, 32.201141255423536 ], [ 34.97611851956546, 32.201248181762551 ], [ 34.976281545420697, 32.201396846354093 ], [ 34.976449672021616, 32.201560033138747 ], [ 34.976647420955828, 32.201740040707726 ], [ 34.976779133252222, 32.201886253126709 ], [ 34.976856223371257, 32.202006863052446 ], [ 34.976944817288818, 32.2022330304614 ], [ 34.977100228391222, 32.202445932840909 ], [ 34.977283988086825, 32.20265493976553 ], [ 34.977505621973116, 32.202827943281847 ], [ 34.977661208243845, 32.202904450519377 ], [ 34.977892577546505, 32.202961085599135 ], [ 34.978161731024869, 32.20301778786353 ], [ 34.978331640222869, 32.20306613935356 ], [ 34.978492132074294, 32.203102637961088 ], [ 34.978784964965634, 32.203167271755476 ], [ 34.978945476986688, 32.203195738593266 ], [ 34.979129667772838, 32.203232137967127 ], [ 34.97942578298079, 32.203310162111656 ], [ 34.979633546376895, 32.203330539326458 ], [ 34.97994538025835, 32.203351242554014 ], [ 34.980214528305638, 32.20334368879243 ], [ 34.980394197848675, 32.203331889120946 ], [ 34.980554810067368, 32.20332019703838 ], [ 34.980918651494648, 32.203284769500861 ], [ 34.98107899920165, 32.203381289593139 ], [ 34.981352649279479, 32.203498157806912 ], [ 34.981579274754928, 32.203598880110782 ], [ 34.981763174651235, 32.203687550281003 ], [ 34.981914310813458, 32.203756013222502 ], [ 34.982159654814623, 32.203860853373477 ], [ 34.982390854159725, 32.20398962213072 ], [ 34.982579522293427, 32.20409436194506 ], [ 34.982739823260935, 32.204211029161748 ], [ 34.982915527823593, 32.204400005129514 ], [ 34.983073581819106, 32.204555416459606 ], [ 34.983271458155926, 32.2047592261952 ], [ 34.983394574665674, 32.204902598607191 ], [ 34.983484089504017, 32.205029848834364 ], [ 34.983584880164102, 32.205154019279327 ], [ 34.98371914511408, 32.205348276491229 ], [ 34.983838586410677, 32.20550418306464 ], [ 34.983972982893292, 32.205644333589603 ], [ 34.98411473654027, 32.205825781053882 ], [ 34.984257583209313, 32.206035411700086 ], [ 34.98440679643069, 32.206216871816117 ], [ 34.984555987195549, 32.206407913998198 ], [ 34.98465663550013, 32.206592530350143 ], [ 34.984805926925432, 32.206742146563762 ], [ 34.985053092749652, 32.206713972110521 ], [ 34.985254496216783, 32.206694877218709 ], [ 34.985576418364886, 32.206660490889654 ], [ 34.985737376171748, 32.206644847566849 ], [ 34.98602179911223, 32.206629416434772 ], [ 34.986332579958926, 32.206610931616858 ], [ 34.986631932562005, 32.206589184463311 ], [ 34.986815413624001, 32.206579918952379 ], [ 34.987114539244004, 32.206653562067572 ], [ 34.987297808870039, 32.206733345997762 ], [ 34.987491716701044, 32.206799902608076 ], [ 34.987653635246325, 32.206867955145768 ], [ 34.987820075705386, 32.2069167108763 ], [ 34.987958268914639, 32.206995993696204 ], [ 34.988120225562639, 32.20704868663158 ], [ 34.988320750729571, 32.207120748719845 ], [ 34.988493903253975, 32.207204318223837 ], [ 34.988662581939572, 32.207288020534314 ], [ 34.988853947300676, 32.207379369590328 ], [ 34.988981503766674, 32.207472582748387 ], [ 34.989129522649904, 32.207602747571201 ], [ 34.989250212179186, 32.207726947354885 ], [ 34.989344091084149, 32.207835179646089 ], [ 34.989441951325553, 32.207941868480113 ], [ 34.98961949616011, 32.208132107005319 ], [ 34.989721686015677, 32.208300940826646 ], [ 34.989801281175865, 32.208423097206264 ], [ 34.989930945807927, 32.208607477225556 ], [ 34.9900107726207, 32.208772186916434 ], [ 34.990101766977702, 32.208910002848626 ], [ 34.990219939022602, 32.20911944420471 ], [ 34.990317783173282, 32.209234022866717 ], [ 34.990410837664115, 32.209412422019916 ], [ 34.990522924060436, 32.20960226618493 ], [ 34.990600109671163, 32.209763307997193 ], [ 34.990699983438702, 32.209932137077253 ], [ 34.990768018222965, 32.210108521474787 ], [ 34.99082926279862, 32.210283061951159 ], [ 34.990892711569082, 32.210436330495511 ], [ 34.990956654065087, 32.210591290669868 ], [ 34.991022483271195, 32.210719200689468 ], [ 34.99112465129577, 32.210899728427997 ], [ 34.991147201038942, 32.211037287418314 ], [ 34.991192352956872, 32.211219550421269 ], [ 34.991217128690991, 32.211397833774633 ], [ 34.991221190739637, 32.211645829207995 ], [ 34.99123638704512, 32.211952035951164 ], [ 34.991247510602044, 32.21208577194291 ], [ 34.991272057773294, 32.212291248850661 ], [ 34.991324811533829, 32.212483105962662 ], [ 34.991417884400171, 32.212655869126259 ], [ 34.991552160104611, 32.212785866305602 ], [ 34.991684317627929, 32.21290050162154 ], [ 34.99182089124254, 32.213040224430671 ], [ 34.991936874273371, 32.21319738530984 ], [ 34.992023381406128, 32.213343505717553 ], [ 34.992123704575576, 32.213464146123087 ], [ 34.992239335380788, 32.213558744485958 ], [ 34.992366900311289, 32.213653504336691 ], [ 34.992515670875726, 32.213752244870925 ], [ 34.992673993671303, 32.21387706797465 ], [ 34.992791918379709, 32.213983787741064 ], [ 34.992905387796021, 32.214082467821406 ], [ 34.99302331792736, 32.214187074517007 ], [ 34.993117676396217, 32.214307844827772 ], [ 34.993229514741294, 32.214466828178622 ], [ 34.993337943174424, 32.214595512364198 ], [ 34.993429995573919, 32.214710220453306 ], [ 34.993531454256185, 32.214843119463808 ], [ 34.993625763366069, 32.214985870099781 ], [ 34.993767280735966, 32.215140817393504 ], [ 34.993887671358564, 32.215257685214681 ], [ 34.994059084038213, 32.215386191376297 ], [ 34.994196142228034, 32.215462788958952 ], [ 34.994349723963332, 32.21556153441697 ], [ 34.99455512311409, 32.215686433351898 ], [ 34.994734708433221, 32.21579325362076 ], [ 34.994876560169139, 32.215875917447505 ], [ 34.995001672441546, 32.21595855248767 ], [ 34.995166955145294, 32.216087329242669 ], [ 34.995327624596925, 32.216204262339573 ], [ 34.995520398487834, 32.216342946816127 ], [ 34.995688210234562, 32.216453691542441 ], [ 34.995872416376969, 32.21657052212165 ], [ 34.996011747295519, 32.216669242947248 ], [ 34.996129887157849, 32.216757924405812 ], [ 34.99630712445056, 32.216878828815197 ], [ 34.996467626047682, 32.216997591686628 ], [ 34.996654284196211, 32.217130487589067 ], [ 34.99680667954145, 32.217243037898086 ], [ 34.996934272596789, 32.217329761037583 ], [ 34.997071263218203, 32.217438481151412 ], [ 34.997227186092566, 32.217531168807746 ], [ 34.997404296512421, 32.217635867451548 ], [ 34.997574436978915, 32.217744781969209 ], [ 34.997744587414211, 32.217849468747751 ], [ 34.997874511360081, 32.217932108797932 ], [ 34.998019053745843, 32.218074093202944 ], [ 34.998143126462075, 32.218252818465551 ], [ 34.998240484206725, 32.218371194679655 ], [ 34.998331927646312, 32.218539722458353 ], [ 34.998446868072101, 32.218726041710589 ], [ 34.998638950740705, 32.218882193083623 ], [ 34.998751880381249, 32.219004680186188 ], [ 34.998875993811211, 32.219092945844558 ], [ 34.9990237355264, 32.219213798464203 ], [ 34.999242460233049, 32.219390140569175 ], [ 34.999404937230302, 32.219518625836635 ], [ 34.999576342927817, 32.219657269435928 ], [ 34.999796391655813, 32.219835445128894 ], [ 34.999979543595259, 32.219984111487953 ], [ 35.000168664509239, 32.220132646546169 ], [ 35.000325183532567, 32.220258724978599 ], [ 35.000523221930521, 32.220422350685219 ], [ 35.000738985028192, 32.220591217801157 ], [ 35.000857089854151, 32.220699480419007 ], [ 35.001069871228658, 32.220868342164842 ], [ 35.001239443098726, 32.221013884536113 ], [ 35.001378274169014, 32.221119784854984 ], [ 35.001517083656545, 32.221235547704879 ], [ 35.001688518295573, 32.221364043490262 ], [ 35.00190131293985, 32.22152783136044 ], [ 35.00207851688905, 32.22167141354177 ], [ 35.002240973871579, 32.221812575872313 ], [ 35.002413214003759, 32.221952907759395 ], [ 35.002599535240755, 32.222096502870897 ], [ 35.002753104878387, 32.222209892799924 ], [ 35.002956447290359, 32.222377468393461 ], [ 35.003106567387221, 32.222477184183262 ], [ 35.003280841838802, 32.222597652007373 ], [ 35.00343547952582, 32.222678634798207 ], [ 35.003593196649398, 32.222791184429447 ], [ 35.003749874042072, 32.222924727346317 ], [ 35.00394844631785, 32.223077216979739 ], [ 35.004120539738267, 32.223210782977077 ], [ 35.004301530551665, 32.223368739613271 ], [ 35.004578365819746, 32.223586448567993 ], [ 35.00476154138132, 32.223731304297118 ], [ 35.004884983091934, 32.223829144320916 ], [ 35.00503738284965, 32.223949433602463 ], [ 35.005213901752974, 32.224107522545076 ], [ 35.005381960607309, 32.224268698222247 ], [ 35.005553845791553, 32.224499907043999 ], [ 35.005657478045244, 32.224637168707261 ], [ 35.005763310253911, 32.22475371996547 ], [ 35.005898488937056, 32.224943164420182 ], [ 35.006004268550612, 32.225084232851493 ], [ 35.006101276050174, 32.225219510659485 ], [ 35.006246802230841, 32.225377407934729 ], [ 35.006368147591701, 32.225525968955878 ], [ 35.006502549125926, 32.225693289184747 ], [ 35.0066179245878, 32.22584338986335 ], [ 35.006741463449586, 32.225975044767431 ], [ 35.00685390037701, 32.226104850693673 ], [ 35.006988339134473, 32.226255263074407 ], [ 35.007120773065267, 32.226413139778892 ], [ 35.007253065985346, 32.226559884612186 ], [ 35.007399547319203, 32.226738213540372 ], [ 35.00753845980968, 32.226890462900805 ], [ 35.007659664115053, 32.227029581755623 ], [ 35.007776555237498, 32.227170665964216 ], [ 35.007886828623107, 32.227305963004341 ], [ 35.008007997650765, 32.227461988839671 ], [ 35.008116823880279, 32.227576429883896 ], [ 35.008246917295871, 32.227745573934754 ], [ 35.008337340596654, 32.227862099083303 ], [ 35.008423296084167, 32.22797495422936 ], [ 35.008535754174467, 32.22809715038948 ], [ 35.008656653852654, 32.228225417643735 ], [ 35.008805159493903, 32.228389375558692 ], [ 35.00894004266933, 32.228567684715749 ], [ 35.00907843189799, 32.228734445606257 ], [ 35.009251211710136, 32.228943529228424 ], [ 35.009342259449433, 32.229078795285929 ], [ 35.009490750420134, 32.229251348072204 ], [ 35.009662719044243, 32.229452680919572 ], [ 35.009760590082045, 32.229576262065962 ], [ 35.009932725415439, 32.229777593893395 ], [ 35.010044017802045, 32.22990415508891 ], [ 35.010135117589442, 32.230016453345236 ], [ 35.010276765454563, 32.230211961063802 ], [ 35.010428877080585, 32.230398326256697 ], [ 35.010533571721382, 32.230510504405579 ], [ 35.010708964930707, 32.230740585112329 ], [ 35.01089109342896, 32.230921782576466 ], [ 35.010870553504226, 32.231071107507745 ], [ 35.010698293193492, 32.231238658419727 ], [ 35.01047759868684, 32.231498002141429 ], [ 35.010371517376271, 32.231648464495017 ], [ 35.010434139247614, 32.231823279376691 ], [ 35.010508136757757, 32.231949641310322 ], [ 35.010639736834563, 32.232194730737504 ], [ 35.010742212452378, 32.232415822471737 ], [ 35.010804757278962, 32.232549493587996 ], [ 35.010916018409048, 32.232692961286276 ], [ 35.011081442063301, 32.232858211132204 ], [ 35.011226905455594, 32.232977355006746 ], [ 35.011432519447304, 32.23310884928221 ], [ 35.011562628713584, 32.233198238734474 ], [ 35.011768300465967, 32.233302820004397 ], [ 35.011993940853024, 32.233371219701283 ], [ 35.012145382485805, 32.233407802477245 ], [ 35.012410939235565, 32.233493170406874 ], [ 35.012565134921722, 32.233639097867957 ], [ 35.012721953034259, 32.23379954136518 ], [ 35.012893143286675, 32.233984382296406 ], [ 35.013010072040835, 32.234115598904651 ], [ 35.01310746030935, 32.234236639969254 ], [ 35.013284257933535, 32.234435861321785 ], [ 35.013443976835134, 32.234637593308918 ], [ 35.013538039504581, 32.234763983742923 ], [ 35.013632122747637, 32.234880652111876 ], [ 35.013752037937195, 32.235012012302953 ], [ 35.013862304733387, 32.235158716844609 ], [ 35.014013421002375, 32.235353108212593 ], [ 35.014170168558415, 32.235550043659714 ], [ 35.014361789298576, 32.235479880865078 ], [ 35.014625110575437, 32.235368541356948 ], [ 35.014825365952873, 32.235291204585408 ], [ 35.015145805204533, 32.235136269528418 ], [ 35.015334675641377, 32.235032143933957 ], [ 35.015472104839809, 32.234952317016564 ], [ 35.015758587944937, 32.234702643362468 ], [ 35.015879974142202, 32.23460391160669 ], [ 35.01604614773089, 32.234492423262374 ], [ 35.016275102591457, 32.234322836686417 ], [ 35.016518485343973, 32.234150875124755 ], [ 35.016730299528852, 32.234012824321461 ], [ 35.016956359375747, 32.233879584511541 ], [ 35.017158866047666, 32.233752649774594 ], [ 35.017445136802195, 32.233602590005624 ], [ 35.017596833368714, 32.233515314262853 ], [ 35.017748475692414, 32.23345494990285 ], [ 35.017960028617715, 32.2334431450167 ], [ 35.018208601174422, 32.233487190695186 ], [ 35.018457129496042, 32.233553075888842 ], [ 35.018739933215251, 32.233638455905769 ], [ 35.018914200047028, 32.233701835976333 ], [ 35.019103564636723, 32.233759461177364 ], [ 35.019311099360948, 32.23384909683184 ], [ 35.019474901971677, 32.233923310950345 ], [ 35.019628587191441, 32.233999763598817 ], [ 35.019800337668968, 32.23407835620646 ], [ 35.019961657400671, 32.234150451406293 ], [ 35.020110231605599, 32.234213792329477 ], [ 35.020256020681671, 32.234342507642978 ], [ 35.020204532631048, 32.234473049180409 ], [ 35.020085790641645, 32.234659712832276 ], [ 35.020011058119181, 32.234807691352124 ], [ 35.019957091355131, 32.234933860968034 ], [ 35.019874727832452, 32.235083942922934 ], [ 35.019807821757603, 32.235214461769083 ], [ 35.019763843271811, 32.235401656299949 ], [ 35.01976622359345, 32.235536221582379 ], [ 35.019791215852685, 32.235801858462644 ], [ 35.019829350640407, 32.235963106242529 ], [ 35.019867520876574, 32.236106882190604 ], [ 35.019887690504795, 32.236298397902459 ], [ 35.019915813668767, 32.236491897395332 ], [ 35.019941040835498, 32.23664213546347 ], [ 35.019963772284292, 32.236796738974789 ], [ 35.019989181427604, 32.236938382486585 ], [ 35.02000947016186, 32.237071141459047 ], [ 35.020034653529883, 32.237243220390333 ], [ 35.020052389396319, 32.237408664920984 ], [ 35.02009020896908, 32.237726595292415 ], [ 35.020125534413715, 32.237966180420429 ], [ 35.020132930847389, 32.238162186280832 ], [ 35.020111833307148, 32.238429869536589 ], [ 35.020103596281849, 32.238732233000057 ], [ 35.020108309450137, 32.238943452351968 ], [ 35.020110387718098, 32.239145931473374 ], [ 35.020071648524365, 32.239283114065721 ], [ 35.020043077813575, 32.239474558556566 ], [ 35.020035136050936, 32.239631088513256 ], [ 35.020034639171122, 32.239877103275845 ], [ 35.020013729906871, 32.240051227737851 ], [ 35.019944074454166, 32.24022739480565 ], [ 35.019843771101499, 32.240392807615059 ], [ 35.019748036051304, 32.240512152716285 ], [ 35.019657307615319, 32.240696602264656 ], [ 35.019625688514608, 32.240837598771648 ], [ 35.019611310423066, 32.240979043411429 ], [ 35.019486536644585, 32.241192187051112 ], [ 35.019410168377242, 32.241326354705279 ], [ 35.019316581438218, 32.2415299615731 ], [ 35.019211760332766, 32.241714390126205 ], [ 35.019143485218656, 32.241944101494781 ], [ 35.01911772521143, 32.242138366948787 ], [ 35.01912858537861, 32.242342127649628 ], [ 35.019258073852704, 32.242502945735161 ], [ 35.019429956781238, 32.242687778639265 ], [ 35.019548205348492, 32.242831813304718 ], [ 35.019740307961975, 32.243102766708617 ], [ 35.01984164243558, 32.24324917058108 ], [ 35.019928943229729, 32.243366810777061 ], [ 35.020021848142918, 32.243501085073156 ], [ 35.020131653721862, 32.243640315740301 ], [ 35.020224548199039, 32.243779520761066 ], [ 35.02032028639713, 32.243906754311737 ], [ 35.020427294003554, 32.244036399303937 ], [ 35.020554787775254, 32.244201580409154 ], [ 35.020636434915254, 32.244328652535337 ], [ 35.020749007645449, 32.244494234670128 ], [ 35.020827830909269, 32.244623838348481 ], [ 35.020999590752048, 32.24487348380012 ], [ 35.021086894585899, 32.244991123177037 ], [ 35.021268121191767, 32.245233173730277 ], [ 35.021366690522648, 32.245355478774442 ], [ 35.021468058901888, 32.245487509801947 ], [ 35.0216370613973, 32.245708406369715 ], [ 35.021789059514639, 32.245893208134603 ], [ 35.021881954009849, 32.24603480790752 ], [ 35.02200019746828, 32.246186025535934 ], [ 35.022105026938632, 32.246329191612418 ], [ 35.022203598289927, 32.246451636667025 ], [ 35.022293734106995, 32.246564488154149 ], [ 35.022403522939499, 32.246715693210412 ], [ 35.022496447867887, 32.246842921014654 ], [ 35.022597809984525, 32.246979741317723 ], [ 35.022773109402003, 32.247204872894578 ], [ 35.022908371553562, 32.247387254114855 ], [ 35.023049114906577, 32.247564851035328 ], [ 35.023139251803762, 32.247677701905687 ], [ 35.023316731963739, 32.247891282331771 ], [ 35.023432180846058, 32.248032913251357 ], [ 35.023562524022012, 32.248188514894764 ], [ 35.023646991176676, 32.248318123930183 ], [ 35.02383571617672, 32.248548487248101 ], [ 35.023970753990639, 32.248762145848943 ], [ 35.024004349880826, 32.248961147291823 ], [ 35.024009680187241, 32.249116710587685 ], [ 35.024012992316372, 32.249369916679534 ], [ 35.023998683750463, 32.249562650022533 ], [ 35.023988294188349, 32.249702127594524 ], [ 35.023966348178185, 32.2499003454164 ], [ 35.02396472444957, 32.250050685616536 ], [ 35.023967054678756, 32.250213852852731 ], [ 35.023961267469687, 32.250541019156415 ], [ 35.023952102189888, 32.250732068980533 ], [ 35.023942524481079, 32.25104739318607 ], [ 35.023943526281961, 32.251211545037897 ], [ 35.023926746052986, 32.251396102929796 ], [ 35.023917657253271, 32.251548404605032 ], [ 35.023903432021378, 32.251698726763479 ], [ 35.023888948649443, 32.251895827953973 ], [ 35.023871955738713, 32.252187752250002 ], [ 35.023856257756911, 32.252411903932135 ], [ 35.023848314517508, 32.252655512488467 ], [ 35.0238261686805, 32.252953629058041 ], [ 35.023827212664287, 32.253096363847853 ], [ 35.023816517025331, 32.253390128577884 ], [ 35.023800890645546, 32.25357792810194 ], [ 35.023791597777539, 32.253833088175163 ], [ 35.023782487008567, 32.253996239862737 ], [ 35.023770769576515, 32.254135434066114 ], [ 35.023765336992959, 32.254283513386348 ], [ 35.023760004986606, 32.254463860027784 ], [ 35.023759674101932, 32.254630969499559 ], [ 35.02376318201626, 32.254785543522566 ], [ 35.023798138749541, 32.254968061500037 ], [ 35.02388018928086, 32.255149377969197 ], [ 35.023957038815311, 32.255278272403473 ], [ 35.02401879813349, 32.25540714434284 ], [ 35.024129827237331, 32.255608792762999 ], [ 35.024216658375572, 32.255805333207078 ], [ 35.02430236011724, 32.255985528276732 ], [ 35.024379109459389, 32.256165851203981 ], [ 35.024496601865017, 32.256369762016732 ], [ 35.024589789996597, 32.256538413145769 ], [ 35.024661488621575, 32.25667364014874 ], [ 35.024731005789704, 32.256821685386264 ], [ 35.024804014461303, 32.256965508945463 ], [ 35.024875695482535, 32.257109472151171 ], [ 35.024957813812286, 32.257258381022083 ], [ 35.025022074997466, 32.25738190217622 ], [ 35.025105227515652, 32.257510803921519 ], [ 35.025205078626087, 32.257665233180894 ], [ 35.025323408558329, 32.257867172199632 ], [ 35.02542718756014, 32.2580483777149 ], [ 35.025496356556097, 32.258206285579973 ], [ 35.02560865037556, 32.258442878034565 ], [ 35.025705763006172, 32.258641827033308 ], [ 35.025780619963179, 32.258774380473319 ], [ 35.025887301547563, 32.258998846732034 ], [ 35.025973323822264, 32.259188199426717 ], [ 35.026070544642259, 32.259332620009431 ], [ 35.026223481891421, 32.259477119109299 ], [ 35.026357115521634, 32.259571993432907 ], [ 35.026554843884398, 32.259622010006424 ], [ 35.026783264351266, 32.259664884118081 ], [ 35.026944825008151, 32.259724289862163 ], [ 35.027114655854795, 32.259795402068988 ], [ 35.027352998599042, 32.259937342264443 ], [ 35.027522747372792, 32.260051146332138 ], [ 35.027737065075563, 32.260183893777558 ], [ 35.027876219034944, 32.260255102731414 ], [ 35.028065581450427, 32.260345262896486 ], [ 35.028215887452916, 32.260395210666829 ], [ 35.028472245675154, 32.260397822362485 ], [ 35.028603077841275, 32.260485645771347 ], [ 35.02866975161745, 32.260651297295603 ], [ 35.02875571284136, 32.26087615519058 ], [ 35.028825640471105, 32.261074641905402 ], [ 35.02890058735985, 32.261249887005036 ], [ 35.028964250528666, 32.261429765914542 ], [ 35.029030723507944, 32.261614438892423 ], [ 35.029102848119734, 32.261791934366812 ], [ 35.029211184504824, 32.262024009170936 ], [ 35.029261121730293, 32.262184706255809 ], [ 35.029336061434101, 32.262364600587716 ], [ 35.029316180871184, 32.262527877322327 ], [ 35.029268542373607, 32.262724087897311 ], [ 35.029254140121502, 32.262970222346297 ], [ 35.029262168783063, 32.263107331405458 ], [ 35.029265195020791, 32.26325852278304 ], [ 35.02929270443628, 32.263440746446676 ], [ 35.029376032675962, 32.263570914316141 ], [ 35.029423191407865, 32.263710613340308 ], [ 35.029514995765631, 32.263831352222908 ], [ 35.029609439873838, 32.263959279993628 ], [ 35.029737236770956, 32.26416277795694 ], [ 35.029883541477616, 32.264314167325345 ], [ 35.030043501795035, 32.264522641180911 ], [ 35.030137447443053, 32.264651695972191 ], [ 35.030288831004476, 32.264923139995567 ], [ 35.030359211800615, 32.265061038254174 ], [ 35.030429691429056, 32.265234585375509 ], [ 35.030484648118431, 32.26546109006317 ], [ 35.030507933061294, 32.265598923377958 ], [ 35.030525776798378, 32.26580790514879 ], [ 35.030433994873007, 32.265934590160441 ], [ 35.03026324629807, 32.266163319649095 ], [ 35.030192371149866, 32.266283270023173 ], [ 35.030112844670228, 32.266418285106575 ], [ 35.029992052987524, 32.26662482113813 ], [ 35.029955441340604, 32.266778775712453 ], [ 35.029910559125085, 32.266920742444711 ], [ 35.029849938554555, 32.267054656249769 ], [ 35.029745795667786, 32.267226975736882 ], [ 35.029594736666517, 32.267477148516996 ], [ 35.029502692677937, 32.267652584816908 ], [ 35.029415445715976, 32.267834085777295 ], [ 35.029292532287009, 32.268021173291395 ], [ 35.029216973327991, 32.268160702115033 ], [ 35.029051902341976, 32.268451716646659 ], [ 35.02897653206248, 32.2685794089521 ], [ 35.028894011258735, 32.268716955729637 ], [ 35.028813808684006, 32.26885647694013 ], [ 35.028669388301154, 32.269101303961655 ], [ 35.028516187709137, 32.269340482522878 ], [ 35.028440827631393, 32.269462116415788 ], [ 35.028353465374742, 32.269615576808924 ], [ 35.028273391911632, 32.269773134119177 ], [ 35.028112276091676, 32.270074015500434 ], [ 35.028022601829292, 32.270221555011361 ], [ 35.027923609325867, 32.270385003973026 ], [ 35.027815159923307, 32.27055041089843 ], [ 35.027718477271151, 32.270719921003185 ], [ 35.027588185868822, 32.270944899593161 ], [ 35.027505649062519, 32.271088503464902 ], [ 35.027425600181481, 32.271231970088898 ], [ 35.027309978463116, 32.271417374954368 ], [ 35.027189848337784, 32.271618695014503 ], [ 35.027026461967708, 32.271889419275979 ], [ 35.026950928363689, 32.272013025048672 ], [ 35.026828346350207, 32.27219447442841 ], [ 35.026717590990344, 32.272349873791619 ], [ 35.026604434844351, 32.272545285663725 ], [ 35.026497955766771, 32.272718303289295 ], [ 35.026365988439167, 32.272949477834032 ], [ 35.026226939162697, 32.273154856164915 ], [ 35.026156054060351, 32.273274382076529 ], [ 35.026015615826431, 32.273511038752581 ], [ 35.025902433275284, 32.273718426305038 ], [ 35.025834015696169, 32.273847958829585 ], [ 35.025681058708258, 32.273955531783294 ], [ 35.025455395743393, 32.274011009190964 ], [ 35.02529314578171, 32.274036705053518 ], [ 35.025039227947026, 32.274038317785518 ], [ 35.024745463206592, 32.274061853039662 ], [ 35.024583177383711, 32.27410558330881 ], [ 35.024306318764303, 32.274218332827033 ], [ 35.024143936943624, 32.274309828167866 ], [ 35.023934616168454, 32.274403369080424 ], [ 35.023751120232653, 32.27452075958373 ], [ 35.023558145578477, 32.27465025330774 ], [ 35.023416757978588, 32.274775734754172 ], [ 35.023247230754166, 32.274956972599121 ], [ 35.023138528132215, 32.275076160269492 ], [ 35.023011097244172, 32.275271548325911 ], [ 35.022921393621708, 32.275510810991463 ], [ 35.022873984754661, 32.275748161311633 ], [ 35.022828590275402, 32.275973256765205 ], [ 35.02280238757497, 32.276138777422197 ], [ 35.022766821237099, 32.276342329300434 ], [ 35.022751118685598, 32.276482080780681 ], [ 35.022706031732774, 32.276636161463841 ], [ 35.022620800022381, 32.276793988911223 ], [ 35.022528653363629, 32.276925881408346 ], [ 35.022391690449595, 32.277075743715123 ], [ 35.02228550553135, 32.277177743827615 ], [ 35.022125679563146, 32.277315032881717 ], [ 35.02199118514946, 32.27739078469876 ], [ 35.02176227236918, 32.27749049330076 ], [ 35.021491068773685, 32.277588168076143 ], [ 35.021330688971268, 32.277669940670918 ], [ 35.021132420360047, 32.27778772789933 ], [ 35.020981384488024, 32.277923619679704 ], [ 35.020834931963833, 32.278089388096618 ], [ 35.020718287891484, 32.278277040513267 ], [ 35.020600066719169, 32.278506959984661 ], [ 35.02053379300807, 32.278636915564419 ], [ 35.02046984561516, 32.278764901426527 ], [ 35.020351558592985, 32.278944800394164 ], [ 35.020258428651097, 32.279068376348199 ], [ 35.020152162401743, 32.279208276703983 ], [ 35.020050495385192, 32.279370165169176 ], [ 35.01987827820215, 32.279479957268094 ], [ 35.019684737189877, 32.279553647236447 ], [ 35.019434764186784, 32.279647403363157 ], [ 35.019282560385967, 32.279702272940106 ], [ 35.019041239096879, 32.279781810171173 ], [ 35.018845230054175, 32.279845491014463 ], [ 35.01844371412934, 32.279993551400189 ], [ 35.018151658545413, 32.280063430928564 ], [ 35.017955671051247, 32.280115979900849 ], [ 35.017646851915465, 32.280191327978052 ], [ 35.017456541856497, 32.280224722009812 ], [ 35.01716446828668, 32.280302630363714 ], [ 35.016983611847721, 32.280335896119574 ], [ 35.016817653601009, 32.280383556115872 ], [ 35.016661315290257, 32.280431371772245 ], [ 35.016477094733204, 32.280487175985748 ], [ 35.016211467445501, 32.280528346502514 ], [ 35.016043766133713, 32.280536127627833 ], [ 35.015844064278504, 32.280538929890795 ], [ 35.015674555884935, 32.280538676687023 ], [ 35.015409133498238, 32.280480792082116 ], [ 35.015188940676737, 32.280366895581444 ], [ 35.014994164061044, 32.280234579442137 ], [ 35.014838201061934, 32.280101616085368 ], [ 35.014678306702514, 32.279944693880708 ], [ 35.01458633241495, 32.279827748831259 ], [ 35.01445594176419, 32.279601265952785 ], [ 35.014388375947327, 32.279471675906599 ], [ 35.014151208409395, 32.279466527754835 ], [ 35.0139873006353, 32.279485443287712 ], [ 35.013742284910528, 32.279505926999107 ], [ 35.013578390552595, 32.279518361017956 ], [ 35.013234187099442, 32.279540525321401 ], [ 35.012985536326703, 32.27955452105823 ], [ 35.012825462242581, 32.279563859613098 ], [ 35.012659746982514, 32.279574880214263 ], [ 35.012237732974491, 32.279607772803232 ], [ 35.012075556927989, 32.279669945370919 ], [ 35.011826981684166, 32.279804691010185 ], [ 35.011553745474082, 32.279914598994374 ], [ 35.011365126616518, 32.280010265187947 ], [ 35.011138847209253, 32.280110522080712 ], [ 35.010899538338336, 32.280175816018875 ], [ 35.010732426307129, 32.280219098083904 ], [ 35.010478026984266, 32.280282676362383 ], [ 35.010315924620237, 32.280309621936325 ], [ 35.010142591463534, 32.280314145617993 ], [ 35.009835537364687, 32.280336076433535 ], [ 35.009623513623538, 32.280439312162628 ], [ 35.009510300354606, 32.280562143965348 ], [ 35.009304544099344, 32.280758524247275 ], [ 35.00919318521575, 32.28086712783395 ], [ 35.009017601208491, 32.281069894596151 ], [ 35.00894202211613, 32.281199265996023 ], [ 35.008825109424215, 32.281344494942189 ], [ 35.008894445373343, 32.281496493252128 ], [ 35.009033788744091, 32.281565327964877 ], [ 35.009144644838265, 32.281691887484733 ], [ 35.009238360286695, 32.281845474331149 ], [ 35.009294749836783, 32.282001961238628 ], [ 35.009375314178691, 32.282178070932289 ], [ 35.009429700699542, 32.282341178157608 ], [ 35.009474500856129, 32.282488348059189 ], [ 35.00950818801897, 32.282635500791507 ], [ 35.009569994383355, 32.28281933117988 ], [ 35.009616764890737, 32.28297608533439 ], [ 35.009622103193628, 32.283116712395255 ], [ 35.009655723531033, 32.283295849741066 ], [ 35.009708289280766, 32.283457121622092 ], [ 35.009719250547988, 32.283605789374825 ], [ 35.009748958792194, 32.283752935884557 ], [ 35.009775026718032, 32.283895285686619 ], [ 35.009806660548911, 32.284072869772764 ], [ 35.009868745535591, 32.284282062595743 ], [ 35.009941883504148, 32.284442098162387 ], [ 35.010020650469158, 32.284606932532711 ], [ 35.010097685142846, 32.284728508240775 ], [ 35.01019190707094, 32.284880262706245 ], [ 35.010278383672457, 32.28500833381765 ], [ 35.010375962698063, 32.285141212111512 ], [ 35.010471660672323, 32.285301141339161 ], [ 35.010529940552011, 32.285506664080565 ], [ 35.010577502848406, 32.285682863827546 ], [ 35.010641437688456, 32.285881631937009 ], [ 35.010698373418307, 32.286017688545215 ], [ 35.010786386624616, 32.286203812864883 ], [ 35.010859873606805, 32.286356944469553 ], [ 35.010946020307422, 32.286563496229149 ], [ 35.011013768873504, 32.286763679429299 ], [ 35.011044726586817, 32.28694830759791 ], [ 35.011051756705214, 32.287152765031117 ], [ 35.01106802221183, 32.287304399403013 ], [ 35.011093569758017, 32.287459288927458 ], [ 35.011120710593616, 32.287645319773731 ], [ 35.011144556321916, 32.287820355740443 ], [ 35.011201132694367, 32.28804870189888 ], [ 35.011257838681637, 32.288216037426373 ], [ 35.011316561939616, 32.288370836950286 ], [ 35.011393992535041, 32.28854285450624 ], [ 35.01148572230538, 32.288699253625815 ], [ 35.011619823694716, 32.288899537796361 ], [ 35.011757570828209, 32.289101518193149 ], [ 35.011864447069577, 32.289234128098947 ], [ 35.011959872914055, 32.289368834201262 ], [ 35.012108454790912, 32.289625359606354 ], [ 35.012170845504109, 32.28977241361013 ], [ 35.012317973275792, 32.290089805744579 ], [ 35.012374768097345, 32.290216562293331 ], [ 35.012477419823163, 32.290465267600268 ], [ 35.012585925756468, 32.290691860489765 ], [ 35.012657418425846, 32.290849918780999 ], [ 35.012732525044804, 32.291025172876637 ], [ 35.012807787786869, 32.291205076664866 ], [ 35.01286486010688, 32.291358040512769 ], [ 35.012903200887088, 32.291505058536828 ], [ 35.012976348853606, 32.291744418733536 ], [ 35.013035090301564, 32.291893017771962 ], [ 35.01310309878648, 32.292052338386576 ], [ 35.013160006979639, 32.292205584086915 ], [ 35.01322222546721, 32.292357428339194 ], [ 35.013273480530415, 32.292516865060904 ], [ 35.013374513704704, 32.292827986422893 ], [ 35.013456950436776, 32.293068769809018 ], [ 35.013517345022855, 32.293220611139326 ], [ 35.013592677440911, 32.293448420803536 ], [ 35.013662365238467, 32.29359872596546 ], [ 35.013536847583829, 32.293729855884095 ], [ 35.013350806781588, 32.293770153958306 ], [ 35.013122678748964, 32.293866889921929 ], [ 35.012883069622475, 32.293900906501946 ], [ 35.012710055293397, 32.293899093809081 ], [ 35.012553496722603, 32.293881665664728 ], [ 35.012431717641753, 32.293969825622312 ], [ 35.012468263490582, 32.294102750905118 ], [ 35.012521365755454, 32.294251482231438 ], [ 35.012561697798105, 32.294398502417742 ], [ 35.012609505821302, 32.294540181065649 ], [ 35.012652459254817, 32.294703409019874 ], [ 35.012706292118366, 32.294898779764551 ], [ 35.012792329167368, 32.295163240310146 ], [ 35.012878893501409, 32.295413469928363 ], [ 35.012937954385606, 32.295648018459453 ], [ 35.012980976947425, 32.295857180494544 ], [ 35.013037126771138, 32.29613540424949 ], [ 35.013120578715238, 32.296525684789025 ], [ 35.013150149104284, 32.29666367168533 ], [ 35.013214597147289, 32.29686145332532 ], [ 35.013306081871484, 32.297139588845788 ], [ 35.013416885864473, 32.29746129162848 ], [ 35.013540824662904, 32.297769488584905 ], [ 35.013583813849912, 32.297916653964194 ], [ 35.013653866204649, 32.29813276046292 ], [ 35.013770070422858, 32.298490964569396 ], [ 35.01382382363029, 32.298647446004736 ], [ 35.013909872421415, 32.298909510577928 ], [ 35.013969137398831, 32.299127995681189 ], [ 35.014009236101266, 32.299309536305849 ], [ 35.014084844720344, 32.299566653238941 ], [ 35.014125030096977, 32.299706910259196 ], [ 35.014181547187071, 32.299890870644973 ], [ 35.014221808331413, 32.300074806513415 ], [ 35.01425118381011, 32.300386805391241 ], [ 35.014269697424979, 32.300577471706717 ], [ 35.014282761379626, 32.300756857750983 ], [ 35.014342028723114, 32.300975202850125 ], [ 35.014420162150081, 32.301136228597862 ], [ 35.014555290480857, 32.301492347470031 ], [ 35.0145956524496, 32.301628094843224 ], [ 35.014652158630717, 32.30181881908522 ], [ 35.014705805223791, 32.30202813698709 ], [ 35.014762283124611, 32.302232668941073 ], [ 35.014819121587195, 32.302423252013867 ], [ 35.014883742906058, 32.302621031997411 ], [ 35.014921276430236, 32.302761284721164 ], [ 35.014931643680598, 32.302961238538707 ], [ 35.014947342865469, 32.303230241218422 ], [ 35.014979438916889, 32.303432482035447 ], [ 35.014980429352242, 32.303594378134193 ], [ 35.016072494844003, 32.33321523103011 ], [ 35.016220088834714, 32.337036657631096 ], [ 35.016340946978396, 32.338623934089689 ], [ 35.018677795376767, 32.340147564012717 ], [ 35.019017078489341, 32.340371248354003 ], [ 35.019290714018169, 32.340557637919325 ], [ 35.019586058121845, 32.340843252168511 ], [ 35.019855982508638, 32.341060633023652 ], [ 35.02004948561693, 32.341070214865127 ], [ 35.020360028998013, 32.341064468671249 ], [ 35.020685195461539, 32.341049444070485 ], [ 35.020915409099466, 32.341043579506959 ], [ 35.021200295383238, 32.341003695717731 ], [ 35.021481708782105, 32.340957607558444 ], [ 35.021697360370226, 32.340930021428399 ], [ 35.0219055921498, 32.340877626727966 ], [ 35.02212859581433, 32.340825252123821 ], [ 35.022577760640196, 32.340717689185603 ], [ 35.022997046797649, 32.340611631809594 ], [ 35.023185659265195, 32.340576255434506 ], [ 35.023395385033332, 32.340523295913293 ], [ 35.023568256152167, 32.340474652245 ], [ 35.023971623918783, 32.340444090221034 ], [ 35.024155054883224, 32.340426599490129 ], [ 35.024307005185499, 32.340382292135558 ], [ 35.024506458363525, 32.340235900172118 ], [ 35.024663824526058, 32.340053940270089 ], [ 35.024871437549017, 32.340061281318533 ], [ 35.025211465245725, 32.340082899248664 ], [ 35.025578854070922, 32.340117095811131 ], [ 35.025932639846488, 32.340147890465438 ], [ 35.026178406148667, 32.34016514586871 ], [ 35.026377058094951, 32.340171766605351 ], [ 35.026632670692678, 32.340161559318581 ], [ 35.026933008979888, 32.340195657444021 ], [ 35.02703425588539, 32.340532832290201 ], [ 35.027192079452128, 32.341051284175542 ], [ 35.027266418551335, 32.341314589479353 ], [ 35.027325563315401, 32.341540112247948 ], [ 35.02734502852006, 32.341771919566852 ], [ 35.027359605725501, 32.341957223523529 ], [ 35.027384019278237, 32.342119574378856 ], [ 35.027396131174022, 32.342292334102041 ], [ 35.027395525776548, 32.342603299370182 ], [ 35.027429820357675, 32.342805538934812 ], [ 35.027456918632893, 32.342953098365292 ], [ 35.027550790275427, 32.343159648878832 ], [ 35.027682153715638, 32.343290446397589 ], [ 35.027813951681921, 32.343454216290439 ], [ 35.027917774956308, 32.343665006087861 ], [ 35.027981906736862, 32.34388842262738 ], [ 35.028021202070747, 32.344080241952355 ], [ 35.028092737758897, 32.344337343143465 ], [ 35.028164102619314, 32.34468222482711 ], [ 35.028191171194479, 32.344846551315598 ], [ 35.028225370343108, 32.345099373703277 ], [ 35.028234904441206, 32.345318485462229 ], [ 35.028239572818499, 32.34547869567573 ], [ 35.028251690852485, 32.345649341516072 ], [ 35.028269216369004, 32.345941451830477 ], [ 35.028281338336839, 32.346110125515771 ], [ 35.028283134674098, 32.346468154017884 ], [ 35.028290264773347, 32.346643020306992 ], [ 35.028319620498337, 32.346826372500992 ], [ 35.028378938644117, 32.34696552263123 ], [ 35.028527883196851, 32.347020541040884 ], [ 35.028723947706915, 32.346999678829249 ], [ 35.028935189846166, 32.346940935625753 ], [ 35.029109436120294, 32.346873123984182 ], [ 35.029283997849362, 32.34681291977099 ], [ 35.029498308168101, 32.346712192212713 ], [ 35.029736345670983, 32.346615019410194 ], [ 35.02993072412638, 32.346521167374519 ], [ 35.030212472054266, 32.346393619771611 ], [ 35.030501890347374, 32.346333573309686 ], [ 35.030918213285602, 32.346310616048505 ], [ 35.031176000412451, 32.346300825516529 ], [ 35.031405053915563, 32.346300576239351 ], [ 35.031690565255339, 32.346287441078523 ], [ 35.031975915886157, 32.346271064132075 ], [ 35.032162375465433, 32.346237644489904 ], [ 35.032364584063828, 32.346214389930367 ], [ 35.032618449566222, 32.34617105651045 ], [ 35.032800783951423, 32.346124103929682 ], [ 35.033054700785279, 32.346053857621889 ], [ 35.033201521733922, 32.346003615298386 ], [ 35.033542639056691, 32.345899811950261 ], [ 35.033954930007297, 32.345812871158479 ], [ 35.034375239565655, 32.345786526271674 ], [ 35.034537708106292, 32.345800271519316 ], [ 35.034791464968201, 32.345813998653689 ], [ 35.035064942205224, 32.345844658820496 ], [ 35.035298762894861, 32.345868502955192 ], [ 35.035532589990716, 32.345888965070856 ], [ 35.035924515620863, 32.345953175798094 ], [ 35.036074978089694, 32.345997196706378 ], [ 35.036265299763684, 32.34602774328765 ], [ 35.036514982732903, 32.346001164644719 ], [ 35.037181146183649, 32.345954847796513 ], [ 35.037375366193743, 32.345941719393835 ], [ 35.037601603390627, 32.345847897686689 ], [ 35.037807823194292, 32.345807731726801 ], [ 35.037982372297606, 32.345750757256113 ], [ 35.038168760287533, 32.345663504466316 ], [ 35.038355117819478, 32.345684039464686 ], [ 35.038513499177398, 32.345754838397582 ], [ 35.038632328124024, 32.345852497246057 ], [ 35.038846066777623, 32.345967188545984 ], [ 35.039020425862674, 32.346014477321134 ], [ 35.039234442243426, 32.346068581875137 ], [ 35.039404865739321, 32.346089094460318 ], [ 35.039634669263251, 32.346133073297736 ], [ 35.039918569636605, 32.346183322754953 ], [ 35.040191983080753, 32.3462508879186 ], [ 35.04046529351794, 32.346375798787548 ], [ 35.040675219225385, 32.346490341356329 ], [ 35.040837692463299, 32.346594817948571 ], [ 35.040940400814215, 32.346705980091436 ], [ 35.041110726927499, 32.346874434545498 ], [ 35.041225350417385, 32.347005760766208 ], [ 35.041336102053194, 32.347167375548409 ], [ 35.041454571143788, 32.347376060264629 ], [ 35.041490022465261, 32.347507283041928 ], [ 35.041521399921081, 32.347688944007452 ], [ 35.041537074995595, 32.347833667603915 ], [ 35.041548766773282, 32.347978246280405 ], [ 35.041576165645417, 32.348156660261864 ], [ 35.041607579576961, 32.348318172348435 ], [ 35.041682647701478, 32.348479739839888 ], [ 35.041923126648321, 32.348590515196229 ], [ 35.042034403575343, 32.348738744308612 ], [ 35.042055165288737, 32.348917150525409 ], [ 35.042073832139984, 32.349059905734293 ], [ 35.042088062684911, 32.349270569340121 ], [ 35.042089950568858, 32.349422179854592 ], [ 35.042087530788059, 32.349568430182977 ], [ 35.042080835597773, 32.349785830030484 ], [ 35.042076351535407, 32.349973220404465 ], [ 35.042067519547267, 32.350178358989076 ], [ 35.042067057522161, 32.35043705021787 ], [ 35.042028729554318, 32.35070724692379 ], [ 35.042015865743195, 32.350846439243576 ], [ 35.042019626269301, 32.351064133851338 ], [ 35.042008524737987, 32.351424541353197 ], [ 35.041993057490167, 32.351720410720205 ], [ 35.041976021572864, 32.351872137484833 ], [ 35.041906417182553, 32.351995053005901 ], [ 35.041811477459646, 32.352176973007722 ], [ 35.041646906501498, 32.352496180478191 ], [ 35.041566597694562, 32.352663746943378 ], [ 35.041477329339209, 32.352829188962012 ], [ 35.04138436386576, 32.353019988066663 ], [ 35.041319041766528, 32.353160943923641 ], [ 35.041253504867576, 32.353328530169222 ], [ 35.041187971826169, 32.353494424683689 ], [ 35.041097220436534, 32.353653101308382 ], [ 35.040945398960226, 32.353894969727072 ], [ 35.040867239743534, 32.354066202330905 ], [ 35.040850219952276, 32.354207079860018 ], [ 35.040858390540329, 32.354371239156656 ], [ 35.040885193104664, 32.354605025647452 ], [ 35.040910061649022, 32.354806685414481 ], [ 35.040933050629206, 32.354945923995899 ], [ 35.040977006417648, 32.355149158595907 ], [ 35.041042002064067, 32.355283096935445 ], [ 35.041153136163871, 32.355422308923742 ], [ 35.041306324071812, 32.355622443809338 ], [ 35.041522460884586, 32.355895645330364 ], [ 35.041688261004602, 32.356099318289942 ], [ 35.041886523663045, 32.35634375260279 ], [ 35.042140463888217, 32.356643773108232 ], [ 35.042421812335007, 32.356934951397008 ], [ 35.042610727685378, 32.357117236072419 ], [ 35.042975927004058, 32.357397812277611 ], [ 35.043176495723465, 32.357375384220298 ], [ 35.043381513163091, 32.357371841609691 ], [ 35.043483734246578, 32.357485395965874 ], [ 35.043581499700466, 32.357678271215455 ], [ 35.043639206156563, 32.357806985822499 ], [ 35.043732369393858, 32.358068050447265 ], [ 35.043807605185648, 32.358328951493775 ], [ 35.043843062116309, 32.358461301501634 ], [ 35.043918391869333, 32.358669365047177 ], [ 35.044056324760305, 32.358866236186358 ], [ 35.044163050843487, 32.358968383063278 ], [ 35.044318947204921, 32.359051852860148 ], [ 35.044497275334869, 32.359029393582077 ], [ 35.044679938993596, 32.35899552780991 ], [ 35.044941323881666, 32.35894104887371 ], [ 35.045115235489824, 32.358880822070034 ], [ 35.045342712022865, 32.358756272642147 ], [ 35.045561178231701, 32.358752884129053 ], [ 35.0458240213094, 32.358813661444195 ], [ 35.046006361055589, 32.358965075515187 ], [ 35.046202287737543, 32.359131723509343 ], [ 35.046415955563248, 32.359215263166995 ], [ 35.046638669125741, 32.35934784680294 ], [ 35.046749840640537, 32.359472681643574 ], [ 35.046905766632932, 32.359540931134148 ], [ 35.047097381785186, 32.35951482183755 ], [ 35.047391796312546, 32.359367666697942 ], [ 35.047587742477319, 32.359428356137926 ], [ 35.047725912622376, 32.359492919602125 ], [ 35.047988629055979, 32.359629354150613 ], [ 35.0482021894924, 32.359777000142529 ], [ 35.048348984456354, 32.359943583932967 ], [ 35.048420132445699, 32.360079780399985 ], [ 35.048548915336248, 32.360295516269197 ], [ 35.048637839847522, 32.360424126451818 ], [ 35.04872678392362, 32.36054146463561 ], [ 35.04882019136523, 32.360670080218938 ], [ 35.048922537920269, 32.360813923894227 ], [ 35.049011284712222, 32.36095014170624 ], [ 35.049095804300499, 32.361131724326675 ], [ 35.04916277263122, 32.361286514836635 ], [ 35.049251569767698, 32.36149078719648 ], [ 35.049420143369538, 32.361933278069507 ], [ 35.04975318528848, 32.362697502533393 ], [ 35.049908578999833, 32.363083334496139 ], [ 35.050046346661773, 32.363291470734673 ], [ 35.05011751248054, 32.363420199661363 ], [ 35.050188500079635, 32.363556394869441 ], [ 35.050263964023991, 32.363696400015648 ], [ 35.050397449642503, 32.363885650550351 ], [ 35.050547965697021, 32.364017575433998 ], [ 35.050679693206703, 32.364167089435412 ], [ 35.050635454080997, 32.364311738510793 ], [ 35.050502865549852, 32.364671011357871 ], [ 35.050419841477442, 32.364974407741883 ], [ 35.05061729670782, 32.365329432866268 ], [ 35.050743325747902, 32.365609694440927 ], [ 35.050896859742224, 32.365922537339969 ], [ 35.051088807908236, 32.366296295266949 ], [ 35.051264345416186, 32.366655942118975 ], [ 35.051439869709483, 32.367024889401748 ], [ 35.051467656052509, 32.367185548347585 ], [ 35.051068958856966, 32.368711566964251 ], [ 35.050924150395545, 32.369126902602822 ], [ 35.050686242452606, 32.370008642321999 ], [ 35.050570401473799, 32.370375262076045 ], [ 35.050448558060559, 32.370854170851331 ], [ 35.050303536029354, 32.371391665230441 ], [ 35.05014707188257, 32.371919564249694 ], [ 35.050037029350364, 32.372290980609755 ], [ 35.049985906914124, 32.37247761015341 ], [ 35.049936130093016, 32.372654518596995 ], [ 35.049889848658765, 32.37282537240749 ], [ 35.049840025413836, 32.373029333392452 ], [ 35.049768877863208, 32.373275115037572 ], [ 35.049704688350701, 32.373529922716976 ], [ 35.049636788945925, 32.373818400929522 ], [ 35.049585621817521, 32.374030250484239 ], [ 35.04951112534004, 32.374292373035985 ], [ 35.049459942502025, 32.374513098474587 ], [ 35.049402248879154, 32.374754952107772 ], [ 35.049336291765748, 32.374973968526653 ], [ 35.049293671945698, 32.375139191489822 ], [ 35.049246672364596, 32.375340196075626 ], [ 35.049195508850836, 32.375549509688348 ], [ 35.049159243269671, 32.375687827548632 ], [ 35.049095446194173, 32.375905015904699 ], [ 35.04904211528865, 32.376118693962184 ], [ 35.049005747965168, 32.37631619017418 ], [ 35.04893812482095, 32.376537600234691 ], [ 35.048772940428364, 32.376621794352353 ], [ 35.048609813768046, 32.376668371406886 ], [ 35.048402176196042, 32.376721938593562 ], [ 35.048194499205842, 32.376798894190287 ], [ 35.047982704148836, 32.376856118459294 ], [ 35.047817599784082, 32.376893674489175 ], [ 35.047573066696287, 32.376967483051082 ], [ 35.047356903668707, 32.377053444250073 ], [ 35.047104893032611, 32.377130342817949 ], [ 35.04680407278574, 32.377203657629508 ], [ 35.046638789050562, 32.377248397966788 ], [ 35.046460913726143, 32.377276778019485 ], [ 35.046255482605417, 32.377301740781249 ], [ 35.046075448600355, 32.377330258255519 ], [ 35.045817070169257, 32.377344305702067 ], [ 35.045646041563806, 32.377349867111427 ], [ 35.045411083327984, 32.37735858859584 ], [ 35.045233214648604, 32.377383444671459 ], [ 35.045067982413713, 32.377397607232588 ], [ 35.044765099292519, 32.377415259199687 ], [ 35.044589390707522, 32.377438284736712 ], [ 35.044331002064517, 32.377457824413526 ], [ 35.044081215896924, 32.377495126431072 ], [ 35.043877763384621, 32.377527274811996 ], [ 35.043679252907076, 32.377581127171631 ], [ 35.043456799158335, 32.377654533854383 ], [ 35.043219586173471, 32.377717071371045 ], [ 35.042952677414554, 32.377765199164074 ], [ 35.042738782584649, 32.377786482427183 ], [ 35.042542024967126, 32.377788062359613 ], [ 35.042328187838422, 32.377776937762334 ], [ 35.042158707435554, 32.377751640208487 ], [ 35.04178903590703, 32.377699030873707 ], [ 35.041507088082923, 32.378169974982065 ], [ 35.041269823682569, 32.378629280492078 ], [ 35.040740555832123, 32.379605870316297 ], [ 35.040327786833906, 32.38033575434627 ], [ 35.040236383207571, 32.380471462007854 ], [ 35.040130055465745, 32.380688590229454 ], [ 35.040324355777187, 32.380855949002253 ], [ 35.040540868215494, 32.381044330969665 ], [ 35.040735008076346, 32.381209576086057 ], [ 35.040863165572489, 32.381317529889891 ], [ 35.041059985878626, 32.381470237291758 ], [ 35.040918049054824, 32.382282900195484 ], [ 35.041028768383818, 32.382393789855207 ], [ 35.041127963343932, 32.382541721144811 ], [ 35.041258375437003, 32.382690257250736 ], [ 35.041435364406588, 32.382884785141165 ], [ 35.041641873698445, 32.383100204839124 ], [ 35.041754933934939, 32.383202784510807 ], [ 35.041936948037552, 32.383374352316231 ], [ 35.042072207764186, 32.383506125710959 ], [ 35.042238116838249, 32.383676968068663 ], [ 35.042420124197683, 32.38385276257754 ], [ 35.042587318051702, 32.384049389948039 ], [ 35.042712560798101, 32.384212570474936 ], [ 35.042857678052385, 32.384404942645531 ], [ 35.04299761452873, 32.38461618891813 ], [ 35.043177427920924, 32.384907234368328 ], [ 35.043303544711002, 32.385140864863885 ], [ 35.043447870069876, 32.385406785000043 ], [ 35.043526649169131, 32.38555440603001 ], [ 35.043642260121523, 32.385719828594283 ], [ 35.043747414977467, 32.385882982440663 ], [ 35.043862988188771, 32.38607080699488 ], [ 35.043988975117088, 32.38628541502753 ], [ 35.044117929491307, 32.386512849626541 ], [ 35.044188744026577, 32.386658205712116 ], [ 35.044256823360691, 32.386848083227001 ], [ 35.044437730667937, 32.38737104816839 ], [ 35.044640861422025, 32.387912075127993 ], [ 35.044697378391078, 32.388067699071399 ], [ 35.044788628001399, 32.388302974589365 ], [ 35.044851514706671, 32.388519616394099 ], [ 35.044864285264325, 32.388717735871509 ], [ 35.044866203996882, 32.388854128371101 ], [ 35.044868115968704, 32.389089290712384 ], [ 35.044878105827088, 32.38954652070872 ], [ 35.045106557510366, 32.389572875653087 ], [ 35.045610768940328, 32.389636493785716 ], [ 35.046125759776587, 32.389709281634623 ], [ 35.04663422317514, 32.389811788185234 ], [ 35.046852319151682, 32.38987307081414 ], [ 35.047092327972202, 32.390226181175223 ], [ 35.047185806556875, 32.390426232522969 ], [ 35.047274959778541, 32.39063008379928 ], [ 35.047370741076968, 32.390843101459801 ], [ 35.047457631948667, 32.391011583052837 ], [ 35.047606126491019, 32.391280180714553 ], [ 35.047719265780067, 32.391539433579169 ], [ 35.047928057666141, 32.391991414853941 ], [ 35.048048005175069, 32.392251803940503 ], [ 35.048245904094045, 32.392666855206855 ], [ 35.048361504493137, 32.392945695645359 ], [ 35.048459324962501, 32.393134621022853 ], [ 35.04857256431557, 32.393338359524307 ], [ 35.048681297625279, 32.393555196610876 ], [ 35.048973291889475, 32.393817487969542 ], [ 35.048979062366456, 32.394036310588703 ], [ 35.048950928411685, 32.394173229458666 ], [ 35.048925787408947, 32.394307615382978 ], [ 35.048903779434781, 32.3944551094215 ], [ 35.048884899666341, 32.394618528641558 ], [ 35.048878318627267, 32.394776609329391 ], [ 35.048865614674213, 32.39492157820154 ], [ 35.048837408124612, 32.395197281934337 ], [ 35.048855524584177, 32.395479242363308 ], [ 35.048926226141631, 32.395893149724515 ], [ 35.048975803613523, 32.396035518088695 ], [ 35.049062555248717, 32.39628994692508 ], [ 35.049146177629005, 32.396529859950952 ], [ 35.049229795758109, 32.396674947427066 ], [ 35.049328971558424, 32.396851615287773 ], [ 35.049415741351076, 32.396999383811696 ], [ 35.049549034506505, 32.397133965414874 ], [ 35.049685573357642, 32.397313215508134 ], [ 35.049844816583047, 32.397520672120848 ], [ 35.050127022170116, 32.397884677942173 ], [ 35.050458782888406, 32.398309328710944 ], [ 35.050598368698672, 32.398457020215915 ], [ 35.05076634213053, 32.398709151829031 ], [ 35.050980426473245, 32.398996705126279 ], [ 35.0515353598404, 32.399743155542836 ], [ 35.051960704941692, 32.400325159464785 ], [ 35.052267562730073, 32.400755129814854 ], [ 35.052751462728274, 32.401385530095098 ], [ 35.05312545038386, 32.401899695271155 ], [ 35.053874932303955, 32.402929011407515 ], [ 35.053976449519176, 32.403706328934071 ], [ 35.05400007234163, 32.403883325674038 ], [ 35.054040794870438, 32.404164889056048 ], [ 35.054081419310812, 32.404405733753372 ], [ 35.054118622579153, 32.404605994677631 ], [ 35.054149202724325, 32.404794694462545 ], [ 35.054186382497015, 32.405009326522915 ], [ 35.054203134188228, 32.405224075795815 ], [ 35.05422335418185, 32.405450523992258 ], [ 35.054260238500113, 32.406044878186044 ], [ 35.054304193404015, 32.406381536766901 ], [ 35.054348093301428, 32.406651409829898 ], [ 35.054409116962027, 32.407011336684519 ], [ 35.054446464891839, 32.40722611037026 ], [ 35.054494059628432, 32.407371151271363 ], [ 35.054555430652336, 32.407522126718206 ], [ 35.054637436984407, 32.407849954421167 ], [ 35.054671355561283, 32.408029921799788 ], [ 35.05471197276934, 32.408276541851826 ], [ 35.054742370460012, 32.408476795292017 ], [ 35.05477619263354, 32.408714812658765 ], [ 35.054823121572234, 32.409364832507244 ], [ 35.054866571651935, 32.409808714475815 ], [ 35.054892294486514, 32.410023474142918 ], [ 35.054913805827518, 32.410173696891228 ], [ 35.054943752800973, 32.410344924172541 ], [ 35.054963611518801, 32.410490495523902 ], [ 35.054998531792357, 32.410768670771709 ], [ 35.055008360351081, 32.410952695243438 ], [ 35.055023193564125, 32.411123904566963 ], [ 35.055063288047783, 32.411286548347171 ], [ 35.055118341733312, 32.411543471509091 ], [ 35.055153424981249, 32.411723158690478 ], [ 35.055161471009328, 32.411880833697403 ], [ 35.055125824265211, 32.412043387714625 ], [ 35.054949202789885, 32.412077416887271 ], [ 35.054777425967359, 32.412094402188863 ], [ 35.05446447135057, 32.41210685218234 ], [ 35.054126092126509, 32.412226213144805 ], [ 35.054105717447648, 32.412393153146382 ], [ 35.05405968110783, 32.41270983767356 ], [ 35.054034192517463, 32.412855214331145 ], [ 35.054013866236801, 32.412992143242001 ], [ 35.053988377258406, 32.413137660555932 ], [ 35.053952678110292, 32.41333022615833 ], [ 35.053912094573192, 32.41346290345431 ], [ 35.053881636996266, 32.413599820230182 ], [ 35.053841010883367, 32.413758000715248 ], [ 35.053810386197043, 32.413894917267427 ], [ 35.053784875332632, 32.414053256462417 ], [ 35.053754410103949, 32.414194541257316 ], [ 35.053728913338091, 32.414344285879849 ], [ 35.053703416488496, 32.414494029591637 ], [ 35.053688030389736, 32.414656608258817 ], [ 35.053672644236073, 32.414819186018008 ], [ 35.053642556963339, 32.415032751808624 ], [ 35.053611817649426, 32.415238145155627 ], [ 35.053586142217945, 32.415494972189492 ], [ 35.053565680458547, 32.41571319887543 ], [ 35.053555162655165, 32.415944259421366 ], [ 35.053575086552321, 32.416149712468162 ], [ 35.053589953493905, 32.416299505323124 ], [ 35.053625042307473, 32.416475106975348 ], [ 35.053680280293491, 32.416620580043002 ], [ 35.053740480718083, 32.416779021654499 ], [ 35.053811008987346, 32.416920426215007 ], [ 35.053916702070644, 32.417091744061317 ], [ 35.054012292687567, 32.417245859723536 ], [ 35.054128118990512, 32.417417189479067 ], [ 35.054249110723127, 32.417579930714027 ], [ 35.054337292636738, 32.417694162870696 ], [ 35.054453227228038, 32.417801383534453 ], [ 35.054564026818866, 32.41789986274572 ], [ 35.054730409418561, 32.418037013553558 ], [ 35.054896828904909, 32.418152747656116 ], [ 35.055048008775202, 32.418242819550301 ], [ 35.055204344576111, 32.41832867087237 ], [ 35.055396098786986, 32.418393006690543 ], [ 35.055557648312138, 32.418440257180883 ], [ 35.055799720981142, 32.418513387955031 ], [ 35.055986484954126, 32.418582084156647 ], [ 35.056173097417698, 32.418642185338278 ], [ 35.056359654215036, 32.418736524665348 ], [ 35.056536265540743, 32.418818030984994 ], [ 35.05667746047785, 32.418920911162381 ], [ 35.056808473166981, 32.419053790342794 ], [ 35.056934468523501, 32.4192080809391 ], [ 35.057004817188407, 32.419362164746872 ], [ 35.057059985622637, 32.419554837313669 ], [ 35.057115279536362, 32.41977315301466 ], [ 35.057165216380383, 32.420017106342236 ], [ 35.057180144499142, 32.420235374822703 ], [ 35.057176927333103, 32.420374860696768 ], [ 35.05717242776587, 32.42058845704959 ], [ 35.057138370579302, 32.420794832820278 ], [ 35.057091860991548, 32.420997671788072 ], [ 35.057041278324114, 32.421150769148625 ], [ 35.056965149379486, 32.421384007409884 ], [ 35.056863898574733, 32.421640181920253 ], [ 35.056775457621825, 32.421782526561643 ], [ 35.056665917876821, 32.422027983826823 ], [ 35.056602685657175, 32.422195296635479 ], [ 35.056547672824017, 32.422415878090213 ], [ 35.056505537819142, 32.422583074922564 ], [ 35.056475362898709, 32.422852155335214 ], [ 35.056462538551919, 32.423076450056691 ], [ 35.05648312660437, 32.423286411944368 ], [ 35.05652481220865, 32.423496540160677 ], [ 35.056583306291188, 32.423688793795954 ], [ 35.056620795656166, 32.423824099937008 ], [ 35.056658433532967, 32.423970114492441 ], [ 35.056750443819674, 32.424187346069871 ], [ 35.056850783337396, 32.424390356848683 ], [ 35.056926097234552, 32.4245578319373 ], [ 35.056988838259578, 32.424693167507726 ], [ 35.057043261289799, 32.424835538669591 ], [ 35.057085070505778, 32.424970849702447 ], [ 35.057148916238354, 32.42524454791598 ], [ 35.05718657889161, 32.425376191161952 ], [ 35.05724081344335, 32.425532933154017 ], [ 35.057328720014553, 32.42572169761138 ], [ 35.057496406733094, 32.425885617229909 ], [ 35.05763061872554, 32.425999759945213 ], [ 35.05776476114174, 32.426156454092556 ], [ 35.057974445685659, 32.426341837540988 ], [ 35.058163090212432, 32.426491550141627 ], [ 35.058469129951519, 32.426780181923235 ], [ 35.058708711172727, 32.427281492565399 ], [ 35.058800798302741, 32.427456031214419 ], [ 35.058876147069277, 32.427605610834711 ], [ 35.059081341953579, 32.428004447915953 ], [ 35.059223641632308, 32.428257383433277 ], [ 35.059382688049688, 32.428531612979477 ], [ 35.059462284457638, 32.428727552327118 ], [ 35.059575181315338, 32.428980453590455 ], [ 35.059699093135073, 32.429306492766372 ], [ 35.05983448643137, 32.429622118983033 ], [ 35.05986384176154, 32.429757414709613 ], [ 35.059857969688544, 32.429897883011023 ], [ 35.059798442442855, 32.430138327728606 ], [ 35.059768669339093, 32.430368661920639 ], [ 35.059738705081003, 32.430614071280708 ], [ 35.059750069023032, 32.430884608369368 ], [ 35.059796891584497, 32.431110098816049 ], [ 35.05986164918054, 32.431340541470099 ], [ 35.05994400106875, 32.431581007336156 ], [ 35.059996829190212, 32.431791569843661 ], [ 35.059996732409751, 32.432061107212007 ], [ 35.060025889160926, 32.43232166063391 ], [ 35.060072593505062, 32.432622250049008 ], [ 35.060101823521968, 32.432837716189646 ], [ 35.06009576109944, 32.432992978268459 ], [ 35.060119010272125, 32.433208438442918 ], [ 35.060136435484232, 32.433428822685592 ], [ 35.060159796576279, 32.433574114472087 ], [ 35.060194833363468, 32.433794518859322 ], [ 35.060218344593515, 32.433949815674474 ], [ 35.060259498142401, 32.434085124722991 ], [ 35.060359441095351, 32.43434068664294 ], [ 35.060459629956512, 32.434546230693499 ], [ 35.060542162339026, 32.434676514592084 ], [ 35.06063649808403, 32.434801880255854 ], [ 35.060766215406659, 32.434932217846566 ], [ 35.060901889294868, 32.435077638382168 ], [ 35.061078720027389, 32.435358366627597 ], [ 35.061103847492205, 32.435543112502948 ], [ 35.061103601886508, 32.435698382085057 ], [ 35.061085579025018, 32.435958881437649 ], [ 35.061014405202876, 32.436104066319459 ], [ 35.060884067734229, 32.436259186831165 ], [ 35.060747955305764, 32.43638922125767 ], [ 35.060653155454254, 32.436554527589742 ], [ 35.060611562984377, 32.436694672760211 ], [ 35.060676255940116, 32.436865092714854 ], [ 35.060817906015785, 32.437015450866475 ], [ 35.060971512688617, 32.4370657854857 ], [ 35.061178348822708, 32.437076024805499 ], [ 35.061402623123001, 32.437196465211365 ], [ 35.061485142195068, 32.437336893069762 ], [ 35.061567378433196, 32.437657529048828 ], [ 35.06169108733593, 32.437913116727785 ], [ 35.061714167960581, 32.43823875786704 ], [ 35.061808461778213, 32.438394133543738 ], [ 35.062316624816788, 32.438449799044889 ], [ 35.06229279528258, 32.438600110308172 ], [ 35.062237200328802, 32.438876207191939 ], [ 35.06217294256848, 32.439273043406786 ], [ 35.062449538033206, 32.439513585870102 ], [ 35.06268498120977, 32.439721675394281 ], [ 35.063002922276844, 32.439981284562577 ], [ 35.063181092083234, 32.44015957919175 ], [ 35.063418055437531, 32.440353719933469 ], [ 35.063592931807293, 32.440513271113211 ], [ 35.063752071440781, 32.440642934157431 ], [ 35.063885656635705, 32.440751151136581 ], [ 35.064114621927928, 32.440961908013534 ], [ 35.064305481950896, 32.441102454576942 ], [ 35.064499431880527, 32.441286260104867 ], [ 35.06461702656766, 32.441421370226166 ], [ 35.064753866429946, 32.441575382318398 ], [ 35.064890507444197, 32.441751092736141 ], [ 35.065071570884399, 32.441996877180202 ], [ 35.065154179650683, 32.442194084640818 ], [ 35.06524036135643, 32.442336909029542 ], [ 35.065319701546038, 32.442499029461629 ], [ 35.06545310090597, 32.442731376086009 ], [ 35.065542111668009, 32.442871808343575 ], [ 35.065646946644783, 32.443095950739021 ], [ 35.065694281504534, 32.443325525864687 ], [ 35.065697215641208, 32.443471216835569 ], [ 35.065700125351185, 32.443741179966132 ], [ 35.065699918621974, 32.443876160148093 ], [ 35.065670805396444, 32.444116358361718 ], [ 35.065648303779355, 32.444270193809857 ], [ 35.065612830052935, 32.444431905224107 ], [ 35.06557117916136, 32.444612771894398 ], [ 35.065529391548559, 32.444882685701273 ], [ 35.065513088320238, 32.445112049070822 ], [ 35.065490615143524, 32.445247003763974 ], [ 35.065483762802351, 32.445490045285446 ], [ 35.065493134685134, 32.445662795654094 ], [ 35.06545782148379, 32.445827465789037 ], [ 35.06545750260824, 32.446035289640875 ], [ 35.065470028815184, 32.446210720756156 ], [ 35.065454041272403, 32.446558438400928 ], [ 35.065450644755607, 32.446714972108801 ], [ 35.065447039751533, 32.4468985579201 ], [ 35.065453233548197, 32.447084830914953 ], [ 35.065443360412182, 32.447238680184277 ], [ 35.065427014999479, 32.447495095744067 ], [ 35.065398381543858, 32.447745721154085 ], [ 35.065411622502367, 32.447996674112403 ], [ 35.065418063755288, 32.44834667076519 ], [ 35.065427990365009, 32.448591843466112 ], [ 35.065427641326821, 32.448819252177778 ], [ 35.065451466651304, 32.448994414341911 ], [ 35.065540602259837, 32.449274475393793 ], [ 35.06559889690196, 32.449402897538754 ], [ 35.065664008700608, 32.449528509214062 ], [ 35.065830720511933, 32.449825986098553 ], [ 35.065902789344705, 32.449966117968231 ], [ 35.065992109945391, 32.450126698670765 ], [ 35.066091710742462, 32.450301802365075 ], [ 35.066228975164307, 32.450514849413025 ], [ 35.066321839505406, 32.45064049117547 ], [ 35.066414547432245, 32.450760073877738 ], [ 35.066545075825751, 32.45092365793812 ], [ 35.066668830918395, 32.451060886393961 ], [ 35.066782140386564, 32.45118359064346 ], [ 35.066974581590394, 32.451393738517368 ], [ 35.067088088781446, 32.451496012791381 ], [ 35.067270176994313, 32.451630345616536 ], [ 35.067473033742338, 32.451767659382121 ], [ 35.067630216504831, 32.451889424949087 ], [ 35.067843394266042, 32.452015055508653 ], [ 35.068101412572346, 32.452158345304518 ], [ 35.068328441323985, 32.45224608883445 ], [ 35.068586356447099, 32.452348517705069 ], [ 35.068823864277618, 32.452430353497142 ], [ 35.068999252994765, 32.452491831926295 ], [ 35.069240079382311, 32.45257677069614 ], [ 35.069580826267561, 32.452629549822731 ], [ 35.069790605807022, 32.452696841436278 ], [ 35.069969493692639, 32.452752545682905 ], [ 35.070169022215993, 32.452784883149391 ], [ 35.070372177234169, 32.452837513395345 ], [ 35.070671499622442, 32.4529225107702 ], [ 35.070843405497044, 32.452981025211351 ], [ 35.071087725625134, 32.453065822577635 ], [ 35.071356077060166, 32.453194464198347 ], [ 35.071543710487738, 32.453293431193643 ], [ 35.071787946463793, 32.453436699782479 ], [ 35.071970079783817, 32.453547636406455 ], [ 35.072148848261101, 32.45368787680453 ], [ 35.0723069931936, 32.453839789126825 ], [ 35.072451354283466, 32.453985769563246 ], [ 35.072568118142357, 32.454140456133501 ], [ 35.072657463081981, 32.454295254581545 ], [ 35.07273634763618, 32.454443984112523 ], [ 35.072835966010388, 32.454619223973289 ], [ 35.072921805605141, 32.454785572601402 ], [ 35.072997379911101, 32.454925703082779 ], [ 35.073079699884914, 32.455112478726363 ], [ 35.073178433672062, 32.455325899902235 ], [ 35.073308487797235, 32.455600080616072 ], [ 35.073370773407426, 32.455737097729987 ], [ 35.073511355836921, 32.455971556555248 ], [ 35.073240224986165, 32.455918297010726 ], [ 35.073073238177201, 32.456015342627431 ], [ 35.072979172792536, 32.45613458391346 ], [ 35.072879705819673, 32.456311306525478 ], [ 35.072796095836878, 32.456439294677637 ], [ 35.072728100718194, 32.456571808718749 ], [ 35.072665384484871, 32.456730956722147 ], [ 35.072557786775207, 32.457012498207717 ], [ 35.07243994651634, 32.457251477395687 ], [ 35.072369298106238, 32.457379338153913 ], [ 35.072248167574813, 32.457595488774167 ], [ 35.072190771592858, 32.4577519657228 ], [ 35.072183879091448, 32.45791976656831 ], [ 35.072203708745072, 32.458110422191055 ], [ 35.072250461049528, 32.45830110516161 ], [ 35.072327433741812, 32.458509009738378 ], [ 35.072414411447255, 32.458693958257065 ], [ 35.072479523744761, 32.458830273545601 ], [ 35.072613582822235, 32.458981174531615 ], [ 35.072767759961103, 32.459126459610118 ], [ 35.072868319844133, 32.459228997283809 ], [ 35.07297900999442, 32.45933718134286 ], [ 35.073082894100658, 32.459439722312062 ], [ 35.073193584560954, 32.459548046851872 ], [ 35.073334500548363, 32.459670492491341 ], [ 35.073451847476043, 32.459773046263201 ], [ 35.07358262286705, 32.459898299021567 ], [ 35.073689828862108, 32.460003801552432 ], [ 35.073797196102738, 32.460111981432341 ], [ 35.073904406866745, 32.460214525164538 ], [ 35.074001637342633, 32.460322694361096 ], [ 35.074105512428055, 32.460433828975177 ], [ 35.074224582918404, 32.460609791973823 ], [ 35.074368732680803, 32.460797756803323 ], [ 35.074516144514504, 32.461028416934695 ], [ 35.074619971081106, 32.461173647758422 ], [ 35.07470703037621, 32.461307449670372 ], [ 35.074770656174273, 32.461441226494301 ], [ 35.074928223825893, 32.461660484123811 ], [ 35.075021963286531, 32.461771465965896 ], [ 35.075179654900282, 32.461905480770803 ], [ 35.075317152384059, 32.461982410601003 ], [ 35.075488379382158, 32.462065010710113 ], [ 35.07568632273756, 32.462176240272385 ], [ 35.075833837062476, 32.462221901032294 ], [ 35.076005112299043, 32.462270403797227 ], [ 35.07620310903517, 32.462344717063665 ], [ 35.076360738343489, 32.46240743584864 ], [ 35.076518508641811, 32.462487203825084 ], [ 35.076702980868099, 32.462606871937872 ], [ 35.076842277334165, 32.462706345484584 ], [ 35.076989834857194, 32.462840206168117 ], [ 35.077140660623208, 32.463013944129685 ], [ 35.077294790868343, 32.463201915639964 ], [ 35.077418900668057, 32.463347165492749 ], [ 35.077596636432425, 32.463532201813564 ], [ 35.077844740061373, 32.463788602184664 ], [ 35.078112934879847, 32.464059112837951 ], [ 35.078320892789797, 32.464264185386519 ], [ 35.078501967894113, 32.464440769918021 ], [ 35.078699821314991, 32.464623148400214 ], [ 35.078843878996224, 32.464768415834357 ], [ 35.078972987026617, 32.46490775097628 ], [ 35.079177482535741, 32.465095770301048 ], [ 35.079331874208606, 32.465221040492494 ], [ 35.079496015981036, 32.465386334974021 ], [ 35.079955435187443, 32.465836252457009 ], [ 35.0800795644818, 32.465973044923629 ], [ 35.080284115525117, 32.466124007194757 ], [ 35.080478687527659, 32.466280594295085 ], [ 35.080575933243153, 32.466388899018966 ], [ 35.080753719068333, 32.466545610752071 ], [ 35.080934846356698, 32.466690771488011 ], [ 35.081062167503568, 32.466804741208612 ], [ 35.081218225606889, 32.466930433610507 ], [ 35.081418280749617, 32.467090407042356 ], [ 35.081577145688499, 32.467230332126086 ], [ 35.081735991935133, 32.467385191638058 ], [ 35.081912614720075, 32.467545141442812 ], [ 35.082071494747161, 32.467675061985425 ], [ 35.082242009967089, 32.467804993615758 ], [ 35.082365716475032, 32.467889934130923 ], [ 35.082576471217493, 32.468006518848334 ], [ 35.082876015288313, 32.468096701185225 ], [ 35.083101807481832, 32.468155532152167 ], [ 35.083369171280673, 32.468198762876391 ], [ 35.083659664058146, 32.468222430286701 ], [ 35.083959131271719, 32.468246247186322 ], [ 35.084222029821682, 32.468273832919749 ], [ 35.084378718775916, 32.468305261113514 ], [ 35.084724340236718, 32.468368007800912 ], [ 35.0849363443239, 32.468422877249779 ], [ 35.085092970851896, 32.468501223924108 ], [ 35.085258859960504, 32.468614662334446 ], [ 35.085410808864765, 32.468712447540852 ], [ 35.085599619136687, 32.468837601850133 ], [ 35.085839202066815, 32.469029306250441 ], [ 35.086023277988104, 32.469217013791535 ], [ 35.086189036842804, 32.469432037454368 ], [ 35.086382335290814, 32.469686115894184 ], [ 35.086455968006533, 32.469811160878443 ], [ 35.086601997955214, 32.469989391571467 ], [ 35.086762181848961, 32.470147627475697 ], [ 35.086883353899523, 32.470270743605312 ], [ 35.087009022413355, 32.470386678732716 ], [ 35.087175664173891, 32.47056492796537 ], [ 35.087296950761981, 32.470728622164415 ], [ 35.087426780308, 32.47084075629121 ], [ 35.087602299808822, 32.470967726651551 ], [ 35.087751752714382, 32.471072551995306 ], [ 35.087912006937259, 32.47117921859239 ], [ 35.08806910347667, 32.471285740492888 ], [ 35.088283645581853, 32.471442052546472 ], [ 35.088400513358408, 32.471554314374842 ], [ 35.088411124678089, 32.471704943818807 ], [ 35.088437000498665, 32.471875734927231 ], [ 35.088536526633611, 32.472032081208425 ], [ 35.088666528938589, 32.472142381858816 ], [ 35.088798560139999, 32.472225209982696 ], [ 35.088941530391956, 32.472333690817763 ], [ 35.089071562916544, 32.472420180595229 ], [ 35.089237323547557, 32.472513746428206 ], [ 35.089445392707617, 32.472666387683546 ], [ 35.089557965956075, 32.472760186756702 ], [ 35.089711684519003, 32.472912777973072 ], [ 35.089861036041555, 32.47310213803123 ], [ 35.089951918272881, 32.473262139077427 ], [ 35.090018875553433, 32.473414650999466 ], [ 35.090079550063521, 32.473541371889432 ], [ 35.090204875743837, 32.473804259313177 ], [ 35.090268516676375, 32.473951131298477 ], [ 35.090328964645884, 32.474125617076645 ], [ 35.090411126898267, 32.474348026575917 ], [ 35.090467293561318, 32.47449136948034 ], [ 35.090547405900253, 32.474625575934979 ], [ 35.090686020576591, 32.474765330406683 ], [ 35.090796426913329, 32.474866453034096 ], [ 35.09098919243668, 32.475035703277207 ], [ 35.091153073505765, 32.475174493483657 ], [ 35.09133459925151, 32.475294419574865 ], [ 35.091499347496971, 32.475405734962145 ], [ 35.09168417268927, 32.475545529758328 ], [ 35.091828624880151, 32.475671198481869 ], [ 35.092037036890005, 32.475825244218555 ], [ 35.092171567656152, 32.475910888037205 ], [ 35.09230593881923, 32.475990755919263 ], [ 35.092480828575674, 32.47610207904355 ], [ 35.092662399179105, 32.476187765051264 ], [ 35.092837172986343, 32.47625921349978 ], [ 35.093005347431998, 32.476290782691834 ], [ 35.09320812439924, 32.476298852205566 ], [ 35.093469554388342, 32.476325712169512 ], [ 35.09367096153678, 32.476366609407066 ], [ 35.093853256885822, 32.476404670698066 ], [ 35.094073916042902, 32.476469958249503 ], [ 35.094301031914476, 32.476556949649215 ], [ 35.094467324808804, 32.476632898020277 ], [ 35.094633650643139, 32.476681934649172 ], [ 35.094806270821131, 32.476749715612648 ], [ 35.095007659927383, 32.476806813172502 ], [ 35.095263559471924, 32.476872129257188 ], [ 35.095428713889092, 32.476928208217693 ], [ 35.09567177629016, 32.477026060689241 ], [ 35.095866840925787, 32.47709132298472 ], [ 35.096119368914657, 32.477197213654286 ], [ 35.09626972353221, 32.477259618916783 ], [ 35.096483874579754, 32.477349272502941 ], [ 35.096666124600432, 32.477428048681176 ], [ 35.096819651345136, 32.477479608060349 ], [ 35.096995602121375, 32.477544852267101 ], [ 35.097161749018916, 32.477607411509403 ], [ 35.097337709964933, 32.477664483672299 ], [ 35.097702254808617, 32.477786668861938 ], [ 35.097996546897527, 32.477860184399411 ], [ 35.098222880229663, 32.477912225603333 ], [ 35.098488454276982, 32.47795302766604 ], [ 35.098744222116338, 32.477993961609315 ], [ 35.099012945599362, 32.478042937684137 ], [ 35.099268895612482, 32.478070344604902 ], [ 35.09947034084361, 32.47808403880105 ], [ 35.099684767640618, 32.478084217365904 ], [ 35.099854313991109, 32.47808435829775 ], [ 35.100135733760347, 32.478079096510697 ], [ 35.100484466786895, 32.478079384890158 ], [ 35.100737136521829, 32.478068744386576 ], [ 35.100945083434119, 32.4780662382 ], [ 35.101242611820958, 32.478074654859306 ], [ 35.101447344757915, 32.478120896012399 ], [ 35.101645619631221, 32.478145432976184 ], [ 35.101846412654425, 32.478148414668055 ], [ 35.102169382348336, 32.478148677387153 ], [ 35.102425376528728, 32.478138036194927 ], [ 35.102604621383747, 32.478086612535677 ], [ 35.102803006029028, 32.478013647058297 ], [ 35.103059093851499, 32.47791903005281 ], [ 35.103273433255033, 32.477848613271782 ], [ 35.103535808814783, 32.477778375296964 ], [ 35.103750304220668, 32.477716270072378 ], [ 35.103889487494243, 32.477815009175686 ], [ 35.104089677177619, 32.477761910257932 ], [ 35.104268327658311, 32.477646234724688 ], [ 35.104538051524067, 32.477543453973716 ], [ 35.104712820974299, 32.477479201902455 ], [ 35.104975081834041, 32.477360351592203 ], [ 35.105176477586703, 32.477267237145576 ], [ 35.105362789044328, 32.477135362705177 ], [ 35.105537651992371, 32.476984317903671 ], [ 35.105685879550713, 32.476868617344493 ], [ 35.105864533289143, 32.476746458715901 ], [ 35.106064488355052, 32.476599659270263 ], [ 35.1061671757178, 32.476480681694639 ], [ 35.106269844320117, 32.4763777658275 ], [ 35.106361241130543, 32.476245957431978 ], [ 35.106475243518922, 32.476114025883085 ], [ 35.106635011402219, 32.475930701688085 ], [ 35.106768225484039, 32.475708751355008 ], [ 35.106870987175142, 32.475519042479 ], [ 35.107060855247362, 32.475474102388866 ], [ 35.107303944844993, 32.475554742564739 ], [ 35.107486212646954, 32.475622372931312 ], [ 35.107660835096048, 32.475690137829865 ], [ 35.107850576050396, 32.475764254223826 ], [ 35.108086007843355, 32.475857849540908 ], [ 35.108275929077799, 32.475919143574991 ], [ 35.108492307916343, 32.475954674002494 ], [ 35.108750542132107, 32.476019260206989 ], [ 35.108955570981038, 32.476099868263368 ], [ 35.109092290972605, 32.476173942569822 ], [ 35.109231328524508, 32.476256754546 ], [ 35.109455262820084, 32.476379222269806 ], [ 35.109626027851711, 32.476482346906415 ], [ 35.109766561042498, 32.476566145017365 ], [ 35.109899445697529, 32.476653037414088 ], [ 35.110074018316332, 32.476772227009072 ], [ 35.110206920151768, 32.476843197052752 ], [ 35.110464958817019, 32.476939905010354 ], [ 35.110719331657506, 32.477046330476711 ], [ 35.110859794650651, 32.477200858059739 ], [ 35.110946943597185, 32.477313640398314 ], [ 35.111079770734399, 32.477458440393072 ], [ 35.111216408147186, 32.477616346261222 ], [ 35.111470677027683, 32.477825625383453 ], [ 35.111633883946048, 32.477848289287998 ], [ 35.11185049394642, 32.477825905218047 ], [ 35.112101139575202, 32.477842151063349 ], [ 35.112264475403911, 32.477900320288235 ], [ 35.112455523961749, 32.478005569593876 ], [ 35.112614930334736, 32.478169830702527 ], [ 35.11269071413318, 32.478346852558637 ], [ 35.112755032405367, 32.478520625161138 ], [ 35.112830777538882, 32.478736393790257 ], [ 35.112925603381697, 32.478987400027236 ], [ 35.113016498743285, 32.4791806360236 ], [ 35.113088517006254, 32.479302986856894 ], [ 35.113228989752329, 32.479454270900568 ], [ 35.113411257879768, 32.479534855180553 ], [ 35.113597188048182, 32.479609101699999 ], [ 35.113893473757749, 32.479702588427969 ], [ 35.114053666617885, 32.479750749149495 ], [ 35.114779194171362, 32.479964726938341 ], [ 35.11494239204108, 32.480000208392433 ], [ 35.115211445957847, 32.480066762016513 ], [ 35.115450093304197, 32.480120471732953 ], [ 35.115743095252661, 32.480176050728502 ], [ 35.11593222981228, 32.480206758217705 ], [ 35.116200290486809, 32.480269927502455 ], [ 35.116385102271266, 32.480302462716836 ], [ 35.116646354145708, 32.48035984974058 ], [ 35.116831160681372, 32.480398161747488 ], [ 35.117024934871203, 32.480446059799128 ], [ 35.117209562878543, 32.480497756561739 ], [ 35.117385374735299, 32.480555223508254 ], [ 35.117576329534785, 32.480596215036535 ], [ 35.117756489893459, 32.480626913593461 ], [ 35.118017921507892, 32.480672885466134 ], [ 35.118184586105336, 32.480735979993597 ], [ 35.118348928973006, 32.480795269171615 ], [ 35.118695915043496, 32.480896670369305 ], [ 35.119024811047346, 32.480967623700032 ], [ 35.119256792464142, 32.481044147429557 ], [ 35.11952432331028, 32.481146478170999 ], [ 35.119785543901848, 32.48124204104802 ], [ 35.120046920230784, 32.481349157485724 ], [ 35.120254125146509, 32.481437075193199 ], [ 35.120702290339629, 32.481601518705965 ], [ 35.120927609796219, 32.481695223895422 ], [ 35.12110556528387, 32.481777484919888 ], [ 35.121260947380065, 32.481823378926471 ], [ 35.121420797753466, 32.481890270004669 ], [ 35.121596577621602, 32.481989717872281 ], [ 35.121735641638502, 32.482065893618639 ], [ 35.121895645936974, 32.482148000158368 ], [ 35.122042041620553, 32.482205441306107 ], [ 35.122228955925713, 32.482308700014244 ], [ 35.122368528358216, 32.482375576645062 ], [ 35.122526192122351, 32.482473038392712 ], [ 35.122762781395835, 32.482608735348137 ], [ 35.122933908034256, 32.482710009755706 ], [ 35.123213214397268, 32.482851510049933 ], [ 35.1235330445868, 32.483034881919011 ], [ 35.123861859756516, 32.483210791410968 ], [ 35.124115887389536, 32.483368617555179 ], [ 35.124291666359845, 32.483475669622024 ], [ 35.124584409795133, 32.483653385687035 ], [ 35.124757971421168, 32.483636306662788 ], [ 35.125005802176659, 32.483661261092287 ], [ 35.1252648917364, 32.483737789923083 ], [ 35.125481094923181, 32.483812319230708 ], [ 35.125713075757623, 32.48390418857354 ], [ 35.125869196244736, 32.484063500009036 ], [ 35.12560804254764, 32.484064885980317 ], [ 35.125671898298087, 32.484231184255371 ], [ 35.125757078183362, 32.484343391420715 ], [ 35.125855045649665, 32.484469837767875 ], [ 35.1259488399212, 32.484618119773522 ], [ 35.126123533460721, 32.484831545946633 ], [ 35.126268555899514, 32.484947312156478 ], [ 35.126443319465892, 32.485081132322215 ], [ 35.126605296197276, 32.485200430836549 ], [ 35.12690383144114, 32.485421118361927 ], [ 35.12703591781834, 32.485504329216745 ], [ 35.12726619047946, 32.485656216233792 ], [ 35.127503438099431, 32.485817829646898 ], [ 35.127673895876406, 32.485937131956057 ], [ 35.127904173692514, 32.486085495605082 ], [ 35.12826652577607, 32.486335103171953 ], [ 35.128522406683693, 32.48648348116771 ], [ 35.128778285485652, 32.486635380834464 ], [ 35.12898731052659, 32.486758508959788 ], [ 35.129128051260579, 32.486834396155501 ], [ 35.12942647403559, 32.487004495399979 ], [ 35.129605567929794, 32.487138312816803 ], [ 35.129776193921153, 32.487261276126482 ], [ 35.12998935973885, 32.487405962921514 ], [ 35.130202531072769, 32.487543463393379 ], [ 35.130356053461057, 32.487644717266711 ], [ 35.130488143272608, 32.487731587343006 ], [ 35.130645989071049, 32.487832844301003 ], [ 35.13077392848728, 32.487912525680628 ], [ 35.130935921847758, 32.488024633527019 ], [ 35.131089434106613, 32.48814039908904 ], [ 35.131335665182192, 32.488309899777853 ], [ 35.131484903407788, 32.48836775446695 ], [ 35.131783504601302, 32.488534185327346 ], [ 35.132060682292, 32.488675241742044 ], [ 35.132393354377236, 32.488856203322769 ], [ 35.132559693242989, 32.488943090802813 ], [ 35.132713243554967, 32.489015458184511 ], [ 35.132853996621641, 32.489084155238245 ], [ 35.133075660578953, 32.489214469681187 ], [ 35.133276050048458, 32.489341107943055 ], [ 35.133467954718661, 32.489474927062467 ], [ 35.133672644508607, 32.489630451625743 ], [ 35.133813359766336, 32.489749729743835 ], [ 35.133966889839478, 32.489851119859459 ], [ 35.134120406344636, 32.489970404794512 ], [ 35.13436764849066, 32.490136800798084 ], [ 35.134495589958043, 32.4902236643319 ], [ 35.134627850778948, 32.490314052322816 ], [ 35.134862304202613, 32.490466069238593 ], [ 35.135020170818812, 32.490552807194213 ], [ 35.135156596711028, 32.490632489670858 ], [ 35.135297359648348, 32.490693998024049 ], [ 35.135503920719117, 32.49080175639034 ], [ 35.135711149306786, 32.490905428098763 ], [ 35.136064417545008, 32.491131196777673 ], [ 35.136221625848265, 32.491210747804338 ], [ 35.136470231489149, 32.491342197999906 ], [ 35.136642559197718, 32.491436550590308 ], [ 35.13679310623619, 32.491532722676332 ], [ 35.136956618552077, 32.491632706868991 ], [ 35.137258889274982, 32.491811666218979 ], [ 35.137415761900179, 32.491899246455695 ], [ 35.137622152881093, 32.492018272975855 ], [ 35.137803795350273, 32.492109388962383 ], [ 35.13794005685542, 32.492193435440697 ], [ 35.138096933387637, 32.492277492633768 ], [ 35.138274588410255, 32.492365082742801 ], [ 35.138509893961619, 32.492505257045629 ], [ 35.138741034257222, 32.492659237060664 ], [ 35.138902060645933, 32.492753862888449 ], [ 35.139141539408847, 32.492872904121 ], [ 35.139385155670091, 32.493019985702055 ], [ 35.139686591490729, 32.493216128605205 ], [ 35.139996336746194, 32.493419178746556 ], [ 35.139634794884358, 32.493578488242832 ], [ 35.139386836979597, 32.493686850378644 ], [ 35.139081173956505, 32.493816176365549 ], [ 35.138738076915878, 32.493983946646402 ], [ 35.138386971939759, 32.494186654160011 ], [ 35.138031558680758, 32.494368505707683 ], [ 35.137833149697002, 32.494462801222085 ], [ 35.137903363928324, 32.494613315979628 ], [ 35.137985890813816, 32.494749889100817 ], [ 35.138076557491921, 32.494896891455284 ], [ 35.138266362130096, 32.495201469688531 ], [ 35.138361182261022, 32.495351855530359 ], [ 35.138431418422883, 32.49547447290071 ], [ 35.138595337143691, 32.495713942342036 ], [ 35.1387315031537, 32.495937898001046 ], [ 35.138863528842329, 32.496140998648251 ], [ 35.13897496885572, 32.496301961035464 ], [ 35.139487061140926, 32.496267283883938 ], [ 35.140015915824186, 32.496274459298192 ], [ 35.140338120911622, 32.496271242226165 ], [ 35.140643711528426, 32.496253785578354 ], [ 35.141184877203514, 32.496247153996741 ], [ 35.142242424410931, 32.496254585444916 ], [ 35.142596705804678, 32.496266876608701 ], [ 35.142898284370212, 32.496280973359887 ], [ 35.143208187107682, 32.496277602254665 ], [ 35.143592239264102, 32.496274265338364 ], [ 35.143840138253232, 32.496256913707029 ], [ 35.144178805066943, 32.496250172532328 ], [ 35.144430846162876, 32.496253674420778 ], [ 35.144769504783284, 32.496260880644364 ], [ 35.144918238227852, 32.496358873520705 ], [ 35.14509573034487, 32.49646406663225 ], [ 35.145306303681714, 32.496576037168204 ], [ 35.145459209032062, 32.496653179561804 ], [ 35.14564501360497, 32.496761615733831 ], [ 35.14585972849401, 32.49689824530855 ], [ 35.146111502813326, 32.497059265673975 ], [ 35.146247777246778, 32.497146825297996 ], [ 35.146384726923053, 32.497218886908357 ], [ 35.146538962808741, 32.497298423613856 ], [ 35.146753870659666, 32.497398559295114 ], [ 35.146993024985477, 32.49753970590811 ], [ 35.147204917997783, 32.49767576739778 ], [ 35.147401520764433, 32.497804072966233 ], [ 35.147646674788419, 32.497927326953715 ], [ 35.147858586349749, 32.498035067353968 ], [ 35.148003829802427, 32.498142918204145 ], [ 35.148167364824893, 32.498245564112487 ], [ 35.148363324731974, 32.498342307045412 ], [ 35.148490458917934, 32.498429578812541 ], [ 35.148678096062397, 32.498542519985477 ], [ 35.148889998725387, 32.498670829086194 ], [ 35.149035252862745, 32.498763180568339 ], [ 35.14920162833419, 32.498847932282985 ], [ 35.149337911809042, 32.498929994253352 ], [ 35.14953768464941, 32.499048152394792 ], [ 35.149764727479273, 32.499163645702573 ], [ 35.149903848905112, 32.499227814198967 ], [ 35.150049123449548, 32.499289448609971 ], [ 35.15024590896769, 32.49940239138347 ], [ 35.150436551308097, 32.499502369630868 ], [ 35.15057881610204, 32.499594858709997 ], [ 35.150699967258262, 32.499684661357847 ], [ 35.150848201424353, 32.499805191318138 ], [ 35.151032852185566, 32.499918127687877 ], [ 35.151216663654878, 32.500045857342812 ], [ 35.151374048707822, 32.500156245993495 ], [ 35.151591963884428, 32.500251302366237 ], [ 35.15180088889074, 32.500366783474632 ], [ 35.151918884092467, 32.500456584521729 ], [ 35.15207627178372, 32.500566971387229 ], [ 35.152294174382668, 32.500684992895025 ], [ 35.152536362492235, 32.500787665637489 ], [ 35.152727023812446, 32.500862137454725 ], [ 35.152929801617347, 32.500975078467867 ], [ 35.153159838586241, 32.501103387753098 ], [ 35.153311260839743, 32.501182914971096 ], [ 35.153553435946606, 32.501311229362969 ], [ 35.153680583236564, 32.501393423581419 ], [ 35.153843969286967, 32.50148577588471 ], [ 35.153998378939285, 32.501578125281 ], [ 35.154164760369625, 32.501667942678843 ], [ 35.154382014495482, 32.501767643296745 ], [ 35.154575830255119, 32.50185747105197 ], [ 35.154736227120218, 32.501947426893665 ], [ 35.154881487931206, 32.50205005680882 ], [ 35.155011608783333, 32.502170574694851 ], [ 35.155108468518101, 32.502304040994836 ], [ 35.155205152477841, 32.502457937818086 ], [ 35.15532926783974, 32.502616917539072 ], [ 35.155453403335855, 32.502737573294759 ], [ 35.155577356257524, 32.502891480427493 ], [ 35.155737760129441, 32.50297368544966 ], [ 35.155895245070759, 32.502919782679513 ], [ 35.156149617801006, 32.50295073704504 ], [ 35.156422088894637, 32.503030306863209 ], [ 35.156676438845246, 32.503107333532448 ], [ 35.156861137646914, 32.503153617503585 ], [ 35.157066957883643, 32.503192582533828 ], [ 35.157281581806544, 32.503247752944262 ], [ 35.157447491374853, 32.503297410531644 ], [ 35.157655796967568, 32.503352719517878 ], [ 35.157821706618719, 32.503405053869912 ], [ 35.158007068198707, 32.503460213106671 ], [ 35.15822187057001, 32.503493403027974 ], [ 35.158370824144264, 32.503539248741561 ], [ 35.158572485745552, 32.503583422730465 ], [ 35.158842648998323, 32.503630439148544 ], [ 35.159083379050273, 32.503685616835057 ], [ 35.159245966093408, 32.50373527085182 ], [ 35.159398914631815, 32.503773931736788 ], [ 35.159587607711025, 32.503818099458464 ], [ 35.159838139369256, 32.503892581782189 ], [ 35.160088672754178, 32.503964386348613 ], [ 35.16025458656221, 32.504011222302665 ], [ 35.160407531953112, 32.504058194174803 ], [ 35.160628624773203, 32.504154644474582 ], [ 35.160778205264002, 32.504284321176478 ], [ 35.160905177457231, 32.504405536096357 ], [ 35.16102547927197, 32.504568172596869 ], [ 35.161119674515632, 32.504736434956726 ], [ 35.161210691016827, 32.504945838816482 ], [ 35.161288752585726, 32.505125085874397 ], [ 35.161364337086283, 32.505270939799651 ], [ 35.161478004374004, 32.505403279714351 ], [ 35.161582194720218, 32.505535617200486 ], [ 35.16166992935586, 32.505656817965843 ], [ 35.16178043679156, 32.505791975356829 ], [ 35.161878139255698, 32.505932481934266 ], [ 35.161969026328215, 32.506070309778615 ], [ 35.16205360504253, 32.506186154687235 ], [ 35.162232574949265, 32.506414889919427 ], [ 35.162365858133015, 32.506563861810598 ], [ 35.162499135659466, 32.506723683255551 ], [ 35.162639049116677, 32.506919434666514 ], [ 35.162767143753591, 32.507142374786135 ], [ 35.162838753049733, 32.507263569369712 ], [ 35.162975345074116, 32.507453825010217 ], [ 35.16309566349701, 32.507597155979632 ], [ 35.163209487157197, 32.507762606114284 ], [ 35.163336268885452, 32.507955534491188 ], [ 35.163489150193705, 32.508162279521166 ], [ 35.16366148021666, 32.508382838052519 ], [ 35.163798088280402, 32.508542658254463 ], [ 35.163947657172777, 32.508724603878896 ], [ 35.164048540466787, 32.508832140432432 ], [ 35.164198145898965, 32.508934197299006 ], [ 35.16438349950306, 32.509041760546026 ], [ 35.164594459034021, 32.509151585063108 ], [ 35.164747388789543, 32.509259137507165 ], [ 35.164958851759579, 32.509361212945329 ], [ 35.165128095049681, 32.509430163985087 ], [ 35.165306981143665, 32.509501795049587 ], [ 35.165433813888455, 32.509590035966866 ], [ 35.165681165417631, 32.509761019386545 ], [ 35.165895785531141, 32.509874084580339 ], [ 35.166165776300957, 32.509989842601499 ], [ 35.166390381365687, 32.510086424434171 ], [ 35.166582218334405, 32.510207793773681 ], [ 35.166735162586932, 32.510290546034625 ], [ 35.166901060472995, 32.510414584371198 ], [ 35.167066962292907, 32.510527633024978 ], [ 35.167255645966094, 32.510640687285282 ], [ 35.167463957683815, 32.510737121709745 ], [ 35.167713334939386, 32.51085061600071 ], [ 35.168037157296496, 32.511088684586298 ], [ 35.168219014728066, 32.511229914682751 ], [ 35.168342361118768, 32.511318010070632 ], [ 35.168550319867791, 32.511474041951381 ], [ 35.168682306765454, 32.511582287862602 ], [ 35.168883616444489, 32.511732822116926 ], [ 35.169106697772257, 32.511918163768115 ], [ 35.169303696769497, 32.512041080458793 ], [ 35.169431532444449, 32.512136502628273 ], [ 35.169629688213313, 32.512281258277213 ], [ 35.169815874124019, 32.51242065581075 ], [ 35.169926250466872, 32.51251790499898 ], [ 35.170118921985122, 32.512659275953553 ], [ 35.170246748313154, 32.512784004612165 ], [ 35.170402676785038, 32.512912402687469 ], [ 35.170528178445828, 32.51303163524684 ], [ 35.170651516491723, 32.513154670621567 ], [ 35.170759895095415, 32.513262907990196 ], [ 35.170881076437503, 32.51337481242976 ], [ 35.170997939207545, 32.513475725244305 ], [ 35.171144225460417, 32.513602147729721 ], [ 35.17126757027247, 32.513714051461541 ], [ 35.171423495334366, 32.513857243036576 ], [ 35.171542520147874, 32.513959988232443 ], [ 35.171661711254792, 32.514062732455635 ], [ 35.171800184571623, 32.514189292804382 ], [ 35.171925859826217, 32.514297533633332 ], [ 35.172040561746115, 32.514400277235154 ], [ 35.172200814576662, 32.514539805192101 ], [ 35.172324167182758, 32.514637055566844 ], [ 35.172447683069713, 32.514739800137804 ], [ 35.172685242867978, 32.514935847151825 ], [ 35.172849830946632, 32.515045928276542 ], [ 35.173107518290465, 32.515227607664869 ], [ 35.173291557481946, 32.515354178579379 ], [ 35.173475601390237, 32.515471590292563 ], [ 35.173689895860917, 32.515631277990337 ], [ 35.173902199129891, 32.515783638233195 ], [ 35.174068948072033, 32.515904708628817 ], [ 35.174242185401958, 32.516022116604674 ], [ 35.174447837159988, 32.51617630665001 ], [ 35.174678925987187, 32.51635234060435 ], [ 35.174830379883637, 32.516467911188137 ], [ 35.174953901592836, 32.516572485598779 ], [ 35.175148748210695, 32.516723008203655 ], [ 35.175380333719701, 32.516912003420536 ], [ 35.175592641728187, 32.517067882962081 ], [ 35.17571384172868, 32.517155971456859 ], [ 35.175887078440205, 32.517286339594747 ], [ 35.176097226149942, 32.517440386361379 ], [ 35.176337303140514, 32.517608951986425 ], [ 35.176519190075425, 32.517739180504023 ], [ 35.17668145414985, 32.517869404433171 ], [ 35.176852530932486, 32.518003434502972 ], [ 35.177008483920424, 32.518111676820645 ], [ 35.177155787167287, 32.518225412245783 ], [ 35.177354958125548, 32.518399743558895 ], [ 35.177452370579893, 32.518522625918905 ], [ 35.177536809369585, 32.518656636452612 ], [ 35.177547564423357, 32.518838112994942 ], [ 35.177528067539455, 32.518973791146955 ], [ 35.177523691911134, 32.519149910845925 ], [ 35.177514991438706, 32.519327861039791 ], [ 35.177508445998008, 32.51952779058427 ], [ 35.177488937985984, 32.519700102609079 ], [ 35.177471579417649, 32.519912993171147 ], [ 35.177486663202323, 32.520076153662195 ], [ 35.177516373083471, 32.520270878906956 ], [ 35.177537599213316, 32.520473350937046 ], [ 35.177561334243826, 32.520628623971639 ], [ 35.177601193569132, 32.5208064429102 ], [ 35.177632252058544, 32.520941428444537 ], [ 35.177681601372292, 32.521082757052724 ], [ 35.177757885486187, 32.521246917867529 ], [ 35.177829856858786, 32.52137247083833 ], [ 35.177959692300533, 32.521529597569923 ], [ 35.178064763665667, 32.52163782781254 ], [ 35.17819045327532, 32.521758179778409 ], [ 35.178353221925946, 32.521903054768799 ], [ 35.17848091739171, 32.521990436721204 ], [ 35.178647199447362, 32.522063736842085 ], [ 35.178739124740233, 32.522204651709956 ], [ 35.178791630275285, 32.522367960286395 ], [ 35.178870405264604, 32.522557059279862 ], [ 35.178993080695243, 32.522757437878226 ], [ 35.179155003564411, 32.522965292402652 ], [ 35.179317105582278, 32.52312481917518 ], [ 35.179474714642076, 32.523299138704608 ], [ 35.179566647617584, 32.523425259082579 ], [ 35.179747536048914, 32.523615926798087 ], [ 35.179913961756803, 32.523786584645826 ], [ 35.180032176757379, 32.523894111511396 ], [ 35.180181148526053, 32.524038840744623 ], [ 35.180325633186001, 32.524172437927305 ], [ 35.18048325975964, 32.524294906429461 ], [ 35.180702247130078, 32.524443311178558 ], [ 35.180873198657295, 32.524491530168213 ], [ 35.18120164970474, 32.524517516054537 ], [ 35.181534597017752, 32.524517577032015 ], [ 35.181705396126013, 32.524513944223372 ], [ 35.181871869776401, 32.524513974155575 ], [ 35.182060298002391, 32.52451034492362 ], [ 35.182436671365629, 32.524427986367748 ], [ 35.182616295960415, 32.524376027201519 ], [ 35.182800243959143, 32.524327872939196 ], [ 35.18310244763515, 32.524227747178024 ], [ 35.18341362915794, 32.524138753199807 ], [ 35.183715834911517, 32.524023832103381 ], [ 35.18394369159995, 32.523953421355131 ], [ 35.184215283241919, 32.523894148233346 ], [ 35.184456104848138, 32.523849663507349 ], [ 35.184683954624212, 32.523801371868231 ], [ 35.184924942826655, 32.523757026940594 ], [ 35.185122022560925, 32.523723665169832 ], [ 35.185415569049503, 32.523645794539448 ], [ 35.185674024531757, 32.523571580848838 ], [ 35.185844828269147, 32.523530745862011 ], [ 35.186125236900708, 32.523449208787127 ], [ 35.186304838813911, 32.523490094163101 ], [ 35.186462484127695, 32.523553097508547 ], [ 35.186688484829205, 32.523600047701528 ], [ 35.186929292953387, 32.523614875247276 ], [ 35.18710024551342, 32.523666890199593 ], [ 35.187139633539083, 32.523804127909749 ], [ 35.187231574557103, 32.523941373692296 ], [ 35.187340980972166, 32.524067489861032 ], [ 35.187494294453806, 32.524178818886121 ], [ 35.187669559865547, 32.524301280755317 ], [ 35.187914831726168, 32.524468274720661 ], [ 35.188125018378095, 32.524612861875568 ], [ 35.188230102970138, 32.524735313852737 ], [ 35.188304587782639, 32.524854098981073 ], [ 35.18840533692611, 32.52504699826099 ], [ 35.188523540197188, 32.525288086546269 ], [ 35.188698777110623, 32.525588639509273 ], [ 35.188808179878897, 32.525759278407364 ], [ 35.188956337148149, 32.525899910447777 ], [ 35.189180806939518, 32.526193283728446 ], [ 35.189296204039294, 32.526324753375818 ], [ 35.189408447486485, 32.526425366994111 ], [ 35.189613141048838, 32.526643356643078 ], [ 35.189722057635869, 32.526752423343993 ], [ 35.189837459876351, 32.526861349127799 ], [ 35.189969492420836, 32.52698436631097 ], [ 35.190085059514466, 32.52710456446205 ], [ 35.190180672665015, 32.527210810421614 ], [ 35.190298899581009, 32.527349042454617 ], [ 35.190514243299496, 32.527554916099831 ], [ 35.190611020935293, 32.527660457599048 ], [ 35.190741556439477, 32.527794322555536 ], [ 35.190883733823355, 32.527934952533279 ], [ 35.191050856035496, 32.528090519517903 ], [ 35.191163434376605, 32.528207616178449 ], [ 35.191276176272673, 32.528336547110669 ], [ 35.191416525390132, 32.528478726364249 ], [ 35.191531099869103, 32.528592582062707 ], [ 35.191706868687696, 32.528785063328414 ], [ 35.191821611837199, 32.528885533434924 ], [ 35.191987571007772, 32.529062938129847 ], [ 35.192111125284711, 32.529192997432659 ], [ 35.192218052549201, 32.529299242914277 ], [ 35.192325311242449, 32.529412392911496 ], [ 35.192432238308683, 32.529523992703147 ], [ 35.192565942067802, 32.529638272173081 ], [ 35.19268218209352, 32.529760440043461 ], [ 35.192788109762738, 32.529886129024312 ], [ 35.192894370355702, 32.530016044370264 ], [ 35.193007451235857, 32.530136380222359 ], [ 35.193112218372811, 32.530237552479967 ], [ 35.193230456183798, 32.530356056267323 ], [ 35.193338384144482, 32.530457229515626 ], [ 35.193446810748519, 32.530565164814341 ], [ 35.193588830877644, 32.530703960238696 ], [ 35.193724863401975, 32.530838386091638 ], [ 35.193859732481563, 32.530976334770543 ], [ 35.19399975712944, 32.531123159492729 ], [ 35.194114338399871, 32.531235463613228 ], [ 35.19422442932985, 32.531345229785607 ], [ 35.194339510263362, 32.531458660904519 ], [ 35.19448369333908, 32.531613234907937 ], [ 35.19459993792205, 32.531740754560708 ], [ 35.194723997558384, 32.531882927875252 ], [ 35.194840077161039, 32.532006784446409 ], [ 35.194949005900312, 32.532121904376446 ], [ 35.195078722975225, 32.532255483336002 ], [ 35.195286769287797, 32.532468956036325 ], [ 35.195543046318605, 32.532737803635356 ], [ 35.195635341338047, 32.532874901536132 ], [ 35.195712167365841, 32.53303834604538 ], [ 35.195771529741627, 32.533192913544539 ], [ 35.195858665848988, 32.533377351916947 ], [ 35.195923019778895, 32.533523183683187 ], [ 35.196078670313184, 32.533836827739854 ], [ 35.196144024020889, 32.533964342541346 ], [ 35.196218857833252, 32.534107497584685 ], [ 35.196332103806846, 32.534345478609048 ], [ 35.196405772898608, 32.53449750921731 ], [ 35.196476447300583, 32.534655599236714 ], [ 35.196571898538188, 32.534880615586253 ], [ 35.196629269952069, 32.535021092030256 ], [ 35.196694624187437, 32.535161569836383 ], [ 35.196791081671066, 32.53530754375182 ], [ 35.196912485129864, 32.535489306157075 ], [ 35.197062337972383, 32.535604145284474 ], [ 35.197204374798062, 32.535689395219379 ], [ 35.197334103782715, 32.535779012295855 ], [ 35.197491940998283, 32.535885397608304 ], [ 35.197611857836357, 32.535976563934696 ], [ 35.197736431238781, 32.536065334488043 ], [ 35.197877471027027, 32.53616382825696 ], [ 35.198058094499324, 32.536297266020355 ], [ 35.198202294743623, 32.536407171912316 ], [ 35.198365288579545, 32.536543284701814 ], [ 35.198485205638256, 32.536641636095197 ], [ 35.198620092246706, 32.53675492256157 ], [ 35.198786081426093, 32.536897375019457 ], [ 35.198977018787218, 32.537063359051757 ], [ 35.199117229069458, 32.537161287796074 ], [ 35.199296527496685, 32.537282183306615 ], [ 35.199439232980644, 32.53739321486848 ], [ 35.19958776079573, 32.53752214047401 ], [ 35.199769054481422, 32.537662620113217 ], [ 35.199915586477033, 32.537785205169939 ], [ 35.200023697550336, 32.537894544071229 ], [ 35.200168234893731, 32.538004024780534 ], [ 35.200380468307422, 32.538157185632386 ], [ 35.200556110902674, 32.538269766138058 ], [ 35.200663391113785, 32.538373187286268 ], [ 35.200897081534528, 32.538591018351369 ], [ 35.201008520935503, 32.53868542199023 ], [ 35.201245539647452, 32.538873805509226 ], [ 35.201384924071903, 32.538995402155294 ], [ 35.201687143893217, 32.53930580250956 ], [ 35.201837174509492, 32.539445574195128 ], [ 35.202092327195821, 32.539636070125347 ], [ 35.202317375612289, 32.539775842588121 ], [ 35.2025016738571, 32.539859396430465 ], [ 35.202662518871158, 32.539966479483603 ], [ 35.202829685052777, 32.540042706028672 ], [ 35.202970904112952, 32.540118510046554 ], [ 35.203185309966273, 32.540227424444538 ], [ 35.20335247692509, 32.540316331353296 ], [ 35.20351531987766, 32.540416227419811 ], [ 35.203641901230178, 32.540508796483991 ], [ 35.203847659158626, 32.540637576658952 ], [ 35.204107144916129, 32.540784672619246 ], [ 35.20429144684244, 32.540897247881233 ], [ 35.204513674340141, 32.541045188782164 ], [ 35.204715110416359, 32.54115776430438 ], [ 35.204903739076045, 32.541248500501268 ], [ 35.205096692401256, 32.541341067808233 ], [ 35.20532191518911, 32.541420954428908 ], [ 35.20551270672577, 32.541477169582052 ], [ 35.205720630802297, 32.541546066228278 ], [ 35.20597363459256, 32.541624119065688 ], [ 35.206117185623256, 32.541684139189826 ], [ 35.206350229742682, 32.541777408267556 ], [ 35.206598908612094, 32.541868281639779 ], [ 35.206847589142406, 32.541962677586156 ], [ 35.207016925037479, 32.542013396613484 ], [ 35.207220693097483, 32.542076936374634 ], [ 35.207482182904741, 32.542174993611113 ], [ 35.207653680799169, 32.542200350512154 ], [ 35.207833828040179, 32.542242050837189 ], [ 35.207992352802037, 32.542283892192714 ], [ 35.208154868079305, 32.542307980830444 ], [ 35.20831771694975, 32.542338831336224 ], [ 35.208467757324826, 32.542378840937722 ], [ 35.208637095513069, 32.54244237950752 ], [ 35.208845187681042, 32.542458575555209 ], [ 35.209061599596509, 32.542494918349227 ], [ 35.209263207434383, 32.542547606137816 ], [ 35.209509728156902, 32.54262015784537 ], [ 35.209657607885596, 32.542669183432928 ], [ 35.209826947676746, 32.542736383232686 ], [ 35.210017746949113, 32.542827111641763 ], [ 35.210275578348266, 32.542870213478594 ], [ 35.210469873308391, 32.542991374489738 ], [ 35.210633560889057, 32.543098165816232 ], [ 35.210783608114674, 32.543187627234737 ], [ 35.210967592584204, 32.543334853455455 ], [ 35.211172202598881, 32.543447418427057 ], [ 35.21132557628529, 32.543531101618655 ], [ 35.211492758116847, 32.543629296317036 ], [ 35.211625672793197, 32.543710163281347 ], [ 35.211799509241374, 32.543811175098739 ], [ 35.211997298881535, 32.543891896264391 ], [ 35.212181447368167, 32.543975577445984 ], [ 35.212358773624338, 32.544016003615951 ], [ 35.212529279151717, 32.544056429074693 ], [ 35.212777134998838, 32.544091918506567 ], [ 35.21305343576968, 32.544135154979521 ], [ 35.213322749474713, 32.544164019539686 ], [ 35.213544321804527, 32.544187110508041 ], [ 35.21370451463391, 32.54423049460479 ], [ 35.213858053695127, 32.54426218534006 ], [ 35.214069315761776, 32.544305423550178 ], [ 35.214250134470639, 32.544337252376927 ], [ 35.214407001429649, 32.544374717772556 ], [ 35.214574017859292, 32.544435289929396 ], [ 35.21475468257993, 32.544559403972286 ], [ 35.214860491439104, 32.544677747506057 ], [ 35.215000235303457, 32.544799046675493 ], [ 35.21513315823892, 32.544917387687747 ], [ 35.215232147762485, 32.545032772902033 ], [ 35.215356262258432, 32.545199723177269 ], [ 35.215492685648663, 32.545361459330422 ], [ 35.215639256002824, 32.545520095173764 ], [ 35.215765533133968, 32.545678873347349 ], [ 35.215905286753291, 32.545854979634825 ], [ 35.215976834658804, 32.546005026606224 ], [ 35.21603142110078, 32.546195512349399 ], [ 35.216038260454368, 32.546345706815835 ], [ 35.216038294704553, 32.546611294675735 ], [ 35.21604181300998, 32.546798826529482 ], [ 35.216045164200779, 32.546986499063102 ], [ 35.216048182974738, 32.547180371024758 ], [ 35.216064674923473, 32.547359025015837 ], [ 35.216085159338981, 32.547537678628878 ], [ 35.216111802574886, 32.547747469342404 ], [ 35.216201987125956, 32.547924425670743 ], [ 35.216355538559412, 32.54799542250511 ], [ 35.216515412233107, 32.548075295184447 ], [ 35.216650166714786, 32.54814601122434 ], [ 35.216805884045712, 32.548237859828959 ], [ 35.216998366096114, 32.548336749788284 ], [ 35.21720948166017, 32.548447613446697 ], [ 35.217438899024316, 32.548572563500144 ], [ 35.217623228933583, 32.548653982301644 ], [ 35.217766636257728, 32.548737236602975 ], [ 35.217916200465474, 32.548825702985653 ], [ 35.218166082724721, 32.548959244804479 ], [ 35.218323962910326, 32.549035451656344 ], [ 35.218553382760632, 32.549156877502419 ], [ 35.218756183153417, 32.549262667247127 ], [ 35.218970964422034, 32.549380149825147 ], [ 35.219126685119363, 32.549465090982132 ], [ 35.219329490809614, 32.549588210164039 ], [ 35.219474898312512, 32.549676675173508 ], [ 35.219616312906993, 32.549754713781475 ], [ 35.219749574413314, 32.549825850474193 ], [ 35.219921600776573, 32.549916002457792 ], [ 35.220069166593625, 32.549974878011788 ], [ 35.220243357142714, 32.550072074506978 ], [ 35.220489088159255, 32.550214206601524 ], [ 35.220778073303272, 32.550355909675687 ], [ 35.22094144964224, 32.550443243473119 ], [ 35.221128451907447, 32.550544522791384 ], [ 35.221268038323409, 32.550618333361072 ], [ 35.221577154052213, 32.55076172353462 ], [ 35.221898585348562, 32.550924131439501 ], [ 35.222058135754018, 32.550997938348161 ], [ 35.222277581067388, 32.551103437800812 ], [ 35.222491869142694, 32.55120682485542 ], [ 35.222683866194245, 32.551314441197547 ], [ 35.222883184890094, 32.551424028253827 ], [ 35.223062708174631, 32.551537985914692 ], [ 35.223225927714502, 32.551648987180222 ], [ 35.223582475469271, 32.551851541364364 ], [ 35.223771974562887, 32.551935908896574 ], [ 35.223936351499603, 32.55200548535246 ], [ 35.224083431103672, 32.552091972651937 ], [ 35.224243321555882, 32.552179161107297 ], [ 35.224497213736399, 32.552311421802855 ], [ 35.224605987490882, 32.552197701555592 ] ], [ [ 35.247647599500489, 31.787736810996993 ], [ 35.247647746175559, 31.787738892393005 ], [ 35.2476428126621, 31.787739806730606 ], [ 35.247642621148017, 31.78774120013788 ], [ 35.247642449260816, 31.787737125684838 ], [ 35.247647599500489, 31.787736810996993 ] ], [ [ 35.247645154276796, 31.787793718809571 ], [ 35.247653232611142, 31.78781660475455 ], [ 35.247652773341954, 31.787816650904418 ], [ 35.247657811672994, 31.787850353644309 ], [ 35.247655901924439, 31.787850928765057 ], [ 35.247644883465881, 31.787794878667299 ], [ 35.247645154276796, 31.787793718809571 ] ], [ [ 35.247653232611142, 31.78781660475455 ], [ 35.247648299686745, 31.787780246060816 ], [ 35.247645154276796, 31.787793718809571 ], [ 35.247637681741701, 31.787772548858996 ], [ 35.247663014412353, 31.787736063545381 ], [ 35.2476645705854, 31.787735774427848 ], [ 35.24765431128273, 31.787736401085215 ], [ 35.247646812992294, 31.787725671741118 ], [ 35.247805406326378, 31.787788697841126 ], [ 35.247801061434181, 31.787788463942316 ], [ 35.247828142367581, 31.787799081083197 ], [ 35.247830072172434, 31.78779850054201 ], [ 35.248078878900373, 31.787897376984784 ], [ 35.248798663284099, 31.788160856546234 ], [ 35.248700518487169, 31.788251983746505 ], [ 35.248574214271947, 31.788392376413867 ], [ 35.248416094093358, 31.788586890327743 ], [ 35.248264394833335, 31.78875434664317 ], [ 35.248137936248888, 31.788921794104294 ], [ 35.247980012954805, 31.78918648222481 ], [ 35.247859845703942, 31.789402541799294 ], [ 35.247777751740294, 31.789542918552122 ], [ 35.247676579006622, 31.78980758601946 ], [ 35.247670422546051, 31.790050662666182 ], [ 35.24775914457981, 31.79032597483133 ], [ 35.247790896363995, 31.790488013702912 ], [ 35.247887890888727, 31.790810669496523 ], [ 35.247925943172156, 31.791037384270219 ], [ 35.247989409890913, 31.791280437060468 ], [ 35.248046391595885, 31.79141541112709 ], [ 35.248116092051035, 31.791582791090921 ], [ 35.248173098097737, 31.791766380523768 ], [ 35.248217376993317, 31.791901358870678 ], [ 35.248280666508336, 31.79211735637303 ], [ 35.248356818912114, 31.792317143349091 ], [ 35.248445326696626, 31.792479162394713 ], [ 35.248502345739162, 31.792689805914875 ], [ 35.248546795366664, 31.792835494306754 ], [ 35.248603794266202, 31.793002878369524 ], [ 35.248629135442727, 31.793208178594348 ], [ 35.248648185036288, 31.79337008000147 ], [ 35.248679970328034, 31.793596938224002 ], [ 35.248686304681229, 31.793731929561687 ], [ 35.24864846040925, 31.793947961962783 ], [ 35.248623297548683, 31.794115374520878 ], [ 35.248604395844303, 31.79426657975603 ], [ 35.248579060385616, 31.794417787217935 ], [ 35.248555695525518, 31.794551943826114 ], [ 35.248536812629979, 31.794740913527061 ], [ 35.248429315167115, 31.794897645214707 ], [ 35.248486479849021, 31.795065029217792 ], [ 35.248625613811733, 31.795167565091269 ], [ 35.248815406452138, 31.795286288281588 ], [ 35.249049595299098, 31.795432050777297 ], [ 35.249220405625472, 31.795529079075326 ], [ 35.249384933229742, 31.795599336483491 ], [ 35.249574718220146, 31.795696357596128 ], [ 35.249764494702603, 31.795777314880333 ], [ 35.249916319242985, 31.795847576125208 ], [ 35.250144052353043, 31.795944582809692 ], [ 35.250289621677382, 31.796041759419438 ], [ 35.250447899586128, 31.79614978218417 ], [ 35.250631424729931, 31.79626300911066 ], [ 35.250833778767031, 31.796414275660741 ], [ 35.25097309556773, 31.796543722440109 ], [ 35.251150222631011, 31.796727266384988 ], [ 35.2512831273405, 31.796900117043517 ], [ 35.251390786327093, 31.797067481078244 ], [ 35.251466759062751, 31.797218651606023 ], [ 35.251517485811824, 31.797364477218775 ], [ 35.251555505787422, 31.797504811713804 ], [ 35.251587277621056, 31.797688408787124 ], [ 35.251612603628942, 31.797850447993078 ], [ 35.251612680516416, 31.798001646542854 ], [ 35.251612773885931, 31.798185255341437 ], [ 35.251625555029413, 31.79833644917036 ], [ 35.251622851602612, 31.798535418201119 ], [ 35.251584990232942, 31.798708191046295 ], [ 35.251572576885586, 31.798956624067689 ], [ 35.251566288276145, 31.7992428183721 ], [ 35.25153491927292, 31.799529163542012 ], [ 35.251478127371882, 31.799788322273617 ], [ 35.251376895606526, 31.799939558208344 ], [ 35.251263138463507, 31.800117854708837 ], [ 35.251124151826659, 31.800328568810958 ], [ 35.250921832431729, 31.80059313571466 ], [ 35.250789093150054, 31.800760587798923 ], [ 35.250649918189943, 31.800928042079391 ], [ 35.25051089675334, 31.801073935913646 ], [ 35.25034021378513, 31.801257606380226 ], [ 35.250144142099764, 31.801484545991283 ], [ 35.249954494061143, 31.801689782074902 ], [ 35.249802784128917, 31.801873444110438 ], [ 35.24967005313853, 31.802067950120978 ], [ 35.249524465582674, 31.801949213576705 ], [ 35.249315670057811, 31.801803443154672 ], [ 35.249170095293856, 31.801711619735816 ], [ 35.248935911163933, 31.801609117863265 ], [ 35.248784078005777, 31.801538996207402 ], [ 35.248531650481816, 31.801583471531227 ], [ 35.24841142241074, 31.801702302315203 ], [ 35.248310332970114, 31.80182112638219 ], [ 35.248120667511749, 31.801999445290523 ], [ 35.247785356673852, 31.801934740453895 ], [ 35.247506968499216, 31.801864519668353 ], [ 35.247209606613346, 31.80179444624487 ], [ 35.247032376384581, 31.801751386170508 ], [ 35.246546878062944, 31.801598799115162 ], [ 35.245256082223534, 31.801215798305773 ], [ 35.245047328175993, 31.801145690446443 ], [ 35.244958653305545, 31.800983670215803 ], [ 35.244895392669754, 31.800832491845938 ], [ 35.24482569705647, 31.800681314583162 ], [ 35.24473718775058, 31.800519294133426 ], [ 35.244635807166986, 31.80035192257435 ], [ 35.244502921562322, 31.800206120196794 ], [ 35.244338314158398, 31.799963239373934 ], [ 35.244230673762203, 31.799817428778621 ], [ 35.244097789559412, 31.799671626866665 ], [ 35.243920682318709, 31.799515128323993 ], [ 35.243737145121194, 31.799369340844407 ], [ 35.243509385236237, 31.79921285736641 ], [ 35.243319578941616, 31.799067072105384 ], [ 35.243148598999916, 31.798959185081216 ], [ 35.242965254544188, 31.798872721128461 ], [ 35.242686850302498, 31.798732456629345 ], [ 35.242522368841513, 31.798775765370532 ], [ 35.242269319499137, 31.798905339449306 ], [ 35.242085880425968, 31.79899191443646 ], [ 35.241902610010797, 31.799089056846757 ], [ 35.241579966095955, 31.799305169671239 ], [ 35.241289157108021, 31.799499713109537 ], [ 35.241055081052636, 31.799634775061829 ], [ 35.240916023072337, 31.79972119397657 ], [ 35.240751553820957, 31.799802265786902 ], [ 35.2404036416523, 31.799969768348003 ], [ 35.240245593081674, 31.800018427434434 ], [ 35.24003673053712, 31.800077950574508 ], [ 35.239910284569007, 31.799926787378435 ], [ 35.239815365886805, 31.799807883947768 ], [ 35.239676047407976, 31.799646014767671 ], [ 35.239420052330978, 31.799415693814421 ], [ 35.239223970578628, 31.79923749392086 ], [ 35.238913839588477, 31.798956740618742 ], [ 35.23873029941543, 31.798778677236307 ], [ 35.238635383418256, 31.798659772902582 ], [ 35.238489785553206, 31.798459998021617 ], [ 35.238432800461858, 31.798292609563937 ], [ 35.238464429717268, 31.798157607650822 ], [ 35.23863511257219, 31.797925338516176 ], [ 35.238767875735292, 31.797774103243249 ], [ 35.238862704788772, 31.797660784171384 ], [ 35.238995628944544, 31.797498699496924 ], [ 35.239159894520803, 31.797320400991651 ], [ 35.239299094984247, 31.797180014311678 ], [ 35.239476073710058, 31.797028766152067 ], [ 35.239646949483081, 31.796882875451402 ], [ 35.23985558881256, 31.796688358602267 ], [ 35.239969377147744, 31.79654248244945 ], [ 35.240083162011778, 31.79639125197798 ], [ 35.240228613143309, 31.796207602221045 ], [ 35.240374058494282, 31.79601324296252 ], [ 35.240513048398938, 31.795764775052913 ], [ 35.240588886585797, 31.795618909989766 ], [ 35.240652331466812, 31.795425278019874 ], [ 35.240690220274431, 31.795274068574194 ], [ 35.240721843129108, 31.795133710922212 ], [ 35.240696544238972, 31.794993228817162 ], [ 35.24061417185775, 31.794879817212507 ], [ 35.240544456147191, 31.794647613573112 ], [ 35.240506425610398, 31.794431606042604 ], [ 35.240493834133844, 31.794296616081446 ], [ 35.240481055943057, 31.794107655628988 ], [ 35.240449298923913, 31.793902496306885 ], [ 35.240379760568217, 31.793697206968496 ], [ 35.240347991366612, 31.793459638228576 ], [ 35.240404827200912, 31.793243602897967 ], [ 35.240493370234944, 31.793103229144759 ], [ 35.240683046957571, 31.792962685852498 ], [ 35.240860049316154, 31.792897815603187 ], [ 35.241119357362628, 31.792778951741575 ], [ 35.241264843703405, 31.792703380677992 ], [ 35.24141660506136, 31.792643872080141 ], [ 35.241566383827447, 31.792577881461334 ], [ 35.241857197778977, 31.79244815686409 ], [ 35.242160881247251, 31.792323782001429 ], [ 35.242388518190076, 31.792226625889427 ], [ 35.242761662154578, 31.792113079768971 ], [ 35.242907157275859, 31.792064421303632 ], [ 35.243046210917257, 31.79199955948183 ], [ 35.243235915407134, 31.791940036282998 ], [ 35.243432054286757, 31.791880652417042 ], [ 35.24362802813728, 31.791821126710616 ], [ 35.243843153485045, 31.791794146650588 ], [ 35.244045573003262, 31.791761673475737 ], [ 35.244241543911471, 31.791696792606576 ], [ 35.244431245763053, 31.791631913406885 ], [ 35.244595704351276, 31.791567041897554 ], [ 35.244734909094696, 31.791475263693403 ], [ 35.24484870583607, 31.791383352725003 ], [ 35.244987740594631, 31.791280724269448 ], [ 35.245240734453517, 31.791080830066839 ], [ 35.245341822238821, 31.790978213389106 ], [ 35.245550424455452, 31.790756772562197 ], [ 35.245657943592974, 31.790648657741226 ], [ 35.24585453024784, 31.790492604546461 ], [ 35.246069411975057, 31.790298075299798 ], [ 35.246183320751932, 31.790092869525548 ], [ 35.246278124493521, 31.789963198972647 ], [ 35.246524628601037, 31.789655364967501 ], [ 35.246632110984308, 31.789471720270679 ], [ 35.246796323074825, 31.789239442042192 ], [ 35.246897548147736, 31.789082713689815 ], [ 35.247011287838461, 31.788877507193853 ], [ 35.247194630211517, 31.788634371995279 ], [ 35.24735898418438, 31.788358973310732 ], [ 35.247520377331433, 31.788098799359442 ], [ 35.247522717520688, 31.788099745498311 ], [ 35.247521016730957, 31.788097847702097 ], [ 35.247587764333169, 31.787998634445742 ], [ 35.247598791230473, 31.787979777747811 ], [ 35.247662318694367, 31.787883573178352 ], [ 35.247657811672994, 31.787850353644309 ], [ 35.247653232611142, 31.78781660475455 ] ], [ [ 35.247523455991129, 31.788093861646782 ], [ 35.247658718521919, 31.787877302107287 ], [ 35.247598791230473, 31.787979777747811 ], [ 35.247523455991129, 31.788093861646782 ] ], [ [ 35.247830072172434, 31.78779850054201 ], [ 35.247805406326378, 31.787788697841126 ], [ 35.247853959309232, 31.787791309238202 ], [ 35.247830072172434, 31.78779850054201 ] ], [ [ 35.24752098820769, 31.788097814343715 ], [ 35.247523177444798, 31.788094284703881 ], [ 35.247523455991129, 31.788093861646782 ], [ 35.24752098820769, 31.788097814343715 ] ], [ [ 35.247520377331433, 31.788098799359442 ], [ 35.24752098820769, 31.788097814343715 ], [ 35.247521016730957, 31.788097847702097 ], [ 35.247520377331433, 31.788098799359442 ] ] ] } },
{ "type": "Feature", "properties": { "OBJECTID": 10, "ID": 5.0, "LENGTH": 1650.875, "AREA": 3998.73, "PERIMETER": 40.0, "ALLMAP1_": 39.0, "ALLMAP1_ID": 0.0, "NAME": null, "NAME_CITY": "1650.875", "Shape_Leng": 1650.87507209 }, "geometry": { "type": "MultiLineString", "coordinates": [ [ [ 35.230779938244787, 31.772970759821693 ], [ 35.23063711091045, 31.772947678738145 ], [ 35.230318416680433, 31.772899974358324 ], [ 35.229922688409715, 31.772840870937209 ], [ 35.229742392600848, 31.772813993288739 ], [ 35.229469428203402, 31.772908881408721 ], [ 35.22916113919441, 31.772907955127106 ], [ 35.228773019892678, 31.772925503207411 ], [ 35.228570465270543, 31.772934560242728 ], [ 35.228407660615702, 31.772934450360857 ], [ 35.228234794355089, 31.772934342155029 ], [ 35.227960826676764, 31.772981034606975 ], [ 35.22778103971963, 31.773011787190324 ], [ 35.227795441202026, 31.773213007990968 ], [ 35.227735273592288, 31.773366613506305 ], [ 35.227803295489352, 31.773615594108367 ], [ 35.227789979156967, 31.773791737962238 ], [ 35.227720404268723, 31.773929703642995 ], [ 35.227726558614926, 31.774134590115466 ], [ 35.227735007295045, 31.774277615237253 ], [ 35.227742958723482, 31.774412044092383 ], [ 35.227737741130937, 31.774654274285123 ], [ 35.227757078907615, 31.774808147452557 ], [ 35.227777104348924, 31.775068268238684 ], [ 35.227791519813074, 31.775327967980136 ], [ 35.227801794491285, 31.775514816817971 ], [ 35.227609636203738, 31.775562903010741 ], [ 35.227455578791584, 31.775601399953338 ], [ 35.227482668126335, 31.775750198877599 ], [ 35.227510096396877, 31.775932816782831 ], [ 35.22755650964379, 31.776179264457195 ], [ 35.227591361379908, 31.776363854210736 ], [ 35.227572635166581, 31.776681193026146 ], [ 35.227446965353018, 31.7767845046221 ], [ 35.227201725829353, 31.776986618040421 ], [ 35.227032680236761, 31.777125869946321 ], [ 35.226847306495557, 31.777278792810367 ], [ 35.226631750779006, 31.777456661995174 ], [ 35.226489584471217, 31.777569839852976 ], [ 35.226234278928423, 31.777773080432404 ], [ 35.226071666627426, 31.777923320680145 ], [ 35.2258087797345, 31.7781661579203 ], [ 35.225837182718564, 31.778297060780403 ], [ 35.225669283089289, 31.778416301509278 ], [ 35.225855083971211, 31.778668362847412 ], [ 35.226000975279952, 31.778959322574337 ], [ 35.225930576403691, 31.779123216135524 ], [ 35.225838389246292, 31.779233988582668 ], [ 35.226000733943479, 31.779337955116858 ], [ 35.226210726803167, 31.779333550790817 ], [ 35.226355410556401, 31.779392991502277 ], [ 35.22649861246299, 31.779462295739734 ], [ 35.226790311584452, 31.779666990597526 ], [ 35.226967981727952, 31.779694718784615 ], [ 35.22722189628815, 31.779860950417397 ], [ 35.227399427137996, 31.779993517020706 ], [ 35.227588255121773, 31.77977957784486 ], [ 35.228018383335574, 31.780078797182778 ], [ 35.228213196674382, 31.780052128627073 ], [ 35.228365339347562, 31.780241486637724 ], [ 35.228533621947697, 31.780325015801537 ], [ 35.228734742067552, 31.78044489437416 ], [ 35.228862946720383, 31.780556613277835 ], [ 35.22899395392416, 31.780657340776326 ], [ 35.22920844910751, 31.780822307141662 ], [ 35.22941320457312, 31.78095979777429 ], [ 35.22949690710162, 31.781204264886377 ], [ 35.229622303977095, 31.781295270090133 ], [ 35.229764526404288, 31.781384579964538 ], [ 35.230160984618934, 31.781565572804215 ], [ 35.230286380864932, 31.781650236507744 ], [ 35.230323752457686, 31.781693563243028 ] ] ] } },
{ "type": "Feature", "properties": { "OBJECTID": 11, "ID": 0.0, "LENGTH": 124605.794, "AREA": 3556.128, "PERIMETER": 26.0, "ALLMAP1_": 25.0, "ALLMAP1_ID": 0.0, "NAME": null, "NAME_CITY": "124605.794", "Shape_Leng": 124605.793779 }, "geometry": { "type": "MultiLineString", "coordinates": [ [ [ 35.394943127571572, 31.490557109430942 ], [ 35.394943451913598, 31.490556158367081 ], [ 35.395082556119753, 31.490140875574607 ], [ 35.394644118976267, 31.489890129073505 ], [ 35.394295758929324, 31.489699701339042 ], [ 35.393902952664291, 31.489486510082472 ], [ 35.393608206196788, 31.48929600106748 ], [ 35.39308493570573, 31.48897096946963 ], [ 35.392584763690941, 31.488681483613888 ], [ 35.392084773218905, 31.488399675925997 ], [ 35.391665112525338, 31.488155937065443 ], [ 35.391156157061268, 31.487828340462197 ], [ 35.390745336339137, 31.487561615671414 ], [ 35.390325636500712, 31.487294973691803 ], [ 35.390021948204719, 31.48706628099788 ], [ 35.389789675814214, 31.486860453238535 ], [ 35.389502891389114, 31.4866130622794 ], [ 35.389155582026198, 31.486360473924844 ], [ 35.388795241234696, 31.486085920055118 ], [ 35.388447729548759, 31.485811346708374 ], [ 35.38806153292002, 31.485514844579882 ], [ 35.387765515646848, 31.48525118756881 ], [ 35.387389609555882, 31.484916691349678 ], [ 35.387170768998438, 31.484762979056548 ], [ 35.386771789975626, 31.484400470856347 ], [ 35.386514237669957, 31.484125693613311 ], [ 35.386372580623515, 31.483916841847943 ], [ 35.386192109700012, 31.483620041332784 ], [ 35.385934348841793, 31.483235276114023 ], [ 35.385651002714461, 31.482883591490985 ], [ 35.385431956750018, 31.482619819929987 ], [ 35.385058519711677, 31.482191249718166 ], [ 35.384685211631982, 31.481828697690592 ], [ 35.384370744251406, 31.481536028864696 ], [ 35.384164886057754, 31.481371302746556 ], [ 35.383843286851061, 31.481217658563786 ], [ 35.383290307152862, 31.480965412486103 ], [ 35.382904436077446, 31.480734844096428 ], [ 35.382659961051338, 31.480581160596692 ], [ 35.382454065120164, 31.480394377140055 ], [ 35.382093641980838, 31.480053783749714 ], [ 35.381771906550298, 31.479823193203291 ], [ 35.381476215976733, 31.479713545079719 ], [ 35.381051795798825, 31.479527131767398 ], [ 35.380665977311203, 31.479318539839976 ], [ 35.380485842432279, 31.47918681723754 ], [ 35.380215641914596, 31.478989127328838 ], [ 35.379844953005943, 31.478691451320145 ], [ 35.379334243942466, 31.478343375486702 ], [ 35.378899378139245, 31.478104829667814 ], [ 35.378422981360728, 31.477813211676217 ], [ 35.378112328951985, 31.477609935488783 ], [ 35.377760342056085, 31.47737127327153 ], [ 35.377542871720358, 31.477229802587669 ], [ 35.377377279466856, 31.477132651164396 ], [ 35.376900923712896, 31.476858713290959 ], [ 35.376445502743643, 31.476611308622502 ], [ 35.376072640567592, 31.47637274010933 ], [ 35.375627369588045, 31.476098755760468 ], [ 35.375182200994111, 31.475789328450549 ], [ 35.374830014975672, 31.475524095210108 ], [ 35.374519617512291, 31.475271205440347 ], [ 35.374237632573362, 31.474999394508259 ], [ 35.37392828537412, 31.474688655158111 ], [ 35.373537015652822, 31.474354771869859 ], [ 35.373264162333875, 31.474129520783134 ], [ 35.372909538694316, 31.473873374551207 ], [ 35.372664052251643, 31.473686978915275 ], [ 35.372345659910401, 31.473461856028766 ], [ 35.371986235148988, 31.473184857467679 ], [ 35.371640619236899, 31.472905302848073 ], [ 35.37134063305362, 31.47267233225346 ], [ 35.370976839095732, 31.472431694102188 ], [ 35.37072218047301, 31.472260948870431 ], [ 35.370440284076622, 31.472027952632132 ], [ 35.370058382068329, 31.471771763412452 ], [ 35.369758362398521, 31.471608825703246 ], [ 35.369366723383031, 31.47142359899194 ], [ 35.368989285019168, 31.471272526962888 ], [ 35.368773680785644, 31.47114759645785 ], [ 35.368557900361104, 31.471016044188143 ], [ 35.368126506644529, 31.470753006875224 ], [ 35.367779868517751, 31.470535940773711 ], [ 35.367440971242523, 31.470325487294488 ], [ 35.367132844096453, 31.470128169411613 ], [ 35.366760005364164, 31.469874001487909 ], [ 35.366367071528146, 31.469597733792316 ], [ 35.366074415672252, 31.469406946840774 ], [ 35.36553525504268, 31.469091263041459 ], [ 35.365280944309404, 31.468920295380258 ], [ 35.364941968356511, 31.46865706070832 ], [ 35.364641313378833, 31.468400471850515 ], [ 35.364310035142459, 31.468117497144551 ], [ 35.363994016298065, 31.467814703499641 ], [ 35.363736566307516, 31.46753417223022 ], [ 35.363297207283374, 31.467112946106251 ], [ 35.363104614027904, 31.466974732318857 ], [ 35.362942889459163, 31.466909052784636 ], [ 35.362503902485059, 31.466705333396163 ], [ 35.362111137891873, 31.466514659936919 ], [ 35.361810772914069, 31.466323942953384 ], [ 35.361506786712489, 31.466130270620049 ], [ 35.36122949608999, 31.465972429169931 ], [ 35.36089820298055, 31.465768501031619 ], [ 35.360482342304913, 31.465525218626777 ], [ 35.360014658912561, 31.465260506859497 ], [ 35.359740324917574, 31.465098289834376 ], [ 35.359392024665375, 31.464945179706138 ], [ 35.359033427149733, 31.464828227665958 ], [ 35.358607015589278, 31.464662597753403 ], [ 35.358100607839262, 31.464437454244386 ], [ 35.357615274604719, 31.464230320283527 ], [ 35.357235298059557, 31.464005021984025 ], [ 35.357024118210511, 31.463851741635132 ], [ 35.356717961390864, 31.463626283425324 ], [ 35.356411791577351, 31.463391875091588 ], [ 35.356105565004867, 31.463121321268176 ], [ 35.355711184614236, 31.462828463581449 ], [ 35.355331131356344, 31.462548976248112 ], [ 35.354877220074393, 31.462242446805345 ], [ 35.354317831606366, 31.461872837009363 ], [ 35.353663473484772, 31.461431114370015 ], [ 35.353135715298706, 31.461097608200966 ], [ 35.352660803564653, 31.460809132887928 ], [ 35.352217474504059, 31.460529709437527 ], [ 35.351875894693983, 31.46034549831019 ], [ 35.351306119559325, 31.460048109194545 ], [ 35.350957931399911, 31.459840792382089 ], [ 35.350641102725795, 31.459606383162221 ], [ 35.350419516159747, 31.459407939072332 ], [ 35.350208246854301, 31.45918242719986 ], [ 35.349891474616221, 31.458875723640023 ], [ 35.349553538584878, 31.458596170165006 ], [ 35.349089225796448, 31.458235448287034 ], [ 35.348582433316864, 31.457829607931991 ], [ 35.348350226337601, 31.457667318801626 ], [ 35.348097004474077, 31.457523160877173 ], [ 35.347928212831945, 31.457442038907182 ], [ 35.347727722606038, 31.457379061147023 ], [ 35.347495626980361, 31.45728899148903 ], [ 35.347209324979701, 31.457118586918924 ], [ 35.346792980358224, 31.45672447573504 ], [ 35.346556758450603, 31.456513007070416 ], [ 35.346241750730421, 31.456272806403256 ], [ 35.345881910708968, 31.45606147243085 ], [ 35.345364634946812, 31.45577329883184 ], [ 35.344937296943819, 31.455494677340031 ], [ 35.344532512280701, 31.45523533549094 ], [ 35.343958924978097, 31.454879857735804 ], [ 35.343171781858757, 31.454399543582035 ], [ 35.342699443332954, 31.454140198713276 ], [ 35.342219015272143, 31.453855283312901 ], [ 35.342054943476967, 31.453733282207104 ], [ 35.341697850310887, 31.45347705106073 ], [ 35.341312348375766, 31.453239168384268 ], [ 35.340891149580948, 31.452983073824814 ], [ 35.34041286707825, 31.45269638881004 ], [ 35.340020328249047, 31.452476900035048 ], [ 35.339599083638618, 31.45218409086301 ], [ 35.339284951644174, 31.451958386896013 ], [ 35.338999276554119, 31.451744842136911 ], [ 35.338698433827282, 31.451499253289924 ], [ 35.338417175658776, 31.451268580271403 ], [ 35.338079836626896, 31.45101872974276 ], [ 35.337764978971435, 31.450855450416974 ], [ 35.337369227675175, 31.450679360053403 ], [ 35.336939031334339, 31.450437775754697 ], [ 35.33655672762562, 31.450236444988771 ], [ 35.336200213391827, 31.450021134353154 ], [ 35.335831350024534, 31.449790052375658 ], [ 35.335462460184836, 31.449537902185192 ], [ 35.335093729098567, 31.449280466603902 ], [ 35.334755595787449, 31.449038852171363 ], [ 35.334410042951546, 31.448779488022222 ], [ 35.334035005738052, 31.448474777051587 ], [ 35.33364765780987, 31.448180505002018 ], [ 35.333297182064094, 31.447923116101489 ], [ 35.333051352901641, 31.447739251195806 ], [ 35.332864417552763, 31.447589711189494 ], [ 35.332544698764856, 31.44734271786422 ], [ 35.332175948667761, 31.447059062248229 ], [ 35.331856247795464, 31.446822635471335 ], [ 35.331653382526589, 31.446680789990445 ], [ 35.331407551634257, 31.446491637729714 ], [ 35.33108787585617, 31.446270992005843 ], [ 35.330790238767548, 31.446058285587732 ], [ 35.330513639129443, 31.445842880054059 ], [ 35.330273923445027, 31.445674787647551 ], [ 35.329966588298966, 31.445459411117159 ], [ 35.329677678143788, 31.445254514688887 ], [ 35.329321177535604, 31.445023401643013 ], [ 35.32878900863934, 31.44470008611518 ], [ 35.328463305232766, 31.444511005669444 ], [ 35.327996141366064, 31.444243145823101 ], [ 35.32754759491754, 31.444006832418623 ], [ 35.327191118996083, 31.443786212231888 ], [ 35.326988293665842, 31.443665426424726 ], [ 35.326794303196934, 31.443511446000176 ], [ 35.326573000955435, 31.443337691292076 ], [ 35.326253772626337, 31.443064540373378 ], [ 35.326014688759791, 31.44286522497028 ], [ 35.325793390526947, 31.442691468889397 ], [ 35.325619982305938, 31.442563677807509 ], [ 35.325321065108469, 31.442359344581643 ], [ 35.325201604164093, 31.442257079520818 ], [ 35.324968224174, 31.442016819168504 ], [ 35.324866660090919, 31.441899246337197 ], [ 35.324709674843746, 31.441758685863981 ], [ 35.324452517918559, 31.441559384468068 ], [ 35.324279022457389, 31.441360004279186 ], [ 35.324141582323875, 31.441206599957038 ], [ 35.323986102201303, 31.441084004581445 ], [ 35.323782805124154, 31.440971598924751 ], [ 35.323531817661234, 31.440838804132824 ], [ 35.323107487841575, 31.440624295313231 ], [ 35.322724914043832, 31.440414818731778 ], [ 35.322213698616565, 31.440115835158981 ], [ 35.321813181837157, 31.439880866939177 ], [ 35.32146048382296, 31.439635565928185 ], [ 35.320994296449697, 31.439323853031443 ], [ 35.320770262230127, 31.439183559711001 ], [ 35.320423530624851, 31.438974044529598 ], [ 35.320040958077925, 31.438754413616355 ], [ 35.319610703535481, 31.438519394939163 ], [ 35.319168428254379, 31.438263951491781 ], [ 35.318767926930605, 31.438028972745023 ], [ 35.31835559369798, 31.437793933815286 ], [ 35.318092598628546, 31.43764063452512 ], [ 35.317853455717881, 31.437502744879062 ], [ 35.317566655291486, 31.437369970015524 ], [ 35.317267845496794, 31.437226918147573 ], [ 35.316777950041057, 31.436997930955041 ], [ 35.316502651843386, 31.436860704508444 ], [ 35.316170101055583, 31.436674416892757 ], [ 35.315814528969405, 31.436478284475001 ], [ 35.315447442501508, 31.436272436880625 ], [ 35.314965732786568, 31.436007712705482 ], [ 35.314541442866506, 31.435792046994884 ], [ 35.314289150754668, 31.435645002364346 ], [ 35.31403222831392, 31.435473793281286 ], [ 35.313768596527368, 31.435326686972722 ], [ 35.313458902022106, 31.435140372744637 ], [ 35.313183591449508, 31.434983550998098 ], [ 35.312679004099905, 31.434679520633271 ], [ 35.312311931478504, 31.434473663966305 ], [ 35.311887654529052, 31.434257990288682 ], [ 35.31147470833757, 31.434032440864037 ], [ 35.310931527847337, 31.433744429909201 ], [ 35.310553132694054, 31.433548372093838 ], [ 35.310300852804041, 31.433401319531313 ], [ 35.310117293773956, 31.433273797005363 ], [ 35.309819040339406, 31.433018765755278 ], [ 35.309050397595662, 31.432449867324429 ], [ 35.308591658137942, 31.432116331147807 ], [ 35.308254686112072, 31.431915581740263 ], [ 35.307979580287999, 31.431778336677901 ], [ 35.307784501176613, 31.431631232848442 ], [ 35.307635297406435, 31.431503678993653 ], [ 35.307348571831731, 31.431258427135802 ], [ 35.307050373988744, 31.431042635921422 ], [ 35.306717873031381, 31.43086611712803 ], [ 35.306385218864108, 31.430699462455348 ], [ 35.306075584886798, 31.430542582264767 ], [ 35.305800443990925, 31.430366086786048 ], [ 35.305387434675033, 31.430052160385266 ], [ 35.305024782376336, 31.42979836627255 ], [ 35.304689600823316, 31.429566181445264 ], [ 35.304371903741952, 31.429393238952493 ], [ 35.304080627760861, 31.42918328319956 ], [ 35.30374564600973, 31.428980688529027 ], [ 35.303375875979938, 31.428827653450007 ], [ 35.303035212105961, 31.428689391299393 ], [ 35.302613456387483, 31.428481928890207 ], [ 35.302290009473019, 31.428304123515844 ], [ 35.30210496578902, 31.428150943472264 ], [ 35.301764147681439, 31.427859286390692 ], [ 35.301425146227352, 31.427573968200004 ], [ 35.301251777849288, 31.427425710498042 ], [ 35.301020641049874, 31.427193366923639 ], [ 35.300801003603965, 31.426956080931458 ], [ 35.300627572687354, 31.426743492391676 ], [ 35.300407952432856, 31.426521073354106 ], [ 35.300182592180711, 31.426308523098065 ], [ 35.299899523811114, 31.426071282927051 ], [ 35.299645262327729, 31.425878552445678 ], [ 35.29945465960575, 31.425745101489444 ], [ 35.299263259411504, 31.425634902472293 ], [ 35.298883953510099, 31.425456707662978 ], [ 35.298612675397131, 31.425334658888829 ], [ 35.298298432052334, 31.425139151391662 ], [ 35.297927069081524, 31.424845955971602 ], [ 35.297227136271779, 31.424320550068821 ], [ 35.296884292486013, 31.424112940177203 ], [ 35.296398784963685, 31.423880912175225 ], [ 35.295927553403402, 31.423624421868908 ], [ 35.295427706215783, 31.423343500793752 ], [ 35.295042060890808, 31.423050237612507 ], [ 35.294580413149085, 31.42266845748243 ], [ 35.293674466329051, 31.421994646173594 ], [ 35.293228164647303, 31.421668937201176 ], [ 35.292952339493858, 31.421410609181283 ], [ 35.292742225553411, 31.421129688891966 ], [ 35.292492632948573, 31.420803910977199 ], [ 35.292295505010053, 31.420522980997081 ], [ 35.292098583164382, 31.420287073869808 ], [ 35.291949904823376, 31.42015196220958 ], [ 35.291572607576953, 31.419796184350883 ], [ 35.291341496778315, 31.419545854593384 ], [ 35.291025807698475, 31.419170304395603 ], [ 35.290748463105579, 31.418854053979143 ], [ 35.290406806290569, 31.418468020788591 ], [ 35.290114165983368, 31.41813205125073 ], [ 35.289860039758686, 31.417861864568216 ], [ 35.289659878833668, 31.417664286135949 ], [ 35.28932111069048, 31.417374426674868 ], [ 35.289059324599876, 31.417170194272998 ], [ 35.288774388231722, 31.416985847052242 ], [ 35.288155024923817, 31.4165808945314 ], [ 35.287831763495511, 31.416350348283842 ], [ 35.287562278708641, 31.416165988278166 ], [ 35.287162065984646, 31.415876161989843 ], [ 35.286838645342414, 31.415645613309785 ], [ 35.286469212096279, 31.415408540133956 ], [ 35.286061328406802, 31.415171490391593 ], [ 35.285622544445928, 31.414921211939884 ], [ 35.285268426743563, 31.414717101440832 ], [ 35.284952947080527, 31.414539317155665 ], [ 35.284652766709357, 31.414381251397224 ], [ 35.284352594014237, 31.414229808421855 ], [ 35.28398189814073, 31.414041487796194 ], [ 35.283561415288034, 31.413851787199487 ], [ 35.283110189168987, 31.413642445558217 ], [ 35.28268968813142, 31.413426600750327 ], [ 35.282284470078181, 31.413210675820206 ], [ 35.281848690718803, 31.412994838421781 ], [ 35.281374628121007, 31.412778951284679 ], [ 35.280854697079924, 31.412530397061275 ], [ 35.28061767631506, 31.412432315856023 ], [ 35.280147706791624, 31.41219133828908 ], [ 35.279745965054303, 31.411994004759002 ], [ 35.279245913035936, 31.41173126896101 ], [ 35.278927172054765, 31.411556713047172 ], [ 35.278506492923476, 31.411300340613188 ], [ 35.278060338949764, 31.411033129859447 ], [ 35.277627021255356, 31.410787683698185 ], [ 35.277216236573238, 31.410567235449747 ], [ 35.276903914848027, 31.410398166952522 ], [ 35.276591602605983, 31.410240018703021 ], [ 35.27610733489751, 31.409967327329909 ], [ 35.275699352100766, 31.409749197697433 ], [ 35.275361542881186, 31.409547375629192 ], [ 35.275081231601369, 31.409329174154063 ], [ 35.274807012990578, 31.409127314617837 ], [ 35.274539367893702, 31.408925451791873 ], [ 35.274283877047061, 31.408716605629859 ], [ 35.273822388028876, 31.408342289458872 ], [ 35.273393446470521, 31.407982327553512 ], [ 35.273065470409954, 31.40773039571366 ], [ 35.27264494570106, 31.407413689669408 ], [ 35.272199248031995, 31.407046545442704 ], [ 35.271694533264558, 31.406628981439507 ], [ 35.271263663258232, 31.406308964480676 ], [ 35.270843130576395, 31.405963362998751 ], [ 35.27027960679802, 31.405545894167822 ], [ 35.269690925097862, 31.405092359905652 ], [ 35.269161088099473, 31.404667611388135 ], [ 35.268934050478499, 31.404465997561591 ], [ 35.268713094698825, 31.404267340288985 ], [ 35.268402028089781, 31.403957751443375 ], [ 35.268040325281625, 31.403597737748804 ], [ 35.26758608146497, 31.403173015397918 ], [ 35.267207635450042, 31.402827381943442 ], [ 35.266778749022549, 31.402474655066133 ], [ 35.266337217259043, 31.402125032653483 ], [ 35.26584950935333, 31.401757886301777 ], [ 35.265403705526516, 31.401397975673635 ], [ 35.265008549515429, 31.401102792825746 ], [ 35.264386248999159, 31.400663694479217 ], [ 35.264142326960261, 31.400490898153258 ], [ 35.263699497071265, 31.400136758568721 ], [ 35.263380271166668, 31.399868380366918 ], [ 35.263104610895468, 31.399641060895267 ], [ 35.262620005712215, 31.399201819468161 ], [ 35.26228943823692, 31.398913926661368 ], [ 35.26191909117339, 31.39858701594952 ], [ 35.261252199811842, 31.397981916771744 ], [ 35.260846016196894, 31.397607739676111 ], [ 35.260401403569496, 31.397251544711242 ], [ 35.260029450946689, 31.396966624074565 ], [ 35.259733108197594, 31.396742194081256 ], [ 35.259556569901591, 31.396581126824444 ], [ 35.259305719559194, 31.396327365561632 ], [ 35.259106338248493, 31.396151722012792 ], [ 35.258844185795773, 31.395951655358676 ], [ 35.258599149270481, 31.395800410419238 ], [ 35.258177444165852, 31.395541856934297 ], [ 35.257781380539363, 31.3953004129486 ], [ 35.257091951828265, 31.394846650893022 ], [ 35.256544837375415, 31.394461243236226 ], [ 35.256191646878882, 31.3941977237027 ], [ 35.255792784117325, 31.393924497271151 ], [ 35.255494026890922, 31.393756145390654 ], [ 35.25519215149189, 31.393590259826315 ], [ 35.254656744241814, 31.393259236302789 ], [ 35.254250186343739, 31.393019899468303 ], [ 35.253877494593247, 31.39282409267744 ], [ 35.253602248765382, 31.392679050293133 ], [ 35.25324223340612, 31.392530375244142 ], [ 35.252814531410522, 31.392370873159294 ], [ 35.252274270364161, 31.392155678201384 ], [ 35.25187203203923, 31.391991937165376 ], [ 35.251397008078278, 31.391805602933367 ], [ 35.250906692831457, 31.391587776486844 ], [ 35.250471238700925, 31.39135055212299 ], [ 35.250141426727929, 31.391130199155931 ], [ 35.249758874399149, 31.390892953463265 ], [ 35.249455523738007, 31.390695207088047 ], [ 35.24918504414147, 31.390525773444708 ], [ 35.248914556416985, 31.390339287987178 ], [ 35.248562227815981, 31.390082157622711 ], [ 35.248212536151257, 31.389839259097723 ], [ 35.247843133298765, 31.389596366291467 ], [ 35.247599099883814, 31.389409869059783 ], [ 35.247322021837327, 31.38916694358376 ], [ 35.246919566907778, 31.38883922411058 ], [ 35.2466030551372, 31.388568055534272 ], [ 35.246240187145062, 31.388223339955211 ], [ 35.245956527781914, 31.387940885324912 ], [ 35.245677461952347, 31.387638276606541 ], [ 35.245492756791897, 31.387491426088374 ], [ 35.245195991930245, 31.387282322456617 ], [ 35.245030988518977, 31.387107210386453 ], [ 35.24484622234867, 31.386813306558519 ], [ 35.244714252849548, 31.38667207509846 ], [ 35.24450094809233, 31.386476754290122 ], [ 35.244276632114911, 31.386267697057544 ], [ 35.243933693249375, 31.386007803699673 ], [ 35.243478514002334, 31.385634924332855 ], [ 35.243201458668857, 31.385391919444295 ], [ 35.242891374772341, 31.385120738701609 ], [ 35.242475792900535, 31.384747774376503 ], [ 35.242158806915825, 31.384457498927848 ], [ 35.241806839054625, 31.384181114889365 ], [ 35.241557561956505, 31.383961279731192 ], [ 35.241344913779557, 31.383735091389738 ], [ 35.241014747729153, 31.383326796452256 ], [ 35.240623960417132, 31.382889276484338 ], [ 35.240249944444145, 31.382487191545739 ], [ 35.239875945834328, 31.382122802072804 ], [ 35.239494559926051, 31.381764755649989 ], [ 35.239098561333158, 31.381412982918828 ], [ 35.23859705889457, 31.380919680773069 ], [ 35.238149788028998, 31.380486184298011 ], [ 35.237702528988798, 31.380071569252166 ], [ 35.237372590625114, 31.379763741406201 ], [ 35.237076181395182, 31.379509313611901 ], [ 35.23652628121139, 31.379126146236377 ], [ 35.236035036219384, 31.378774386828017 ], [ 35.235581433694676, 31.378500124535023 ], [ 35.23509514552908, 31.378218821029598 ], [ 35.234754735172118, 31.377989693856033 ], [ 35.234377688578178, 31.377729218971936 ], [ 35.234049432710265, 31.37748965751976 ], [ 35.233726427215039, 31.377222897291968 ], [ 35.233057734962344, 31.376629064118951 ], [ 35.232632041462907, 31.376243597285598 ], [ 35.232255156311894, 31.375931045879003 ], [ 35.231720224835797, 31.375483100848687 ], [ 35.231148825611534, 31.375003805784559 ], [ 35.230771800907675, 31.374743390514702 ], [ 35.230504360163636, 31.374587163469062 ], [ 35.230091047725438, 31.374357967357689 ], [ 35.229714216614894, 31.374191331887964 ], [ 35.228996885029609, 31.373962192826994 ], [ 35.228393879757427, 31.373755222302073 ], [ 35.22799061549766, 31.373608457319094 ], [ 35.22765898162983, 31.373532701667816 ], [ 35.227360687219289, 31.373442777582842 ], [ 35.227001449649656, 31.373319675513667 ], [ 35.226559432776128, 31.37319186624131 ], [ 35.226194783920555, 31.373097229459059 ], [ 35.225780368961324, 31.373002529603589 ], [ 35.225165403337428, 31.372873687235007 ], [ 35.224662621674881, 31.372755393570802 ], [ 35.224281379828035, 31.372627567712556 ], [ 35.223927738156085, 31.372523410445542 ], [ 35.223603665029962, 31.372437215393195 ], [ 35.223200261174497, 31.372347226076329 ], [ 35.222797025780054, 31.372276260110393 ], [ 35.222548354219654, 31.372247900205952 ], [ 35.222078771117431, 31.37221005726829 ], [ 35.221653370793533, 31.372176928106967 ], [ 35.221189210113423, 31.372143873870169 ], [ 35.220824583871682, 31.37212496684004 ], [ 35.220421197677013, 31.372115505601574 ], [ 35.220039984062012, 31.372101390200953 ], [ 35.21956630120485, 31.372090666768361 ], [ 35.219115448679538, 31.372086562507899 ], [ 35.218292747177685, 31.372078410133703 ], [ 35.21737445503463, 31.372070332551388 ], [ 35.216421672125193, 31.372061336211019 ], [ 35.215216446101245, 31.372053270700022 ], [ 35.214001528546412, 31.372045193690514 ], [ 35.213284109774683, 31.372053419410641 ], [ 35.21240408732713, 31.37203706023142 ], [ 35.211686665940427, 31.372012511947997 ], [ 35.210988296115907, 31.371971541413796 ], [ 35.210666376954805, 31.37196578003639 ], [ 35.210022209790715, 31.371955170299305 ], [ 35.209294771130928, 31.371932935074412 ], [ 35.208555835613552, 31.371920137172385 ], [ 35.20777961743115, 31.371900994759315 ], [ 35.207451127878336, 31.371862602014637 ], [ 35.207256989282925, 31.371811381389236 ], [ 35.207018177250127, 31.371747407649902 ], [ 35.206652403391011, 31.371645035645535 ], [ 35.206420983440651, 31.371606638503785 ], [ 35.206085104766025, 31.371568242376572 ], [ 35.205782731265252, 31.371548445762681 ], [ 35.205431906781435, 31.371522872182901 ], [ 35.205096028758177, 31.371478061868615 ], [ 35.204775097433618, 31.371426908478576 ], [ 35.204469111790779, 31.371362930179849 ], [ 35.204110732749555, 31.371298881605764 ], [ 35.203834640648211, 31.371247725947136 ], [ 35.203379196112238, 31.371145343287914 ], [ 35.202685108110039, 31.37099173184825 ], [ 35.202311950811534, 31.37090851180146 ], [ 35.201692432387205, 31.370767719359563 ], [ 35.201154872361293, 31.370639750105543 ], [ 35.200423510958892, 31.370454136030322 ], [ 35.199923237091909, 31.370312563924401 ], [ 35.19947273262413, 31.370141750416803 ], [ 35.199004982868637, 31.369985801500473 ], [ 35.198441977009118, 31.369800112703153 ], [ 35.197948278651232, 31.369666424799792 ], [ 35.197428633935793, 31.369510397164543 ], [ 35.197133996459939, 31.369398982830077 ], [ 35.196839525569381, 31.369250433945346 ], [ 35.19638049319272, 31.36905734387172 ], [ 35.195810439759882, 31.36882464510732 ], [ 35.195455205007946, 31.36867608895918 ], [ 35.195152195322777, 31.368572067753401 ], [ 35.194822907440994, 31.368475512500886 ], [ 35.194329217977533, 31.368371474101124 ], [ 35.193748977046575, 31.368267497907496 ], [ 35.19294340784522, 31.36812629496432 ], [ 35.192380414612799, 31.368022314113276 ], [ 35.191964575272124, 31.367948008573471 ], [ 35.191522952590056, 31.367858832199943 ], [ 35.190769289048724, 31.367717692037377 ], [ 35.190131906208599, 31.367583746742401 ], [ 35.189758605340735, 31.367527195353688 ], [ 35.189198570322702, 31.367451807302892 ], [ 35.188825268981525, 31.367404695178937 ], [ 35.188408116673642, 31.367357575614943 ], [ 35.187924942952762, 31.367301075511698 ], [ 35.187375917569312, 31.367216239833496 ], [ 35.186794050199808, 31.367103212959169 ], [ 35.186365906961306, 31.366999575852631 ], [ 35.185882750249789, 31.366877187029356 ], [ 35.185322899452487, 31.366735901050053 ], [ 35.184740875494818, 31.366613422849987 ], [ 35.184130928276716, 31.366516092474416 ], [ 35.183296478962703, 31.36639356762932 ], [ 35.182681610709281, 31.366280515761037 ], [ 35.182275320796997, 31.366167497952365 ], [ 35.181946056152988, 31.366063863080427 ], [ 35.181528778831925, 31.365894401928585 ], [ 35.181012797966581, 31.365724850226215 ], [ 35.180650528011022, 31.365611764023242 ], [ 35.179969841426988, 31.365376297409973 ], [ 35.179442878304719, 31.365150298231534 ], [ 35.179201322293956, 31.36503730258368 ], [ 35.178915915179054, 31.364933668518344 ], [ 35.178674339856315, 31.364895994002051 ], [ 35.178200557454765, 31.364800212984516 ], [ 35.177871617930798, 31.364739548622662 ], [ 35.177572076844186, 31.3646778334389 ], [ 35.176864941129445, 31.364523514844191 ], [ 35.176461938228599, 31.364451558119313 ], [ 35.175539176316427, 31.364276681327915 ], [ 35.174820048706351, 31.364153210858046 ], [ 35.174580281684889, 31.364122293292354 ], [ 35.174352660793268, 31.364112023503697 ], [ 35.173705438350517, 31.364081008294296 ], [ 35.172542881340554, 31.363988280373828 ], [ 35.171620088497271, 31.363936611833736 ], [ 35.170709282569867, 31.363895297216832 ], [ 35.169666592855791, 31.363874445204086 ], [ 35.16907947463492, 31.363861249851727 ], [ 35.168813904046608, 31.36388964225976 ], [ 35.16838244938733, 31.363946454336393 ], [ 35.167652102282297, 31.363984226327272 ], [ 35.166844414200526, 31.36399343365175 ], [ 35.166390813206966, 31.363983859057676 ], [ 35.165549988940164, 31.363898208272552 ], [ 35.16462064594667, 31.36381252547697 ], [ 35.164078362892774, 31.363802914292112 ], [ 35.163082648425281, 31.363774130994479 ], [ 35.162507380013352, 31.363707499792326 ], [ 35.161908161819888, 31.363582093918403 ], [ 35.161025207166247, 31.363346811365112 ], [ 35.159654685526313, 31.363059072372959 ], [ 35.158375799396943, 31.362797492281317 ], [ 35.156017362711104, 31.362388162712495 ], [ 35.155059542797517, 31.362159645428196 ], [ 35.153924526601216, 31.361931051426577 ], [ 35.152895786121498, 31.361672122202705 ], [ 35.152044538102082, 31.361489283790149 ], [ 35.151015765713815, 31.361306366012698 ], [ 35.150324125589322, 31.361169170794827 ], [ 35.149596868488494, 31.361001588775284 ], [ 35.148887532097326, 31.360803570361401 ], [ 35.147880823334205, 31.360546300586563 ], [ 35.147487095224704, 31.36041112391537 ], [ 35.146810155371952, 31.360154273826797 ], [ 35.146180334900592, 31.359924427289666 ], [ 35.145251345205693, 31.359626939234101 ], [ 35.144252587666038, 31.359298902293219 ], [ 35.143307853681378, 31.358987864266478 ], [ 35.142709527111592, 31.358839046862215 ], [ 35.14206413303738, 31.358595715349544 ], [ 35.141497249217394, 31.358338890583077 ], [ 35.140678801536737, 31.357811861040734 ], [ 35.139655682786014, 31.357136192813503 ], [ 35.138915850717083, 31.356703750416674 ], [ 35.138459349148711, 31.356433439932601 ], [ 35.137861179508832, 31.356095552616992 ], [ 35.137420382689143, 31.355919805407108 ], [ 35.136948077358895, 31.355716982209238 ], [ 35.135924803597533, 31.355324889302082 ], [ 35.135468228623203, 31.355176112718539 ], [ 35.134917162972094, 31.355121771902986 ], [ 35.13446046170138, 31.355148580874165 ], [ 35.133294507508062, 31.355185707329753 ], [ 35.132772488815704, 31.35515779637219 ], [ 35.131986902176749, 31.355134526659505 ], [ 35.131567510907303, 31.355117449076015 ], [ 35.130886027528213, 31.355105857152029 ], [ 35.130204713807025, 31.355088554480513 ], [ 35.129634560089528, 31.355088223625856 ], [ 35.128894106915922, 31.355099063922477 ], [ 35.128337072247795, 31.355121212182922 ], [ 35.127789237697222, 31.355138008031702 ], [ 35.127382937577579, 31.355177082318704 ], [ 35.127114245204019, 31.355221875131388 ], [ 35.126865272258186, 31.355249768661622 ], [ 35.126465545528546, 31.355283276581538 ], [ 35.125947925541624, 31.355299801517166 ], [ 35.125456411143439, 31.355321977301561 ], [ 35.12478143897534, 31.355377718096754 ], [ 35.124508817340413, 31.355406296764567 ], [ 35.123886204991919, 31.355490248914631 ], [ 35.122955649409718, 31.355618887873941 ], [ 35.122313521726113, 31.355668998739301 ], [ 35.121763026273172, 31.355719236671735 ], [ 35.121271503790972, 31.355747033292086 ], [ 35.120865214340149, 31.355769246655644 ], [ 35.120288596969928, 31.355830663758933 ], [ 35.119908381354826, 31.355892208617455 ], [ 35.119207266976332, 31.355976016899 ], [ 35.118873056045423, 31.356009544627756 ], [ 35.118441305351858, 31.356038075506017 ], [ 35.118008872547293, 31.356093941969572 ], [ 35.11775331566146, 31.356133087130448 ], [ 35.117386255157363, 31.356172226580977 ], [ 35.117097870024438, 31.356194507893651 ], [ 35.116691561023025, 31.356233547401704 ], [ 35.116128092277044, 31.356278115403963 ], [ 35.115780757712614, 31.356294716320797 ], [ 35.115317654998002, 31.356306373850273 ], [ 35.114924498088662, 31.356328577511068 ], [ 35.114426549736663, 31.356373183700867 ], [ 35.113928453085705, 31.356400947573512 ], [ 35.113384528540941, 31.356439880423629 ], [ 35.112676890217301, 31.356467489762029 ], [ 35.112257473713946, 31.356472826199653 ], [ 35.111602073015469, 31.356483557378411 ], [ 35.110887875286096, 31.356499879256752 ], [ 35.110117368767803, 31.356498963785899 ], [ 35.109606161055638, 31.356498587214954 ], [ 35.108950969269749, 31.35646435069885 ], [ 35.108518477927504, 31.356407870604627 ], [ 35.108190910551414, 31.356362671154638 ], [ 35.107791230118622, 31.35633989375809 ], [ 35.107262469650273, 31.356322161920858 ], [ 35.106882465575218, 31.356327510613859 ], [ 35.10651545925711, 31.356310320594126 ], [ 35.106056865245726, 31.356248175417324 ], [ 35.105598255288129, 31.356202868867285 ], [ 35.10519847011858, 31.356123926507504 ], [ 35.104694091974125, 31.356033627033661 ], [ 35.104019223185453, 31.355976873798255 ], [ 35.103619568269409, 31.355931676623818 ], [ 35.103239620791435, 31.355886423392118 ], [ 35.102892363978427, 31.355829921144988 ], [ 35.102528188062323, 31.355779042306679 ], [ 35.102108828892391, 31.355733754436933 ], [ 35.101853315259682, 31.355727913651705 ], [ 35.101099741627742, 31.355716105905007 ], [ 35.100359293121663, 31.35571550777626 ], [ 35.099161660010644, 31.355720802203358 ], [ 35.098578524402413, 31.355725959575402 ], [ 35.098034616562373, 31.355747987092251 ], [ 35.097687261816731, 31.355781449638343 ], [ 35.097274384503443, 31.355814786218978 ], [ 35.096691209855386, 31.355853614631496 ], [ 35.095852317312641, 31.355920339287465 ], [ 35.095033149031586, 31.355970234990782 ], [ 35.094404154896225, 31.356009014851583 ], [ 35.093834762948234, 31.356054747936813 ], [ 35.093428446207604, 31.356093713761283 ], [ 35.092864959926416, 31.356143816450416 ], [ 35.09241266846935, 31.356177103119606 ], [ 35.091691874603136, 31.356215789540464 ], [ 35.091318413038266, 31.356243574130104 ], [ 35.090931662454835, 31.356260073037102 ], [ 35.090542119810117, 31.356276991292056 ], [ 35.0903192848724, 31.35627115652585 ], [ 35.089500151690899, 31.356287336377203 ], [ 35.089067597665775, 31.356292514900005 ], [ 35.088543369838746, 31.356331360131055 ], [ 35.087920769563091, 31.356375749943147 ], [ 35.087475234611787, 31.356386618536259 ], [ 35.086833140323549, 31.356391668789833 ], [ 35.086256389749444, 31.356407979401091 ], [ 35.085745304596209, 31.356441188421684 ], [ 35.085432926156201, 31.356470563605313 ], [ 35.085103272075763, 31.356526837363486 ], [ 35.084839485378033, 31.35656893877626 ], [ 35.084544623858072, 31.35664081570717 ], [ 35.084157155278334, 31.356704009216614 ], [ 35.083876954823118, 31.356739117975554 ], [ 35.083613177052008, 31.356774170330198 ], [ 35.083341040729508, 31.356795122977147 ], [ 35.082887754908192, 31.356830066181033 ], [ 35.082046896904259, 31.356878730130077 ], [ 35.081445157499793, 31.356913456263289 ], [ 35.080513814736975, 31.356962094686192 ], [ 35.0792398819708, 31.357032306131025 ], [ 35.078498034598653, 31.357088160231047 ], [ 35.077995114615895, 31.357151221798834 ], [ 35.077409900732384, 31.35722843286111 ], [ 35.076601996370009, 31.357312394966659 ], [ 35.075950784310088, 31.357375371098861 ], [ 35.075002818505354, 31.357445090680422 ], [ 35.074038458713112, 31.357493578437523 ], [ 35.073364773316726, 31.357536085173521 ], [ 35.072936113726989, 31.357571017445125 ], [ 35.072433410635036, 31.357591710538188 ], [ 35.072095447757341, 31.357591362547026 ], [ 35.071559726753058, 31.357619063808766 ], [ 35.070990812702398, 31.35766089085514 ], [ 35.070446859446058, 31.357702742337189 ], [ 35.069869783293917, 31.357709184301257 ], [ 35.069400116907055, 31.357708691072254 ], [ 35.068938517302129, 31.357694042114858 ], [ 35.068269994791471, 31.357684879377395 ], [ 35.066818264110395, 31.357707429005327 ], [ 35.065660545676565, 31.357688496322982 ], [ 35.064988751881963, 31.357670012567944 ], [ 35.06437889587658, 31.357633906649358 ], [ 35.063572811873073, 31.357588704343435 ], [ 35.062869942274197, 31.35759680937505 ], [ 35.061939628768584, 31.35760465826235 ], [ 35.060058323440963, 31.357612420022612 ], [ 35.05921079059388, 31.357611463913354 ], [ 35.058766318418812, 31.357566640939229 ], [ 35.058208276900082, 31.357477437218137 ], [ 35.057815466173317, 31.357476989118101 ], [ 35.05693688279424, 31.357484789563312 ], [ 35.056037744250794, 31.357510388068444 ], [ 35.055283104781282, 31.357544954406485 ], [ 35.054838494550999, 31.357588757210987 ], [ 35.054321613555693, 31.357641351364297 ], [ 35.053639336157708, 31.357711435466378 ], [ 35.053091445147906, 31.357746232539153 ], [ 35.052657399917649, 31.357754598312507 ], [ 35.052286757281166, 31.357754582486209 ], [ 35.051945716552289, 31.357727613237643 ], [ 35.051253263077854, 31.357691347686693 ], [ 35.050570976855283, 31.357663896729363 ], [ 35.049868134925774, 31.357654174880942 ], [ 35.048824196455477, 31.357652913494057 ], [ 35.048379777029879, 31.357679007903098 ], [ 35.047935177774676, 31.357713908497608 ], [ 35.047614712975033, 31.357757836668078 ], [ 35.047108173222902, 31.357810415286654 ], [ 35.046591286967967, 31.357862907930354 ], [ 35.046074430830402, 31.357897713192934 ], [ 35.045251152606149, 31.357924456137628 ], [ 35.044682581337334, 31.357950313350887 ], [ 35.044021030988155, 31.357993808454889 ], [ 35.04324569141184, 31.358028279002962 ], [ 35.042914953069264, 31.358027863218553 ], [ 35.042274154390192, 31.358035932608121 ], [ 35.041674573893459, 31.358044051974236 ], [ 35.040982015068344, 31.358069735496382 ], [ 35.039803678717931, 31.358103671392627 ], [ 35.039166968167919, 31.358121103036609 ], [ 35.038309023216961, 31.358155436450836 ], [ 35.037482177517191, 31.358154363575192 ], [ 35.036706881566374, 31.358162231037401 ], [ 35.036293587425099, 31.35813512665224 ], [ 35.035731183820509, 31.358107542736025 ], [ 35.035059346018308, 31.358115465841077 ], [ 35.03404640842367, 31.358131881691026 ], [ 35.033507770584684, 31.358130038117274 ], [ 35.032916661189638, 31.358084788653407 ], [ 35.032190499786651, 31.358074937898962 ], [ 35.031713459032744, 31.358065418526898 ], [ 35.031101560968345, 31.358073471904799 ], [ 35.030676200738057, 31.358090652424963 ], [ 35.030095257634542, 31.358143203795567 ], [ 35.029773601345248, 31.358205054284255 ], [ 35.029451943589315, 31.358266903061065 ], [ 35.029026466613097, 31.358346365760006 ], [ 35.028466393776043, 31.358390059980927 ], [ 35.027781661686213, 31.358442458524259 ], [ 35.02723195050244, 31.358477283327034 ], [ 35.026806520939431, 31.358530033510679 ], [ 35.026505586003694, 31.358574077548766 ], [ 35.026059593643652, 31.358644623666219 ], [ 35.025592580410112, 31.358715139842964 ], [ 35.025132677695616, 31.358759593078062 ], [ 35.024824081673287, 31.358773112147748 ], [ 35.024369479568684, 31.358793331547751 ], [ 35.023874367706192, 31.358785660674094 ], [ 35.023387329067582, 31.35876411816314 ], [ 35.022835437778113, 31.358735506776416 ], [ 35.022449381345318, 31.35872143147353 ], [ 35.021873118899158, 31.358727517998162 ], [ 35.021402325626276, 31.358712966341418 ], [ 35.020696191590922, 31.358704982089485 ], [ 35.020062957916529, 31.358704073977862 ], [ 35.019283732652127, 31.358702952212553 ], [ 35.018780424993544, 31.358688273677938 ], [ 35.018257123188597, 31.358652707772716 ], [ 35.017892007245671, 31.358596514258057 ], [ 35.017518695063217, 31.358533331586436 ], [ 35.016747725214529, 31.358427782878362 ], [ 35.016090574823622, 31.358315492591142 ], [ 35.015619895956647, 31.358245185292994 ], [ 35.014913769555307, 31.358153673314337 ], [ 35.014288862218621, 31.358097084760285 ], [ 35.01357823179243, 31.358041352392206 ], [ 35.012977589108417, 31.358005720276907 ], [ 35.012401441887818, 31.357957017425313 ], [ 35.011652167516509, 31.357927920866906 ], [ 35.011131064704557, 31.357864285595156 ], [ 35.010373709997289, 31.357772389181466 ], [ 35.010007245903246, 31.357736885997813 ], [ 35.009570868679802, 31.357680348897397 ], [ 35.009090509249972, 31.357609791917469 ], [ 35.008610044549748, 31.357511260611776 ], [ 35.008365910815343, 31.357482984962061 ], [ 35.007877226733036, 31.357468286915953 ], [ 35.007298937581055, 31.357425475235502 ], [ 35.006500955131237, 31.357368371763901 ], [ 35.005987891802484, 31.357311704194533 ], [ 35.00556449143324, 31.357255173540103 ], [ 35.004896824174175, 31.357156408477248 ], [ 35.00426982633617, 31.357085535047077 ], [ 35.00356143580256, 31.356986698619103 ], [ 35.002998312048831, 31.356919301051182 ], [ 35.002146717336061, 31.356825235707394 ], [ 35.001525026733852, 31.356731527493277 ], [ 35.000768286790233, 31.356591239065772 ], [ 35.000376503180071, 31.356497820472654 ], [ 35.000160190726866, 31.356439557382792 ], [ 34.999606161696533, 31.356345948452631 ], [ 34.999173604391189, 31.356275641692477 ], [ 34.998835798783347, 31.356205556545351 ], [ 34.997835902912854, 31.355972134249303 ], [ 34.997302156314461, 31.355842683149444 ], [ 34.996558896044256, 31.355702392568471 ], [ 34.995910123358129, 31.35560861330098 ], [ 34.995112840744049, 31.355468225665319 ], [ 34.994161631301857, 31.355280724682434 ], [ 34.993513045094687, 31.355105763691721 ], [ 34.993040360094994, 31.354919533245418 ], [ 34.992540581162899, 31.354733185981818 ], [ 34.992175718199519, 31.354651482620284 ], [ 34.991608104009188, 31.35454619034531 ], [ 34.990910882853477, 31.354387904542921 ], [ 34.990140595395722, 31.354154734653665 ], [ 34.98958653153246, 31.354014648213159 ], [ 34.989099880225396, 31.353909480353138 ], [ 34.988342880592697, 31.353757421545456 ], [ 34.987842794754009, 31.353640671184095 ], [ 34.987261588508801, 31.35352371039086 ], [ 34.986950733554352, 31.353453568325499 ], [ 34.986548575787516, 31.353312598714759 ], [ 34.986048627647456, 31.353137781912132 ], [ 34.985372840006661, 31.35295110714776 ], [ 34.984764600644027, 31.352810907425177 ], [ 34.984291618628681, 31.352694188716967 ], [ 34.983399382403853, 31.352518688157836 ], [ 34.982642458281646, 31.352413029197006 ], [ 34.981844866837854, 31.352284044322353 ], [ 34.980966241217011, 31.352120175927414 ], [ 34.980398518459495, 31.352003277895644 ], [ 34.980060552015573, 31.351944699095579 ], [ 34.979763199703292, 31.351863008117199 ], [ 34.979073802436993, 31.351745820839856 ], [ 34.978798187038677, 31.351707710331468 ], [ 34.978389660367654, 31.351629132455123 ], [ 34.977908558380982, 31.351480245819076 ], [ 34.977287012455967, 31.351282914183738 ], [ 34.976515361308117, 31.351094614356914 ], [ 34.975988793372892, 31.351007997920412 ], [ 34.974944622693606, 31.350795808995628 ], [ 34.974127545664864, 31.350654129209161 ], [ 34.973473665585608, 31.350590666488738 ], [ 34.973056059621165, 31.350535377490722 ], [ 34.972819959227955, 31.35045709260838 ], [ 34.97254207585511, 31.350408747880259 ], [ 34.972233224736691, 31.350400439507926 ], [ 34.971833645159421, 31.350360751316316 ], [ 34.971561343315322, 31.350313541953273 ], [ 34.971016461338401, 31.350265766253745 ], [ 34.97060775494586, 31.350265022349859 ], [ 34.970126324633164, 31.350256393496803 ], [ 34.969672113448411, 31.350263314447936 ], [ 34.968945544747378, 31.350246411307261 ], [ 34.96813716275895, 31.350244925632332 ], [ 34.967283218157029, 31.350274494126818 ], [ 34.966910820381052, 31.350266055519477 ], [ 34.966583927960983, 31.350249878004785 ], [ 34.966184350460772, 31.350210172234096 ], [ 34.965359455776593, 31.350115630190778 ], [ 34.964678347990116, 31.350044250700694 ], [ 34.96399722049032, 31.349980619373145 ], [ 34.963397889100051, 31.349909386252143 ], [ 34.963080128329366, 31.349854323521843 ], [ 34.9627171473701, 31.349760138911428 ], [ 34.961963725214233, 31.349587357258113 ], [ 34.961328148140311, 31.349500474736821 ], [ 34.960901318847831, 31.349460700909628 ], [ 34.960483481020482, 31.349436584367236 ], [ 34.959866112113716, 31.349357480125256 ], [ 34.959204264045887, 31.349271312665046 ], [ 34.958635434183755, 31.34921857653703 ], [ 34.958160395126058, 31.349154533113175 ], [ 34.957665128467433, 31.34910193381161 ], [ 34.957076208386162, 31.349072052236988 ], [ 34.956473942795739, 31.348996272561688 ], [ 34.955845093948014, 31.348914730469243 ], [ 34.955262818302813, 31.348856176704828 ], [ 34.954710060041705, 31.348750678938558 ], [ 34.954295409076359, 31.348640798728532 ], [ 34.953787046144477, 31.348513541340708 ], [ 34.953265112828873, 31.348426417795597 ], [ 34.95254915487638, 31.348315941991547 ], [ 34.952047344116039, 31.34825760097516 ], [ 34.951541134215738, 31.34818656684493 ], [ 34.95109960133032, 31.348122563316888 ], [ 34.950591060738553, 31.348064132979736 ], [ 34.950149318912302, 31.348017317745683 ], [ 34.949701040253188, 31.347959073602251 ], [ 34.949212471405666, 31.347923647872356 ], [ 34.948851143173712, 31.347894251264229 ], [ 34.94863716529602, 31.347842107495229 ], [ 34.948368796160807, 31.34780493279866 ], [ 34.947767404723052, 31.347776251721768 ], [ 34.947286610196734, 31.347720259218836 ], [ 34.946837785004917, 31.347623110552409 ], [ 34.946284856307635, 31.347525750087016 ], [ 34.945667708677327, 31.347435092373367 ], [ 34.945210929611022, 31.347365401004954 ], [ 34.944561802474638, 31.347261004229381 ], [ 34.944048868341781, 31.347191195024777 ], [ 34.943688147004544, 31.347121693067635 ], [ 34.943129869637822, 31.34700176161822 ], [ 34.942761382446108, 31.34689095057275 ], [ 34.942216642356918, 31.346745464935101 ], [ 34.941888088899773, 31.346682928562309 ], [ 34.941375082445624, 31.346640588452214 ], [ 34.940869997147132, 31.346584593397843 ], [ 34.940669790299992, 31.346542891472616 ], [ 34.94047754186483, 31.346473726585344 ], [ 34.939972968241065, 31.346293929180504 ], [ 34.939340110156337, 31.346072645491759 ], [ 34.938844220884441, 31.345900753192012 ], [ 34.93834085288286, 31.345703265657651 ], [ 34.937997520121996, 31.345584743084991 ], [ 34.937654242473037, 31.345505466686951 ], [ 34.937230757097105, 31.345396498812519 ], [ 34.936715622832139, 31.345297203382167 ], [ 34.936257711093802, 31.345227548167358 ], [ 34.935422236205874, 31.345068672245294 ], [ 34.935101730286021, 31.345009025063476 ], [ 34.934701153269486, 31.344929619633248 ], [ 34.934495064011209, 31.344880075370966 ], [ 34.934277728863016, 31.344801054741314 ], [ 34.933504432782293, 31.344491088649129 ], [ 34.932497452957158, 31.344194292216365 ], [ 34.931845432285208, 31.343967011857643 ], [ 34.931055736135548, 31.343768888326142 ], [ 34.930243277040702, 31.34355112300565 ], [ 34.92875559851494, 31.343184570210724 ], [ 34.926969829223125, 31.342905714220755 ], [ 34.926271510767819, 31.342796115875746 ], [ 34.925435649791517, 31.342725603439433 ], [ 34.924075723930542, 31.342642948815413 ], [ 34.92291350012011, 31.342666687384916 ], [ 34.922362732252878, 31.3427441120431 ], [ 34.921842509450869, 31.342874165968411 ], [ 34.92126064249743, 31.343082715533669 ], [ 34.920586681843503, 31.343448398431587 ], [ 34.920219001470592, 31.343683627619047 ], [ 34.919973722001117, 31.343892917009292 ], [ 34.91939153515473, 31.344258866335572 ], [ 34.918686938765426, 31.344650752377206 ], [ 34.917982251192363, 31.345016353021688 ], [ 34.917284763522794, 31.345334685718651 ], [ 34.916612077835758, 31.345702393143661 ], [ 34.916163549253504, 31.345952437707776 ], [ 34.915732302682535, 31.346187794288969 ], [ 34.915318250494181, 31.346437913402326 ], [ 34.914955799139292, 31.346673351029708 ], [ 34.914610706196505, 31.346923624231767 ], [ 34.914213633687602, 31.347203371097532 ], [ 34.913713168082332, 31.34757145241392 ], [ 34.913333376737214, 31.347836369688697 ], [ 34.912858843877807, 31.348259536532204 ], [ 34.912237269108068, 31.348760295260654 ], [ 34.911805588865484, 31.349128455214334 ], [ 34.911218512702206, 31.349673538177612 ], [ 34.9107694452643, 31.350086044357599 ], [ 34.910613748073708, 31.35030721622902 ], [ 34.910578209688047, 31.3506468258681 ], [ 34.910611682341319, 31.350971796078657 ], [ 34.910730198430258, 31.351408007735724 ], [ 34.910933926412845, 31.352324109057385 ], [ 34.911018119268704, 31.352974089448146 ], [ 34.911067984411083, 31.353520625008844 ], [ 34.910980746307317, 31.353904365199234 ], [ 34.910824676170648, 31.354243699055399 ], [ 34.910599681923578, 31.354568077514678 ], [ 34.910322986037542, 31.35493665712043 ], [ 34.910046378894059, 31.355275713663467 ], [ 34.909700919105347, 31.355629337620989 ], [ 34.909389915612707, 31.355938719809824 ], [ 34.909061621551245, 31.356262857918004 ], [ 34.908681807183243, 31.356572150296085 ], [ 34.908267644422374, 31.356837043139876 ], [ 34.907905089137948, 31.35708725649398 ], [ 34.907456343155978, 31.357381589392286 ], [ 34.907059509084903, 31.357616925402393 ], [ 34.90669806743567, 31.357876650155699 ], [ 34.906285326212604, 31.358155772600927 ], [ 34.905929671993938, 31.358349768591498 ], [ 34.905559854431175, 31.358555921508884 ], [ 34.905275099983115, 31.358762341122713 ], [ 34.905047242194399, 31.358944443386147 ], [ 34.90471995356183, 31.359150692158327 ], [ 34.904406747200284, 31.359369163014616 ], [ 34.903894484452948, 31.35969680314399 ], [ 34.903377603800088, 31.360029504420847 ], [ 34.902865130228754, 31.360369259538725 ], [ 34.902466848987345, 31.36058752562268 ], [ 34.902025790248551, 31.360829998405617 ], [ 34.901584844960801, 31.36103604151528 ], [ 34.901214726373858, 31.361278678881316 ], [ 34.900759263208293, 31.361606440513079 ], [ 34.900374899824584, 31.361885610800609 ], [ 34.899933514589527, 31.362225522454441 ], [ 34.899520655781757, 31.362529001605157 ], [ 34.899193099992203, 31.362759615422824 ], [ 34.898837216007131, 31.363014468767258 ], [ 34.898475967835331, 31.363252046070443 ], [ 34.898077460044803, 31.36348241744609 ], [ 34.897821323722802, 31.363615820740478 ], [ 34.897494042801483, 31.363809861725777 ], [ 34.897138110642835, 31.364076900158132 ], [ 34.896753487524002, 31.364429126584557 ], [ 34.896397313522861, 31.364769300483353 ], [ 34.896025156406601, 31.3651245840515 ], [ 34.895638679864682, 31.365388162711277 ], [ 34.89525194128143, 31.365731148550424 ], [ 34.894880551834419, 31.366100522642185 ], [ 34.894400920214508, 31.36652262034346 ], [ 34.893921327850059, 31.366931469296286 ], [ 34.893425944630806, 31.367446039514689 ], [ 34.892958457923989, 31.367916567510481 ], [ 34.892417132628076, 31.368364930568504 ], [ 34.892030195371284, 31.3687607514542 ], [ 34.891797604892055, 31.369117277581609 ], [ 34.89156501264538, 31.369473804157785 ], [ 34.891224030954653, 31.369975565338319 ], [ 34.890867092578866, 31.370583047873929 ], [ 34.89055728797841, 31.370992299603135 ], [ 34.890293545021933, 31.371428155522299 ], [ 34.890184683152157, 31.371665903691536 ], [ 34.890044797797593, 31.37199623162897 ], [ 34.8897347216515, 31.372484818224258 ], [ 34.889377191745453, 31.373066929133952 ], [ 34.889122151831771, 31.373549026691204 ], [ 34.888994387572531, 31.373838375028878 ], [ 34.888923163471496, 31.374115742665619 ], [ 34.888880105786562, 31.37436908278875 ], [ 34.88883676448755, 31.374706903289326 ], [ 34.888779460754733, 31.374996354321283 ], [ 34.888651817145664, 31.375297750907158 ], [ 34.888495800876868, 31.375635294737148 ], [ 34.888311213020934, 31.376117563027474 ], [ 34.888154709187567, 31.376599900251048 ], [ 34.888055108073665, 31.376913414554121 ], [ 34.887939997603198, 31.3771984241023 ], [ 34.887783813743091, 31.377584231241034 ], [ 34.887570481052592, 31.378211224157887 ], [ 34.887399805847096, 31.378753909582183 ], [ 34.887285546456198, 31.379224301545367 ], [ 34.88718577744374, 31.379586079302079 ], [ 34.887085926423033, 31.379972024725689 ], [ 34.886999957849824, 31.380430367612348 ], [ 34.886927950028294, 31.38088874405981 ], [ 34.886856105243105, 31.381347192084196 ], [ 34.886782663441245, 31.381694238151582 ], [ 34.886669128677354, 31.381947332299191 ], [ 34.886555512742156, 31.382224663540061 ], [ 34.886388338497468, 31.382553016208369 ], [ 34.886195519281173, 31.382935630386608 ], [ 34.886034961778073, 31.383249836578248 ], [ 34.885826437676286, 31.383563923412794 ], [ 34.885681645765317, 31.383878238628778 ], [ 34.885496801583251, 31.38428130469779 ], [ 34.885248171937342, 31.384650039136346 ], [ 34.885047992447781, 31.384875294768481 ], [ 34.884715986936364, 31.385221977612687 ], [ 34.884435809391036, 31.385494875386343 ], [ 34.884275563601527, 31.385665481961261 ], [ 34.884147210185844, 31.385877176007 ], [ 34.883946886220933, 31.386143438429269 ], [ 34.883586520799348, 31.386518723868321 ], [ 34.883250229131377, 31.386866730463858 ], [ 34.882881855853697, 31.38722832476277 ], [ 34.882513621497665, 31.387596752839563 ], [ 34.88221719160348, 31.38791061283268 ], [ 34.881837411226869, 31.38833939501059 ], [ 34.881628931700398, 31.38863304156725 ], [ 34.881484352263001, 31.388878864558052 ], [ 34.881291758975372, 31.389234062094943 ], [ 34.880930995836493, 31.389718834467924 ], [ 34.880834451950442, 31.389944274273983 ], [ 34.880721502966161, 31.390306507223745 ], [ 34.880656449891667, 31.390641521106769 ], [ 34.880602284384281, 31.39101144118623 ], [ 34.880514944047391, 31.391474002450817 ], [ 34.880453117323889, 31.392017515789259 ], [ 34.880459818936771, 31.39255373363989 ], [ 34.880552021968995, 31.393163728162939 ], [ 34.880660552942309, 31.393611423819074 ], [ 34.880855345462749, 31.39429509614676 ], [ 34.880964990577141, 31.394802262117359 ], [ 34.88109144420887, 31.395390288570724 ], [ 34.881244170760532, 31.395838799401549 ], [ 34.88144922493759, 31.396262780593368 ], [ 34.881746369060934, 31.397093618569286 ], [ 34.882102402363614, 31.398240546058929 ], [ 34.882357412068089, 31.399193242422502 ], [ 34.882510100634022, 31.399656407116126 ], [ 34.882756742232843, 31.400222678464377 ], [ 34.882909559495474, 31.400649133405512 ], [ 34.883036609455907, 31.401068195721653 ], [ 34.883180709872867, 31.401546064005181 ], [ 34.883291393028706, 31.401947399899093 ], [ 34.883410177283963, 31.40228555257519 ], [ 34.883581998637652, 31.402633350059936 ], [ 34.883928809476586, 31.403364112301912 ], [ 34.88416742278303, 31.403832562650358 ], [ 34.884296943300981, 31.404300810544168 ], [ 34.884424650429381, 31.405255580461436 ], [ 34.884832188619022, 31.407465021797062 ], [ 34.885029000667132, 31.408394174375619 ], [ 34.885223482469172, 31.408993567489169 ], [ 34.885613529130119, 31.409874159861285 ], [ 34.88624339949537, 31.410923744846858 ], [ 34.886569139542978, 31.411486047583125 ], [ 34.886785869913417, 31.411973181352991 ], [ 34.887263106064395, 31.41292881211649 ], [ 34.887632087615344, 31.413584789700842 ], [ 34.887826698814152, 31.414202851465674 ], [ 34.888156186640053, 31.414682650176648 ], [ 34.888525746695095, 31.415170157789955 ], [ 34.889091372834216, 31.415845287202554 ], [ 34.889243227151901, 31.416182528584876 ], [ 34.88952573226284, 31.416613662349167 ], [ 34.889982225962548, 31.417251105777666 ], [ 34.890594072442646, 31.41831422300578 ], [ 34.890835343272244, 31.41864703207618 ], [ 34.891066782490711, 31.419021316913916 ], [ 34.891259360496953, 31.419370634182975 ], [ 34.891568144042765, 31.419811549834321 ], [ 34.891895937090496, 31.420318955680429 ], [ 34.892283198346199, 31.420981517042613 ], [ 34.892601082889911, 31.421605225669232 ], [ 34.892851213565002, 31.422145626691414 ], [ 34.893072699157344, 31.422602955317192 ], [ 34.893226620422638, 31.422918988921136 ], [ 34.893332558141594, 31.423135134837285 ], [ 34.893409798594647, 31.423382917701179 ], [ 34.893486184732602, 31.423740263941667 ], [ 34.893543427533224, 31.424022735192967 ], [ 34.89362964639372, 31.424338604027898 ], [ 34.893716086151393, 31.424587959314845 ], [ 34.893879517431259, 31.424962073951757 ], [ 34.894101041905003, 31.425411086265512 ], [ 34.894350945095823, 31.426076126743389 ], [ 34.894542321702893, 31.426799154356797 ], [ 34.894728294585235, 31.427217007797498 ], [ 34.894836931319318, 31.427664830473855 ], [ 34.894945519870312, 31.428077352254569 ], [ 34.895054418629208, 31.428395670135284 ], [ 34.895218024788747, 31.428820091327154 ], [ 34.895397575800423, 31.429193750297468 ], [ 34.89564368521431, 31.429618369816534 ], [ 34.895985319236274, 31.430231698152397 ], [ 34.896231164340499, 31.430738754385455 ], [ 34.896408381991506, 31.431175043902343 ], [ 34.896572037424654, 31.431587697365462 ], [ 34.896735501923764, 31.432059253085747 ], [ 34.896885355124056, 31.432471872964673 ], [ 34.897049014857693, 31.432884524861333 ], [ 34.897335739297915, 31.433509485434779 ], [ 34.897608700418886, 31.434122644590726 ], [ 34.89777607560076, 31.434557076746565 ], [ 34.897925986264788, 31.435005065491854 ], [ 34.898021020787709, 31.435346881170439 ], [ 34.898088724856272, 31.435653261363363 ], [ 34.898243440546288, 31.436494778162011 ], [ 34.898482148158386, 31.436728569937362 ], [ 34.89887316562163, 31.437028039827958 ], [ 34.899376992163177, 31.437360541638263 ], [ 34.900235332615807, 31.43795021589526 ], [ 34.90060468213116, 31.43819361398015 ], [ 34.901169482316071, 31.438633422267557 ], [ 34.901690822017954, 31.439045082229391 ], [ 34.902059910224466, 31.439372393015748 ], [ 34.902472227032241, 31.439802464159875 ], [ 34.902797839884506, 31.440157713499744 ], [ 34.903138783809375, 31.440499469805626 ], [ 34.903648980972356, 31.440957740041828 ], [ 34.904289571187626, 31.441556246280271 ], [ 34.90488837991942, 31.44211547653817 ], [ 34.905456550100148, 31.44269802462566 ], [ 34.905753857625335, 31.443070744653475 ], [ 34.906227293022731, 31.443571687026626 ], [ 34.906714137567853, 31.444095911127736 ], [ 34.90725515505352, 31.444643581699708 ], [ 34.907715109901623, 31.445097984377753 ], [ 34.908148166756305, 31.445482568892135 ], [ 34.908675412475866, 31.446076703526636 ], [ 34.908945658966118, 31.446437657962072 ], [ 34.909526921405053, 31.447159727475611 ], [ 34.909747062731171, 31.447461026182378 ], [ 34.910071051469131, 31.447984862684265 ], [ 34.91034087303472, 31.448485322587604 ], [ 34.91057020508773, 31.44895081144594 ], [ 34.910785622733719, 31.449451215006434 ], [ 34.910974410976472, 31.449846855893878 ], [ 34.911163598896437, 31.450114682684273 ], [ 34.911393517855913, 31.450394158172003 ], [ 34.911636916532352, 31.450673734394197 ], [ 34.911947969936222, 31.450976716037228 ], [ 34.912272760305214, 31.451302909315448 ], [ 34.912611104533077, 31.45160595246935 ], [ 34.912949415168441, 31.451920548655014 ], [ 34.913220054087823, 31.452165307139502 ], [ 34.913727815813267, 31.452649952830807 ], [ 34.914404489897514, 31.453267584471337 ], [ 34.91514736850889, 31.453955610487096 ], [ 34.915865778526388, 31.454585518423553 ], [ 34.916375325093327, 31.454979335386334 ], [ 34.916662774966873, 31.455215527612935 ], [ 34.916858566710779, 31.45542917747121 ], [ 34.917041406839083, 31.455631525355273 ], [ 34.917289475499189, 31.455845221468902 ], [ 34.917602993140974, 31.456160031986148 ], [ 34.917907133441801, 31.4564240195817 ], [ 34.918364319791429, 31.456851320973424 ], [ 34.918925921628166, 31.457379893041992 ], [ 34.919565565518518, 31.458088096129046 ], [ 34.920009548103891, 31.458537838914172 ], [ 34.920414447558514, 31.458920205048802 ], [ 34.920662596185402, 31.459167573703262 ], [ 34.920910474878269, 31.45950463695171 ], [ 34.92118456274256, 31.459819422583475 ], [ 34.921432613649863, 31.460100399007892 ], [ 34.921777204420366, 31.46053342868148 ], [ 34.922064280626692, 31.460904326328308 ], [ 34.922377364330139, 31.46132009234184 ], [ 34.922716691057246, 31.461702306705707 ], [ 34.922886404007279, 31.461904616366713 ], [ 34.923147752417812, 31.462140806896421 ], [ 34.923461146438015, 31.462455603546417 ], [ 34.923826851724499, 31.462815396122902 ], [ 34.924061800515908, 31.463085205863909 ], [ 34.924231418773793, 31.463321122994635 ], [ 34.924466268941281, 31.463624542149248 ], [ 34.924688102676285, 31.463883118894199 ], [ 34.924884228289081, 31.464051804627729 ], [ 34.925053952484141, 31.464198026155881 ], [ 34.92527226848059, 31.464368309121827 ], [ 34.925556322759697, 31.464602570863562 ], [ 34.925804793332176, 31.464806246659787 ], [ 34.925993704650502, 31.465080955386682 ], [ 34.926194182973774, 31.465447075593172 ], [ 34.926394917980204, 31.465782757566267 ], [ 34.92667818541868, 31.466230366596847 ], [ 34.926914225254428, 31.46663714735368 ], [ 34.927103157877646, 31.466962655545288 ], [ 34.927220977522879, 31.467206700544288 ], [ 34.927338619346024, 31.467511692299201 ], [ 34.9274444678626, 31.467857312478973 ], [ 34.9275621101566, 31.468162304004235 ], [ 34.927694198765892, 31.468475358768455 ], [ 34.927918351108232, 31.468902474527955 ], [ 34.928106829364218, 31.469329512910846 ], [ 34.928248255411567, 31.469654916804398 ], [ 34.928460233408373, 31.470142952535774 ], [ 34.928625426946468, 31.470437899306027 ], [ 34.928826032349036, 31.470824378079364 ], [ 34.929002740012621, 31.47123109742115 ], [ 34.929203139804144, 31.471688598145352 ], [ 34.929439040800879, 31.47209544313775 ], [ 34.929616006538929, 31.472471723691367 ], [ 34.929856528021212, 31.472986593190811 ], [ 34.930216537139167, 31.47363086904334 ], [ 34.930576525459436, 31.474227584991112 ], [ 34.930894920096016, 31.47482413980298 ], [ 34.931161816178097, 31.475320460881999 ], [ 34.931466448714239, 31.475845539770877 ], [ 34.931701292198134, 31.47645382185333 ], [ 34.931922610618372, 31.476907134577168 ], [ 34.932213243103135, 31.477444089306637 ], [ 34.932559205707179, 31.478124122149559 ], [ 34.932849871124112, 31.478708705449122 ], [ 34.933043687104302, 31.479066626498103 ], [ 34.93370844295886, 31.48016445020702 ], [ 34.934111891253927, 31.480817332770311 ], [ 34.934351489027947, 31.481268847937994 ], [ 34.934575834005422, 31.481707436334229 ], [ 34.934905157509839, 31.482352480551668 ], [ 34.935069545224081, 31.482713577786964 ], [ 34.935383894988142, 31.483307011683518 ], [ 34.935758506041338, 31.483874783828213 ], [ 34.936076526934336, 31.48433674696339 ], [ 34.936391659682975, 31.484659617415041 ], [ 34.93660127825374, 31.485020807267158 ], [ 34.936855789533539, 31.485498137024795 ], [ 34.937050594850724, 31.485807789804269 ], [ 34.937290457713942, 31.48611760573932 ], [ 34.937500265785793, 31.486414394968538 ], [ 34.937799732706409, 31.48693042768285 ], [ 34.938054364777791, 31.487369073671537 ], [ 34.938249141185494, 31.487691688093634 ], [ 34.938383914193153, 31.487949637369386 ], [ 34.938548361190882, 31.48829790713113 ], [ 34.938772798259691, 31.488775170440007 ], [ 34.938997563980749, 31.489136457976013 ], [ 34.939282063774243, 31.489600950712845 ], [ 34.939500696277825, 31.491790005168966 ], [ 34.939557834350097, 31.491997626383384 ], [ 34.939649465246688, 31.492220184550369 ], [ 34.939729362995472, 31.49252170387614 ], [ 34.939803560859829, 31.492803411550103 ], [ 34.939872266959945, 31.492991327046344 ], [ 34.939981151621289, 31.49327810988958 ], [ 34.940118593619509, 31.493643935266281 ], [ 34.940210323346392, 31.493891154109807 ], [ 34.940331311035472, 31.494260680841464 ], [ 34.940399992581341, 31.494458459794892 ], [ 34.940485774635761, 31.494715530875883 ], [ 34.940571641480055, 31.49494293843809 ], [ 34.94063477472676, 31.495066583271083 ], [ 34.940709226750357, 31.495259372120653 ], [ 34.940789543830419, 31.495472042245829 ], [ 34.940910454368584, 31.495812045263953 ], [ 34.941002188256292, 31.496059263479449 ], [ 34.941110748595825, 31.496405299673963 ], [ 34.941190806648962, 31.496652494619578 ], [ 34.941253818401272, 31.496820598676464 ], [ 34.941322488862347, 31.497023309408604 ], [ 34.941454144502416, 31.497403988713859 ], [ 34.941593258730535, 31.49782301292462 ], [ 34.941644622462555, 31.497981228123276 ], [ 34.941713488014699, 31.498114748868176 ], [ 34.941810940292861, 31.498376774348539 ], [ 34.941867908042852, 31.498648581435216 ], [ 34.941953697859617, 31.498905651407281 ], [ 34.942034091315392, 31.499034263240617 ], [ 34.942102930452798, 31.499177717870595 ], [ 34.942182910848274, 31.499454504306833 ], [ 34.942228656577505, 31.499622572448541 ], [ 34.942280103795568, 31.499810451132657 ], [ 34.942328307670785, 31.500041162263653 ], [ 34.942485210883945, 31.500453457712826 ], [ 34.942539877859467, 31.500607734451449 ], [ 34.942631097938872, 31.500806051481003 ], [ 34.942726290736353, 31.501113659576152 ], [ 34.942835530301203, 31.501456736410614 ], [ 34.942886483491577, 31.50164553010103 ], [ 34.942926349064066, 31.501799775504104 ], [ 34.942981026550882, 31.501950810706813 ], [ 34.943043243967239, 31.502169994389501 ], [ 34.943101514461212, 31.502330478608037 ], [ 34.943185159624889, 31.50265144926399 ], [ 34.943280026099771, 31.502900151998134 ], [ 34.94338931195329, 31.503346239707007 ], [ 34.943436415316796, 31.503560178589392 ], [ 34.943476473011707, 31.503704983338981 ], [ 34.943516296312303, 31.503934619814757 ], [ 34.943577784782349, 31.504239833402583 ], [ 34.943632558906721, 31.50441609212869 ], [ 34.943705163043965, 31.504686732340673 ], [ 34.943745584402265, 31.504938282798729 ], [ 34.943799827498388, 31.505246651571891 ], [ 34.943828642204736, 31.505413416494999 ], [ 34.943875955358607, 31.505611643108619 ], [ 34.943955500083547, 31.506049003498138 ], [ 34.943977582368156, 31.506212020001819 ], [ 34.944009796279119, 31.506517172806532 ], [ 34.944034992696707, 31.506683930290542 ], [ 34.94405993652213, 31.506941860517227 ], [ 34.944081444378149, 31.507133764677175 ], [ 34.94410684988727, 31.507284810089203 ], [ 34.944154451053059, 31.507557441826691 ], [ 34.944168705815208, 31.507755601941707 ], [ 34.944175533402948, 31.507903438554411 ], [ 34.944197172470574, 31.508048135189544 ], [ 34.944233545494654, 31.508218085412416 ], [ 34.944236702864117, 31.508384798007871 ], [ 34.944217566728, 31.508642638516942 ], [ 34.944223606540625, 31.508837399859988 ], [ 34.944235846448379, 31.509287656908544 ], [ 34.944245718576724, 31.509524067385584 ], [ 34.944215519378936, 31.509856783349147 ], [ 34.944168775800428, 31.510164382705121 ], [ 34.944101196228743, 31.510393166306471 ], [ 34.944079770813346, 31.510586391755758 ], [ 34.944045934964457, 31.51074732197058 ], [ 34.943975308192208, 31.510888377548607 ], [ 34.94388698148083, 31.511124869492821 ], [ 34.943812269876219, 31.511315168022961 ], [ 34.94376414404055, 31.511527574192286 ], [ 34.943696143469104, 31.51172944112523 ], [ 34.943594118419178, 31.512040943580018 ], [ 34.943539461359734, 31.512294766631573 ], [ 34.943430579232327, 31.512646627350161 ], [ 34.943341992697292, 31.512975490081157 ], [ 34.943253437862346, 31.513292726735767 ], [ 34.943178562511513, 31.513540801253786 ], [ 34.943124208445006, 31.513684990151042 ], [ 34.943028943868427, 31.513930062979199 ], [ 34.942960940994013, 31.514131929429581 ], [ 34.942899665603584, 31.514339587892437 ], [ 34.942865461827061, 31.514512705765018 ], [ 34.942804057411308, 31.514766514601455 ], [ 34.942770050773618, 31.514928077127518 ], [ 34.942683786376676, 31.515307533734763 ], [ 34.942616589141394, 31.515514333948886 ], [ 34.942565961650438, 31.51567825867286 ], [ 34.942518307308724, 31.515837539395548 ], [ 34.942453946606534, 31.516029971245128 ], [ 34.942402100885118, 31.516158664400834 ], [ 34.942354198759851, 31.516288844681938 ], [ 34.942306569702325, 31.516438824335996 ], [ 34.942211553962778, 31.516652190670321 ], [ 34.942143594477301, 31.516836794814012 ], [ 34.942035156348588, 31.517084728461185 ], [ 34.941831116024879, 31.517696175240054 ], [ 34.941763849669385, 31.517867674542881 ], [ 34.941714351264331, 31.518097409985856 ], [ 34.941655252055639, 31.518289570772229 ], [ 34.94162015055521, 31.518488685556552 ], [ 34.941585548755121, 31.518626573164337 ], [ 34.941545988085934, 31.518772764943016 ], [ 34.941477194224845, 31.518960677724802 ], [ 34.941442533626443, 31.519119420982889 ], [ 34.941407919683364, 31.519261465236561 ], [ 34.941339091093027, 31.51946192020818 ], [ 34.94128000208373, 31.519649853715585 ], [ 34.94121097248356, 31.519862849640088 ], [ 34.941146503619429, 31.520032945579644 ], [ 34.941072421727817, 31.520287712999671 ], [ 34.941003520231682, 31.520513250499338 ], [ 34.940949223504681, 31.520692879316059 ], [ 34.940909837911605, 31.52083491356996 ], [ 34.940870288155836, 31.520976877123932 ], [ 34.940751765545343, 31.521474002391255 ], [ 34.940667390159348, 31.5218197806497 ], [ 34.940613033217673, 31.5220203353154 ], [ 34.940563635473573, 31.522212445119575 ], [ 34.940524201705806, 31.522371178195414 ], [ 34.940474849481248, 31.522546589871819 ], [ 34.940376287473853, 31.522847315313573 ], [ 34.940346522915469, 31.523018609713475 ], [ 34.940287476611203, 31.523189843655935 ], [ 34.940228335907719, 31.523394545867248 ], [ 34.940178269879731, 31.523589753832596 ], [ 34.940113946820347, 31.52388223626221 ], [ 34.940069269872268, 31.524149606010955 ], [ 34.940185976317402, 31.524300276730919 ], [ 34.940322154095625, 31.524488611855158 ], [ 34.940458201995426, 31.524722957393898 ], [ 34.940638790368588, 31.525031375219843 ], [ 34.940736157614836, 31.525156922673389 ], [ 34.940838212305408, 31.525311789661348 ], [ 34.940915909156679, 31.525470764033194 ], [ 34.94103237227614, 31.525709224425754 ], [ 34.941192538382005, 31.526085663698822 ], [ 34.941333339241552, 31.526386881955297 ], [ 34.941483859150175, 31.526683964192859 ], [ 34.941658685159474, 31.526996385605432 ], [ 34.941764517859262, 31.527213756621048 ], [ 34.941861714334301, 31.527460420666415 ], [ 34.941922554360396, 31.527588991950367 ], [ 34.942020189860187, 31.527737648514069 ], [ 34.94215131174046, 31.527971982060627 ], [ 34.942145875452702, 31.528210191415734 ], [ 34.942112473837739, 31.528388524958626 ], [ 34.942059704846791, 31.52866820812757 ], [ 34.94203004194425, 31.529098086809615 ], [ 34.942010379647442, 31.529304913359823 ], [ 34.941990938250441, 31.529491448235223 ], [ 34.941942876625291, 31.52973471435574 ], [ 34.941918740007445, 31.529952875434194 ], [ 34.941904002129014, 31.530163728078399 ], [ 34.941879017935221, 31.530626097132657 ], [ 34.941868885356186, 31.530836959201014 ], [ 34.941835119627648, 31.531027480641857 ], [ 34.941815541272483, 31.531262702698292 ], [ 34.941782007557187, 31.531428916441836 ], [ 34.941757290691903, 31.531736347095649 ], [ 34.941737747151251, 31.531959379488541 ], [ 34.941732305493062, 31.532198646557582 ], [ 34.941717543928426, 31.532417671814471 ], [ 34.941697857508423, 31.532632601470141 ], [ 34.941692478837112, 31.532908365573842 ], [ 34.941687071972304, 31.533135513328684 ], [ 34.941672281331748, 31.533305781518358 ], [ 34.941647974976441, 31.533466658810408 ], [ 34.9416520933855, 31.533641053109644 ], [ 34.941627788587759, 31.533859988356237 ], [ 34.94161290053173, 31.534123614423308 ], [ 34.94161671749341, 31.534464289688472 ], [ 34.941634400189059, 31.534906454825702 ], [ 34.941644698797759, 31.535047674728659 ], [ 34.941667230377519, 31.535403466768663 ], [ 34.941650178798263, 31.535910946136529 ], [ 34.94165474231805, 31.536161435744518 ], [ 34.941633183910142, 31.536398485211603 ], [ 34.941617064928401, 31.536572836954161 ], [ 34.941616438587914, 31.536796471688461 ], [ 34.941625714414648, 31.537185633583093 ], [ 34.941630190289658, 31.537467407055512 ], [ 34.941644880557071, 31.537802890765814 ], [ 34.941659716784628, 31.538263016891335 ], [ 34.941664418317906, 31.53846425643766 ], [ 34.941694877533557, 31.538750591675321 ], [ 34.941704330713335, 31.539135245360704 ], [ 34.941724350175413, 31.539448404197113 ], [ 34.941754794072764, 31.539858113420554 ], [ 34.941785155038509, 31.540180171461646 ], [ 34.941789894378566, 31.540368024560092 ], [ 34.941794283060325, 31.540681151231819 ], [ 34.941809437606764, 31.540851128985324 ], [ 34.941834853908418, 31.541176206196393 ], [ 34.941849884436472, 31.541390924558197 ], [ 34.941838803182819, 31.541587692595996 ], [ 34.9418330137525, 31.541833652274832 ], [ 34.941831974634809, 31.542204895965579 ], [ 34.941851657289661, 31.542638750312545 ], [ 34.941861933610717, 31.54290609109735 ], [ 34.941892519974736, 31.543147686391396 ], [ 34.941886681528665, 31.543411541717582 ], [ 34.941901786566461, 31.543599415092931 ], [ 34.941927148016681, 31.543885740492296 ], [ 34.941957760941563, 31.544118386535445 ], [ 34.941983422045446, 31.544297334092469 ], [ 34.942008859014202, 31.544556814544823 ], [ 34.942019440565403, 31.54477398936034 ], [ 34.942045621266622, 31.545002962863698 ], [ 34.942081093412213, 31.545263239468522 ], [ 34.942080228149599, 31.545572621377865 ], [ 34.94207053701988, 31.545801732301136 ], [ 34.94206531053586, 31.546023102608494 ], [ 34.942037443790007, 31.546279303561512 ], [ 34.94200009039595, 31.546632647041733 ], [ 34.941976209955413, 31.546934160645243 ], [ 34.941948242405395, 31.547167109336442 ], [ 34.941902252165761, 31.547431094027303 ], [ 34.941842027317151, 31.547842659320143 ], [ 34.941785451848084, 31.548537123178686 ], [ 34.9417527139844, 31.548886530256468 ], [ 34.94170620987758, 31.549274802133031 ], [ 34.941678101685838, 31.549616468899139 ], [ 34.941645450931439, 31.549934874319391 ], [ 34.941628596446478, 31.550194549098403 ], [ 34.94156965234604, 31.550441526528598 ], [ 34.941573846556651, 31.550589004247779 ], [ 34.941638790799892, 31.550843704642109 ], [ 34.941688291134192, 31.550971970032283 ], [ 34.941751320381805, 31.551146906945032 ], [ 34.941873044322385, 31.551457809230286 ], [ 34.941981165877763, 31.551749305920943 ], [ 34.942089374160339, 31.552009661159637 ], [ 34.942188587150632, 31.552250691549506 ], [ 34.942270885385142, 31.552479356833224 ], [ 34.942405727117752, 31.552926270102741 ], [ 34.942468758136357, 31.553101136275384 ], [ 34.942540983921326, 31.553283842247222 ], [ 34.942617466569793, 31.553474236299742 ], [ 34.942685030112855, 31.553676308379938 ], [ 34.942766166014465, 31.553909481167697 ], [ 34.942838163636203, 31.554115507902601 ], [ 34.942903511651473, 31.554345336632569 ], [ 34.94297005592756, 31.554500551684686 ], [ 34.943036505071554, 31.554748912374041 ], [ 34.943067456428459, 31.554920894294948 ], [ 34.943070720148768, 31.555166942374001 ], [ 34.943054420521989, 31.555406185544971 ], [ 34.943045647683242, 31.555719637183401 ], [ 34.943076693433277, 31.555857869557226 ], [ 34.943095914630327, 31.556106134537092 ], [ 34.943111102117697, 31.556325290681841 ], [ 34.943130158699816, 31.556514017575875 ], [ 34.943153367583513, 31.55668936561548 ], [ 34.943184180065238, 31.556911866217995 ], [ 34.943226594145813, 31.557282141742263 ], [ 34.943230102497118, 31.557440539480126 ], [ 34.943245497164561, 31.557585503818292 ], [ 34.9432763289864, 31.557801239497095 ], [ 34.943307268930283, 31.558037197967089 ], [ 34.943326242517657, 31.558256362656159 ], [ 34.943349507198469, 31.558470955509595 ], [ 34.943353025204608, 31.558625971230754 ], [ 34.943360445789523, 31.558797904937638 ], [ 34.943371853731165, 31.558956318763087 ], [ 34.94340640133089, 31.559256330673314 ], [ 34.943417865499129, 31.559394594167593 ], [ 34.943441169545906, 31.559536192580683 ], [ 34.943456480523629, 31.559711454020999 ], [ 34.943459998737985, 31.559866469710386 ], [ 34.943487278719338, 31.560057749286443 ], [ 34.943510536161959, 31.560216187250454 ], [ 34.943533582510064, 31.560391464447815 ], [ 34.943552899594508, 31.560546582698819 ], [ 34.943603386989587, 31.560796037646725 ], [ 34.943622732494092, 31.560941009926285 ], [ 34.943642049832668, 31.561096128151888 ], [ 34.943669087579359, 31.56137512820295 ], [ 34.943684080408381, 31.561665025289592 ], [ 34.943703426207158, 31.561809997538877 ], [ 34.943726565894629, 31.561951595514866 ], [ 34.943781351889349, 31.562076418330449 ], [ 34.943961930423121, 31.562299223777856 ], [ 34.944083596454476, 31.562461244017641 ], [ 34.944240791440137, 31.56263010044681 ], [ 34.944346743334087, 31.56276172077742 ], [ 34.944483675906888, 31.562938215086053 ], [ 34.944844113069237, 31.563349438549757 ], [ 34.945010796998289, 31.563599339738172 ], [ 34.9451921399273, 31.564023937743215 ], [ 34.945238589506744, 31.564486449846413 ], [ 34.945257075670845, 31.564764727739249 ], [ 34.945284943594942, 31.565043094978819 ], [ 34.945308207902627, 31.56526001318333 ], [ 34.945354586441738, 31.565569911995919 ], [ 34.945380452431927, 31.565738923762645 ], [ 34.94541180100768, 31.566008208972175 ], [ 34.945449391835062, 31.566282438215516 ], [ 34.945468008378526, 31.566454394287355 ], [ 34.945500716917458, 31.566708180914958 ], [ 34.94556674170849, 31.567056167325045 ], [ 34.945599864753774, 31.567219909666893 ], [ 34.945642065854855, 31.567553333138498 ], [ 34.945670059135757, 31.567786607101684 ], [ 34.945683858528888, 31.567974899686728 ], [ 34.945712039970815, 31.568200000390124 ], [ 34.945743357087046, 31.568541222741231 ], [ 34.945777821761126, 31.568755768052803 ], [ 34.945801620397987, 31.568958806502746 ], [ 34.945814251536028, 31.569212552339994 ], [ 34.945861481886645, 31.569453614853973 ], [ 34.945941421912465, 31.569948957961461 ], [ 34.945964109211737, 31.570436011634172 ], [ 34.946001662115719, 31.570665217493865 ], [ 34.946030072549732, 31.570867420117651 ], [ 34.946062740050117, 31.571137552678213 ], [ 34.946119358475514, 31.571436410252801 ], [ 34.946171193095161, 31.571739344481038 ], [ 34.946194528572171, 31.571931743420837 ], [ 34.946230357446908, 31.572129873690628 ], [ 34.9462708602899, 31.572364370307795 ], [ 34.946294151740247, 31.57251322522945 ], [ 34.946296565190572, 31.572712415319668 ], [ 34.946312729443029, 31.572998931986067 ], [ 34.946294931743985, 31.573245710593195 ], [ 34.946308201219807, 31.573447741813421 ], [ 34.946339954605044, 31.573870978504967 ], [ 34.946371463177783, 31.574203816154437 ], [ 34.946375253573997, 31.574500946176435 ], [ 34.946401914587767, 31.574921001545686 ], [ 34.946428618032066, 31.575265667317279 ], [ 34.946474198309048, 31.57562904157901 ], [ 34.946510558296595, 31.575934198919178 ], [ 34.946533013372864, 31.576148155896821 ], [ 34.946569306472426, 31.576417661419036 ], [ 34.946610395888428, 31.576679214926109 ], [ 34.946614102665734, 31.57706674223299 ], [ 34.946627144340077, 31.577351983448018 ], [ 34.946691255841543, 31.577621474642257 ], [ 34.94673695497422, 31.577883037356735 ], [ 34.946823882573327, 31.578235856298395 ], [ 34.946892430864906, 31.578568768242583 ], [ 34.946939110041953, 31.578773472933687 ], [ 34.946984786551887, 31.578983529955554 ], [ 34.94704440001783, 31.579213414564329 ], [ 34.947099393852838, 31.579387838666133 ], [ 34.947177716761843, 31.579578163578088 ], [ 34.947223438766216, 31.579772367600071 ], [ 34.947264884449666, 31.57996480165485 ], [ 34.947315325609644, 31.580178885016107 ], [ 34.947347241994194, 31.580365099543489 ], [ 34.947397692147923, 31.580515770052251 ], [ 34.947420489650611, 31.58066631459516 ], [ 34.947461624245776, 31.580852618862913 ], [ 34.947516315836999, 31.581197409813448 ], [ 34.947563062684864, 31.581438329619317 ], [ 34.947604275056705, 31.581596873678279 ], [ 34.94765031419778, 31.581735627878857 ], [ 34.947746815459837, 31.581961639611826 ], [ 34.947866038880164, 31.582305503850215 ], [ 34.947919973395862, 31.582447092115494 ], [ 34.947983720208555, 31.58261188066885 ], [ 34.948022828165477, 31.582757595831055 ], [ 34.948103516383412, 31.583048115676341 ], [ 34.948191806091955, 31.583267840804986 ], [ 34.948240773840915, 31.583419987910151 ], [ 34.948314549581148, 31.583590080402722 ], [ 34.948407853069909, 31.583782406850339 ], [ 34.948505934343494, 31.58403385730033 ], [ 34.948604309621075, 31.584238030719497 ], [ 34.948665446309207, 31.584455586264859 ], [ 34.948756359686421, 31.584740208059429 ], [ 34.948805182255889, 31.584885942373148 ], [ 34.948876277289955, 31.585073996990783 ], [ 34.948964478445973, 31.585327540359547 ], [ 34.949008573100116, 31.585456356081441 ], [ 34.949050353785985, 31.585588830534913 ], [ 34.949111596090397, 31.585768339093008 ], [ 34.949211949406788, 31.586093703949405 ], [ 34.94930790313547, 31.586342330232483 ], [ 34.949398707303253, 31.586547333815854 ], [ 34.949462253734936, 31.586788075235273 ], [ 34.949528492775997, 31.586946597236057 ], [ 34.949570068694214, 31.587094430731437 ], [ 34.949616810372333, 31.58727982902893 ], [ 34.949766477360939, 31.587632699338876 ], [ 34.949790746123519, 31.587788953236526 ], [ 34.949867007308107, 31.587955104936569 ], [ 34.949967554886889, 31.588210786076623 ], [ 34.950036133671219, 31.58841778762654 ], [ 34.950092549200498, 31.588557265831703 ], [ 34.950158915609578, 31.588791178127337 ], [ 34.950232491803426, 31.588977051614801 ], [ 34.950296258336699, 31.589137682223715 ], [ 34.950350206321453, 31.589277085050092 ], [ 34.950421215135961, 31.589498888073415 ], [ 34.950497637733434, 31.589667434129922 ], [ 34.950593312628612, 31.589899854091829 ], [ 34.950664271983534, 31.590140679873524 ], [ 34.950710617660384, 31.59035186479672 ], [ 34.950772411712769, 31.590573084732313 ], [ 34.950839558021819, 31.590763313691991 ], [ 34.950902969643998, 31.590934441849964 ], [ 34.950945696143123, 31.591145195609144 ], [ 34.950998364000263, 31.591332085011729 ], [ 34.951038656873259, 31.591468923485728 ], [ 34.951083971008984, 31.591636281037246 ], [ 34.951188027857263, 31.591814111985421 ], [ 34.951223223212345, 31.591948827225263 ], [ 34.951281085008915, 31.592163910012474 ], [ 34.951344285433009, 31.592292198090021 ], [ 34.951429998964102, 31.592496484734315 ], [ 34.95154364188695, 31.592782910576823 ], [ 34.95158905153702, 31.592915461597538 ], [ 34.951695074472426, 31.59315896246213 ], [ 34.951763109155316, 31.593326294321447 ], [ 34.951848896477038, 31.593625769758344 ], [ 34.951924523168344, 31.593847439352519 ], [ 34.952020242067462, 31.594127769685336 ], [ 34.952095791871734, 31.594316887164922 ], [ 34.952166438859081, 31.594492889944711 ], [ 34.952291304667469, 31.594648637405214 ], [ 34.952438159007201, 31.594770537892934 ], [ 34.952716874380229, 31.595018606204253 ], [ 34.952873848921669, 31.59517314831017 ], [ 34.953021612273567, 31.595324782530842 ], [ 34.953193739984115, 31.595477169738388 ], [ 34.953343201839921, 31.595609924617776 ], [ 34.953523067799544, 31.595762256237244 ], [ 34.953710632534616, 31.59592989108712 ], [ 34.953888967347481, 31.596101243079854 ], [ 34.954040831249472, 31.596260071094697 ], [ 34.954182721808749, 31.596392810148231 ], [ 34.95436764228451, 31.59656473712506 ], [ 34.954484113531478, 31.596660506536722 ], [ 34.954647199974929, 31.596809843826293 ], [ 34.954834785235903, 31.596970925018564 ], [ 34.954961419262631, 31.597084046743134 ], [ 34.95518431611103, 31.597277747283901 ], [ 34.955323529331565, 31.59742788308316 ], [ 34.955485662512267, 31.59756502875987 ], [ 34.955636277942268, 31.597699544520026 ], [ 34.955783043362104, 31.59785836051563 ], [ 34.955919875170558, 31.597975868845896 ], [ 34.956038931999387, 31.598091229413953 ], [ 34.956218710274797, 31.598280476590787 ], [ 34.956365687898213, 31.598421959422623 ], [ 34.956564378352489, 31.59861948674645 ], [ 34.956802502547326, 31.59884795101847 ], [ 34.956929071326016, 31.598987209332464 ], [ 34.9570456276141, 31.599115527481654 ], [ 34.957234928731417, 31.599316065830706 ], [ 34.957398451681627, 31.599490271984802 ], [ 34.957586960540404, 31.599679746028123 ], [ 34.957796866089453, 31.599872289544585 ], [ 34.957942642032812, 31.600034201721439 ], [ 34.958145917323755, 31.600243853727363 ], [ 34.958313066428211, 31.600417996241816 ], [ 34.958490884400156, 31.600604418085698 ], [ 34.958647373221865, 31.600763319808681 ], [ 34.958793364288624, 31.60090698313185 ], [ 34.958953310325356, 31.601065891121824 ], [ 34.95916859993973, 31.60127936951875 ], [ 34.959289450299522, 31.60140466448042 ], [ 34.959417513427319, 31.601542161826149 ], [ 34.959641646465776, 31.601774398875893 ], [ 34.959787468336181, 31.601921089179534 ], [ 34.959919007252687, 31.602052463614957 ], [ 34.960068483486459, 31.60218697191905 ], [ 34.96020020336465, 31.602312286795698 ], [ 34.960335348053299, 31.602449797647449 ], [ 34.960431388458311, 31.602556724590709 ], [ 34.960589671943133, 31.60272415263708 ], [ 34.960710698338914, 31.602846417218853 ], [ 34.960845774271888, 31.603011334983435 ], [ 34.960959541136646, 31.603139644196386 ], [ 34.96109465731228, 31.603289414093641 ], [ 34.961269060781113, 31.603463565605733 ], [ 34.961379246567667, 31.603576648701651 ], [ 34.961539327489689, 31.603750773496699 ], [ 34.961674491938489, 31.603882222438237 ], [ 34.961806192605096, 31.604016694914396 ], [ 34.961942005776201, 31.604152655013632 ], [ 34.96204875063583, 31.604259601940502 ], [ 34.96223364871485, 31.604452161896202 ], [ 34.962418679549913, 31.604656840151495 ], [ 34.962578811408875, 31.604812714546512 ], [ 34.962725648868009, 31.604952499625405 ], [ 34.962896491594094, 31.60510536362376 ], [ 34.963138424101103, 31.605337627208211 ], [ 34.963326932741445, 31.605536251991129 ], [ 34.963469049219711, 31.605719499744513 ], [ 34.963590100075479, 31.605835630754502 ], [ 34.963700321753976, 31.605936523229218 ], [ 34.963833292361123, 31.606091640501763 ], [ 34.964035979348758, 31.60628416096819 ], [ 34.964203306612866, 31.606461395713961 ], [ 34.964384598518798, 31.606650845136461 ], [ 34.964530592031025, 31.606800560539149 ], [ 34.964683462831992, 31.606965577939548 ], [ 34.96482223597868, 31.607106120148252 ], [ 34.965062495464302, 31.607352821125843 ], [ 34.965236891337554, 31.607536197696607 ], [ 34.965432519372207, 31.607722643098494 ], [ 34.965606729069982, 31.607915107771046 ], [ 34.9657668707531, 31.608070978142528 ], [ 34.965898575463207, 31.608208475708732 ], [ 34.966058680419522, 31.608379564555296 ], [ 34.966320131146652, 31.608648215203612 ], [ 34.966462335780953, 31.608800951564184 ], [ 34.966668774879643, 31.609011793405422 ], [ 34.966793322463964, 31.609115739195353 ], [ 34.966996079189194, 31.609350952770701 ], [ 34.967106262215239, 31.609470160812709 ], [ 34.9672093352698, 31.60960147386864 ], [ 34.967323230200954, 31.60975112733653 ], [ 34.967433360203678, 31.609892035581613 ], [ 34.967556289742333, 31.610050229989781 ], [ 34.967650364038775, 31.610159191401035 ], [ 34.967760393523015, 31.6102752285421 ], [ 34.96791754349632, 31.610445322914437 ], [ 34.96808741356071, 31.610599235978984 ], [ 34.968203680046017, 31.610723456938256 ], [ 34.968386025664273, 31.610893526967004 ], [ 34.968556545301276, 31.611051667625514 ], [ 34.968720010178401, 31.611200142417673 ], [ 34.968874076462519, 31.611354024365191 ], [ 34.968987209350182, 31.61148091645077 ], [ 34.969141275481476, 31.61163479807168 ], [ 34.969352833961885, 31.611844729558584 ], [ 34.969510017581918, 31.612004042062615 ], [ 34.969689237971735, 31.612174175711907 ], [ 34.969805549352522, 31.612282119390105 ], [ 34.969956463136498, 31.612446844517873 ], [ 34.970155696912947, 31.612648086055561 ], [ 34.970356918973998, 31.612845173342365 ], [ 34.970551684823683, 31.613055776404586 ], [ 34.97067750889866, 31.613179942235412 ], [ 34.970935302987201, 31.613406794308979 ], [ 34.971036601218721, 31.613527251593936 ], [ 34.97126605456544, 31.613762084088417 ], [ 34.971438965415167, 31.613956440349945 ], [ 34.971662169445814, 31.614188653445723 ], [ 34.971992988516881, 31.614519421646083 ], [ 34.972172226113528, 31.614686802932141 ], [ 34.972373448931748, 31.614886634976571 ], [ 34.972518820735935, 31.615031760356086 ], [ 34.972680735412112, 31.615213201046533 ], [ 34.97293233047462, 31.615487316048796 ], [ 34.973058249570599, 31.615641705540913 ], [ 34.973197574809632, 31.615769134599216 ], [ 34.973368558751567, 31.615946716426969 ], [ 34.973521311115078, 31.616105029283023 ], [ 34.973647299637435, 31.616232433737679 ], [ 34.97380911008797, 31.616390762609196 ], [ 34.973959510949413, 31.616501864598511 ], [ 34.974157493155587, 31.616683368457434 ], [ 34.974350818018692, 31.616884098501014 ], [ 34.974688151095748, 31.617185349866983 ], [ 34.974836451784213, 31.617347528420598 ], [ 34.974966871354759, 31.617482618865374 ], [ 34.975124258765533, 31.617633188420342 ], [ 34.975322081214834, 31.617814690168942 ], [ 34.975443520207627, 31.617918974497432 ], [ 34.975638463522081, 31.6181336563494 ], [ 34.975750751731951, 31.618276464096692 ], [ 34.975880965588651, 31.618496384923667 ], [ 34.976047226398869, 31.61872404940566 ], [ 34.976123506871893, 31.618844245924496 ], [ 34.976341271637452, 31.619155988701959 ], [ 34.976486460387044, 31.619314003076546 ], [ 34.976641368388599, 31.619538475564735 ], [ 34.976820564729536, 31.619729735944823 ], [ 34.976994772535384, 31.619941772360779 ], [ 34.977096414113639, 31.620062365160422 ], [ 34.977251304786584, 31.620295081665521 ], [ 34.977371895275873, 31.620479754442503 ], [ 34.977486453757052, 31.620639544885847 ], [ 34.97760078017744, 31.62082695427787 ], [ 34.977759543548032, 31.621025715677423 ], [ 34.977849003265085, 31.621145582795364 ], [ 34.977977702923674, 31.621314627505598 ], [ 34.978074379428236, 31.621446766239576 ], [ 34.978221143246188, 31.621637333131613 ], [ 34.978374943676556, 31.621846301229738 ], [ 34.978511485579752, 31.622041992996643 ], [ 34.97862965539597, 31.622207989061248 ], [ 34.978765470608955, 31.622432285359242 ], [ 34.978901308729967, 31.622647351011125 ], [ 34.979055239737164, 31.62287167807234 ], [ 34.979166209996428, 31.623019201653754 ], [ 34.979294892383521, 31.623197474604648 ], [ 34.979381551873971, 31.623319378396964 ], [ 34.979467378605861, 31.623445367890778 ], [ 34.979671253850398, 31.623789490500577 ], [ 34.979792900915889, 31.623949291288838 ], [ 34.979871661811458, 31.624069137232429 ], [ 34.980021810514614, 31.624293457344429 ], [ 34.980173135935701, 31.624507773206986 ], [ 34.980276885694117, 31.624646122930102 ], [ 34.980366375253979, 31.624756757755105 ], [ 34.980466509384229, 31.624892001286117 ], [ 34.980584671747827, 31.62506405506992 ], [ 34.980724148724931, 31.625276095748443 ], [ 34.980868052714506, 31.625496246324545 ], [ 34.981021799389069, 31.625732830498468 ], [ 34.98110054130796, 31.625861906158526 ], [ 34.981282776909104, 31.626169138280591 ], [ 34.981425901566539, 31.626372025253652 ], [ 34.981527199257066, 31.626573217528588 ], [ 34.981616486806914, 31.626770021061756 ], [ 34.98172473889182, 31.626956077671732 ], [ 34.981877100572767, 31.627153836020625 ], [ 34.982006600378114, 31.627339084363225 ], [ 34.9821758092518, 31.627586262911876 ], [ 34.982375685634871, 31.627818909683398 ], [ 34.982494198927313, 31.627984691625027 ], [ 34.98266708909005, 31.628138871668767 ], [ 34.982792432278188, 31.628272677142174 ], [ 34.982928866552072, 31.628452228693419 ], [ 34.98305407991721, 31.62864120221019 ], [ 34.983209912261565, 31.628836076293485 ], [ 34.983399507818334, 31.629100691665286 ], [ 34.983545095998664, 31.629309991775816 ], [ 34.983714346917104, 31.629542583439285 ], [ 34.983894840601309, 31.629757086760709 ], [ 34.984047170396359, 31.629972245578212 ], [ 34.984243646300158, 31.630254274708118 ], [ 34.984423165804436, 31.630463702630028 ], [ 34.984622875729904, 31.630702193179385 ], [ 34.984732238118291, 31.630840971818742 ], [ 34.984857451525592, 31.631032832170099 ], [ 34.984982759649178, 31.63118410890819 ], [ 34.985087653732592, 31.631332391463182 ], [ 34.985277341395346, 31.631562127446802 ], [ 34.985385796777386, 31.631666872314756 ], [ 34.985507827390826, 31.631812295253511 ], [ 34.985604035431003, 31.631942525308681 ], [ 34.985732757967966, 31.632114098968518 ], [ 34.98585457090784, 31.632282772016275 ], [ 34.98600366289908, 31.632477560731655 ], [ 34.986088176912681, 31.632608404417827 ], [ 34.986223654727603, 31.632779989119154 ], [ 34.986332031379312, 31.632919539369126 ], [ 34.986481846761713, 31.633087484023527 ], [ 34.986596848059925, 31.633282213845096 ], [ 34.986857642171827, 31.633605072866459 ], [ 34.986962568974917, 31.633741728940016 ], [ 34.987043818469722, 31.633860940557142 ], [ 34.987199635286494, 31.634070253800068 ], [ 34.987331671132686, 31.634236053235881 ], [ 34.987531500458971, 31.63450060936464 ], [ 34.987685178151004, 31.634709636987125 ], [ 34.987827393208448, 31.634889967684192 ], [ 34.987918851313452, 31.635012084696097 ], [ 34.988098374784904, 31.635227285557292 ], [ 34.988220347108964, 31.635401733863883 ], [ 34.98831509258379, 31.635526744802966 ], [ 34.988416749598052, 31.635654727260235 ], [ 34.988499488990847, 31.635772531742756 ], [ 34.988618016670792, 31.63594112618496 ], [ 34.988760189630078, 31.636141747558526 ], [ 34.989007439304658, 31.636487759674328 ], [ 34.989200123058957, 31.636712351458048 ], [ 34.989333204714185, 31.636856520371751 ], [ 34.989550237368867, 31.637093905805305 ], [ 34.989700716587521, 31.637265089003133 ], [ 34.989866261822328, 31.637474485615716 ], [ 34.990055229390499, 31.637669759453679 ], [ 34.990156777943945, 31.637774911580138 ], [ 34.990345726069016, 31.637979203530243 ], [ 34.990552202025768, 31.638225517769897 ], [ 34.990662297782322, 31.638338926785803 ], [ 34.990763855723635, 31.638441049096954 ], [ 34.990896968393827, 31.638573310077948 ], [ 34.991085871821902, 31.638798596996491 ], [ 34.991204848362528, 31.638918785211363 ], [ 34.991411390319158, 31.639138041508087 ], [ 34.991589987239173, 31.639333366086227 ], [ 34.991729959507623, 31.639492551764889 ], [ 34.991930398988991, 31.639716588614924 ], [ 34.992098436180633, 31.639920843130319 ], [ 34.992276925064573, 31.640092140158149 ], [ 34.992437908092988, 31.640284334580379 ], [ 34.992556833794865, 31.640428546923914 ], [ 34.99277192853085, 31.640656129402949 ], [ 34.9929574498615, 31.640851393170028 ], [ 34.993129031471753, 31.641019648211337 ], [ 34.993247952484886, 31.641166819789131 ], [ 34.993443982640088, 31.641377107130022 ], [ 34.993548971805374, 31.641494240677009 ], [ 34.993709838010211, 31.641740473484226 ], [ 34.994179496639788, 31.64222923740169 ], [ 34.994445539190323, 31.642511646356002 ], [ 34.994599672774484, 31.642676841358689 ], [ 34.994739634928578, 31.642845042240118 ], [ 34.99491260097453, 31.643060432704207 ], [ 34.995073601151233, 31.643249664776132 ], [ 34.995259151404497, 31.643435976964309 ], [ 34.995521623395568, 31.643697311305093 ], [ 34.995640695881406, 31.643853498531346 ], [ 34.995718822465669, 31.643978900558341 ], [ 34.995834312436543, 31.644117114941306 ], [ 34.995942753161906, 31.64424024135899 ], [ 34.996054791680258, 31.644375420564248 ], [ 34.996156189800168, 31.644480567601057 ], [ 34.996285873318214, 31.644606757709781 ], [ 34.996394321795123, 31.644726923854659 ], [ 34.996583357605083, 31.644904221196629 ], [ 34.996856570510772, 31.645153662114964 ], [ 34.997011776791929, 31.645284965914414 ], [ 34.997208076695685, 31.645381318010159 ], [ 34.997558496909264, 31.645579801506138 ], [ 34.997747820490048, 31.64570312773915 ], [ 34.998203380947238, 31.645955820694983 ], [ 34.998368023702682, 31.64606705732804 ], [ 34.998574816177708, 31.646187379380336 ], [ 34.998969155830643, 31.646416860789593 ], [ 34.99920083335509, 31.646532713483875 ], [ 34.999592204599914, 31.646764372490377 ], [ 34.999709204985237, 31.646893920712689 ], [ 34.999969724569091, 31.647154749379201 ], [ 35.000199363305406, 31.647375648901033 ], [ 35.000407135458218, 31.647577912265447 ], [ 35.000578933421842, 31.647734179969166 ], [ 35.000783777348566, 31.64792051485238 ], [ 35.000985297659668, 31.648120089679956 ], [ 35.00125834826467, 31.648378258940454 ], [ 35.001611979101, 31.648700318722593 ], [ 35.001820923603155, 31.64889659329274 ], [ 35.002038103513819, 31.649093513675705 ], [ 35.002273853457538, 31.649311742400457 ], [ 35.002481651613472, 31.649506040799807 ], [ 35.002664775044245, 31.649684376683485 ], [ 35.002938989755002, 31.649941838897512 ], [ 35.003227599253314, 31.65017078755514 ], [ 35.003469659559435, 31.650367815932523 ], [ 35.003866777550279, 31.65069790034222 ], [ 35.004280973726495, 31.651054008100477 ], [ 35.004454846107393, 31.651171170189905 ], [ 35.004672082204436, 31.651346878980931 ], [ 35.004886251386182, 31.651493342613996 ], [ 35.005153216292577, 31.651679767497331 ], [ 35.005385934808174, 31.651858106498242 ], [ 35.005628054873853, 31.65203124517819 ], [ 35.005809498567032, 31.652152856140475 ], [ 35.00600509049557, 31.652283365806895 ], [ 35.006200495926251, 31.652424513181106 ], [ 35.006349525099424, 31.6525283876339 ], [ 35.006659957893014, 31.652728123251812 ], [ 35.006994507784917, 31.652897175477182 ], [ 35.007168437447469, 31.652990448276601 ], [ 35.007398223358656, 31.653078451832091 ], [ 35.007727448425726, 31.653195919456653 ], [ 35.007923201742052, 31.65325202327519 ], [ 35.008212151900317, 31.653329477218954 ], [ 35.008625405114152, 31.653441716424755 ], [ 35.008927184425247, 31.653529194522228 ], [ 35.009246409104826, 31.653625222925147 ], [ 35.009593303175947, 31.653724675623458 ], [ 35.009836641613894, 31.653793249645773 ], [ 35.010032221261653, 31.653854986568117 ], [ 35.010331357961846, 31.653947529362526 ], [ 35.010526815294675, 31.653988762539896 ], [ 35.010710219944457, 31.654043645664078 ], [ 35.0108618439914, 31.654091574828737 ], [ 35.01104409940762, 31.654144624060638 ], [ 35.011307331684101, 31.654233728214411 ], [ 35.011486768399983, 31.654295438487434 ], [ 35.011658355401387, 31.654329799587799 ], [ 35.011869773446669, 31.654381271036975 ], [ 35.012312487076009, 31.654511579867258 ], [ 35.012627571462495, 31.654621191774158 ], [ 35.012910940204229, 31.654693272377955 ], [ 35.013248334262023, 31.654769520481807 ], [ 35.013563462378585, 31.654858697688873 ], [ 35.014077924546534, 31.655030043803364 ], [ 35.014393204915784, 31.655126053455874 ], [ 35.014644410592517, 31.655218515687952 ], [ 35.015186812900573, 31.655423999853312 ], [ 35.015407930597121, 31.655487175093239 ], [ 35.015587394308767, 31.655538593069856 ], [ 35.015898545925012, 31.655641428064914 ], [ 35.016313402947077, 31.655785280066269 ], [ 35.016816068744752, 31.655929330138928 ], [ 35.016975647588787, 31.65595683127826 ], [ 35.017169544530525, 31.65604053753907 ], [ 35.017389049406574, 31.656088629750194 ], [ 35.017632406563003, 31.656153806980207 ], [ 35.017983444229614, 31.656249789736375 ], [ 35.018294635913485, 31.656335568456633 ], [ 35.018454209022487, 31.656366520045278 ], [ 35.01870151473215, 31.656435082950203 ], [ 35.01898077439423, 31.656507144103916 ], [ 35.019204208155024, 31.656568837088933 ], [ 35.019395700772151, 31.65662033750916 ], [ 35.019551122839154, 31.656668262759702 ], [ 35.019726623662422, 31.656726573788994 ], [ 35.019874275917878, 31.656788155935789 ], [ 35.020114598824101, 31.656890313676779 ], [ 35.020318726637854, 31.656968182288285 ], [ 35.020525804460924, 31.657054297787774 ], [ 35.020723337855941, 31.657134904207414 ], [ 35.020933863776413, 31.657226590262059 ], [ 35.021111794234834, 31.657307166999669 ], [ 35.021260756188639, 31.657373892707149 ], [ 35.021468000264406, 31.657460007817058 ], [ 35.021720537560938, 31.657551752776882 ], [ 35.021885667521985, 31.65760736838223 ], [ 35.02209147020114, 31.657672483405264 ], [ 35.022382889347789, 31.657764282584271 ], [ 35.022616021447796, 31.657839370577769 ], [ 35.022800602582514, 31.657889446445008 ], [ 35.022994903961035, 31.657939607107302 ], [ 35.023244357631498, 31.658009220336634 ], [ 35.023412821762228, 31.65804546322321 ], [ 35.023568287033719, 31.658073373261072 ], [ 35.023743191743407, 31.658101311527417 ], [ 35.024056497893355, 31.65812183441879 ], [ 35.024461418597276, 31.658133468070616 ], [ 35.024834045204614, 31.658147802062768 ], [ 35.025119159061347, 31.658178710842446 ], [ 35.025420425091198, 31.658206824237606 ], [ 35.025878663769753, 31.65824988117431 ], [ 35.026192960066879, 31.65826976620275 ], [ 35.026332213416488, 31.658333654137259 ], [ 35.026584583888308, 31.658516773415354 ], [ 35.026765783942075, 31.65861397524781 ], [ 35.026950248880873, 31.658727738536253 ], [ 35.027138034349669, 31.658827696949466 ], [ 35.027280392240527, 31.65890546772269 ], [ 35.027665695847531, 31.659099830520226 ], [ 35.027933316784932, 31.659236395492265 ], [ 35.028128028354296, 31.659334177726251 ], [ 35.02831795430356, 31.659435969025093 ], [ 35.028550685228375, 31.659554165161605 ], [ 35.028868820838284, 31.659725181012455 ], [ 35.029277319912623, 31.659941130599915 ], [ 35.029490942657766, 31.660059228453971 ], [ 35.029676258619389, 31.66016101140892 ], [ 35.029937276782483, 31.660307638664211 ], [ 35.030336210866807, 31.660531674051892 ], [ 35.030846241030993, 31.660816100568734 ], [ 35.031110788766917, 31.661015573554881 ], [ 35.031244697490799, 31.661122075075365 ], [ 35.031509127860687, 31.661297027416545 ], [ 35.031754622789755, 31.661466457685805 ], [ 35.03202880999077, 31.661622257708711 ], [ 35.032362770508513, 31.661796385874073 ], [ 35.032707119255683, 31.661965947515519 ], [ 35.032952663147086, 31.662110855885011 ], [ 35.033229969816816, 31.662274831028419 ], [ 35.033593348381302, 31.662490776584754 ], [ 35.033870652162506, 31.66265756772426 ], [ 35.034328494889422, 31.662932751292814 ], [ 35.034561222404051, 31.663061223902076 ], [ 35.034994773001074, 31.663288179385841 ], [ 35.035444426737158, 31.663539674360205 ], [ 35.035703380925575, 31.663653031131137 ], [ 35.035980736807119, 31.663794946368924 ], [ 35.036242940887611, 31.663934163430707 ], [ 35.036494611967377, 31.664068082124263 ], [ 35.036711386804726, 31.664183988611473 ], [ 35.037021350040391, 31.664335948704451 ], [ 35.0372894800918, 31.664479822251021 ], [ 35.03763598954621, 31.664649232702448 ], [ 35.037787408856715, 31.66473714943681 ], [ 35.038018184814931, 31.664857087938664 ], [ 35.038181298258991, 31.664946992708948 ], [ 35.0383421033657, 31.665038937870921 ], [ 35.038565960454513, 31.665158865474986 ], [ 35.03882225033783, 31.665292785568337 ], [ 35.038986685684264, 31.665381986672337 ], [ 35.039149815074438, 31.66546392864306 ], [ 35.039359712406018, 31.665559880791758 ], [ 35.039613670337708, 31.665709720335446 ], [ 35.039867807490182, 31.665851667467347 ], [ 35.040107768816441, 31.665997471115261 ], [ 35.040316470549975, 31.666118573792875 ], [ 35.040523853390809, 31.666240450029971 ], [ 35.040717235947248, 31.666360334713865 ], [ 35.040940258337713, 31.666490191907823 ], [ 35.041075725985792, 31.666564557369146 ], [ 35.041243454213117, 31.666657001038402 ], [ 35.041396362343846, 31.666745761320527 ], [ 35.041569506360815, 31.666851245088345 ], [ 35.041765535725879, 31.666965917929961 ], [ 35.041941806747097, 31.667074013340841 ], [ 35.042136208205818, 31.66717818504284 ], [ 35.042468741975476, 31.667341857629939 ], [ 35.042631381925922, 31.667425203215153 ], [ 35.042777237153352, 31.667496902424009 ], [ 35.04302496692096, 31.66763369185437 ], [ 35.043143935912269, 31.667722970773738 ], [ 35.043285316288177, 31.66781023517569 ], [ 35.043478224706966, 31.667922223829752 ], [ 35.043855672012477, 31.668127448281396 ], [ 35.044199161482197, 31.668343620798439 ], [ 35.04438200566257, 31.668464402963007 ], [ 35.044543128789442, 31.668569868509486 ], [ 35.044716273127079, 31.668679223263165 ], [ 35.044873461577616, 31.668773622215738 ], [ 35.045020774381577, 31.668862229553856 ], [ 35.045184888539744, 31.668953395504044 ], [ 35.045353449635329, 31.669045905137587 ], [ 35.045528245082643, 31.66915399283485 ], [ 35.045727256058314, 31.669265985673782 ], [ 35.045896798184174, 31.669363286460392 ], [ 35.046112608855388, 31.669479246078627 ], [ 35.04624939665235, 31.669557411691613 ], [ 35.046427149429412, 31.669671984350835 ], [ 35.046604089817841, 31.669779579909321 ], [ 35.046736258482767, 31.66986161545892 ], [ 35.046883754617525, 31.669941131971612 ], [ 35.047064494934624, 31.670044012173204 ], [ 35.047207365134717, 31.670131273147643 ], [ 35.04738133337576, 31.670244008142959 ], [ 35.047616725957994, 31.670376898177867 ], [ 35.047837154588166, 31.670492859641751 ], [ 35.048034691870939, 31.670602240701495 ], [ 35.048284743466219, 31.670739867769477 ], [ 35.048441272285253, 31.670838841122375 ], [ 35.048754877306898, 31.671005080508287 ], [ 35.048914374595704, 31.67110271764491 ], [ 35.04918480524141, 31.671273342286604 ], [ 35.04933061651937, 31.671377514227554 ], [ 35.049535709253156, 31.671503811912117 ], [ 35.049732570815451, 31.671625730705323 ], [ 35.050131332481541, 31.671812431957452 ], [ 35.050515770772144, 31.671993549344215 ], [ 35.050792956664367, 31.672167560665656 ], [ 35.051016367384833, 31.672278306589355 ], [ 35.051332463485316, 31.672438554301248 ], [ 35.051626672179751, 31.672583062013825 ], [ 35.051849536318826, 31.672727484677662 ], [ 35.05223300705569, 31.673000612841491 ], [ 35.052597206826626, 31.673270757035276 ], [ 35.053004917160337, 31.67353630275246 ], [ 35.053244082330529, 31.673690042229765 ], [ 35.053629948364062, 31.673913707703413 ], [ 35.054043153211865, 31.674146633800362 ], [ 35.054293212199731, 31.674291084216332 ], [ 35.054690093517614, 31.674533360176042 ], [ 35.054967282458577, 31.674715042584907 ], [ 35.055244644424278, 31.674892073728046 ], [ 35.055547161253394, 31.675105208685611 ], [ 35.055780860407282, 31.675282117369711 ], [ 35.056003721591843, 31.675435832658977 ], [ 35.05631346813415, 31.675664052296746 ], [ 35.056612384613516, 31.675864356167121 ], [ 35.056824417955383, 31.675990156809771 ], [ 35.05719964215961, 31.676181247609314 ], [ 35.057593477878108, 31.676379123525042 ], [ 35.057876189433365, 31.676514303632331 ], [ 35.058235105695253, 31.676705372651199 ], [ 35.058626627183394, 31.676910428692249 ], [ 35.058925625126335, 31.677064225814352 ], [ 35.059251783348543, 31.677236654774777 ], [ 35.059578079481739, 31.677427682893178 ], [ 35.059904211382452, 31.677618709987872 ], [ 35.060149001447165, 31.677772442834907 ], [ 35.060377307142623, 31.677930807465504 ], [ 35.060652571279533, 31.678092112332944 ], [ 35.060837411262931, 31.678227176463238 ], [ 35.061016843918658, 31.67834363260841 ], [ 35.061174396056089, 31.678436813244886 ], [ 35.061359224276991, 31.678581176518808 ], [ 35.061603825231145, 31.678753507084821 ], [ 35.061750675322934, 31.678841954725215 ], [ 35.062033322340547, 31.679028277770456 ], [ 35.062261604924167, 31.679205238817172 ], [ 35.062408427938927, 31.679312356746145 ], [ 35.062699269657351, 31.679529406370524 ], [ 35.063074208790496, 31.679818134048773 ], [ 35.063356975671987, 31.680037005784762 ], [ 35.063563555018405, 31.680185968594859 ], [ 35.063797290081332, 31.680357578585124 ], [ 35.064163730465346, 31.68060345562127 ], [ 35.064437490205016, 31.680788776910831 ], [ 35.064622857696413, 31.680909814979678 ], [ 35.064750907525521, 31.68101190614221 ], [ 35.064984922617462, 31.681219870672628 ], [ 35.06516299692565, 31.681369787253868 ], [ 35.065330677824349, 31.68152856920031 ], [ 35.065493898565016, 31.681694885563278 ], [ 35.065639521056333, 31.681838564991569 ], [ 35.065807186860496, 31.682008620357188 ], [ 35.065948366442818, 31.682148490583405 ], [ 35.066063220643194, 31.682261910509308 ], [ 35.06623092137162, 31.682409418109309 ], [ 35.066354519949861, 31.68251523739962 ], [ 35.066482586075125, 31.68260978913241 ], [ 35.06661740415371, 31.682707307008517 ], [ 35.066873586733898, 31.682862447872168 ], [ 35.067032485301503, 31.682945688768903 ], [ 35.067240089512964, 31.683078089557291 ], [ 35.067478515772819, 31.683206719070114 ], [ 35.067933486570588, 31.683441335771718 ], [ 35.068193957373737, 31.683596479462011 ], [ 35.068423652656641, 31.683725097881251 ], [ 35.068719319456171, 31.683929316273456 ], [ 35.068953432963319, 31.684080625453987 ], [ 35.069125666833031, 31.684175220499405 ], [ 35.06931899701857, 31.684268711234832 ], [ 35.069694364633008, 31.684401285526597 ], [ 35.069893202901383, 31.684446799909018 ], [ 35.070167094001022, 31.684556578764315 ], [ 35.070418924752261, 31.684651255782104 ], [ 35.070705967929847, 31.684783735210857 ], [ 35.070970934657026, 31.684912385987381 ], [ 35.071293388492428, 31.685060048646356 ], [ 35.071567255106658, 31.685188707466509 ], [ 35.071779198882041, 31.685290879751829 ], [ 35.072007278836182, 31.685402579373093 ], [ 35.072272250177797, 31.685531227445072 ], [ 35.072550569126072, 31.6856599591049 ], [ 35.072838798403353, 31.685773904574582 ], [ 35.073306552079259, 31.685960181331989 ], [ 35.073899311024633, 31.686200132728153 ], [ 35.074096934842942, 31.686293267975593 ], [ 35.074261647233406, 31.686352549860157 ], [ 35.074792056193843, 31.68651922737077 ], [ 35.075318956011159, 31.686722467459482 ], [ 35.075710474328197, 31.68686828678554 ], [ 35.0760529109358, 31.686995314133629 ], [ 35.076326333278402, 31.68709697702727 ], [ 35.076550344316907, 31.687178860891613 ], [ 35.076751268895997, 31.687271924983765 ], [ 35.076932441275716, 31.687348129627022 ], [ 35.07708068910177, 31.687399006889617 ], [ 35.077350649538062, 31.687503412075863 ], [ 35.0778536466186, 31.68771951076452 ], [ 35.07815342169485, 31.687835216981245 ], [ 35.078482826883423, 31.687976316352941 ], [ 35.078733179242526, 31.688080769598852 ], [ 35.079098662128224, 31.68823317516938 ], [ 35.079289741330278, 31.688298113028893 ], [ 35.079451179617585, 31.688346182178481 ], [ 35.079760865454055, 31.688447802868918 ], [ 35.080040888074691, 31.688549464239195 ], [ 35.080299964876772, 31.688663645785301 ], [ 35.080464674185244, 31.688731374518476 ], [ 35.080635975706699, 31.688799109434189 ], [ 35.080876452191291, 31.688897912306423 ], [ 35.081139832881682, 31.688999555146417 ], [ 35.081489033857046, 31.68913221009683 ], [ 35.081778926295378, 31.689250716550141 ], [ 35.081995364815469, 31.689334275437716 ], [ 35.082235855293185, 31.689424550543045 ], [ 35.082542233249519, 31.689540323099592 ], [ 35.082953878652262, 31.689687125115562 ], [ 35.083441448317217, 31.689873454769341 ], [ 35.083701703173112, 31.689975019004436 ], [ 35.084006260554368, 31.690100226911223 ], [ 35.084213790880035, 31.690193355806624 ], [ 35.084378494866108, 31.690269534341923 ], [ 35.084572845393275, 31.6903598319618 ], [ 35.08483159309111, 31.690481472220434 ], [ 35.085140874549509, 31.690652127996565 ], [ 35.085222957878159, 31.690901059198865 ], [ 35.085069657154506, 31.691184999438043 ], [ 35.084939844143477, 31.691401041162514 ], [ 35.084762882031733, 31.691757811389405 ], [ 35.084709247625852, 31.691942993446396 ], [ 35.084679579508006, 31.692073662956471 ], [ 35.084644139595952, 31.692206864851109 ], [ 35.084611637561842, 31.692362685242841 ], [ 35.084605478572584, 31.692538611006945 ], [ 35.084602254288001, 31.692739693084 ], [ 35.08460478838056, 31.692947825832213 ], [ 35.08461021143259, 31.693216766868776 ], [ 35.084650986664251, 31.693548587555885 ], [ 35.084730170637307, 31.693874738232811 ], [ 35.084803443727644, 31.694183972674704 ], [ 35.084870708779519, 31.694422815486021 ], [ 35.084961536785762, 31.694666752333948 ], [ 35.085050163467855, 31.694826985264072 ], [ 35.085132259833195, 31.695068377798634 ], [ 35.085202704024709, 31.695272064678896 ], [ 35.085331829865765, 31.695468267723211 ], [ 35.08543764019506, 31.695596527718283 ], [ 35.085643990549677, 31.695850014113649 ], [ 35.085937872822029, 31.696091603091315 ], [ 35.086117162805479, 31.696242617715818 ], [ 35.086305206312893, 31.696378492687391 ], [ 35.086543310049734, 31.696549641776915 ], [ 35.086772688271395, 31.696713243793866 ], [ 35.087030384116289, 31.69690160203287 ], [ 35.087197991224926, 31.697039992879088 ], [ 35.087377296662979, 31.697180931144509 ], [ 35.087515453173197, 31.697279063845137 ], [ 35.08776231723774, 31.697432674948384 ], [ 35.087971160987394, 31.697545949828235 ], [ 35.088162224019285, 31.697644129203436 ], [ 35.088420998536449, 31.697765058659641 ], [ 35.088635618848855, 31.697873334227317 ], [ 35.088810864973894, 31.697968257919023 ], [ 35.089057762121804, 31.698099179555552 ], [ 35.08930779380831, 31.69822756753419 ], [ 35.08948421905567, 31.698303186326704 ], [ 35.089716451707353, 31.69843155656304 ], [ 35.090098717152067, 31.69865560125686 ], [ 35.090275065958629, 31.698793995866005 ], [ 35.090433480285654, 31.698908842194992 ], [ 35.09059289430391, 31.699014740145429 ], [ 35.090812751268956, 31.699158245732395 ], [ 35.090961148798414, 31.699242997618047 ], [ 35.09110131769954, 31.699318299636751 ], [ 35.091277226449265, 31.699414770796899 ], [ 35.091455942845357, 31.699506593351838 ], [ 35.091609766113102, 31.699603044493259 ], [ 35.09183785609968, 31.699755997066426 ], [ 35.0920950878482, 31.699934409805476 ], [ 35.092276572076351, 31.700056742372318 ], [ 35.09244142334876, 31.700167293625963 ], [ 35.092647438151054, 31.700313180100313 ], [ 35.092812449223956, 31.700428451300979 ], [ 35.093070656812621, 31.700621377307332 ], [ 35.093186069425542, 31.700727233582722 ], [ 35.093301472187228, 31.700842461782027 ], [ 35.093450442722521, 31.701003867709218 ], [ 35.093551994507699, 31.701123803015971 ], [ 35.093716768209923, 31.701302555037664 ], [ 35.09380743459802, 31.701429526853012 ], [ 35.093919980541344, 31.701591746567725 ], [ 35.094030851905373, 31.701777003419775 ], [ 35.094179195392222, 31.701913466338763 ], [ 35.094302813753252, 31.702052162370329 ], [ 35.094456722812708, 31.702221462556498 ], [ 35.09457195225643, 31.702346130011591 ], [ 35.094728637398255, 31.702538965154773 ], [ 35.094854889041564, 31.702682383192421 ], [ 35.094987871726573, 31.702848705775587 ], [ 35.095116917680393, 31.702999172106811 ], [ 35.095245966772772, 31.703147313335386 ], [ 35.095344894241222, 31.703260199675132 ], [ 35.095460297288703, 31.703380145269538 ], [ 35.095583934892012, 31.703504748628664 ], [ 35.095688294967957, 31.703624685492791 ], [ 35.09582359276942, 31.703786499902755 ], [ 35.095988368471318, 31.703972223843831 ], [ 35.096103744833449, 31.704115701718088 ], [ 35.096232964380178, 31.704261446755268 ], [ 35.096345556014896, 31.704390830624742 ], [ 35.096526791039103, 31.704597705377569 ], [ 35.096700808390132, 31.704776108657313 ], [ 35.096829851643299, 31.704933618472918 ], [ 35.096945225127385, 31.705081746409387 ], [ 35.097090875992876, 31.705274569283603 ], [ 35.097214470649796, 31.705441515589687 ], [ 35.097302345685627, 31.70556608718897 ], [ 35.097464294839142, 31.705777735011416 ], [ 35.097567000392779, 31.705906968798388 ], [ 35.097718077885119, 31.706113886895661 ], [ 35.09780877324603, 31.706224369078715 ], [ 35.097948852443416, 31.706391328427923 ], [ 35.098083488739896, 31.706562933023662 ], [ 35.098253669029113, 31.70678635312008 ], [ 35.098440911179111, 31.707082358163433 ], [ 35.098832332377967, 31.707712921083502 ], [ 35.098964988131584, 31.707888961985716 ], [ 35.099163982733593, 31.708144604308902 ], [ 35.099436095437341, 31.708462801129244 ], [ 35.099701470213702, 31.708763871099432 ], [ 35.09990727755234, 31.708974142134817 ], [ 35.100159506515084, 31.709241169945759 ], [ 35.10080336414962, 31.70982648759075 ], [ 35.101095519508533, 31.710065151199494 ], [ 35.101500496770697, 31.710389087655894 ], [ 35.101907680225068, 31.710807437456587 ], [ 35.102199627076118, 31.711091543459151 ], [ 35.102478433072243, 31.711335900069148 ], [ 35.102876813657161, 31.711671170298505 ], [ 35.10320207065439, 31.711949592681368 ], [ 35.103460923028152, 31.71220527564958 ], [ 35.10370660177621, 31.712449603314482 ], [ 35.104018633746719, 31.712767821692324 ], [ 35.104357054886009, 31.713074646189305 ], [ 35.104619657900862, 31.713373519289892 ], [ 35.104950127420508, 31.713720919198732 ], [ 35.1051113387134, 31.713881334154777 ], [ 35.105278146188454, 31.71404978602764 ], [ 35.105471286886505, 31.714258276781248 ], [ 35.10558243695759, 31.71437172815185 ], [ 35.105740045427773, 31.714511285139849 ], [ 35.106021234631541, 31.714702229117666 ], [ 35.1061807034826, 31.714798526174103 ], [ 35.106332603788665, 31.714881993812469 ], [ 35.106544483633357, 31.714987911955998 ], [ 35.106824779358774, 31.715090007770424 ], [ 35.107079895639032, 31.715152698186046 ], [ 35.107233012867127, 31.715177333531162 ], [ 35.1074187686472, 31.715201501109398 ], [ 35.107623316892266, 31.715227302401992 ], [ 35.107949848748362, 31.715254817214166 ], [ 35.108111225274349, 31.715262900698143 ], [ 35.108381405860023, 31.715264725048353 ], [ 35.108546588956784, 31.715258437171503 ], [ 35.108784485596566, 31.71523599919286 ], [ 35.108979530726351, 31.715204087250324 ], [ 35.109140944856293, 31.715175391137329 ], [ 35.109308125527782, 31.715149870022682 ], [ 35.10951256078603, 31.715124375513568 ], [ 35.109675969689562, 31.715077995840815 ], [ 35.109936560654901, 31.714945659662352 ], [ 35.110103619896343, 31.714876875692973 ], [ 35.110321285662174, 31.714808129750981 ], [ 35.110516516024767, 31.714755360320012 ], [ 35.110820589134768, 31.714657789967404 ], [ 35.11096702467372, 31.71460505437194 ], [ 35.111146583058321, 31.714562911609004 ], [ 35.111413028699474, 31.714506951613348 ], [ 35.111567020453272, 31.714479867634562 ], [ 35.111998697852712, 31.714366322648939 ], [ 35.11229150955225, 31.714318483035132 ], [ 35.112576437575157, 31.714241044680399 ], [ 35.112824080762181, 31.714193100965279 ], [ 35.112991094094475, 31.714167573992192 ], [ 35.113176891728166, 31.71414847238978 ], [ 35.113409692579644, 31.714106998510864 ], [ 35.113606712964724, 31.714075080888851 ], [ 35.11400600503648, 31.714035274629783 ], [ 35.114173019780296, 31.714006576106573 ], [ 35.114356852172399, 31.713974647992657 ], [ 35.114569056651533, 31.713921884328975 ], [ 35.114756698918605, 31.713870723671388 ], [ 35.115120602094244, 31.713774382742102 ], [ 35.115377791074742, 31.713740179521764 ], [ 35.115715106450622, 31.713692222407666 ], [ 35.116066422679708, 31.713656180319546 ], [ 35.116240842807507, 31.71363910995888 ], [ 35.116475747297926, 31.713637369233098 ], [ 35.116782197680799, 31.713629900904166 ], [ 35.117019250192477, 31.713622453747647 ], [ 35.117269000549214, 31.713609449512017 ], [ 35.117528447496916, 31.713626817576063 ], [ 35.117691609251942, 31.713663214545328 ], [ 35.117872718269027, 31.713720618546649 ], [ 35.118044916824537, 31.713789571657536 ], [ 35.118237207411262, 31.713877561730591 ], [ 35.118471351420567, 31.713986083274978 ], [ 35.118694933873449, 31.714106573854409 ], [ 35.118902856413804, 31.714227054443828 ], [ 35.119079464751735, 31.714341805938613 ], [ 35.119229209813632, 31.714450832343719 ], [ 35.119392285469452, 31.714582766322707 ], [ 35.119599190654036, 31.714737064452365 ], [ 35.119726534318502, 31.714826911065121 ], [ 35.119876254906345, 31.714964612798891 ], [ 35.120052853788245, 31.715092679639525 ], [ 35.120200462561314, 31.715195996576576 ], [ 35.120327793638907, 31.715301131630742 ], [ 35.1204803380814, 31.715415372892874 ], [ 35.120632196697287, 31.715560613695569 ], [ 35.120766353389257, 31.7157765819763 ], [ 35.120788427803248, 31.715976272237572 ], [ 35.120801563545129, 31.71621893426353 ], [ 35.120812593265889, 31.716419532642913 ], [ 35.120845853886777, 31.716645721129588 ], [ 35.120870352198274, 31.716901778521159 ], [ 35.120876817767218, 31.717045021679411 ], [ 35.12088037639797, 31.717305150713184 ], [ 35.120891081929599, 31.717499337593285 ], [ 35.120919729429147, 31.717724325346033 ], [ 35.120944735993717, 31.717964740439257 ], [ 35.120966149603191, 31.718168163825105 ], [ 35.120995014487157, 31.718334601831376 ], [ 35.121019923401761, 31.718500615174786 ], [ 35.121044947006169, 31.718722500839736 ], [ 35.121066391317896, 31.71889203361982 ], [ 35.121069786025132, 31.719150895368557 ], [ 35.121080418795195, 31.719428291225391 ], [ 35.121087267233449, 31.719881333201471 ], [ 35.121090726103361, 31.720068540352795 ], [ 35.121097830913207, 31.720234964068052 ], [ 35.12112652105133, 31.720413731954558 ], [ 35.121194798116555, 31.720752814861864 ], [ 35.121281152029489, 31.720971711099384 ], [ 35.121389928370967, 31.721190127657646 ], [ 35.121494447134587, 31.721375074644651 ], [ 35.121588128325243, 31.721513865102299 ], [ 35.121699901584506, 31.721698816623636 ], [ 35.12179356153905, 31.721862267059276 ], [ 35.121905173773442, 31.722044118633452 ], [ 35.122016946548477, 31.722232239860222 ], [ 35.122147486982477, 31.722450035793045 ], [ 35.122215959634545, 31.722573309432985 ], [ 35.122288043570322, 31.72271511564114 ], [ 35.122392557636104, 31.722909361709885 ], [ 35.122489827458253, 31.723094373516727 ], [ 35.12259435159114, 31.723279319554745 ], [ 35.12273116452841, 31.723492045984042 ], [ 35.12281051087681, 31.723624627013027 ], [ 35.12290846656019, 31.723781244224227 ], [ 35.122987629904451, 31.723935454951427 ], [ 35.123059697239285, 31.72409882027091 ], [ 35.123189398892919, 31.724339301439034 ], [ 35.123293946224763, 31.724499586745818 ], [ 35.123373127989829, 31.724635266953165 ], [ 35.123470416600838, 31.7248017477019 ], [ 35.12360114269719, 31.725004535429417 ], [ 35.123673240248735, 31.725134009842762 ], [ 35.123784863740056, 31.72531283038499 ], [ 35.1239075247504, 31.725500956749762 ], [ 35.12399758083442, 31.725645872928109 ], [ 35.124116471867204, 31.725809267128781 ], [ 35.124224643054085, 31.725978854679727 ], [ 35.124325575422731, 31.726129907316711 ], [ 35.124420236302463, 31.726289621794269 ], [ 35.124513917813545, 31.726437639517354 ], [ 35.124672481033024, 31.726675037524764 ], [ 35.124816546247054, 31.726900096212827 ], [ 35.124946319434947, 31.727066596955922 ], [ 35.125151835096901, 31.727347213093193 ], [ 35.125273362083334, 31.727519062637771 ], [ 35.125358983387223, 31.727648826721889 ], [ 35.125494828316022, 31.727850911255437 ], [ 35.12560366542256, 31.728017397446241 ], [ 35.125692755510372, 31.728141456547984 ], [ 35.125831255544298, 31.728324870491956 ], [ 35.125963142402412, 31.728530756061474 ], [ 35.126085168438983, 31.728699997868556 ], [ 35.126260889237592, 31.728933600368688 ], [ 35.126396103649988, 31.729105668224864 ], [ 35.126521443844041, 31.729258001985173 ], [ 35.126692888537306, 31.729480890917145 ], [ 35.126814924186633, 31.729641677187789 ], [ 35.126894121658403, 31.72976861801861 ], [ 35.127022714172462, 31.729977318720358 ], [ 35.127185405166237, 31.730222185088834 ], [ 35.127281081606661, 31.730360408741781 ], [ 35.127492034610739, 31.730662232108919 ], [ 35.127627263097821, 31.730823025532935 ], [ 35.127765825378582, 31.730941546716853 ], [ 35.127963871626065, 31.731102377522703 ], [ 35.128168560740278, 31.731206847431032 ], [ 35.128333546989872, 31.731271766258317 ], [ 35.128482059773553, 31.731319765424793 ], [ 35.128646234024387, 31.731370309719949 ], [ 35.128890508278914, 31.731457821097958 ], [ 35.12905549770155, 31.7315199910622 ], [ 35.129227075586741, 31.731590549172186 ], [ 35.1293788686284, 31.731661165753643 ], [ 35.129547306058129, 31.731743065018897 ], [ 35.129755125747792, 31.731853099509763 ], [ 35.12991365552292, 31.73195472129887 ], [ 35.130124748858037, 31.732095828440897 ], [ 35.130317838833427, 31.732278071550851 ], [ 35.130614740187262, 31.732537665501411 ], [ 35.130921523553589, 31.732814174081966 ], [ 35.131093192146693, 31.732983439598399 ], [ 35.131347294806964, 31.733161207862764 ], [ 35.131499114139274, 31.733203568854329 ], [ 35.131650940160512, 31.733237545196083 ], [ 35.131839161311504, 31.733327837177811 ], [ 35.132159251734578, 31.733460548101696 ], [ 35.132479179784056, 31.733592905506018 ], [ 35.132660814874676, 31.733671989810777 ], [ 35.132885130417172, 31.733782099700278 ], [ 35.133145874892186, 31.733906249674156 ], [ 35.133386850596395, 31.734007912270819 ], [ 35.133604753289298, 31.734098288511913 ], [ 35.133918262219403, 31.734219718264519 ], [ 35.134274808656826, 31.734338282309864 ], [ 35.134502629077524, 31.734397661478052 ], [ 35.134733761154301, 31.734437243801924 ], [ 35.134987992446035, 31.734457110383321 ], [ 35.135168887213169, 31.734428603065176 ], [ 35.135453084828946, 31.734282136605806 ], [ 35.13563146149437, 31.734090520117558 ], [ 35.135691088918911, 31.733946750051977 ], [ 35.135743983440179, 31.733766268447656 ], [ 35.135793362557173, 31.733434302565914 ], [ 35.135829797818182, 31.733214355337381 ], [ 35.13586291248096, 31.733025478548566 ], [ 35.135872980452632, 31.732787270040589 ], [ 35.135879733257809, 31.732572943361859 ], [ 35.135886481831498, 31.732364324464676 ], [ 35.135873449418305, 31.732149988039456 ], [ 35.135866637124352, 31.731996388956631 ], [ 35.135873364945105, 31.731815951858213 ], [ 35.135890168584162, 31.731610086269324 ], [ 35.1359598161729, 31.731065915572383 ], [ 35.13601000051419, 31.730756636772185 ], [ 35.136056534650436, 31.730477511958636 ], [ 35.136083052949623, 31.730288631493945 ], [ 35.136119444903905, 31.730125119868326 ], [ 35.136235203083864, 31.729877033029005 ], [ 35.136370674164283, 31.729724848252999 ], [ 35.136526290283051, 31.729530681321496 ], [ 35.136661114733606, 31.729359473209662 ], [ 35.136853312023263, 31.729190760109169 ], [ 35.136999455604474, 31.729097834403714 ], [ 35.137154325141978, 31.729019568157991 ], [ 35.137345787436104, 31.728954989378487 ], [ 35.137592159782727, 31.728876841034385 ], [ 35.137738452722026, 31.728803501786697 ], [ 35.137881801695208, 31.728695918574473 ], [ 35.138033686976726, 31.728639702582104 ], [ 35.138512130098718, 31.72865460575844 ], [ 35.138870368478898, 31.728689032646777 ], [ 35.139514977245149, 31.728738329959931 ], [ 35.139781217523854, 31.728773622811531 ], [ 35.139958766683456, 31.728798232113355 ], [ 35.140153619304222, 31.728832572709706 ], [ 35.140377158366327, 31.728869393068276 ], [ 35.140749540879781, 31.728957650367342 ], [ 35.140904327975058, 31.728996901111195 ], [ 35.141159154426653, 31.729090030818782 ], [ 35.141388410626284, 31.729207596474311 ], [ 35.141520090043876, 31.729285939166104 ], [ 35.141663295296425, 31.729386340276193 ], [ 35.141877018645509, 31.72955716233508 ], [ 35.142074580521026, 31.729735937643774 ], [ 35.142246467221426, 31.729848540581745 ], [ 35.14237533319686, 31.729944072934195 ], [ 35.142495615785762, 31.730056650417858 ], [ 35.142641612860601, 31.730176639003055 ], [ 35.142810670946062, 31.730330879912085 ], [ 35.143040205942249, 31.730532778991428 ], [ 35.143213379830748, 31.730697802025489 ], [ 35.143376652526307, 31.730875501862037 ], [ 35.143534989484884, 31.731040517348827 ], [ 35.143673543749784, 31.731201295352747 ], [ 35.143834315768416, 31.731425283426795 ], [ 35.143927040750988, 31.731579205166586 ], [ 35.144021090841456, 31.731722558712921 ], [ 35.144153700633325, 31.731901652590278 ], [ 35.144292730265136, 31.732096319747043 ], [ 35.144399455384907, 31.732274344187587 ], [ 35.144488081191859, 31.732394444295497 ], [ 35.144653191029867, 31.732546004174313 ], [ 35.144847470074041, 31.732718361437765 ], [ 35.144956556917222, 31.732816277208514 ], [ 35.145106522905948, 31.732929430576213 ], [ 35.145301643437072, 31.733078677693786 ], [ 35.145502684166942, 31.733253292600107 ], [ 35.145697606886316, 31.733457284746478 ], [ 35.145840789430821, 31.733611157928244 ], [ 35.146044431710934, 31.733847492875846 ], [ 35.146149391347073, 31.733958298527753 ], [ 35.146302140106393, 31.73410865293604 ], [ 35.146403806561686, 31.734213327018814 ], [ 35.146549803546741, 31.734352052342462 ], [ 35.146727124418561, 31.734497837801555 ], [ 35.14690940380116, 31.734625799338506 ], [ 35.147032024171786, 31.734708429494624 ], [ 35.147249567652409, 31.734870225668402 ], [ 35.147367059326726, 31.734981811507517 ], [ 35.147596774095867, 31.735193848109173 ], [ 35.147735208233051, 31.735303188316017 ], [ 35.147949299496112, 31.735452722040559 ], [ 35.148179366657551, 31.735632276816016 ], [ 35.148320769061598, 31.735744084240572 ], [ 35.148461197599751, 31.735829891735314 ], [ 35.14865883907607, 31.735917274377741 ], [ 35.1489061154073, 31.735998195853139 ], [ 35.149195918590358, 31.736102738406377 ], [ 35.149388460938688, 31.736172856357783 ], [ 35.149683049923858, 31.736271692979589 ], [ 35.15006799521511, 31.736369863117705 ], [ 35.150245526810863, 31.736454274860751 ], [ 35.150417964179553, 31.736507331494515 ], [ 35.150602109678623, 31.736558842561358 ], [ 35.150801414227104, 31.736630440256818 ], [ 35.151007316675503, 31.736696333517109 ], [ 35.151189315977, 31.736754254966222 ], [ 35.15134674748392, 31.736813010963782 ], [ 35.151586275854093, 31.736898926550669 ], [ 35.151810648189404, 31.736961937546376 ], [ 35.151995600750304, 31.73704867486769 ], [ 35.152149720906188, 31.737131666542926 ], [ 35.152320493929047, 31.737217552548159 ], [ 35.152454506579986, 31.737289120963318 ], [ 35.152588354544449, 31.737359279583554 ], [ 35.152717252444361, 31.737435143843623 ], [ 35.152929048313133, 31.73758354092347 ], [ 35.153151716590756, 31.737752444601266 ], [ 35.153267250558265, 31.737845423584581 ], [ 35.153471462166394, 31.737997128293255 ], [ 35.153637095856631, 31.738138741885646 ], [ 35.153801409940826, 31.738284159626918 ], [ 35.153975609252036, 31.738443390138247 ], [ 35.154130858023656, 31.738581828981385 ], [ 35.154237481621685, 31.738691430904829 ], [ 35.154431112664362, 31.738901186262414 ], [ 35.154572825840035, 31.739070831256424 ], [ 35.154717327002089, 31.739269293874678 ], [ 35.154793107145004, 31.739398400156631 ], [ 35.154888945595523, 31.73963834298873 ], [ 35.154978196036751, 31.739862922938968 ], [ 35.155061845866264, 31.740078623778139 ], [ 35.155130689999453, 31.74023090731475 ], [ 35.155216043238973, 31.7403437414061 ], [ 35.155322640306743, 31.740509919709293 ], [ 35.155422632682679, 31.74069399071691 ], [ 35.155495560084091, 31.740920043926256 ], [ 35.155565734367514, 31.741053868730983 ], [ 35.15566440863104, 31.7412380093729 ], [ 35.155758795286808, 31.741422642509097 ], [ 35.155875123815413, 31.741586216799167 ], [ 35.155961635833997, 31.741697007226325 ], [ 35.156074995603412, 31.741864244399867 ], [ 35.156208953569717, 31.742057910641101 ], [ 35.156323619076815, 31.742252836555028 ], [ 35.156446522695688, 31.742460519365604 ], [ 35.156558732784262, 31.742623879523443 ], [ 35.156680341333605, 31.74278653965731 ], [ 35.156811186086451, 31.742948074910398 ], [ 35.156950773650877, 31.743101370408329 ], [ 35.157045357456354, 31.743232878479709 ], [ 35.157153300182983, 31.743359810955166 ], [ 35.157263892835275, 31.743462366521271 ], [ 35.157376464904907, 31.743566190715359 ], [ 35.157557436528023, 31.743735846750234 ], [ 35.157762627147932, 31.743946939477716 ], [ 35.157880629810478, 31.744074579345707 ], [ 35.158022370938944, 31.744216531014789 ], [ 35.158161323287032, 31.744330721797912 ], [ 35.158302589360993, 31.74443413260051 ], [ 35.158525457716152, 31.744584144852951 ], [ 35.158688830371524, 31.744669526263579 ], [ 35.158877771960327, 31.744734203005706 ], [ 35.159074645960871, 31.744766119135978 ], [ 35.159308794366822, 31.744782196411155 ], [ 35.159608738091194, 31.74479533653485 ], [ 35.159902593787422, 31.744783743415031 ], [ 35.160130661664496, 31.74475719041887 ], [ 35.160359883377659, 31.744729650793783 ], [ 35.160545242159898, 31.744702729670987 ], [ 35.160774470649244, 31.74466243630188 ], [ 35.160970065077166, 31.744608251659781 ], [ 35.161139465955991, 31.744500863361434 ], [ 35.161311709104311, 31.744307799547432 ], [ 35.161515447298569, 31.744114605405777 ], [ 35.161666242245367, 31.743942318723398 ], [ 35.161838641102392, 31.743764121160073 ], [ 35.16205180309737, 31.743511041311677 ], [ 35.16214683255938, 31.743402921682264 ], [ 35.162233952244762, 31.74328275160433 ], [ 35.162329976609428, 31.743162584403496 ], [ 35.162449927413213, 31.743004518614558 ], [ 35.162620695685128, 31.742776999275225 ], [ 35.162735354292245, 31.742651483604806 ], [ 35.162903779838381, 31.74249885871496 ], [ 35.163049586896221, 31.742408509555791 ], [ 35.163225238940896, 31.742321341664084 ], [ 35.163411757327466, 31.742267713071104 ], [ 35.163604854383919, 31.742255022906981 ], [ 35.16376547535998, 31.742224284279274 ], [ 35.163968649072302, 31.742168970118382 ], [ 35.16423498412216, 31.742095215660804 ], [ 35.164459103595277, 31.742029338579606 ], [ 35.164719507543666, 31.741944308172531 ], [ 35.164937515885534, 31.74189864953966 ], [ 35.16517778836706, 31.741847289601079 ], [ 35.165539098615938, 31.741777225799417 ], [ 35.165801954703632, 31.741740034156926 ], [ 35.165995056040067, 31.741713530400464 ], [ 35.166289893577058, 31.741693327341032 ], [ 35.166575176555909, 31.741648742059247 ], [ 35.166784429624265, 31.741639221857088 ], [ 35.167002267630387, 31.741606101613669 ], [ 35.167187787020943, 31.741568883499422 ], [ 35.16734345366109, 31.741549835856542 ], [ 35.167530778491525, 31.74153382558243 ], [ 35.167752565983349, 31.741516909570294 ], [ 35.167920598440588, 31.741500964421657 ], [ 35.168144368943771, 31.741472633627552 ], [ 35.168464107358751, 31.741444611805388 ], [ 35.168660330791106, 31.7414407917319 ], [ 35.168862821765067, 31.741434084490081 ], [ 35.169080645218067, 31.741436118261237 ], [ 35.169270764913627, 31.741440046023076 ], [ 35.169537230271736, 31.74144399440134 ], [ 35.169807159578667, 31.741444067929226 ], [ 35.170075770808815, 31.741441251917127 ], [ 35.170276611889342, 31.741438345972032 ], [ 35.170507957121494, 31.741437492308648 ], [ 35.170725618453709, 31.741429799519203 ], [ 35.170915908817186, 31.741417096631245 ], [ 35.171191620970134, 31.741385182063432 ], [ 35.171443423760486, 31.741353259818734 ], [ 35.171774205449267, 31.741331926047774 ], [ 35.17208833813914, 31.741299102187764 ], [ 35.172302706851632, 31.741274919218625 ], [ 35.172545926533751, 31.741263355420198 ], [ 35.172779583974176, 31.741251787884494 ], [ 35.173007619390539, 31.741281858581466 ], [ 35.173302116371566, 31.741286862950627 ], [ 35.173575503234794, 31.741300457033901 ], [ 35.17388598444181, 31.741336535226186 ], [ 35.174132159150254, 31.741366608250871 ], [ 35.174352121544658, 31.741382161213512 ], [ 35.174516517481713, 31.741387977078482 ], [ 35.174826020786263, 31.7413884018674 ], [ 35.175035748471146, 31.741438826571663 ], [ 35.175242163058549, 31.741538640683324 ], [ 35.175437200744589, 31.741638381531406 ], [ 35.175595464727138, 31.741746638929079 ], [ 35.175709873212526, 31.741837694373796 ], [ 35.175837965535273, 31.741934530909159 ], [ 35.176015527901086, 31.742026094420655 ], [ 35.176343302195534, 31.742141433730211 ], [ 35.176476010585148, 31.742245104825713 ], [ 35.176660519597618, 31.742271777519953 ], [ 35.176821433220354, 31.742350230653262 ], [ 35.177064124861431, 31.742462661960559 ], [ 35.177263793636833, 31.74252759514502 ], [ 35.177431312312777, 31.742577372911153 ], [ 35.177740797785013, 31.742653954225954 ], [ 35.177906343816304, 31.742684003071581 ], [ 35.17812828285652, 31.74272026352601 ], [ 35.178473059670658, 31.742785224630527 ], [ 35.178716926873783, 31.742832762494018 ], [ 35.178879999825639, 31.742862879920022 ], [ 35.179050165241925, 31.742887150977815 ], [ 35.179221323791204, 31.74289979630705 ], [ 35.179502138992419, 31.742907250196119 ], [ 35.179763658871273, 31.742921533027133 ], [ 35.180035884943067, 31.742985066278013 ], [ 35.180255022484232, 31.743017588849579 ], [ 35.180510267846138, 31.743068648044751 ], [ 35.180781499648567, 31.743153105048584 ], [ 35.180984145817931, 31.743199503621877 ], [ 35.181239548633314, 31.743283041367803 ], [ 35.181482088619411, 31.743374326754079 ], [ 35.181625035508475, 31.743445443081413 ], [ 35.18180969547673, 31.743544396709151 ], [ 35.181999790018544, 31.743677452523539 ], [ 35.182201424265088, 31.743819105554707 ], [ 35.182340905374048, 31.743913401518405 ], [ 35.182459278262904, 31.74401015844261 ], [ 35.182633043411826, 31.744169491183072 ], [ 35.182823129703721, 31.744344185782357 ], [ 35.18298965196395, 31.744453985625935 ], [ 35.183081969462961, 31.744565322236969 ], [ 35.183262509915465, 31.744664414644276 ], [ 35.183307328472978, 31.74481386062001 ], [ 35.183415807689997, 31.744923650284491 ], [ 35.183571598262112, 31.745096858170079 ], [ 35.183698869763326, 31.745235326645808 ], [ 35.183820212615558, 31.745340467228392 ], [ 35.183983099327826, 31.745496695794408 ], [ 35.184100805457931, 31.745648196703883 ], [ 35.184251654051252, 31.745807170926089 ], [ 35.184416348856992, 31.745998909384429 ], [ 35.184530434573787, 31.746119478719415 ], [ 35.184733398230442, 31.746261127899764 ], [ 35.18479718858903, 31.746388171690118 ], [ 35.184954643107297, 31.746511423975509 ], [ 35.185016291400508, 31.74663402844093 ], [ 35.185151324714653, 31.74673916981417 ], [ 35.18529789227459, 31.746886728368668 ], [ 35.18541527974147, 31.747000110583173 ], [ 35.185622032944629, 31.747170011908171 ], [ 35.1857989466071, 31.747310458781396 ], [ 35.185931676132896, 31.747397844350061 ], [ 35.186078258971868, 31.747479312959083 ], [ 35.186350987235151, 31.747596662099831 ], [ 35.186554632783952, 31.747647842530164 ], [ 35.186818145807329, 31.74766831134346 ], [ 35.187081666448258, 31.747642771970142 ], [ 35.187297367713605, 31.747604472651688 ], [ 35.187462113358727, 31.747568702199363 ], [ 35.187674691429656, 31.747471570842922 ], [ 35.187881494156336, 31.747397406581797 ], [ 35.188117985232836, 31.747282381357163 ], [ 35.188267243136998, 31.747168612680881 ], [ 35.188387144419636, 31.747066325147269 ], [ 35.188563772559185, 31.746966650889192 ], [ 35.188803411391795, 31.746754394104254 ], [ 35.189010047825413, 31.746675156003128 ], [ 35.189186834601315, 31.7466035932236 ], [ 35.189435359207387, 31.746491102963532 ], [ 35.189615118527385, 31.746391427606095 ], [ 35.189775418795783, 31.74629027073691 ], [ 35.189928295017857, 31.746211024063079 ], [ 35.190096009587535, 31.746144602212546 ], [ 35.190359536582982, 31.746042328832239 ], [ 35.190506306638696, 31.745991193121661 ], [ 35.190676987262954, 31.745937523826395 ], [ 35.190877678358916, 31.745888929467004 ], [ 35.191174172988383, 31.745863385113552 ], [ 35.191464731725475, 31.745840445802262 ], [ 35.191794028718952, 31.745909526778547 ], [ 35.19200986116136, 31.746078009984661 ], [ 35.192149845248025, 31.746212736693401 ], [ 35.192302191834138, 31.746383889961852 ], [ 35.192418925440222, 31.746514034589829 ], [ 35.192494764711384, 31.7466359315282 ], [ 35.192570267093501, 31.746811023746361 ], [ 35.192625322054198, 31.746992665936865 ], [ 35.192683681217709, 31.747118788990747 ], [ 35.192769576073971, 31.747273378575226 ], [ 35.192851186594098, 31.747409085772389 ], [ 35.19295654381007, 31.747542117467734 ], [ 35.193072284957886, 31.747712351118423 ], [ 35.193193962307582, 31.747897803821726 ], [ 35.193287943345823, 31.748014206910451 ], [ 35.193393800811783, 31.748113700450954 ], [ 35.193517469198071, 31.748195863759033 ], [ 35.193668675436165, 31.748302477390094 ], [ 35.193837524456491, 31.748423465912236 ], [ 35.19403341978893, 31.748532055134401 ], [ 35.19416170622619, 31.748618093416315 ], [ 35.194288839237579, 31.748705187537322 ], [ 35.194426688314813, 31.748818352008925 ], [ 35.194550355860805, 31.748925949046704 ], [ 35.194674021688442, 31.749062855931871 ], [ 35.194795874282605, 31.749193562372003 ], [ 35.194896621043569, 31.749295308874203 ], [ 35.195013524683255, 31.749454690703192 ], [ 35.195114600678075, 31.749572782996296 ], [ 35.195228039934136, 31.74974491736123 ], [ 35.195352865775355, 31.749836872086668 ], [ 35.19556525184187, 31.749996118540462 ], [ 35.195792153527421, 31.750123308631942 ], [ 35.195978493086685, 31.750203923466657 ], [ 35.196220080777891, 31.750236208097956 ], [ 35.196458374885999, 31.750216636878058 ], [ 35.196679519228475, 31.750187340482867 ], [ 35.196886485139672, 31.750117177564764 ], [ 35.197059480161407, 31.750034049239545 ], [ 35.197264634953228, 31.749914777430813 ], [ 35.197422955795766, 31.749790782481075 ], [ 35.1975501099948, 31.749652905365316 ], [ 35.197634881307629, 31.749537502567343 ], [ 35.197755110707291, 31.749364819061952 ], [ 35.19780904444945, 31.749238633876718 ], [ 35.197921689577313, 31.749027692638403 ], [ 35.198054620362377, 31.748795897131867 ], [ 35.198200247334235, 31.748573261235904 ], [ 35.198258631724919, 31.748446159785772 ], [ 35.198384964072368, 31.748223241361213 ], [ 35.198457200044665, 31.748095154747791 ], [ 35.198650152029302, 31.747884074949525 ], [ 35.198811603425916, 31.747702162765453 ], [ 35.198946833533867, 31.747550545850125 ], [ 35.199065240827828, 31.747447050559114 ], [ 35.199206073772167, 31.74734144124254 ], [ 35.199316069877106, 31.747243652250884 ], [ 35.199498293648993, 31.747128251108272 ], [ 35.199691400074293, 31.747032719564555 ], [ 35.199891761358003, 31.746946698845655 ], [ 35.200052213893258, 31.746891889332726 ], [ 35.200214480613305, 31.746832992512743 ], [ 35.200371470287457, 31.746773320634077 ], [ 35.200599366204706, 31.746763534471377 ], [ 35.200799229920229, 31.746708091184228 ], [ 35.201036360753584, 31.746652366290828 ], [ 35.201218577604287, 31.746643563528369 ], [ 35.201417779502492, 31.746637720759402 ], [ 35.201575920850324, 31.746637724346389 ], [ 35.201768360839033, 31.746672885993753 ], [ 35.202005488598537, 31.746711078394465 ], [ 35.202328531880376, 31.746728697968269 ], [ 35.202555272018536, 31.74676385897633 ], [ 35.202816476556485, 31.746804938822486 ], [ 35.203047998434961, 31.746877371386102 ], [ 35.203236974532892, 31.747009408826607 ], [ 35.203374502210885, 31.747167866952818 ], [ 35.20352571626735, 31.747355634997387 ], [ 35.203707768099079, 31.747555169402467 ], [ 35.203852058218615, 31.747707709126072 ], [ 35.204029163968002, 31.747858839194755 ], [ 35.204166529783848, 31.747943951164494 ], [ 35.204362436161489, 31.748058372984083 ], [ 35.204534266384741, 31.748166946965277 ], [ 35.204682021317765, 31.748246139551927 ], [ 35.20488468968631, 31.748337099041454 ], [ 35.205190590065399, 31.74847498060948 ], [ 35.205396723109452, 31.748554243227961 ], [ 35.205733461197966, 31.748668661735366 ], [ 35.205972740543473, 31.74872481237848 ], [ 35.206374781594739, 31.748786456883984 ], [ 35.206522532950075, 31.748598617259599 ], [ 35.206567217667605, 31.748387387199568 ], [ 35.206721898213978, 31.74834630811101 ], [ 35.206941881408731, 31.748358070266644 ], [ 35.20718923908548, 31.748358065067698 ], [ 35.207488211701559, 31.748355099188519 ], [ 35.207673731055735, 31.748363901058394 ], [ 35.207837976106042, 31.748351566687401 ], [ 35.208140409650362, 31.748304634224926 ], [ 35.208312239850798, 31.748272360120609 ], [ 35.208594057000212, 31.748157929501723 ], [ 35.208831187418426, 31.748113886148136 ], [ 35.209033850645618, 31.748005304854949 ], [ 35.209243928853859, 31.747821616369713 ], [ 35.209364137920304, 31.747713038564022 ], [ 35.20946389873162, 31.747586846614581 ], [ 35.209591026918844, 31.747375612149732 ], [ 35.209755920981948, 31.747214189400662 ], [ 35.209893276671217, 31.747055725680234 ], [ 35.20997918160419, 31.74690318379001 ], [ 35.210117350253086, 31.746592181627765 ], [ 35.210581866360542, 31.746388117331445 ], [ 35.210692007843555, 31.746199147317981 ], [ 35.210843865800101, 31.745970437072057 ], [ 35.210952356972122, 31.745784989514057 ], [ 35.211147742017658, 31.745469685924867 ], [ 35.211386650234431, 31.745049328132396 ], [ 35.211451775374925, 31.74491327298443 ], [ 35.211531240512393, 31.74470929628249 ], [ 35.211603618821336, 31.744548580569905 ], [ 35.211705018937003, 31.744387791903083 ], [ 35.211820761559693, 31.744196213296696 ], [ 35.211929248264859, 31.743992164283558 ], [ 35.212016130152598, 31.743769657483625 ], [ 35.21206674307561, 31.743639802151346 ], [ 35.212146374039087, 31.743466685283781 ], [ 35.212211495409683, 31.743312169827785 ], [ 35.212283869350117, 31.743139053310795 ], [ 35.21235624355181, 31.74295980690022 ], [ 35.212452195778617, 31.742757730523088 ], [ 35.212567931021475, 31.742522750746353 ], [ 35.212719939627384, 31.742244577272242 ], [ 35.212814076119258, 31.742052928766476 ], [ 35.212915301139859, 31.741830419434983 ], [ 35.21298767196231, 31.741638772243256 ], [ 35.213074551425329, 31.741440923823244 ], [ 35.213175771651734, 31.741181284348805 ], [ 35.213262647809223, 31.740946375312358 ], [ 35.213313256403168, 31.740816520329876 ], [ 35.213356609495925, 31.740674334889665 ], [ 35.213356588053671, 31.740451833147048 ], [ 35.213428957498444, 31.740266385857915 ], [ 35.213472309553161, 31.740118000171641 ], [ 35.213537422284432, 31.739932553328341 ], [ 35.213588194406626, 31.739790368158651 ], [ 35.213653144334941, 31.739617251304502 ], [ 35.213696660355794, 31.739468866416804 ], [ 35.213725501993608, 31.739326681880307 ], [ 35.213798196792247, 31.739118617815542 ], [ 35.21389232959207, 31.738933168615691 ], [ 35.213971940623701, 31.738648799577142 ], [ 35.214065905407182, 31.738438619807518 ], [ 35.214196133463773, 31.738129516311094 ], [ 35.214275758381518, 31.737981127505062 ], [ 35.214420508132363, 31.737783273551262 ], [ 35.214608617432503, 31.737548356364723 ], [ 35.214702585460202, 31.737399966127498 ], [ 35.214774956063366, 31.737270179073516 ], [ 35.214919700849677, 31.737047594085293 ], [ 35.215049938289859, 31.73686214098182 ], [ 35.215201946035677, 31.736719946591393 ], [ 35.215353786910988, 31.73657155183291 ], [ 35.215599766637673, 31.736342827443124 ], [ 35.215744519023879, 31.736219163283224 ], [ 35.21589009501497, 31.736085634479231 ], [ 35.216107219690109, 31.735875441945851 ], [ 35.216237458906932, 31.73572711844395 ], [ 35.216389305278135, 31.735646712682531 ], [ 35.216635452765239, 31.735479777204009 ], [ 35.216816313755722, 31.735362308534469 ], [ 35.216989918431601, 31.73524483942202 ], [ 35.217207043766066, 31.735071705496377 ], [ 35.217330031342996, 31.734966642297596 ], [ 35.217431253258411, 31.73486150996192 ], [ 35.217677227768071, 31.734663641814226 ], [ 35.217814726446569, 31.73457710688292 ], [ 35.217988496628081, 31.734484366834781 ], [ 35.218111485278911, 31.734397833128565 ], [ 35.218306854391699, 31.734305019972208 ], [ 35.218567350076206, 31.734206140675891 ], [ 35.218726453332536, 31.734168992017992 ], [ 35.218934361212064, 31.734133739596402 ], [ 35.219122481184549, 31.734078128117627 ], [ 35.219361384812281, 31.734034839559474 ], [ 35.2196507388716, 31.733972943920207 ], [ 35.220012470764395, 31.733892579759559 ], [ 35.22029473703747, 31.733849213783479 ], [ 35.220533482419164, 31.733849183762885 ], [ 35.220793995160257, 31.733867751096643 ], [ 35.221083530102838, 31.733904774012831 ], [ 35.221401927383198, 31.733985122578659 ], [ 35.2215683009426, 31.734040691031687 ], [ 35.221770954054733, 31.734127254423733 ], [ 35.222009718872918, 31.734226143462713 ], [ 35.222234142771534, 31.7343373632159 ], [ 35.222386180978447, 31.73443626366047 ], [ 35.222545308429311, 31.734528961810575 ], [ 35.222682837607302, 31.734621663764599 ], [ 35.222820368445149, 31.734726694722021 ], [ 35.22297225052332, 31.734856525137612 ], [ 35.223080926299275, 31.734955430158742 ], [ 35.223241073142589, 31.735186364221075 ], [ 35.223342340029212, 31.735328530815508 ], [ 35.223414754027964, 31.73548303169078 ], [ 35.223494420352225, 31.735619001181725 ], [ 35.223595693199698, 31.735785898916593 ], [ 35.223682621543993, 31.735958998035592 ], [ 35.223755044088904, 31.736144429348208 ], [ 35.223805691943603, 31.736280403036577 ], [ 35.223870853627183, 31.736434975078087 ], [ 35.223957790881286, 31.736645134488999 ], [ 35.224051835563479, 31.736929484075826 ], [ 35.224131515863178, 31.737121114223235 ], [ 35.224203953626514, 31.737374535478558 ], [ 35.224290742171554, 31.737646555934592 ], [ 35.224363177856816, 31.737881447734758 ], [ 35.224435607525976, 31.738091608142607 ], [ 35.224522562041173, 31.738363628383702 ], [ 35.2246093416801, 31.738586117358427 ], [ 35.224674521429151, 31.738814880246043 ], [ 35.224711321206811, 31.73894972841217 ], [ 35.22476199905396, 31.739209353842192 ], [ 35.224856201187784, 31.739438111069347 ], [ 35.224928631815054, 31.739642071851872 ], [ 35.224972030876607, 31.739790447460656 ], [ 35.225044479553382, 31.740068598563024 ], [ 35.225102410015175, 31.740309692397268 ], [ 35.225160341105941, 31.740556986389873 ], [ 35.225211015549803, 31.74079188024302 ], [ 35.225240078037146, 31.74097731764688 ], [ 35.22527623405886, 31.741175154262933 ], [ 35.225326904947948, 31.741391448369995 ], [ 35.225384833129468, 31.741620211983896 ], [ 35.225442920267582, 31.74181797457323 ], [ 35.225508082939172, 31.741947815214967 ], [ 35.225602119398495, 31.74215177195088 ], [ 35.225707360307631, 31.74232197785042 ], [ 35.225823145191875, 31.742445609649533 ], [ 35.225924418581975, 31.742569244696117 ], [ 35.225996837818926, 31.742699013501763 ], [ 35.226112632600405, 31.742865905682841 ], [ 35.22620681856727, 31.742995741896245 ], [ 35.226308095564931, 31.743125505571932 ], [ 35.226431138086838, 31.743255335745332 ], [ 35.226590470975651, 31.743434549977039 ], [ 35.226749640296788, 31.743620034567972 ], [ 35.226908965882785, 31.743768317782092 ], [ 35.227075397463928, 31.743972330900384 ], [ 35.227227482338989, 31.744176276022735 ], [ 35.227357793244963, 31.744343164430052 ], [ 35.22741045501472, 31.744586089649413 ], [ 35.229109735087057, 31.744589788139557 ], [ 35.229574748645653, 31.74458969707845 ], [ 35.229895309714827, 31.744584278156172 ], [ 35.230109019540173, 31.744589590360285 ], [ 35.230410618493039, 31.744589529128159 ], [ 35.230693587234292, 31.744600250792377 ], [ 35.231070542988512, 31.744594746915954 ], [ 35.231340807128895, 31.744578626362056 ], [ 35.232566335293356, 31.744589070679655 ], [ 35.233615918531825, 31.744604968290233 ], [ 35.23420048259824, 31.744599478614955 ], [ 35.235205040316281, 31.744588530222671 ], [ 35.235431304233472, 31.744658298009004 ], [ 35.235569698289922, 31.744792484123192 ], [ 35.235701666079258, 31.744937381081598 ], [ 35.235808565971674, 31.745071574665342 ], [ 35.235934272528986, 31.74522725268158 ], [ 35.236223608657291, 31.745527820002316 ], [ 35.236493991266151, 31.745849809359378 ], [ 35.23689004308865, 31.746209390229577 ], [ 35.237293526351415, 31.746588766142946 ], [ 35.237595175817077, 31.746712127993717 ], [ 35.237903309766672, 31.746980487938622 ], [ 35.238230258635397, 31.747286394071683 ], [ 35.238620044562992, 31.747613772558079 ], [ 35.238846380024178, 31.747849953547096 ], [ 35.239072716634205, 31.748086133222678 ], [ 35.239261261196638, 31.748241720415596 ], [ 35.239393394195858, 31.748359839441203 ], [ 35.239487607919507, 31.748499388504147 ], [ 35.239588249429367, 31.748628155963001 ], [ 35.239707685911746, 31.748746278161846 ], [ 35.239873622782262, 31.748856848781443 ], [ 35.24001202231814, 31.748969540809558 ], [ 35.240338984054837, 31.749275442328848 ], [ 35.240565307046495, 31.749457931561587 ], [ 35.240684741629536, 31.749565273976536 ], [ 35.240816711548149, 31.749677966948543 ], [ 35.240942426371035, 31.749817504993779 ], [ 35.241055607514141, 31.749957047420988 ], [ 35.241219088898724, 31.750101929468801 ], [ 35.24133868758053, 31.750203916056314 ], [ 35.241527238086555, 31.750354145585881 ], [ 35.24169071016842, 31.75047225304921 ], [ 35.241835399777905, 31.750633274701059 ], [ 35.242042774994289, 31.750842539904049 ], [ 35.242319445018801, 31.751127032282898 ], [ 35.242526995881157, 31.751357786688217 ], [ 35.242740792807624, 31.751534920587336 ], [ 35.242912369999466, 31.751704035065028 ], [ 35.243006763705772, 31.751859645052711 ], [ 35.243082208283219, 31.75205288478179 ], [ 35.243126315967949, 31.752235424585798 ], [ 35.243107753387974, 31.752804508624873 ], [ 35.24310783159801, 31.752992416037102 ], [ 35.243095463471704, 31.753389654359548 ], [ 35.243070306747725, 31.753572215167534 ], [ 35.243051571758777, 31.753727929714422 ], [ 35.243045402619238, 31.75396410210206 ], [ 35.243032985073953, 31.754243325016485 ], [ 35.243026703121672, 31.754601951648329 ], [ 35.243039401833215, 31.754999252604716 ], [ 35.243020491844995, 31.755133407676336 ], [ 35.24298294643728, 31.755267638732562 ], [ 35.243001851249993, 31.755520007800055 ], [ 35.243033424398931, 31.755697126741484 ], [ 35.243039955045262, 31.756330599928056 ], [ 35.243071648644751, 31.757194951003516 ], [ 35.243059259758027, 31.757543925987321 ], [ 35.242939892288504, 31.757629849268827 ], [ 35.242669651947139, 31.75779099376361 ], [ 35.24253776513472, 31.757914473205602 ], [ 35.242556847814548, 31.758599305147527 ], [ 35.242424946567809, 31.758690656277849 ], [ 35.242211227674957, 31.758744408468718 ], [ 35.241966185533641, 31.758830367169207 ], [ 35.241758742318083, 31.758905604979773 ], [ 35.241532494745975, 31.758975423345635 ], [ 35.241211933693002, 31.759104381754337 ], [ 35.241054782421408, 31.759158114737982 ], [ 35.240797203866286, 31.759244074792921 ], [ 35.240495426114535, 31.759330047762365 ], [ 35.240277755469307, 31.759407188043156 ], [ 35.240013921223401, 31.759525347700013 ], [ 35.239856767491638, 31.75957907920364 ], [ 35.23957394022824, 31.759627491038202 ], [ 35.239328706475781, 31.759654402809556 ], [ 35.239152745151962, 31.759692003716161 ], [ 35.238763054470176, 31.759767287143408 ], [ 35.238524266249591, 31.759831748395232 ], [ 35.238209950140671, 31.759917718401987 ], [ 35.237945925875145, 31.759976901364091 ], [ 35.237776241591128, 31.76004669813836 ], [ 35.237480890812705, 31.760132661372367 ], [ 35.23722313969683, 31.76021325999028 ], [ 35.237053449851523, 31.760266991261684 ], [ 35.236638695561012, 31.760369117983252 ], [ 35.236431241672065, 31.76043892251818 ], [ 35.235978734399374, 31.760589389981153 ], [ 35.235746050661113, 31.760669979387551 ], [ 35.235472129825808, 31.760740573384446 ], [ 35.235201850764419, 31.760848014334293 ], [ 35.235025890825007, 31.76090174531889 ], [ 35.234862466920909, 31.760960826404848 ], [ 35.234705303578359, 31.760998417566626 ], [ 35.234554417295762, 31.76106827590921 ], [ 35.234397426972642, 31.761132710020156 ], [ 35.234252808027449, 31.761202566527739 ], [ 35.233982525157501, 31.761310004884873 ], [ 35.233683867256701, 31.761396031315908 ], [ 35.233513678906498, 31.761452153274856 ], [ 35.233242066487264, 31.761528660740169 ], [ 35.232982322743851, 31.76158994635497 ], [ 35.23275258917517, 31.761628184466645 ], [ 35.232582392895154, 31.76166140737805 ], [ 35.232322649085916, 31.761725157286701 ], [ 35.232164493532252, 31.761763449867605 ], [ 35.231943671659373, 31.761824724870785 ], [ 35.231710806913526, 31.761875714746946 ], [ 35.231480918615929, 31.761952279841605 ], [ 35.231266031078889, 31.762005872308613 ], [ 35.231072083727774, 31.762039027865807 ], [ 35.230863130305998, 31.762082402328289 ], [ 35.230612946587534, 31.762131984212964 ], [ 35.23038602210125, 31.762198330638046 ], [ 35.230206921775206, 31.762244233911016 ], [ 35.230048767284863, 31.76229273994354 ], [ 35.229714479285107, 31.762384541438159 ], [ 35.229511470899467, 31.762461097627057 ], [ 35.229326442407988, 31.762545258824886 ], [ 35.229099544452765, 31.762718696835918 ], [ 35.229033951548764, 31.762907321036362 ], [ 35.228986163248315, 31.763062827882468 ], [ 35.228950424625559, 31.763256590375274 ], [ 35.228916491172761, 31.763419492334023 ], [ 35.228909774901332, 31.763592675466128 ], [ 35.228916576421405, 31.763742675917914 ], [ 35.228930137962784, 31.763881190993846 ], [ 35.228957066928132, 31.764054297285856 ], [ 35.228990930887853, 31.764250511955943 ], [ 35.229004494618039, 31.7644005823269 ], [ 35.2289842609595, 31.764602584636343 ], [ 35.228984308278676, 31.764781473296289 ], [ 35.229011404863023, 31.764960357627501 ], [ 35.229092632400786, 31.765260486042564 ], [ 35.229126483253602, 31.76540470398972 ], [ 35.229173871206527, 31.765600915942215 ], [ 35.229241397017816, 31.765849051150585 ], [ 35.229329366537193, 31.766068364828445 ], [ 35.229403790431746, 31.766206866970233 ], [ 35.229478083079862, 31.76647233231342 ], [ 35.229532240220571, 31.76668580493666 ], [ 35.229647273586295, 31.76695126211273 ], [ 35.229708011664542, 31.767101322079796 ], [ 35.229856843487482, 31.767309068830183 ], [ 35.230066359733982, 31.76747058374966 ], [ 35.23019471162268, 31.767574410393596 ], [ 35.230329992355159, 31.767684083944424 ], [ 35.230541661082746, 31.767866240808878 ], [ 35.23066325072174, 31.767970068362139 ], [ 35.230771480751294, 31.768073898565298 ], [ 35.230933646766822, 31.768177788691808 ], [ 35.231122852351298, 31.768247007917658 ], [ 35.231285172037573, 31.768310454436932 ], [ 35.231440558244174, 31.768350793410686 ], [ 35.231616234874174, 31.768402682264355 ], [ 35.231828360983918, 31.768443008623422 ], [ 35.232051205075216, 31.768476497238083 ], [ 35.232261028770182, 31.768539933087897 ], [ 35.232427132388707, 31.768566035634024 ], [ 35.232567031704036, 31.76866302316439 ], [ 35.232650033646102, 31.768782428548086 ], [ 35.232693791696299, 31.768942918815714 ], [ 35.232715662911218, 31.769267577192501 ], [ 35.232680771287818, 31.769517705495012 ], [ 35.232632813541734, 31.769652076205627 ], [ 35.232497457774805, 31.76985734560013 ], [ 35.232361928886554, 31.770036546231836 ], [ 35.232230852147367, 31.770215675397701 ], [ 35.23209101756801, 31.770342597784762 ], [ 35.231981860612045, 31.770465778845594 ], [ 35.231876999077613, 31.770611365151208 ], [ 35.231772147114178, 31.770790557609061 ], [ 35.231706714718364, 31.770962274275103 ], [ 35.2316104497406, 31.771177468988093 ], [ 35.231527359670899, 31.771323049433381 ], [ 35.231426950266325, 31.771468633498898 ], [ 35.231326535136851, 31.771595546648719 ], [ 35.23063711091045, 31.772947678738145 ], [ 35.230779938244787, 31.772970759821693 ] ] ] } },
{ "type": "Feature", "properties": { "OBJECTID": 12, "ID": 7.0, "LENGTH": 0.008, "AREA": 1851.981, "PERIMETER": 44.0, "ALLMAP1_": 43.0, "ALLMAP1_ID": 0.0, "NAME": null, "NAME_CITY": "0.008", "Shape_Leng": 0.00818596387 }, "geometry": { "type": "MultiLineString", "coordinates": [ [ [ 34.492341595542364, 31.597145247445351 ], [ 34.492341631910733, 31.597145314383837 ] ] ] } },
{ "type": "Feature", "properties": { "OBJECTID": 13, "ID": 7.0, "LENGTH": 71468.398, "AREA": 1851.981, "PERIMETER": 44.0, "ALLMAP1_": 43.0, "ALLMAP1_ID": 0.0, "NAME": null, "NAME_CITY": "71468.398", "Shape_Leng": 71468.398516999994 }, "geometry": { "type": "MultiLineString", "coordinates": [ [ [ 34.492341631910733, 31.597145314383837 ], [ 34.492798261321283, 31.596839331782736 ], [ 34.493969760621162, 31.595974453196096 ], [ 34.495581287676593, 31.594697020485626 ], [ 34.497802134822514, 31.593070235336093 ], [ 34.49909557237271, 31.592122915429247 ], [ 34.49977986920323, 31.591483497669628 ], [ 34.502667435838163, 31.589451233737346 ], [ 34.505924627080965, 31.587007557470695 ], [ 34.507584004164052, 31.585771728287714 ], [ 34.509877956859356, 31.584041344004426 ], [ 34.512072492602826, 31.582621653794785 ], [ 34.512814836758494, 31.581968669347855 ], [ 34.514644815293273, 31.580609173692316 ], [ 34.516328547733409, 31.579331789715496 ], [ 34.51715890767732, 31.578610065698761 ], [ 34.518061548834766, 31.577951007146218 ], [ 34.51937869783837, 31.577024387985837 ], [ 34.520287873742397, 31.576334065258688 ], [ 34.521873520612537, 31.575180578241902 ], [ 34.523630187849633, 31.573862056823383 ], [ 34.524810520976921, 31.573027652768875 ], [ 34.525688929230448, 31.572347626132149 ], [ 34.527493958235247, 31.571029306867466 ], [ 34.529298870033749, 31.569731745524773 ], [ 34.530993535195435, 31.568504033667839 ], [ 34.533066692663525, 31.567000266113208 ], [ 34.534920805149028, 31.56557838486485 ], [ 34.536920570577678, 31.564136451729965 ], [ 34.538320907859216, 31.563133691002836 ], [ 34.540881839298891, 31.561238199131775 ], [ 34.543053005053437, 31.559548063983272 ], [ 34.544232491909902, 31.558690150449412 ], [ 34.546841790936242, 31.556774001603209 ], [ 34.548817141244591, 31.555311037116276 ], [ 34.550670061875373, 31.553992556616286 ], [ 34.551460978943972, 31.553323243740518 ], [ 34.552851193589802, 31.552251430707525 ], [ 34.555565842328292, 31.550302098641602 ], [ 34.558028282552982, 31.548509395822471 ], [ 34.559856384474848, 31.547232222862288 ], [ 34.560619572293938, 31.546641269975797 ], [ 34.564130134923253, 31.544086092090172 ], [ 34.567372230639869, 31.541736902576087 ], [ 34.569474029989173, 31.540239787492037 ], [ 34.569137757821011, 31.539760912088713 ], [ 34.568417087860908, 31.53871992208882 ], [ 34.567744205168879, 31.537803592269 ], [ 34.56697151275948, 31.536626352390908 ], [ 34.566202720266382, 31.535543610445433 ], [ 34.565770687058823, 31.534877467042403 ], [ 34.565026047698701, 31.533815553151602 ], [ 34.564425665397053, 31.532941138011697 ], [ 34.56355744474515, 31.531683077827083 ], [ 34.562885428121497, 31.530642229790534 ], [ 34.562280573959164, 31.529693802381335 ], [ 34.561536298311694, 31.528590440619244 ], [ 34.560479185872474, 31.527132721442985 ], [ 34.559469922866505, 31.525778947542705 ], [ 34.55874581602049, 31.524790023054443 ], [ 34.557760211053527, 31.523519424472681 ], [ 34.556510049867867, 31.521936198582633 ], [ 34.555519344116476, 31.520424593085774 ], [ 34.554703952080416, 31.519113264116697 ], [ 34.553356774317606, 31.51704258612309 ], [ 34.552303375734198, 31.515086897541472 ], [ 34.551511964429551, 31.513817168841161 ], [ 34.55141981822571, 31.51366817537383 ], [ 34.551313999165004, 31.513522282058748 ], [ 34.551196536634393, 31.513383163446242 ], [ 34.551068003041379, 31.513251315740536 ], [ 34.550929050926555, 31.513127517834004 ], [ 34.550780335351256, 31.513012335794922 ], [ 34.550622673469356, 31.512906337422223 ], [ 34.550456721284476, 31.512809949906298 ], [ 34.548220266435038, 31.511696408625497 ], [ 34.546601019655363, 31.510920393310691 ], [ 34.545103682061189, 31.510061987527497 ], [ 34.543714556200683, 31.509338273538685 ], [ 34.543552505315091, 31.509250210540287 ], [ 34.543371153445321, 31.509158807279078 ], [ 34.543186226430613, 31.509072880270217 ], [ 34.54299797111377, 31.508992502020362 ], [ 34.542806468088585, 31.508917883964838 ], [ 34.54261212939246, 31.508848958777392 ], [ 34.542415034567597, 31.508785936987973 ], [ 34.542215515158155, 31.508728820299449 ], [ 34.541465437678646, 31.508527234419489 ], [ 34.540714944517909, 31.508326838764578 ], [ 34.539045030696691, 31.507882459711524 ], [ 34.538822487737534, 31.507837055743593 ], [ 34.538627582929479, 31.507790666975154 ], [ 34.53843469292093, 31.507738511137109 ], [ 34.538243983003127, 31.507680589099113 ], [ 34.537854827885198, 31.507553783364834 ], [ 34.537658045052062, 31.507494067509182 ], [ 34.537460007811781, 31.507437303788777 ], [ 34.537260881406972, 31.50738349305923 ], [ 34.53706066476191, 31.507332636211629 ], [ 34.536893450859708, 31.507289912755084 ], [ 34.53661234947338, 31.507210802125957 ], [ 34.536334761787785, 31.507123324715199 ], [ 34.536060768961811, 31.50702762256045 ], [ 34.535790947385266, 31.506923768139135 ], [ 34.53505303608582, 31.506611590054611 ], [ 34.534450786264905, 31.506350353874563 ], [ 34.532775768454968, 31.505616852262023 ], [ 34.531590579902002, 31.505169141420744 ], [ 34.529126035351119, 31.504188290779993 ], [ 34.527092077840607, 31.503373062785393 ], [ 34.526870510039558, 31.503274447620846 ], [ 34.526598627841068, 31.503162671832609 ], [ 34.526322411326021, 31.503059116324657 ], [ 34.526042105718638, 31.502963923057447 ], [ 34.525748380709985, 31.5028709829881 ], [ 34.525550859826033, 31.502802085510069 ], [ 34.525356341277863, 31.502727355156289 ], [ 34.525164990881557, 31.502646864066836 ], [ 34.524976970247195, 31.502560683458373 ], [ 34.524792691488472, 31.502468885878422 ], [ 34.524612152047318, 31.502371682362675 ], [ 34.523864175928246, 31.501937847866486 ], [ 34.522027068942897, 31.501103576275064 ], [ 34.521547052912091, 31.500779097549771 ], [ 34.521068367161838, 31.500453215449003 ], [ 34.520937570168869, 31.500358174377137 ], [ 34.520795671322006, 31.500240669189679 ], [ 34.520663782284466, 31.500114973505028 ], [ 34.520542392570952, 31.499981654528035 ], [ 34.520408901655493, 31.499816423699286 ], [ 34.520260675343508, 31.499641954763312 ], [ 34.520105429114068, 31.499471957376329 ], [ 34.519943321968405, 31.499306713741205 ], [ 34.519774684427439, 31.49914636719096 ], [ 34.519599512876759, 31.498991270304693 ], [ 34.519418218856238, 31.498841424356684 ], [ 34.519230882402617, 31.498697112029149 ], [ 34.519037747724866, 31.49855847439051 ], [ 34.518839144792601, 31.498425726921077 ], [ 34.516148840265977, 31.496752233687477 ], [ 34.515305317094104, 31.49638561611302 ], [ 34.514356776541867, 31.495909781780476 ], [ 34.513238845059611, 31.495469240572689 ], [ 34.512436358037732, 31.495283829994349 ], [ 34.510874909456838, 31.494732294942423 ], [ 34.509580046443872, 31.494304432492942 ], [ 34.508482885368011, 31.493918214489405 ], [ 34.507427727295706, 31.493568501829348 ], [ 34.50656206221533, 31.493346565297468 ], [ 34.506034691187253, 31.493144507103722 ], [ 34.504832279394471, 31.492685324601233 ], [ 34.503756558556923, 31.49226303914585 ], [ 34.503198302018411, 31.491970332940728 ], [ 34.502456333176795, 31.491527248877286 ], [ 34.501997207902157, 31.491239590325574 ], [ 34.501873509065064, 31.491156264975583 ], [ 34.501755850279935, 31.491068041344963 ], [ 34.501643737978625, 31.490974633559258 ], [ 34.501067161400485, 31.490451070969861 ], [ 34.499335216026743, 31.48882983654801 ], [ 34.498666302838352, 31.488233325149313 ], [ 34.498551569567617, 31.488117706580663 ], [ 34.498436555476253, 31.488017516123922 ], [ 34.498313676901738, 31.487924469032002 ], [ 34.498183506312657, 31.487838991408786 ], [ 34.497817403069959, 31.487627995149868 ], [ 34.497563568023466, 31.487488638568006 ], [ 34.497306827933635, 31.487353070347627 ], [ 34.497153657997387, 31.487275919488532 ], [ 34.496933838531213, 31.487172682937366 ], [ 34.496710023837167, 31.487076117459434 ], [ 34.496482294912973, 31.486986223481754 ], [ 34.49584181375721, 31.48674495745616 ], [ 34.494479733375449, 31.486226948960269 ], [ 34.493386382589968, 31.485792713718713 ], [ 34.492274594613086, 31.485243168766218 ], [ 34.490989758837237, 31.484692578717887 ], [ 34.490817553260783, 31.4845898090148 ], [ 34.490639150350745, 31.484491089910431 ], [ 34.490456925032547, 31.484397846020123 ], [ 34.4902709599166, 31.484310005640385 ], [ 34.490061851883276, 31.484216539977393 ], [ 34.489870187465662, 31.484121269337663 ], [ 34.489684672297138, 31.48401757789717 ], [ 34.489505713623075, 31.483905749334099 ], [ 34.489333805500522, 31.483785998370269 ], [ 34.489152295586159, 31.483653018397828 ], [ 34.488970290479593, 31.483520458370524 ], [ 34.488369737960149, 31.483094358336221 ], [ 34.487898618785067, 31.482773467487412 ], [ 34.487766874364205, 31.482680995637281 ], [ 34.487625313219873, 31.482571205467867 ], [ 34.487490624467561, 31.482455183964728 ], [ 34.487363297914492, 31.482333284712521 ], [ 34.487243495025915, 31.482205861260855 ], [ 34.487131707686871, 31.482073269009927 ], [ 34.486524739763716, 31.48128370665049 ], [ 34.485643579817804, 31.480249243348766 ], [ 34.484613849472261, 31.479057877145337 ], [ 34.483735936900445, 31.47813072571746 ], [ 34.482874405154334, 31.477096002181174 ], [ 34.481958814638595, 31.476069844757269 ], [ 34.481348317354957, 31.475407766013163 ], [ 34.481256182252068, 31.475297966589039 ], [ 34.481154911005213, 31.475189736116747 ], [ 34.481047273471567, 31.475086189885175 ], [ 34.480933351145595, 31.474987541175885 ], [ 34.480813633239158, 31.474894212999523 ], [ 34.480676831860748, 31.474788176665797 ], [ 34.480530886021292, 31.474663206435629 ], [ 34.480392800578855, 31.47453186923077 ], [ 34.480262900067466, 31.474394517731618 ], [ 34.479763898029915, 31.473817891910272 ], [ 34.479072876926878, 31.473111945044561 ], [ 34.478100631846424, 31.471970171826964 ], [ 34.477509297347133, 31.471324599058036 ], [ 34.476917078414814, 31.470794287744646 ], [ 34.475989721769189, 31.469955578071147 ], [ 34.474633106330742, 31.46877868842121 ], [ 34.473658145452696, 31.467999156941943 ], [ 34.472760184640585, 31.467203570425298 ], [ 34.472462976610636, 31.46694554870805 ], [ 34.472226783244992, 31.466748468765267 ], [ 34.471986616350463, 31.466554958638859 ], [ 34.471742478022385, 31.466365019220643 ], [ 34.471128959331011, 31.465886274330511 ], [ 34.470614592436505, 31.465469321401788 ], [ 34.47035735028561, 31.465252742051639 ], [ 34.470141158881354, 31.465063733586952 ], [ 34.469928856992475, 31.46487150761855 ], [ 34.469720525603336, 31.46467620261328 ], [ 34.469516165244166, 31.464477750052612 ], [ 34.469315938938948, 31.46427629157975 ], [ 34.46836184926677, 31.463299207299769 ], [ 34.4673320052975, 31.462173508494978 ], [ 34.466637239609568, 31.46143323101461 ], [ 34.465415412951195, 31.46025702087432 ], [ 34.464328068423271, 31.4591144795017 ], [ 34.463791534293541, 31.458525244792579 ], [ 34.462589403226957, 31.457299730957708 ], [ 34.461501606951693, 31.456223040677092 ], [ 34.46061555837791, 31.455351275547848 ], [ 34.459680228779469, 31.454456600259835 ], [ 34.458400884389619, 31.453279989222668 ], [ 34.456872563040157, 31.451986644303378 ], [ 34.455798808733483, 31.451082467065707 ], [ 34.455472369915526, 31.45080211205461 ], [ 34.455149409648797, 31.450518747245511 ], [ 34.455040474091106, 31.450420174288567 ], [ 34.454857276576469, 31.450244932263555 ], [ 34.454681272445058, 31.450064377786795 ], [ 34.454493937891115, 31.449861913883566 ], [ 34.454309939901492, 31.44967398455324 ], [ 34.454161083379013, 31.449531705107887 ], [ 34.453983104030989, 31.449372415502175 ], [ 34.453798836695398, 31.449218514346221 ], [ 34.453608360688435, 31.449070213111536 ], [ 34.453412004629548, 31.44892772473073 ], [ 34.452048528037629, 31.447972849560212 ], [ 34.45063304205344, 31.447009411053191 ], [ 34.449369790256661, 31.446260973004211 ], [ 34.448432674526742, 31.445613229301621 ], [ 34.447661248152144, 31.445057910884355 ], [ 34.446513872983601, 31.444244251815281 ], [ 34.445825851639661, 31.443713230159315 ], [ 34.444852584397786, 31.442785319700711 ], [ 34.444045709641699, 31.442015086371619 ], [ 34.443148462576929, 31.441202882653023 ], [ 34.442289071898891, 31.440456774591976 ], [ 34.441353797692642, 31.439594871017178 ], [ 34.440953199807382, 31.439197290164753 ], [ 34.440089863481909, 31.438374698470437 ], [ 34.439364267590534, 31.437744636591201 ], [ 34.438295521218159, 31.4367502298654 ], [ 34.437283543040188, 31.435871350489524 ], [ 34.436550286139443, 31.435248202771223 ], [ 34.436363056324069, 31.435031059004842 ], [ 34.43625612433668, 31.434913106829843 ], [ 34.436146877554812, 31.434796831659444 ], [ 34.436035234995401, 31.43468223300215 ], [ 34.435921277647481, 31.434569311337594 ], [ 34.435741395231382, 31.434398852731661 ], [ 34.435621324986847, 31.434289980422378 ], [ 34.435499020844318, 31.434182927159579 ], [ 34.435374566960242, 31.434077691638318 ], [ 34.435247960642208, 31.433974345984495 ], [ 34.435119284978896, 31.433872890690683 ], [ 34.434679894659048, 31.433532549649016 ], [ 34.43424034170755, 31.433192418974325 ], [ 34.434025041268484, 31.433022872400265 ], [ 34.433817136534358, 31.432853229257354 ], [ 34.433612709160975, 31.432680577376999 ], [ 34.433411840707919, 31.432504846921898 ], [ 34.432648285253372, 31.431825058644968 ], [ 34.431864568418341, 31.431260483099916 ], [ 34.430697948268168, 31.430495958525682 ], [ 34.429321262630985, 31.429549006903116 ], [ 34.428270178111127, 31.428768672476235 ], [ 34.427708425411183, 31.42832639135564 ], [ 34.42707694703509, 31.427960271048789 ], [ 34.426484876981576, 31.427479119356132 ], [ 34.4263484694659, 31.427331034943187 ], [ 34.426218455464642, 31.427204902420325 ], [ 34.426080832289635, 31.427084782193958 ], [ 34.425936173344034, 31.42697103124949 ], [ 34.425291777790648, 31.426529364874767 ], [ 34.424868601217312, 31.426253839380163 ], [ 34.42443986916161, 31.425984620513688 ], [ 34.424071644212461, 31.425751420716409 ], [ 34.423823796126989, 31.425587295545014 ], [ 34.42357934773387, 31.425419527289822 ], [ 34.423269590867726, 31.425200771993705 ], [ 34.422962487364728, 31.424979285094164 ], [ 34.421901597560392, 31.424224625808925 ], [ 34.421108281597625, 31.423683529781311 ], [ 34.420975610225767, 31.42359182921286 ], [ 34.420830009108442, 31.423484125444997 ], [ 34.420688878816634, 31.423372151528572 ], [ 34.42055238539286, 31.423256049182729 ], [ 34.420420691262976, 31.42313588885834 ], [ 34.420245284399257, 31.422976638895477 ], [ 34.42008381610038, 31.422840513623115 ], [ 34.41991688664659, 31.422709216605014 ], [ 34.419744737085345, 31.422583101018358 ], [ 34.418690762578287, 31.421862701088155 ], [ 34.417371256311455, 31.421014754579577 ], [ 34.41633904113344, 31.420300316735634 ], [ 34.415250601627037, 31.419404378416775 ], [ 34.414123541525449, 31.418541167234199 ], [ 34.413994175389526, 31.418438981428267 ], [ 34.413879996652526, 31.41833836911097 ], [ 34.413772104391576, 31.41823279289903 ], [ 34.413536045018013, 31.417980296836589 ], [ 34.413356145381755, 31.417800789382607 ], [ 34.413107345603507, 31.417568717514264 ], [ 34.412967894342302, 31.417444908733827 ], [ 34.412825879266528, 31.417323267353009 ], [ 34.412681463484418, 31.417203655485775 ], [ 34.412534565319525, 31.417086281849176 ], [ 34.412385348807476, 31.416971148350346 ], [ 34.412233813478487, 31.416858185535766 ], [ 34.412080040645492, 31.416747603129682 ], [ 34.411924030421133, 31.416639262239581 ], [ 34.411532163546667, 31.416362901010988 ], [ 34.411329269307814, 31.416212346754811 ], [ 34.411129524923957, 31.416058711107745 ], [ 34.410933009117173, 31.415902137064403 ], [ 34.410739639291137, 31.415742692668704 ], [ 34.410600688206721, 31.415618743746592 ], [ 34.410489726967008, 31.415507649902217 ], [ 34.410385625161183, 31.415391736571088 ], [ 34.410265034603093, 31.415243734092897 ], [ 34.410137194427229, 31.415098011552015 ], [ 34.410000678845677, 31.414958294660941 ], [ 34.409855731109786, 31.414824795032036 ], [ 34.408574444909775, 31.413742655767674 ], [ 34.40761912937726, 31.413045112619958 ], [ 34.406377213076851, 31.412131658771216 ], [ 34.404695795253438, 31.410919108438875 ], [ 34.402986726139638, 31.409562701916414 ], [ 34.401037329728489, 31.408216673146754 ], [ 34.398915356072621, 31.406836557222825 ], [ 34.398131628105702, 31.406321168242417 ], [ 34.398019409531088, 31.406206391579115 ], [ 34.397892292161679, 31.406104697147271 ], [ 34.397751664924286, 31.406017079367764 ], [ 34.397362976714874, 31.405811294078909 ], [ 34.396996551898738, 31.405615018095183 ], [ 34.396836902772058, 31.40553291609022 ], [ 34.39669855004319, 31.405467717115766 ], [ 34.396557614734263, 31.405406728700417 ], [ 34.396414342256037, 31.405350023628749 ], [ 34.396268815656484, 31.405297602416454 ], [ 34.3961075757679, 31.405238317169548 ], [ 34.395940350344873, 31.405168073443335 ], [ 34.395777708242981, 31.405090390172884 ], [ 34.395619974664584, 31.405005481362682 ], [ 34.395467639748723, 31.404913700042361 ], [ 34.395321113992068, 31.404815121872023 ], [ 34.394521038200885, 31.40424662404175 ], [ 34.39413553507277, 31.403987300802232 ], [ 34.393744809371242, 31.403733720656209 ], [ 34.393536588459384, 31.403597689600339 ], [ 34.393385504438008, 31.403494711836373 ], [ 34.393236493538048, 31.403389492383187 ], [ 34.393089637772547, 31.403282031766992 ], [ 34.392945018548644, 31.403172400854878 ], [ 34.392802636911789, 31.40306060056281 ], [ 34.39138993747784, 31.401931942827417 ], [ 34.390435153176689, 31.401201302798636 ], [ 34.389538816602062, 31.400372245554962 ], [ 34.388944095917559, 31.399850392361902 ], [ 34.388182693120392, 31.398989280736217 ], [ 34.387593856334298, 31.398178583750646 ], [ 34.387082763918208, 31.397269669238465 ], [ 34.386975543568525, 31.397092772722424 ], [ 34.386893071906101, 31.396969791548198 ], [ 34.386805651916461, 31.396849316578923 ], [ 34.386686270859663, 31.396691858360999 ], [ 34.386585775586056, 31.396544666340148 ], [ 34.386494517614523, 31.396393164594684 ], [ 34.386234631119471, 31.395919372185546 ], [ 34.386037494991257, 31.395540886242298 ], [ 34.385861666602537, 31.395206008027714 ], [ 34.385725075208981, 31.394959240400446 ], [ 34.38558337513232, 31.394714623386353 ], [ 34.385400278128074, 31.39439421252964 ], [ 34.385291068517184, 31.394191655001588 ], [ 34.385186061820242, 31.393987503603412 ], [ 34.385086278863554, 31.393796772600169 ], [ 34.384960717521267, 31.393576213932032 ], [ 34.384826335333393, 31.393359474019043 ], [ 34.384580026916353, 31.39297905086072 ], [ 34.38433322557416, 31.392598835109546 ], [ 34.384028390119198, 31.392129753274865 ], [ 34.38355422554703, 31.391402207024367 ], [ 34.383111734009525, 31.390763918971011 ], [ 34.382333247001036, 31.389672127168787 ], [ 34.381801453769057, 31.38894413462873 ], [ 34.380907463947885, 31.38786800963133 ], [ 34.380331701783668, 31.387164458372737 ], [ 34.379474165759078, 31.386319093943065 ], [ 34.378712092842832, 31.385556702989824 ], [ 34.378027045275736, 31.384778317149337 ], [ 34.377788871548262, 31.384524967561489 ], [ 34.377668827879717, 31.384390325324958 ], [ 34.377551593001542, 31.384253938865804 ], [ 34.377437083231676, 31.384115879800259 ], [ 34.377171311605068, 31.383797600743616 ], [ 34.376976325848148, 31.383574191097996 ], [ 34.376877547880142, 31.383459342128369 ], [ 34.37677217875089, 31.383327963765339 ], [ 34.376672176644867, 31.383193449942841 ], [ 34.376484557729718, 31.382935703943755 ], [ 34.376292318084936, 31.382680534190111 ], [ 34.376187708572736, 31.382547117556744 ], [ 34.376098247972116, 31.382437612122278 ], [ 34.376006638607819, 31.382329573589214 ], [ 34.375912800793962, 31.382222858945433 ], [ 34.375816814856712, 31.382117539049695 ], [ 34.375417025616422, 31.381686856417517 ], [ 34.374465174999258, 31.380659703744445 ], [ 34.37392972041556, 31.379921790605064 ], [ 34.373229159830515, 31.378731667503015 ], [ 34.37256696716814, 31.377541718156586 ], [ 34.371866442562684, 31.376351517449823 ], [ 34.371410938199979, 31.37570634081607 ], [ 34.371047537373748, 31.375000886793771 ], [ 34.370574865591202, 31.374124988888358 ], [ 34.370043976112001, 31.373314659508491 ], [ 34.369246905301772, 31.37193365141221 ], [ 34.368772662572695, 31.371238953356787 ], [ 34.368145442228183, 31.370460891774464 ], [ 34.367766263789399, 31.369882077531095 ], [ 34.367680056977093, 31.369722845702583 ], [ 34.367575940289278, 31.369546022648588 ], [ 34.3674646508357, 31.369372465221197 ], [ 34.367334718294472, 31.369180818397982 ], [ 34.367236897971488, 31.369025667130906 ], [ 34.36714550679109, 31.368867739457748 ], [ 34.367060545583158, 31.368707176086453 ], [ 34.366982174921731, 31.368544119668726 ], [ 34.366910476372063, 31.368378851225387 ], [ 34.366629799580863, 31.367657719214133 ], [ 34.366443278527896, 31.367014282246572 ], [ 34.366162238265055, 31.366205497329254 ], [ 34.366106301931083, 31.366003905500627 ], [ 34.366063429362278, 31.365819942796026 ], [ 34.366028122649432, 31.36563476151203 ], [ 34.366000378824928, 31.365448572668861 ], [ 34.365980113165186, 31.365261798686983 ], [ 34.36596757050286, 31.365074441169629 ], [ 34.365962584769498, 31.364886850756385 ], [ 34.365963407266158, 31.364313121367768 ], [ 34.365972687159903, 31.363739517547703 ], [ 34.365986800229855, 31.363370554511377 ], [ 34.366003045424662, 31.363112926759829 ], [ 34.366024544420149, 31.362855546166973 ], [ 34.366051211873419, 31.362598550155798 ], [ 34.366083130119009, 31.362342012310961 ], [ 34.366120216533261, 31.362086000629208 ], [ 34.366162552407893, 31.361830587785263 ], [ 34.366204563981206, 31.361583979412327 ], [ 34.366243785498121, 31.361337070505268 ], [ 34.366276530428998, 31.361107593612253 ], [ 34.366304245228363, 31.360880478266967 ], [ 34.366327365207304, 31.360652981167402 ], [ 34.366345807802716, 31.360425172121737 ], [ 34.36635957243216, 31.36019712057141 ], [ 34.36636874046885, 31.359968898296383 ], [ 34.366373228299842, 31.359740575096584 ], [ 34.366379087694717, 31.359135595461996 ], [ 34.366291501025302, 31.358179901386173 ], [ 34.366340148007929, 31.357027534726555 ], [ 34.366443275177069, 31.356360623883081 ], [ 34.366554956016323, 31.35459935185764 ], [ 34.366625766164546, 31.353122742192134 ], [ 34.366797841667982, 31.351048961413316 ], [ 34.366951281598553, 31.348909180092338 ], [ 34.367075351542951, 31.348026592724452 ], [ 34.367216529087358, 31.347269953755074 ], [ 34.367358724316688, 31.346398123298179 ], [ 34.367444309617831, 31.345410654219489 ], [ 34.367566560700531, 31.344621058017132 ], [ 34.367707671218469, 31.343870899228392 ], [ 34.367949478078664, 31.342604448819834 ], [ 34.368095445944675, 31.341304469752927 ], [ 34.368140043129436, 31.340596660921413 ], [ 34.368184804478595, 31.339888853060081 ], [ 34.368230253352166, 31.339168085362108 ], [ 34.368378103407629, 31.337654066690661 ], [ 34.368386693445878, 31.336682510451453 ], [ 34.368393390147411, 31.335925062903424 ], [ 34.36845427515955, 31.334943490053679 ], [ 34.368462436853775, 31.334800162034675 ], [ 34.368477812199913, 31.334639406568371 ], [ 34.368499668060927, 31.334479257863833 ], [ 34.368528083016997, 31.334319856217281 ], [ 34.368562974893862, 31.334161341779009 ], [ 34.368604258157823, 31.334003997170289 ], [ 34.368651933031053, 31.333848031617478 ], [ 34.368705914788841, 31.333693517612254 ], [ 34.368853817679742, 31.333295618746551 ], [ 34.36915291461316, 31.332256763597133 ], [ 34.369515931017723, 31.331117567497149 ], [ 34.369960704279499, 31.329800151110451 ], [ 34.370209047972118, 31.328966487671867 ], [ 34.370586465109646, 31.328006203939367 ], [ 34.371011729724572, 31.327073708293614 ], [ 34.37129160887087, 31.326264061483947 ], [ 34.371348550022987, 31.326089343777774 ], [ 34.371404792040401, 31.325891510420583 ], [ 34.371453004541976, 31.325692075534832 ], [ 34.371493101494636, 31.325491389395584 ], [ 34.371538672723673, 31.32522831375066 ], [ 34.371578465212082, 31.325043549747811 ], [ 34.371625797570339, 31.324860102653222 ], [ 34.371680502347708, 31.324678252752584 ], [ 34.371742578869899, 31.324498072180688 ], [ 34.37178499481012, 31.324369549818286 ], [ 34.371825304815872, 31.324209802175876 ], [ 34.371955754940942, 31.323618730577198 ], [ 34.372092107242054, 31.323056233730043 ], [ 34.372132541319559, 31.322882253578229 ], [ 34.372166871780365, 31.322702385270805 ], [ 34.372193906630919, 31.322521483921534 ], [ 34.372213559210159, 31.322339971044716 ], [ 34.372225748484752, 31.322157986809241 ], [ 34.372253121418211, 31.321164002768008 ], [ 34.37236172499145, 31.319761818631214 ], [ 34.372408857342016, 31.318060423654067 ], [ 34.372423246644409, 31.31642377806546 ], [ 34.372513419060475, 31.315296612515258 ], [ 34.372588541331375, 31.314228814387807 ], [ 34.372716998083412, 31.312386676810174 ], [ 34.37277479990896, 31.311318837111504 ], [ 34.372929051557023, 31.310192014024338 ], [ 34.372932671230906, 31.310041468723561 ], [ 34.372944992084307, 31.309900068735047 ], [ 34.372966004746878, 31.309759429374736 ], [ 34.372995460299457, 31.30961990165483 ], [ 34.373033436919243, 31.309481909049129 ], [ 34.373085064618074, 31.309312580283329 ], [ 34.373118376741942, 31.309173077488722 ], [ 34.373143166398904, 31.309032181148151 ], [ 34.373159346756779, 31.308890453467441 ], [ 34.373166915992712, 31.308748106376271 ], [ 34.373145432017552, 31.307475212683624 ], [ 34.373142230361211, 31.306017344014087 ], [ 34.373040139045379, 31.304850108031722 ], [ 34.372954758546101, 31.303611747157607 ], [ 34.372902731902087, 31.302228951984798 ], [ 34.372705227467911, 31.300976124627095 ], [ 34.372683272104815, 31.300775881310898 ], [ 34.372659871688541, 31.300628120737979 ], [ 34.372630473255349, 31.300481165458407 ], [ 34.372595159169073, 31.300335088151051 ], [ 34.372553844438997, 31.300190240889869 ], [ 34.372506775290709, 31.300046694707838 ], [ 34.372453865874647, 31.299904660079132 ], [ 34.372395198982993, 31.299764280027862 ], [ 34.372013818291649, 31.298941323276303 ], [ 34.371525506296614, 31.297934129033919 ], [ 34.371034906081846, 31.297188247754299 ], [ 34.370655305239602, 31.29659435763525 ], [ 34.37013324372338, 31.29577950150513 ], [ 34.369546264021615, 31.295060466523157 ], [ 34.369082208093424, 31.294592213528972 ], [ 34.368303818325543, 31.293761872534866 ], [ 34.367684339616723, 31.293083906747142 ], [ 34.366936836211003, 31.292391363471594 ], [ 34.366327716842605, 31.291870650182286 ], [ 34.3657878937886, 31.291261961314788 ], [ 34.365151353642226, 31.290707666532715 ], [ 34.364483434495391, 31.290084325921104 ], [ 34.363783118728193, 31.289488389491527 ], [ 34.363138176195349, 31.288940512468077 ], [ 34.36247007705407, 31.288330969683706 ], [ 34.361785745741528, 31.287748795916578 ], [ 34.361069059632818, 31.287207694426623 ], [ 34.360511134386776, 31.286832646214933 ], [ 34.359779240346299, 31.286195191589478 ], [ 34.359014420386679, 31.285653763199274 ], [ 34.358409543182816, 31.285154671043312 ], [ 34.358107516991844, 31.28486380362726 ], [ 34.357576490943636, 31.284492794429759 ], [ 34.357162774752787, 31.284132420449751 ], [ 34.356717190503396, 31.283758166219197 ], [ 34.356131030832472, 31.283269616129363 ], [ 34.355752688603545, 31.282917996551337 ], [ 34.355246998574628, 31.282587447738191 ], [ 34.354187117628825, 31.281664128897344 ], [ 34.353656416523911, 31.281278873510193 ], [ 34.353257117595859, 31.281033782285476 ], [ 34.352596320622759, 31.280629200366416 ], [ 34.351794976038548, 31.280126661651334 ], [ 34.351086507846404, 31.279706043404307 ], [ 34.350769446785755, 31.279522154640272 ], [ 34.350453882111779, 31.279336302669819 ], [ 34.350144336989189, 31.279147037617705 ], [ 34.349951923560809, 31.279023725010887 ], [ 34.349722259267196, 31.278873741491928 ], [ 34.349599699973574, 31.278791406594298 ], [ 34.349472167611005, 31.27871467424351 ], [ 34.349340071853199, 31.27864375999135 ], [ 34.349203902829409, 31.278578806875174 ], [ 34.349043315809965, 31.278501502356406 ], [ 34.34891098855352, 31.278428965475559 ], [ 34.348783144909319, 31.278350539379279 ], [ 34.348660356693451, 31.27826651017309 ], [ 34.348542785800404, 31.278177090887993 ], [ 34.348430839830002, 31.278082495289969 ], [ 34.348314069463818, 31.277977156904527 ], [ 34.348195695551034, 31.277876740027004 ], [ 34.348073187486143, 31.277779959765105 ], [ 34.347946954132013, 31.277686889178053 ], [ 34.347816914007979, 31.277597597155303 ], [ 34.347683391107182, 31.277512368129379 ], [ 34.347412274186375, 31.277347801450844 ], [ 34.347257702385122, 31.277249819914562 ], [ 34.34710512066976, 31.277149526465511 ], [ 34.346954692207056, 31.277046992545081 ], [ 34.346806254251888, 31.276942217074481 ], [ 34.346333932791772, 31.276602625721605 ], [ 34.345669987178766, 31.276099557141702 ], [ 34.344948649829519, 31.275521275383838 ], [ 34.344256277285027, 31.274943183524961 ], [ 34.343592661710467, 31.274415164579473 ], [ 34.342957784235445, 31.273912206543546 ], [ 34.342092714847112, 31.273158420003245 ], [ 34.341314853418041, 31.272405213495979 ], [ 34.34047907601002, 31.271626670995431 ], [ 34.33965778581674, 31.270880067267282 ], [ 34.338648790136524, 31.269975636452113 ], [ 34.337495005381008, 31.269020476972877 ], [ 34.336572179687636, 31.268241322108111 ], [ 34.335822068717782, 31.267637852558046 ], [ 34.335159155384346, 31.267034968521479 ], [ 34.334207563013535, 31.266230660332017 ], [ 34.333256132345738, 31.26540147374973 ], [ 34.332449517370868, 31.264623077348563 ], [ 34.331643686117303, 31.263769854439534 ], [ 34.33094544989563, 31.263151913058465 ], [ 34.330712958733791, 31.26297785109465 ], [ 34.330593087159642, 31.26289269733681 ], [ 34.330471558433828, 31.262809435134912 ], [ 34.330348372160501, 31.262727993234247 ], [ 34.330223528337079, 31.262648371630075 ], [ 34.330064858769042, 31.262545691785288 ], [ 34.329891340029768, 31.262425577765747 ], [ 34.329722871573587, 31.262300354550451 ], [ 34.329559618629638, 31.262170093629251 ], [ 34.329011619628062, 31.261717614108488 ], [ 34.32831975739699, 31.261114498054148 ], [ 34.327367739321794, 31.260360020908795 ], [ 34.32635836194536, 31.259530318129741 ], [ 34.325449994292228, 31.258733145882164 ], [ 34.324699798112036, 31.258154554534027 ], [ 34.323777415976032, 31.257350369117354 ], [ 34.322883154443716, 31.2566461397357 ], [ 34.322249663999209, 31.256018449766334 ], [ 34.321356819791859, 31.25516463631438 ], [ 34.32049186133618, 31.254435578596446 ], [ 34.319828672510816, 31.253882499450889 ], [ 34.319328015032099, 31.253394160013606 ], [ 34.319182916011584, 31.253307906651337 ], [ 34.318996967907154, 31.25320467282997 ], [ 34.318807031154506, 31.253107047918554 ], [ 34.318613185640785, 31.25301524348626 ], [ 34.318415759895238, 31.252929262681661 ], [ 34.317678825121675, 31.252634809729802 ], [ 34.316724410458768, 31.252154461064499 ], [ 34.31608803860734, 31.251850900149481 ], [ 34.31516243782243, 31.251395681103364 ], [ 34.314120489731636, 31.250964592596009 ], [ 34.313339051751825, 31.250635070567935 ], [ 34.312470680533025, 31.250279998711154 ], [ 34.311573990029977, 31.24984989755912 ], [ 34.31073466371987, 31.249495015819967 ], [ 34.309881150414597, 31.249105927735091 ], [ 34.308811080765892, 31.248574902530081 ], [ 34.307885076513855, 31.248169513657636 ], [ 34.307046331868037, 31.247764728222016 ], [ 34.306178248433, 31.247384673440504 ], [ 34.305281296427864, 31.24697946899601 ], [ 34.304529033789692, 31.246650098012125 ], [ 34.303892894461875, 31.246321465793987 ], [ 34.302735722833859, 31.245789780412032 ], [ 34.301944488176687, 31.245421157887634 ], [ 34.301337001868781, 31.245142599104341 ], [ 34.30046920357929, 31.244737566230562 ], [ 34.299746717383819, 31.244333550170797 ], [ 34.299082770738679, 31.243880128789076 ], [ 34.298129969016912, 31.243250072706385 ], [ 34.29746627676225, 31.24277163258617 ], [ 34.296774277511297, 31.242218232852927 ], [ 34.296111313675645, 31.241665033674035 ], [ 34.295506494779858, 31.241112243084689 ], [ 34.29504570770581, 31.240685108782575 ], [ 34.294915023751805, 31.240570747064243 ], [ 34.294787991203606, 31.240443306063753 ], [ 34.294671609192271, 31.240308471063297 ], [ 34.294561266700235, 31.240176637713464 ], [ 34.294460567649267, 31.240065376396355 ], [ 34.294355410990129, 31.239957184058031 ], [ 34.29352078286788, 31.239128533981521 ], [ 34.292852610058389, 31.238455996295059 ], [ 34.291931409475872, 31.237576838346008 ], [ 34.291096584038115, 31.236773043852438 ], [ 34.290550439710941, 31.236170762223381 ], [ 34.28986021003626, 31.235442813260811 ], [ 34.289169029833566, 31.234814552238291 ], [ 34.2885061629757, 31.234261315984185 ], [ 34.287670191461487, 31.233582202045049 ], [ 34.286949532692496, 31.233003603897789 ], [ 34.286314751896867, 31.232550254349643 ], [ 34.285551974904138, 31.232004321710075 ], [ 34.284745634582031, 31.231275516853341 ], [ 34.283390741978174, 31.230193729125428 ], [ 34.281834248111025, 31.228935885718236 ], [ 34.280825604559581, 31.228105905871104 ], [ 34.279961205759861, 31.227376583214252 ], [ 34.279464108428968, 31.227029455546152 ], [ 34.27915316554914, 31.226822255771385 ], [ 34.278977619046373, 31.226704807324158 ], [ 34.27884007055129, 31.226608910698832 ], [ 34.278704509902383, 31.226510984613608 ], [ 34.278570854198335, 31.226411028477884 ], [ 34.27843935109339, 31.226309044982575 ], [ 34.278309916322314, 31.226205173316274 ], [ 34.278182551612311, 31.226099344054123 ], [ 34.278057417886522, 31.225991628706698 ], [ 34.277496559539188, 31.22550036912957 ], [ 34.277006175358025, 31.225147784519493 ], [ 34.276255162184583, 31.224718490636025 ], [ 34.275476270091318, 31.224164350768547 ], [ 34.2749861444468, 31.223786817581555 ], [ 34.274380503633417, 31.223333691780002 ], [ 34.273746906560568, 31.222780592186247 ], [ 34.27308445731024, 31.222202338646515 ], [ 34.272479652337978, 31.221674312989965 ], [ 34.271873874004491, 31.221246116504712 ], [ 34.271231680510233, 31.220652922163943 ], [ 34.271036720632374, 31.220527501212509 ], [ 34.27090966335907, 31.220441959018736 ], [ 34.270784428836471, 31.220354526999728 ], [ 34.270660933468548, 31.220265275801179 ], [ 34.270539260846526, 31.220174135689593 ], [ 34.270343571217374, 31.220031446730189 ], [ 34.270182144135248, 31.21992282534034 ], [ 34.270016407201958, 31.219819034388145 ], [ 34.269846602134166, 31.219720356994845 ], [ 34.269682699579988, 31.219621863868976 ], [ 34.269558177919691, 31.219537183832212 ], [ 34.269439039068772, 31.219447047749807 ], [ 34.269325444658868, 31.21935166694594 ], [ 34.269217885097305, 31.219251327284141 ], [ 34.268493274395595, 31.218513715308088 ], [ 34.268253740834609, 31.219235013390868 ], [ 34.267895909432994, 31.220179858482457 ], [ 34.267478962860856, 31.221223969108795 ], [ 34.267087199067653, 31.22226579684289 ], [ 34.266369676004047, 31.224329988263214 ], [ 34.265681880868577, 31.226319636265597 ], [ 34.264963018587437, 31.228446374693707 ], [ 34.264186775896107, 31.230559936155821 ], [ 34.263440096265676, 31.232623893845659 ], [ 34.262689108194365, 31.234755243117061 ], [ 34.261912758102987, 31.236868857088215 ], [ 34.261224855843452, 31.238858403995447 ], [ 34.260442374117453, 31.240963295076305 ], [ 34.25966641564758, 31.243027081784238 ], [ 34.258919286244947, 31.245115874979575 ], [ 34.258138098633758, 31.247228438473929 ], [ 34.257351588607399, 31.24943501799623 ], [ 34.256931530709885, 31.250486181217429 ], [ 34.256179466834034, 31.252564067986228 ], [ 34.255480584837734, 31.254684052805668 ], [ 34.254669727784844, 31.256786577859629 ], [ 34.254278128770963, 31.257913259289911 ], [ 34.254166119916157, 31.258352579666166 ], [ 34.254057033695432, 31.258745701364742 ], [ 34.253940007643074, 31.259137143583906 ], [ 34.25381504132335, 31.259526835953068 ], [ 34.25368213957546, 31.259914496202903 ], [ 34.253541382086098, 31.260300125799485 ], [ 34.253392852407998, 31.260683654989698 ], [ 34.253236554347858, 31.261064800591182 ], [ 34.253072486060923, 31.261443633807957 ], [ 34.252740666691665, 31.262224523876061 ], [ 34.252559036598434, 31.262685520619566 ], [ 34.251898061709376, 31.264412609296748 ], [ 34.251111696602003, 31.26640396505416 ], [ 34.249847337425763, 31.269933866267461 ], [ 34.249032225057384, 31.27222894662961 ], [ 34.24827904306791, 31.274382086786201 ], [ 34.247408265812901, 31.276584511145167 ], [ 34.247010914659938, 31.277703089239647 ], [ 34.246346346985035, 31.279756403631502 ], [ 34.245505012139049, 31.28193394841982 ], [ 34.244815750003561, 31.283535296510774 ], [ 34.243937127450124, 31.286130714600471 ], [ 34.243154678555427, 31.288258444901402 ], [ 34.242308376286445, 31.29040098013542 ], [ 34.24055155996669, 31.295824064534685 ], [ 34.240318747022862, 31.295811396731846 ], [ 34.240152821080294, 31.295829385822309 ], [ 34.239992168878338, 31.295869396884036 ], [ 34.239840820404687, 31.295930473576032 ], [ 34.239002635637405, 31.296328458260763 ], [ 34.238847165030933, 31.296342931265063 ], [ 34.238691922813786, 31.296326968375965 ], [ 34.238458673235989, 31.296252502784395 ], [ 34.238275539215216, 31.296195816744259 ], [ 34.238089121451949, 31.296147348644364 ], [ 34.237900074420345, 31.296107386575699 ], [ 34.237708888511982, 31.296075933315215 ], [ 34.237547442241521, 31.296064994356385 ], [ 34.237380250189233, 31.296078320384126 ], [ 34.237218385109827, 31.296116416820936 ], [ 34.237066618165095, 31.29617805071689 ], [ 34.236929645093284, 31.296261356378459 ], [ 34.236811510774288, 31.296363826519549 ], [ 34.236716023280856, 31.296482391128116 ], [ 34.236088181201396, 31.297427982803072 ], [ 34.234928086884366, 31.299251604998204 ], [ 34.233620542934112, 31.301174502107358 ], [ 34.232431835597929, 31.30292256447683 ], [ 34.231175359762808, 31.304864633342984 ], [ 34.229926504136131, 31.306762850894742 ], [ 34.228678116516491, 31.308610823092355 ], [ 34.227448563673285, 31.310553126741603 ], [ 34.226229370461468, 31.312401294903456 ], [ 34.22495127808638, 31.314274154427707 ], [ 34.223760680675149, 31.316172751347086 ], [ 34.222453533064957, 31.318020208345779 ], [ 34.221881293136683, 31.318989329089412 ], [ 34.220632580777611, 31.320837284205659 ], [ 34.2193553884618, 31.322609618780128 ], [ 34.218509744977482, 31.323574158329865 ], [ 34.218512822070061, 31.323576172329346 ] ] ] } }
]
}
