Date,Description,Theme,Jurisdiction,Area,Note,Label,Latitude,Longitude,Source
21/09/1921,Electricity concession granted to Pinhas Rutenberg by the British Mandate authorities for generation and distribution of electricity in Palestine. Foundation of Palestine Electric Corporation and early grid.,Energy,British Mandate Palestine,Palestine (territory-wide concession),Administrative concession rather than physical infrastructure; enabled formation of Palestine Electric Corporation (incorporated 1923); often cited as origin of centralised electricity system.,Rutenberg Concession,31.7683,35.2137,https://www.un.org/unispal/document/auto-insert-198692/
10/06/1932,"Naharayim hydroelectric power station begins commercial operation at the confluence of the Jordan and Yarmouk rivers, generating power for the Palestine Electric Corporation network.",Energy,British Mandate Palestine,Jordan Valley (Naharayim / Tel Or),Operated by Palestine Electric Corporation; also known as Tel Or. Hydroelectric station constructed by Pinhas Rutenberg; operations ceased during the 1948 war after damage to facilities.,Naharayim Hydro,32.6756,35.5436,https://www.palestine-studies.org/en/node/1649527
12/08/1937,"Newspaper Palestine Post reports draft Hula Concession Ordinance, outlining the definition of reserved and unreserved concession areas in the Hula Valley and establishing regulatory controls over land use, access, and cultivation within the concession.",Governance & Territory,British Mandate for Palestine,"Huleh Concession Area (Upper Galilee, Northern District)","Establishes spatial differentiation between  Reserved  and  Unreserved  concession areas, formalising territorial control through law
Based on cadastral/survey infrastructure, specifically a survey plan dated 22 July 1937, indicating the translation of cartographic knowledge into legal boundaries
Grants extensive powers to the concessionaire (Palestine Land Development Company), including regulation of access, cultivation, and occupancy
Introduces mechanisms of exclusion and enforcement (fines, eviction, imprisonment), embedding legal authority into territorial management
Builds on earlier concession agreements formalised in 1934, marking a consolidation phase of control over the Hula Valley wetlands
Prefigures large-scale environmental transformation (drainage of the Huleh wetlands in the 1950s) by establishing a legal framework for land reclamation and resource extraction
Illustrates a broader Mandate-era pattern of governance through concession + survey + ordinance, linking legal authority to spatial reconfiguration",Huleh Valley concession area,33.103,35.61,
28/02/1938,"Reading Power Station Unit A commissioned at the mouth of the Yarkon River in Tel Aviv, introducing steam-turbine thermal generation to the Palestine Electric Corporation network.",Energy,British Mandate Palestine,Tel Aviv (Yarkon River mouth),Known as Reading A; coal-fired thermal station built to supply the Tel Aviv load centre; commissioning reported in contemporary press on 28 February 1938.,Reading Station,32.0996,34.7805,https://www.nli.org.il/he/newspapers/dav/1938/02/28/01/article/10
01/04/1945,"British Mandate government compiles the Village Statistics, 1945 report documenting population and land ownership for localities including Deir Istiya and Rafah (baseline for later reserve and planning restrictions).",Infrastructure & Technology,British Mandate Palestine,Deir Istiya (Salfit region) / Rafah (southern Gaza),"Report prepared by Department of Statistics, Government of Palestine, April 1945; not tied to a single-day event; 01/04/1945 used as closest documented publication month.",Deir Istiya & Rafah 1945 stats,32.13056,35.14,https://www.palestine-studies.org/en/node/165218
14/05/1948,"State of Israel proclaimed; electricity infrastructure placed under national control during wartime conditions, and Naharayim hydroelectric station operations halted during hostilities in the Jordan Valley. Naharayim hydro ceases operations around 1948 amid war conditions.",Energy,State of Israel / Hashemite Kingdom of Jordan (armistice zone context),National (Israel) / Jordan Valley (Naharayim),Israeli declaration of independence on 14 May 1948; Naharayim plant damaged and ceased operation during fighting shortly after; facility later located within Jordanian-controlled territory after 1949 armistice.,1948 war and hydro shutdown,32.6756,35.5436,https://www.palestine-studies.org/en/node/1649527
11/12/1948,"United Nations General Assembly adopts Resolution 194 addressing Palestinian refugees, Jerusalem and arrangements for conciliation following the 1948 war.",Governance & Territory,United Nations,"Palais de Chaillot, Paris, France","Resolution 194 established the United Nations Conciliation Commission for Palestine and stated that refugees wishing to return to their homes and live at peace with their neighbours should be permitted to do so at the earliest practicable date, with compensation for those choosing not to return and for loss of or damage to property.",UN General Assembly Resolution 194,48.86234,2.28807,https://www.un.org/unispal/document/auto-insert-185393/
02/09/1951,"Large-scale drainage works begin in the Hula Valley to remove wetlands and convert the area to agricultural land under a project led by the Jewish National Fund (Wetlands Drainage, JNF-led drainage project).",Conservation & Environment,State of Israel,Hula Valley (Upper Jordan Basin),Drainage works initiated in early September 1951 following government approval and commencement of canal excavation; project continued until 1958; later partially reversed through Hula restoration in the 1990s.,Hula drainage begins,33.06666667,35.58333333,https://www.kkl-jnf.org/organization-chief-scientist/water-for-israel/water_activity_hula_valley_rehabilitation/
19/12/1953,Society for the Protection of Nature in Israel established as a national conservation organisation following environmental concerns including the Hula Valley drainage.,Conservation & Environment,State of Israel,National (Israel),"Founded by Amotz Zahavi, Heinz Steinitz, and Azariah Alon; Hula drainage frequently cited as a catalyst for organised conservation efforts.",SPNI founded,31.7683,35.2137,https://www.environmentandsociety.org/tools/keywords/society-protection-nature-israel
06/06/1956,"Decision to designate part of the Hula Valley as a protected area, marking the first formal policy step toward conservation of remnant wetland ecosystems following planned drainage operations.",Conservation & Environment,State of Israel,"Hula Valley (Upper Galilee, northern Israel)",(pre-1967 sovereign territory),Papyrus swamp,33.103,35.61,https://www.zionistarchives.org.il/en/AttheCZA/AdditionalArticles/Pages/Hula.aspx
31/10/1958,Hula Valley wetland drainage project completed following removal of Lake Hula and surrounding marshes. (1951-1958),Conservation & Environment,State of Israel,Hula Valley (Upper Jordan Basin),Drainage works carried out 1951 1958; completion marked by final canalisation and agricultural conversion; ecological degradation later led to partial restoration in the 1990s.,Hula drainage completed,33.06666667,35.58333333,https://www.kkl-jnf.org/organization-chief-scientist/water-for-israel/water_activity_hula_valley_rehabilitation/
13/08/1963,"National Parks and Nature Reserves Law enacted, establishing the legal framework for designation and management of protected areas in Israel.",Conservation & Environment,State of Israel,National (Israel),"National Parks and Nature Reserves Law, 1963; exact commencement day varies in sources; 01/01/1963 retained as year-only placeholder pending Gazette commencement date.",Protected-areas law,31.7683,35.2137,https://faolex.fao.org/docs/pdf/isr7843.pdf
01/07/1963,Area of recreated papyrus swampland in the Hula Valley set aside for protection prior to formal nature reserve declaration. (pre-1964 formal declaration). Decision to designate part of the Hula as a nature reserve on 6 June 1956,Heritage & Archaeology,State of Israel,Hula Valley,Set-aside occurred during 1963 following drainage works; exact day not recorded; mid-year used as closest documented period preceding 1964 declaration.,Hula set-aside,33.06666667,35.58333333,https://www.kkl-jnf.org/organization-chief-scientist/water-for-israel/water_activity_hula_valley_rehabilitation/
26/11/1964,Hula Nature Reserve formally declared as a protected area under Israeli conservation legislation (first Israeli nature reserve); legal status recorded in Israeli Official Gazette.,Heritage & Archaeology,State of Israel,Hula Nature Reserve (Upper Jordan Basin),First declared nature reserve in Israel; legal status recorded in Official Gazette; later designated Ramsar wetland.,Hula declared,33.06666667,35.58333333,https://rsis.ramsar.org/ris/868
15/12/1964,Hula Nature Reserve inaugurated following preservation of remaining wetland habitat after drainage of the Hula Valley.,Heritage & Archaeology,State of Israel,Hula Valley,Inauguration occurred late 1964 following formal declaration; exact day not consistently recorded; mid-December used as closest documented period.,Hula inaugurated,33.06666667,35.58333333,https://www.kkl-jnf.org/organization-chief-scientist/water-for-israel/water_activity_hula_valley_rehabilitation/
07/06/1967,Israeli military administration established in the West Bank and Gaza Strip following the June 1967 war.,Military,West Bank and Gaza Strip (Israeli military administration),West Bank and Gaza Strip,"Beginning of military governance framework; followed by issuance of military orders regulating land, planning and infrastructure. Start of occupation governance; legal framework for subsequent military orders.",Military Governorate established,31.9522,35.2332,https://www.unocha.org/occupied-palestinian-territory
01/06/1970,Sebastia archaeological site designated as Shomron National Park under Israeli nature protection framework.,Heritage & Archaeology,West Bank (Israeli military administration),Sebastia / Samaria,Designation under Israeli nature protection framework; year 1970 documented. Coordinates use UNESCO Tentative List point.,Sebastia 'Shomron' NP declared,32.28333333,35.18333333,https://emekshaveh.org/en/the-political-struggle-over-the-future-of-tel-sebastia/
31/12/1971,Ein Gedi Nature Reserve declared in the Judean Desert surrounding the Ein Gedi oasis.,Heritage & Archaeology,State of Israel,"Ein Gedi (Dead Sea western shore, Judean Desert)",Source specifies end of 1971; exact declaration date not published; end-of-year retained as closest documented period.,Ein Gedi declared,31.46667,35.39389,https://en.parks.org.il/reserve-park/en-gedi-nature-reserve/
01/01/1973,Construction begins on Orot Rabin coal-fired power station near Hadera.,Energy,State of Israel,Hadera (Orot Rabin power station),Coal baseload expansion tied to energy-security planning after oil shocks. Construction initiated 1973; exact start day not consistently recorded; plant developed as large baseload coal generation facility.,Coal baseload build-out,32.4749,34.8922,https://www.gem.wiki/Orot_Rabin_power_station
01/07/1974,Jerusalem Walls National Park established surrounding the Old City of Jerusalem (environmental designation used to limit development around Old City).,Heritage & Archaeology,East Jerusalem (Israeli administration),Jerusalem Old City and surrounding slopes,Designation introduced following 1967 annexation of East Jerusalem. Exact declaration date not consistently recorded; mid-year used as closest available period.,Jerusalem Walls NP founded,31.77777778,35.23166667,https://en.parks.org.il/reserve-park/jerusalem-walls-city-of-david-national-park/
01/01/1979,Wadi Qana area designated a closed military zone with access restrictions imposed (access restrictions reported 1979-1982).,Military,"State of Israel (military administration, West Bank)",Deir Istiya / Wadi Qana,Restrictions reported between 1979 1982; exact initial order date not published; year start retained as closest documented point. Location approximated near Deir Istiya.,Wadi Qana closed zone,32.13056,35.14,https://www.ochaopt.org/content/settlement-expansion-around-israeli-declared-nature-reserve
29/09/1981,First generating unit at Orot Rabin power station enters commercial operation (1981-1984 commissioning window). ,Energy,State of Israel,Hadera (Orot Rabin power station),Unit commissioning occurred 1981 1984; September 1981 corresponds to first unit synchronisation period.,Orot Rabin online (Block A),32.4749,34.8922,https://www.gem.wiki/Orot_Rabin_power_station
01/06/1981,"Firing Zone 918 designated as a military training area in Masafer Yatta. Designated as a closed military training area (early 1980s, some sources cite 1981).",Military,West Bank (Israeli military administration),Masafer Yatta / Khirbet a-Tuba,Early 1980s designation; 1981 commonly cited; exact military order date varies across sources.,FZ 918 designated,31.406821,35.177354,https://www.ochaopt.org/content/masafer-yatta-communities-risk-forcible-transfer-june-2022
08/11/1981,"Israeli Civil Administration established in the West Bank, replacing the Military Governorate. Transfer to COGAT.",Military,West Bank (Israeli Civil Administration),West Bank,Established by Military Order No. 947; administrative authority transferred from Military Governorate. End of direct military governorate; shift to civilian-coordinated administration.,Civil Administration established,31.9522,35.2332,https://www.gov.il/en/departments/coordination-of-government-activities-in-the-territories/govil-landing-page
19/09/1983,Israel Space Agency established by government decision to coordinate civilian space activities.,Infrastructure & Technology,State of Israel,National (Israel),Established under Ministry of Science and Technology; coordinates civil space policy and programmes. Civil space agency; parallel military space capabilities develop via other channels.,Israel Space Agency founded,31.7683,35.2137,https://www.space.gov.il/en/about
03/05/1983,Nahal Qana / Wadi Qana declared a nature reserve under Israeli military order in the West Bank.,Heritage & Archaeology,West Bank (Israeli military administration),Deir Istiya / Wadi Qana,Declared by military order; reserve boundaries overlap agricultural valley areas.,Wadi Qana reserve declared,32.13056,35.14,https://www.ochaopt.org/sites/default/files/ocha_opt_the_humanitarian_monitor_2013_08_23_english.pdf
08/12/1987,First Intifada begins with widespread Palestinian protests and civil unrest in the West Bank and Gaza Strip.,Resistance,West Bank and Gaza Strip,West Bank and Gaza Strip,"Uprising began in Gaza and spread regionally; involved strikes, demonstrations and closures.",First Intifada starts,31.5017,34.4668,https://www.un.org/unispal/history/
01/01/1988,Unified National Leadership of the Uprising (UNLU) established to coordinate First Intifada activities. ,Resistance,West Bank and Gaza Strip,Occupied Palestinian territories,"Coordinated strikes, protests, and civil disobedience.",First Intifada,31.9522,35.2332,https://www.ebsco.com/research-starters/history/palestinian-intifada-begins
19/09/1988,Ofek-1 reconnaissance satellite launched into low Earth orbit from Palmachim Airbase using the Shavit launch vehicle. Launched by Israel Aerospace Industries; beginning of the Ofek satellite series.,Infrastructure & Technology,State of Israel,Palmachim Airbase,Low Earth orbit reconnaissance capability; part of long-running intelligence satellite series. First satellite in the Ofek series; westward launch trajectory over the Mediterranean.,Ofek-1 launch,31.932,34.688,https://en.wikipedia.org/wiki/Ofeq
14/12/1987,Hamas movement established during the early phase of the First Intifada.,Resistance,Gaza Strip,Gaza Strip,Emerged as an Islamist resistance movement during uprising.,Hamas founded,31.5017,34.4668,https://www.palestine-studies.org/en/node/34518
13/09/1993,"Oslo I Accord (Declaration of Principles) signed in Washington, establishing framework for Palestinian self-government.; Palestinian Authority established; Israeli redeployment from Areas A and B.",Governance & Territory,Israel / Palestine Liberation Organisation,West Bank and Gaza Strip,Signed 13 September 1993; Palestinian Authority formally established in 1994 following implementation agreements. Creates Palestinian self-governance in parts of West Bank and Gaza.,Oslo Accords,38.8977,-77.0365,https://peacemaker.un.org/en/node/9432
30/03/1993,"Comprehensive closure imposed on the occupied Palestinian territories restricting movement between the West Bank, Gaza Strip and Israel.",Military,West Bank and Gaza Strip,West Bank and Gaza Strip,First long-term general closure imposed March 1993; system of permits and checkpoints subsequently institutionalised. Restricts Palestinian movement; becomes permanent feature of occupation.,Checkpoints introduced,31.9522,35.2332,https://www.btselem.org/topic/freedom_of_movement
04/05/1994,"The Israelis and the Palestinians sign the Gaza-Jericho Agreement, which begins implementation of the Oslo Accords. The agreement provides for an Israeli military withdrawal from Gaza and Jericho, a town in the West Bank, and for a transfer of authority from Israeli administration to the newly formed Palestinian Authority. The agreement also establishes the structure and composition of the Palestinian Authority, its jurisdiction and legislative powers, a Palestinian police force, and relations between Israel and the Palestinian Authority",Governance & Territory,Israel / Palestine Liberation Organisation,Gaza Strip and Jericho (West Bank),Agreement provided for Israeli military withdrawal from Gaza and Jericho and transfer of authority to the Palestinian Authority.,Gaza Jericho Agreement,31.7683,35.2137,https://unsco.unmissions.org/sites/default/files/agreement_on_the_gaza_strip_and_the_jericho_area.pdf
26/10/1994,"Israel and Jordan sign a peace treaty, formally establishing peace and full diplomatic relations between the two states.",Governance & Territory,State of Israel / Hashemite Kingdom of Jordan,"Arava/Araba Crossing Point, Israel-Jordan border","The treaty established the international boundary between Israel and Jordan and agreements concerning water, security, diplomatic relations and bilateral cooperation. Israel also recognised Jordan's special role in Muslim holy shrines in Jerusalem and agreed to give high priority to Jordan's historic role in future permanent-status negotiations.",Israel-Jordan Peace Treaty,29.575,34.9781,https://www.un.org/unispal/document/auto-insert-179122/
01/07/1995,Palestinian Energy Authority established to oversee electricity and energy sector planning in Palestinian-administered areas (PENRA / PEA). Established (mandated for energy sector governance).,Energy,Palestinian Authority,West Bank and Gaza Strip,Established mid-1990s following Oslo governance arrangements; later renamed Palestinian Energy and Natural Resources Authority (PENRA). Institutional anchor for Palestinian electricity sector reforms and planning under constraints.,PENRA established,31.9038,35.2034,https://www.un.org/unispal/document/auto-insert-210044/
28/09/1995,"Oslo II Interim Agreement signed, establishing Areas A, B and C in the West Bank with differing administrative and security arrangements.",Governance & Territory,Government of Israel / PLO,"Washington, D.C., United States","The agreement established interim administrative divisions across the West Bank. In Area C, Israel retained control over security and territory-related matters, including planning and zoning, while some civil responsibilities not related to territory were transferred to the Palestinian Council. The agreement envisaged further transfers of jurisdiction that were not fully implemented.","Oslo II: West Bank Areas A, B and C",38.8977,-77.0365,https://www.un.org/unispal/document/auto-insert-185434/
01/07/1996,Second block of Orot Rabin coal-fired power station enters operation near Hadera.,Energy,State of Israel,Hadera (Orot Rabin power station),Unit commissioning completed in 1996; exact day varies; mid-year used as closest documented period. Last major coal expansion before gas-dominant era.,Orot Rabin online (Block B),32.4749,34.8922,https://www.gem.wiki/Orot_Rabin_power_station
01/06/1996,Porashim Kanef' begins (IEC + INPA + SPNI) to reduce raptor electrocution along electricity infrastructure; includes systematic surveys along power lines and mitigation (pole insulation/retrofits).,Conservation & Environment,State of Israel,National electricity grid (IEC),"Joint initiative of Israel Electric Corporation, Israel Nature and Parks Authority, and Society for the Protection of Nature in Israel; year 1996 documented. Program creates long-term monitoring and intervention capacity around poles/lines and raptor mortality.",Porashim Kanef launched,31.7683,35.2137,https://www.unep-aewa.org/sites/default/files/publication/ts50_electr_guidelines_03122014.pdf
03/12/1996,Israel becomes a Contracting Party to the Ramsar Convention on Wetlands (entry into force 1996).,Conservation & Environment,State of Israel,National (Israel),Convention entered into force for Israel 3 December 1996.,Ramsar: Israel entry,31.7683,35.2137,https://www.ramsar.org/contracting-parties
16/05/1996,AMOS-1 communications satellite launched into geostationary transfer orbit; Israel's early GEO communications satellite capability.,Infrastructure & Technology,State of Israel,Palmachim launch site / Geostationary orbit,First Israeli commercial communications satellite. Comms satellite program supports broadcast/telecom capacity; illustrates space-based communications infrastructure build-out.,AMOS-1 launch,31.932,34.688,https://en.wikipedia.org/wiki/AMOS-1_(satellite)
12/11/1996,Hula Nature Reserve designated a Wetland of International Importance under the Ramsar Convention.,Heritage & Archaeology,State of Israel,Hula Nature Reserve,Ramsar Site No. 868. Designation date and coordinates from Ramsar Sites Information Service.,Hula Ramsar site,33.06666667,35.58333333,https://rsis.ramsar.org/ris/868
29/12/1999,Palestinian Environment Law No. 7 of 1999 adopted establishing statutory framework for environmental protectio (statutory basis for wildlife/bird protection).,Conservation & Environment,Palestinian Authority,West Bank and Gaza Strip,Law provides legal basis for wildlife and habitat protection; implementation varies by administrative control. Applies as PA law; practical enforcement varies by control arrangements and capacity.,Palestinian Environment Law,31.9038,35.2034,https://environment.ps/wp-content/uploads/2022/05/Law_No_7_For_The_Year_1999_Concerning_The_Environment.pdf
01/06/2000,Mari-B offshore natural gas field development confirmed for commercial supply offshore Ashdod.,Energy,State of Israel (offshore EEZ)),Mediterranean Sea (Mari-B field),Discovery late 1990s; development phase around 2000 preceding production in 2004. Often described as the first commercial field to supply gas to Israel.,Mari-B discovered,31.75,34.4,https://www.gov.il/BlobFolder/news/offshore_bid_round_2/he/status_gas_fields.pdf
01/06/2000,Wadi Gaza declared a nature reserve by the Palestinian Environmental Quality Authority.,Heritage & Archaeology,Palestinian Authority,Wadi Gaza,Declared June 2000; exact day not specified. Coordinates use Wadi Gaza mouth point.,Wadi Gaza reserve declared,31.46389,34.37583,https://www.undp.org/papp/projects/wadi-gaza-coastal-wetland-conservation-and-development
24/07/2000,"Camp David Summit concludes without agreement following negotiations between the Government of Israel and the Palestine Liberation Organization, mediated by the United States.",Governance & Territory,Government of Israel / PLO / United States,"Camp David, Maryland, United States","The negotiations addressed permanent-status issues including Jerusalem, Palestinian refugees, Israeli settlements, borders and security arrangements. The parties did not reach an agreement.",Camp David Summit: no agreement reached,39.64833,-77.465,https://clintonwhitehouse5.archives.gov/textonly/library/hot_releases/July_25_2000_1.html
28/09/2000,Second Intifada begins with widespread unrest in the West Bank and Gaza Strip.,Resistance,West Bank and Gaza Strip,West Bank and Gaza Strip,Escalation followed visit to Haram al-Sharif/Temple Mount; period marked by closures and later barrier construction,Second Intifada starts,31.777778,35.235,https://www.palquest.org/en/highlight/31123/xi-second-intifada-and-post-arafat-era
29/09/2000,Clashes escalate across West Bank and Gaza following protests at Haram al-Sharif/Temple Mount.,Resistance,West Bank and Gaza Strip,Jerusalem / West Bank / Gaza,Marks rapid transition from protests to sustained armed confrontation.,Early escalation (militarisation phase),31.778,35.235,
02/12/2001,Masada and the Old City of Acre inscribed on the UNESCO World Heritage List.,Heritage & Archaeology,State of Israel,Masada (Dead Sea) / Acre (Akko),Both properties inscribed during the 25th session of the World Heritage Committee in Helsinki (2001).,Masada & Acre UNESCO,31.31555556,35.35361111,https://whc.unesco.org/en/list/1040
23/06/2002,Israeli cabinet approves construction of the West Bank separation barrier.,Military,West Bank (Israeli government decision),West Bank (including Nablus and Jenin),Construction began mid-2002 following cabinet decision 23 June 2002. Reconfigures territory and movement; impacts land use and environment.,West Bank barrier construction begins,31.9522,35.2332,https://news.un.org/en/story/2003/05/66702
29/03/2002,Operation Defensive Shield launched by Israeli forces in West Bank cities.,Military,West Bank (Israeli military operation),"West Bank (Nablus, Jenin, Ramallah)",Large-scale operation following escalation during Second Intifada. Reoccupation of Area A; heavy destruction in Jenin,Operation Defensive Shield,32.2211,35.2544,https://www.ohchr.org/en/press-releases/2009/10/report-secretary-general-recent-events-jenin-other-palestinian-cities?sub-site=HRC
30/04/2003,"The Quartet (United States, European Union, United Nations and Russia) formally presents the Road Map for Peace to the Government of Israel and the Palestinian Authority, outlining a phased process toward a permanent two-state solution.",Governance & Territory,International (Quartet),"Ramallah, West Bank","The performance-based framework proposed reciprocal political, security, humanitarian and institutional steps. It called for Palestinian institutional and security reforms and for Israel to freeze all settlement activity, including natural growth, and dismantle settlement outposts erected since March 2001.",Road Map for Peace,31.9038,35.2034,https://www.un.org/unispal/document/auto-insert-186742/
17/07/2003,Israel Natural Gas Lines (INGL) incorporated as a government-owned company to develop national gas transmission infrastructure; natural gas transmission system development accelerates.,Energy,State of Israel,National (Israel),Established to construct and operate high-pressure natural gas transmission network. State-owned transmission monopoly becomes backbone for gas-to-power transition.,INGL incorporated,31.7683,35.2137,https://www.bdicode.co.il/en/company/israel-natural-gas-lines-ltd-en/eng_services_infrastructure/
05/07/2003,White City of Tel Aviv inscribed on the UNESCO World Heritage List.,Heritage & Archaeology,State of Israel,Tel Aviv,Inscribed at the 27th session of the World Heritage Committee (2003). Coordinates from UNESCO 'Maps' page.,White City UNESCO,32.07777778,34.774167,https://whc.unesco.org/en/list/1096
17/02/2004,Israel Natural Gas Lines (INGL) granted license to establish/operate natural gas transmission system; Mari-B begins supplying gas to Israeli power plants (domestic gas production begins).,Energy,State of Israel,National gas transmission network,Licence enabled expansion of gas supply from offshore fields to power stations. Key infrastructure + supply pivot enabling gas-fired generation expansion.,Domestic gas begins + transmission license,31.7683,35.2137,https://www.ingl.co.il/en/
28/06/2005,Incense Route   Desert Cities in the Negev inscribed on UNESCO World Heritage List.,Heritage & Archaeology,State of Israel,Negev desert cities,Inscribed during 29th World Heritage Committee session (2005).,Desert Cities UNESCO,30.861111,34.779444,https://whc.unesco.org/en/list/1107
15/07/2005,Biblical Tels (Megiddo) inscribed on UNESCO World Heritage List.,Heritage & Archaeology,State of Israel,Megiddo / Hazor / Beer Sheba,Inscribed during 29th World Heritage Committee session (2005). Coordinates from UNESCO 'Maps' pages.,Biblical Tels UNESCO,32.58528,35.18444,https://whc.unesco.org/en/list/1108
15/07/2005,Biblical Tels (Hazor) inscribed on UNESCO World Heritage List.,Heritage & Archaeology,State of Israel,Megiddo / Hazor / Beer Sheba,Inscribed during 29th World Heritage Committee session (2005). Coordinates from UNESCO 'Maps' pages.,Biblical Tels UNESCO,33.01667,35.56694,https://whc.unesco.org/en/list/1108
15/07/2005,Biblical Tels (Beer Sheba) inscribed on UNESCO World Heritage List.,Heritage & Archaeology,State of Israel,Megiddo / Hazor / Beer Sheba,Inscribed during 29th World Heritage Committee session (2005). Coordinates from UNESCO 'Maps' pages.,Biblical Tels UNESCO,31.24472,34.84083,https://whc.unesco.org/en/list/1108
15/08/2005,"Israel begins disengagement from Gaza, removing settlements and military presence.",Governance & Territory,Gaza Strip,Gaza Strip,Occurs in context of Second Intifada and changing control dynamics.,Gaza disengagement (linked to resistance outcomes),31.5017,34.4668,https://www.un.org/unispal/document/auto-insert-199876/
25/01/2006,Hamas wins majority in Palestinian Legislative Council elections.,Governance & Territory,Palestinian Authority,West Bank and Gaza Strip,Leads to political split between Hamas (Gaza) and Fatah (West Bank).,Hamas election victory,31.9038,35.2034,
28/06/2006,Operation Summer Rains launched by Israeli forces in the Gaza Strip following capture of soldier Gilad Shalit.,Military,Gaza Strip (Israeli military operation,Gaza Strip,Operation followed capture of Israeli soldier Gilad Shalit on 25 June 2006. Major Israeli offensive; infrastructure damage.,Operation Summer Rains,31.5017,34.4668,https://www.un.org/unispal/document/auto-insert-197800/
01/02/2008,Egyptian natural gas exports to Israel begin via the El-Arish Ashkelon pipeline; creates cross-border supply dependence.,Energy,Egypt,Sinai Peninsula to Ashkelon,Supply initiated early 2008 under EMG agreement; pipeline later repeatedly disrupted 2011 2012. Dependency becomes vulnerability during later sabotage/political rupture.,Egypt gas exports start,31.6767,34.5743,https://www.eia.gov/international/analysis/regions-of-interest/Eastern_Mediterranean
27/12/2008,Operation Cast Lead begins with Israeli airstrikes in the Gaza Strip with widespread destruction.,Military,Gaza Strip (Palestinian territory),Gaza Strip,Operation lasted until January 2009 and involved large-scale infrastructure damage. High civilian casualties; significant infrastructure damage.,Operation Cast Lead,31.5017,34.4668,https://www.un.org/unispal/document/auto-insert-201307/
08/07/2008,Bah   Holy Places in Haifa and the Western Galilee inscribed on the UNESCO World Heritage List. (serial property).,Heritage & Archaeology,State of Israel,Haifa (Mount Carmel) and Western Galilee,Inscribed during 32nd World Heritage Committee session (2008). Coordinates from UNESCO 'Maps' page (component: North Slope of Mount Carmel).,Bah   Holy Places UNESCO,32.814594,34.987278,https://whc.unesco.org/en/list/1220
17/01/2009,Tamar offshore natural gas field discovery announced in the Levant Basin.,Energy,State of Israel (offshore EEZ),Tamar gas field,Major deep-water discovery enabling transition to gas-based electricity generation. Foundation of gas-dominant electricity era under 'electricity island' conditions.,Tamar discovered,32.2,34.9,https://www.offshore-technology.com/projects/tamar-field/
18/05/2009,Knesset research memorandum published on raptor electrocution mitigation along electricity infrastructure. Porashim Kanef operations (includes scans along power lines and mapping cases).,Conservation & Environment,State of Israel,National electricity transmission network,Documents Porashim Kanef monitoring and pole retrofitting programme. Institutionalises electrocution as a monitored externality with mitigation programs.,Knesset memo on electrocution,31.7683,35.2137,https://web.archive.org/web/20240207224530/https://fs.knesset.gov.il/globaldocs/MMM/96c18d55-f7f7-e411-80c8-00155d010977/2_96c18d55-f7f7-e411-80c8-00155d010977_11_8809.pdf
15/12/2009,OCHA Special Focus report issued describing planning and zoning regime in Area C applied by Israeli authorities.,Governance & Territory,"Israeli Civil Administration (Area C, West Bank)",West Bank Area C,"Report outlines planning authority and permit system affecting development. Key reference for how permits, zoning, and restrictions shape Palestinian development and infrastructure.",Area C planning regime (OCHA),31.9522,35.2332,https://www.ochaopt.org/content/restricting-space-planning-regime-applied-israel-area-c-west-bank
30/12/2010,Leviathan offshore natural gas field discovery announced in the eastern Mediterranean.,Energy,State of Israel (offshore EEZ),Leviathan gas field,One of the largest deep-water gas discoveries in the region. Expands reserves; later supports exports and increases strategic importance of offshore infrastructure.,Leviathan discovered,33.1,34.65,https://www.offshore-technology.com/projects/leviathan-gas-field/
05/02/2011,"Repeated sabotage attacks begin on Sinai gas pipeline supplying Israel and Jordan, disrupting Egyptian gas supplies (2011-2012 period).",Energy,Egypt,Sinai Peninsula gas pipeline,Series of attacks during 2011 2012 disrupted Egyptian gas exports. Commonly cited as accelerating urgency for domestic offshore gas development.,Sinai gas disruptions,31.215,34.242,https://www.eia.gov/todayinenergy/detail.php?id=5170
14/11/2012,Operation Pillar of Defense begins with Israeli airstrikes in the Gaza Strip with targeted killings and rocket attacks.,Military,Gaza Strip (Palestinian territory),Gaza Strip,Eight-day escalation between Israel and armed groups in Gaza.,Operation Pillar of Defense,31.5017,34.4668,https://www.un.org/unispal/document/auto-insert-201677/
02/04/2012,Two UNESCO actions: Ancient City of Samaria (Sebastia) and Wadi Gaza added to UNESCO Tentative List by Palestine.,Heritage & Archaeology,State of Palestine,Sebastia & Wadi Gaza,Submitted to UNESCO Tentative List as potential World Heritage properties. Coordinates from UNESCO Tentative List entries.,Sebastia & Wadi Gaza UNESCO TL,32.28333333,35.18333333,https://whc.unesco.org/en/statesparties/ps
23/04/2012,Egypt cancels natural gas supply agreement with Israel.,Energy,Egypt / Israel,Egypt Israel gas agreement,Cancellation followed repeated pipeline disruptions. Further drives domestic offshore gas as strategic priority.,Egypt gas contract cancelled,31.6767,34.5743,https://www.reuters.com/article/world/blast-rocks-egypts-gas-pipeline-to-israel-jordan-idUSBRE86L00T/
29/06/2012,Birthplace of Jesus (Bethlehem) inscribed on UNESCO World Heritage List.,Heritage & Archaeology,State of Palestine,Bethlehem,First World Heritage inscription for Palestine.,Nativity UNESCO,31.704353,35.2075,https://whc.unesco.org/en/list/1433
29/06/2012,Nahal Me arot / Wadi el-Mughara Caves inscribed on UNESCO World Heritage List.,Heritage & Archaeology,State of Israel,Mount Carmel,Serial property documenting human evolution.,Nahal Me'arot UNESCO,32.6722,34.9642,https://whc.unesco.org/en/list/1393
01/08/2013,Palestine Electricity Transmission Limited (PETL) established as a single-buyer and transmission operator for electricity in the West Bank.,Energy,Palestinian Authority,West Bank (PETL),Designed to consolidate purchases and interact cohesively with IEC under dependence conditions. Created to consolidate electricity purchases and manage transmission planning.,PETL established,31.9038,35.2034,https://www.petl.ps/en
30/03/2013,Tamar offshore natural gas field begins commercial production.,Energy,State of Israel (offshore EEZ),Tamar gas field,Production enabled transition to gas-fired electricity generation. Enables rapid shift toward gas-fired generation.,Tamar production starts,32.2,34.9,https://www.offshore-technology.com/projects/tamar-field/
23/04/2014,Fatah and Hamas sign agreement to form a Palestinian unity government.,Governance & Territory,Palestinian factions (Fatah / Hamas),West Bank and Gaza Strip,Agreement not fully implemented; governance split continues.Fatah Hamas reconciliation attempt,,31.5017,34.4668,https://www.aljazeera.com/news/2014/4/23/palestinian-factions-to-form-unity-government
08/07/2014,Operation Protective Edge begins with Israeli military operations in the Gaza Strip with widespread destruction.,Military,Gaza Strip (Palestinian territory),Gaza Strip,Conflict lasted July August 2014 and caused extensive infrastructure damage. High civilian casualties.,Operation Protective Edge,31.5017,34.4668,https://www.un.org/unispal/document/auto-insert-195833/
03/08/2014,LTE/4G mobile services begin rollout by Israeli operators following regulatory approval. (example: Cellcom LTE launch after Ministry approval).,Infrastructure & Technology,State of Israel,Israel (mobile networks),Commercial LTE deployment began in 2014 starting with Cellcom network launch. Anchor for 4G era preceding Palestinian network upgrades by several years.,4G launches (Israel),32.0853,34.7818,https://markets.ft.markitdigital.com/data/equities/tearsheet/summary?s=CELJF:PKL
31/10/2014,"OCHA report highlights settlement expansion around Wadi Qana nature reserve and associated land-use restrictions. Area was designated a nature reserve by Israeli authorities in the 1980s, restricting Palestinian land use.",Conservation & Environment,West Bank (Area C),Wadi Qana,Report discusses planning restrictions affecting Palestinian land use. Example of 'nature reserve' designation functioning as a land-use restriction in contested territory.,Wadi Qana nature reserve restrictions,32.13056,35.14,https://www.ochaopt.org/content/settlement-expansion-around-israeli-declared-nature-reserve
21/06/2014,"Palestine: Land of Olives and Vines - Cultural Landscape of Southern Jerusalem, Battir, inscribed on the UNESCO World Heritage List.",Heritage & Archaeology,State of Palestine,Battir,Cultural landscape inscription covering agricultural terraces and irrigation system. Coordinates from UNESCO 'Maps' pages.,Battir UNESCO,31.720556,35.143472,https://whc.unesco.org/en/list/1492
22/06/2014,Caves of Maresha and Bet-Guvrin in the Judean Lowlands inscribed on UNESCO World Heritage List.,Heritage & Archaeology,State of Israel,Judean Lowlands (Bet-Guvrin / Maresha),Serial archaeological cave complex. Coordinates from UNESCO 'Maps' pages.,Maresha / Bet-Guvrin UNESCO,31.6,34.9,https://whc.unesco.org/en/list/1370/
06/12/2017,United States recognises Jerusalem as the capital of Israel.,Governance & Territory,United States / State of Israel,Jerusalem,Policy shift triggers protests across Palestinian territories and region.,US recognises Jerusalem as capital,31.778,35.235,https://www.aljazeera.com/news/2017/12/8/trump-transcript-in-full-jerusalem-is-israels-capital
07/07/2017,"OCHA report explains extent of firing zones declared for Israeli military training in Area C of the West Bank. Since the 1970s, ~18% of the West Bank (nearly 30% of Area C) declared firing zones for military training; civilian presence prohibited without permission.",Military,West Bank (Area C),West Bank firing zones,Report states approximately 18% of the West Bank designated as firing zones. Anchor for 'restricted landscapes' becoming military training spaces with environmental and livelihood impacts.,Firing zones (OCHA),31.9522,35.2332,https://www.ochaopt.org/content/firing-zones-and-risk-forcible-transfer
07/07/2017,Hebron/Al-Khalil Old Town inscribed on UNESCO World Heritage List.,Heritage & Archaeology,State of Palestine,Hebron Old City,Inscribed during 41st World Heritage Committee session. Coordinates from UNESCO 'Maps' page; date uses year only.,Hebron Old Town UNESCO,31.52444444,35.10833333,https://whc.unesco.org/en/list/1565
01/01/2018,Two events: 3G mobile services launch in the West Bank while Gaza remains limited to 2G. World Bank notes Israeli imports account for > 99% of electricity supply in West Bank.,Infrastructure & Technology,West Bank,West Bank and Gaza,Deployment followed spectrum agreement between Israel and Palestinian Authority. Telecom modernization gap and electricity dependency.,WB 3G launch & electricity dependency,31.9038,35.2034,https://www.trade.gov/market-intelligence/west-bank-information-technology-4g-mobile-service
03/06/2018,Israeli government approves electricity sector reform restructuring the Israel Electric Corporation (IEC restructuring; competition in some segments).,Energy,State of Israel,National electricity sector,Reform introduces competition in generation while maintaining IEC grid monopoly over grid infrastructure while changing generation/supply structure.,Electricity reform decision,31.7683,35.2137,https://www.reuters.com/article/markets/commodities/israel-to-break-up-electric-utility-iecs-monopoly-idUSL5N1SO3JM/
01/10/2018,Pilot monitoring report published on bird collisions along high-voltage line in the Jezreel Valley. 'Bird collisions on a high-voltage line in the Jezreel Valley'.,Conservation & Environment,State of Israel,Jezreel Valley,Baseline monitoring used to develop collision mitigation strategies. Empirical baseline used to design later marking/mitigation strategies.,Jezreel collision pilot report,32.604,35.322,https://tevabiz.org.il/wp-content/uploads/2017/11/%D7%93%D7%95%D7%97-%D7%9E%D7%A1%D7%9B%D7%9D-%D7%A4%D7%99%D7%99%D7%9C%D7%95%D7%98-%D7%9E%D7%A0%D7%99%D7%A2%D7%AA-%D7%94%D7%AA%D7%A0%D7%92%D7%A9%D7%95%D7%AA-%D7%A2%D7%95%D7%A4%D7%95%D7%AA-%D7%91%D7%A7%D7%95-%D7%9E%D7%AA%D7%97.pdf
30/03/2018,Great March of Return protests begin along Gaza-Israel separation fence.,Resistance,Gaza Strip,Gaza perimeter,Weekly protests demanding right of return and end of blockade.,Great March of Return (mass mobilisation),31.4,34.35,https://www.un.org/unispal/document/auto-insert-203013/
25/03/2019,United States recognises Israeli sovereignty over the Golan Heights. First country to recognise annexation of territory captured from Syria in 1967.,Governance & Territory,United States / State of Israel,Golan Heights,First country to recognise annexation of territory captured from Syria in 1967.,US recognises Israeli sovereignty over Golan Heights,33,35.75,https://www.aljazeera.com/news/2019/3/25/trump-formally-recognises-israeli-sovereignty-over-golan-heights
01/11/2019,SPNI publishes national guidance for reducing bird collisions with power lines based on national sensitivity analysis (published 2019).,Conservation & Environment,State of Israel,National electricity network,Guidance based on national sensitivity analysis and monitoring data.,SPNI collision guidance,31.7683,35.2137,https://tevabiz.org.il/wp-content/uploads/2019/11/%D7%9C%D7%90%D7%AA%D7%A8-%D7%A6%D7%9E%D7%A6%D7%95%D7%9D-%D7%94%D7%AA%D7%A0%D7%92%D7%A9%D7%95%D7%AA-%D7%A2%D7%95%D7%A4%D7%95%D7%AA-%D7%91%D7%A7%D7%95%D7%95%D7%99-%D7%97%D7%A9%D7%9E%D7%9C.pdf
31/12/2019,Leviathan offshore gas field begins commercial production.,Energy,State of Israel (offshore EEZ),Leviathan gas field,Production started late 2019 enabling exports to regional markets. Strengthens export diplomacy and strategic asset protection.,Leviathan production starts,33.1,34.65,https://www.offshore-technology.com/projects/leviathan-gas-field-levantine-israel/
01/01/2020,Israeli electricity system described as isolated grid without regional interconnection. Grid is not interconnected with neighboring countries; requires self-sufficiency.,Energy,State of Israel,National electricity grid,Often described as an  electricity island  requiring reserve margins. System operation/market functions separated from IEC as part of reform implementation.,Israel grid,31.7683,35.2137,https://www.inss.org.il/publication/electricity-system/
07/01/2020,National sensitivity map for bird collisions with power lines published (ArcGIS): 'Sensitive areas for bird collisions with power lines' (SPNI/partners).,Conservation & Environment,State of Israel,National power line network,GIS layer used for planning and mitigation. Creates a visible national layer of collision sensitivity used in planning/mitigation workflows.,Collision sensitivity map,31.7683,35.2137,https://www.arcgis.com/apps/mapviewer/index.html?webmap=b094aa13332f410d93a9b72c8bf55b17
28/01/2020,United States announces proposed Israeli Palestinian peace plan.,Governance & Territory,United States,Israel / West Bank,Plan proposes conditional Palestinian statehood; rejected by Palestinian leadership,Trump peace plan,38.8977,-77.0365,https://apnews.com/article/donald-trump-ap-top-news-international-news-jerusalem-politics-f7d36b9023309ce4b1e423b02abf52c6
15/09/2020,"Israel, the United Arab Emirates and Bahrain sign the Abraham Accords at the White House, establishing or formalising normalized diplomatic relations between Israel and the two Gulf states.",Governance & Territory,Israel / UAE / Bahrain / United States,"Washington, D.C., United States",The agreements established normalized diplomatic relations between Israel and the UAE and Bahrain. Sudan and Morocco subsequently agreed to normalize relations with Israel later in 2020.,Abraham Accords,38.8977,-77.0365,https://trumpwhitehouse.archives.gov/briefings-statements/remarks-president-trump-prime-minister-netanyahu-minister-bin-zayed-minister-al-zayani-abraham-accords-signing-ceremony/
29/09/2020,Israel s Communications Ministry grants 5G technology licences to mobile operators (launch of 5G era).,Infrastructure & Technology,State of Israel,Israel mobile networks,Beginning of national 5G deployment. Anchor for 5G build-out and subsequent 6G strategic discourse.,5G licenses issued,31.7683,35.2137,https://www.gov.il/en/pages/29092020_5
18/11/2020,INSS publishes analysis on future 6G technologies and implications for Israel; notes Israel's 5G launch in Sept 2020 and strategic implications.,Infrastructure & Technology,State of Israel,National telecommunications policy,Links 5G rollout to future strategic communications infrastructure. Connects wireless evolution to strategic/defense policy discourse.,Israel in 6G discourse,31.7683,35.2137,https://www.inss.org.il/publication/towards-6g/
01/01/2021,Electricity Authority report notes Noga operating as independent system operator following electricity sector reform. Israeli electricity system described as isolated grid without regional interconnection. ,Energy,State of Israel,National electricity system operator (Noga),System operation separated from Israel Electric Corporation.  System operation/market functions separated from IEC as part of reform implementation.,Noga operates independently,31.7683,35.2137,https://www.gov.il/BlobFolder/generalpage/dochmeshek/he/Files_Netunei_hashmal_THE%20ELECTRICITY%20AUTHORITY%20_ANNUAL%20REPORT_2021.pdf
10/05/2021,Operation Guardian of the Walls begins with Israeli airstrikes and rocket fire between Gaza and Israel. Gaza conflict triggered by Jerusalem tensions.,Military,Gaza Strip (Israeli military operation),Gaza Strip,Eleven-day conflict between Israel and armed groups in Gaza. Significant rocket fire and airstrikes.,Operation Guardian of the Walls,31.5017,34.4668,https://reliefweb.int/report/occupied-palestinian-territory/gaza-hamas-and-risk-civilian-life-during-operation-guardian
01/01/2022,Ministry of Environmental Protection approves plan to reduce bird electrocution using drone-installed mitigation devices.,Conservation & Environment,State of Israel,National power line network,Programme includes installation of insulating devices using drones. Technical solutions including drone installation tested.,Bird electrocution mitigation plan,31.7683,35.2137,https://en.hayadan.org.il/High-voltage-How-can-you-reduce-a-collision-of-a-zippo
01/01/2022,SPNI launches Start-Up Nature wetland restoration initiative creating artificial wetlands for migratory birds; creating mini-Hulas for bird migration.,Conservation & Environment,State of Israel,Wetland restoration sites (national),"Programme aims to restore wetland habitats along migration routes to support half a billion migrating birds, carbon sink.",Start-Up Nature project,32.7,35.6,https://mideastenvironment.apps01.yorku.ca/2022/12/un-draining-the-swamp-rewilding-project-aims-to-resurrect-israeli-wetlands-haaretz/
26/10/2022,Karish offshore gas field begins commercial production.,Energy,State of Israel (offshore EEZ),Karish gas field,"Operated by Energean; additional offshore supply capacity, reinforces offshore security geography.",Karish production starts,33.03,33.85,https://www.energean.com/operations/israel/karish/
27/10/2022,Israel and Lebanon conclude maritime boundary agreement defining offshore economic zones (exchange of letters) regarding maritime boundary.,Energy,Israel / Lebanon (offshore EEZ),Eastern Mediterranean maritime boundary,Agreement formalised through exchange of letters mediated by the United States. Illustrates how offshore extractive frontiers create interstate disputes and negotiated settlements.,Maritime agreement (UN),33,34,https://treaties.un.org/Pages/showDetails.aspx?clang=_en&objid=08000002806029d5
01/01/2023,Ministerial committee advances bill to apply Israeli law to nature reserves in the West Bank nature reserves (de facto annexation).,Governance & Territory,West Bank (Israeli legislative initiative),West Bank nature reserves,Proposal concerns application of Israeli law to protected areas. Controversial bill to apply Israeli law to occupied territory nature reserves.,West Bank nature reserves bill,31.9522,35.2332,https://poica.org/2023/06/a-de-facto-annexation-of-the-west-banks-nature-reserves/
01/01/2023,Government launches national vulture protection programme. Multi-million shekel vulture protection plan launched (28.5 million NIS over 4 years).,Conservation & Environment,State of Israel,National conservation programme,Multi-year funding for feeding stations and anti-poisoning measures. Stabilise critically endangered vulture population through feeding stations and poisoning prevention.,Vulture protection plan,31.7683,35.2137,https://mideastenvironment.apps01.yorku.ca/2023/09/israel-throws-multi-million-lifeline-to-save-its-vanishing-vulture-ynet/
07/05/2023,Israeli government approves budget to develop/restoration works at Sebastia archaeological site.,Heritage & Archaeology,Funding / Development Plan,Sebastia / Samaria,Government approval reported early May 2023; coordinates use UNESCO TL point.,Sebastia development budget,32.28333333,35.18333333,https://peacenow.org.il/en/the-civil-administration-begins-archaeological-excavations-at-the-sebastia-site
04/07/2023,Israeli Cabinet decision extends Israeli Civil Administration authority over heritage sites in West Bank Area B (policy enabling increased control/operations at selected sites).,Governance & Territory,West Bank (Area B),West Bank Area B heritage sites,Policy affects management of selected archaeological locations.,Cabinet decision: Civil Admin jurisdiction at Area B heritage sites,31.9522,35.2332,https://emekshaveh.org/en/cabinet-decision-area-b/
17/09/2023,Ancient Jericho / Tell es-Sultan inscribed on UNESCO World Heritage List.,Heritage & Archaeology,State of Palestine,Jericho / Tell es-Sultan,"Inscribed during the 45th session of the World Heritage Committee. Inscription reported Sept 17, 2023; coordinates from UNESCO maps page.",Tell es-Sultan UNESCO,31.87130556,35.44405556,https://whc.unesco.org/en/list/1687
07/10/2023,Hamas-led attacks on Israel followed by Israeli military operations in the Gaza Strip.,Resistance,Israel / Gaza Strip,Israel and Gaza Strip,Event marks start of ongoing Gaza war beginning October 2023. Included as major inflection point relevant to later military corridors and access regimes.,Al-Aqsa Flood,31.4,34.35,https://www.palestine-australia.com/highlights/news/2023/ocha-flash-update-6
01/01/2024,KKL-JNF launches National Program for the Protection of Wild Birds addressing >10% population decline.,Conservation & Environment,State of Israel,National conservation programme,Programme addresses population decline and migratory bird protection (climate change and avian flu impacts on migratory birds).,National bird protection program,31.7683,35.2137,https://mideastenvironment.apps01.yorku.ca/2024/05/kkl-jnf-unveils-new-program-to-protect-migratory-birds-jerusalem-post/
01/01/2024,"INPA creates a Bedouin led volunteer patrol (19 members) to locate and remove poisoned carcasses, addressing the primary threat to vultures in the Negev.",Conservation & Environment,State of Israel,Negev,Joint initiative with Israel Nature and Parks Authority.,Bedouin nature patrol,30.9,34.8,https://www.ynetnews.com/health_science/article/sjcotjljr
01/01/2024,Transportation Ministry launches bird-friendly acoustic wall project on highways (Route 20 and 2).,Conservation & Environment,State of Israel,Coastal and central highways (Routes 2 and 20),Visual markers to prevent collisions; response to study showing hundreds of thousands of bird deaths.,Bird-friendly acoustic walls,32.0853,34.7818,https://www.ynetnews.com/environment/article/h100fm4cja
01/01/2024,Researchers publish deep learning bird monitoring study using BirdNET-Analyzer at Hula Lake.,Conservation & Environment,State of Israel,Hula Lake,Deep learning framework for acoustic species monitoring. Automated framework for monitoring bird species by vocalisations.,BirdNET bioacoustics study,33.06666667,35.58333333,https://www.sciencedirect.com/science/article/pii/S1574954124000700
01/10/2024,Noga report evaluates effectiveness of powerline bird-collision marking measures. Study comparing effectiveness of different powerline marking measures; includes drone installation and monitoring (2022-2024).,Conservation & Environment,State of Israel,Jezreel Valley   Beit She an corridor,Study compares mitigation techniques including drone installation. Important for 'infrastructure mitigation' timeline: quantified reductions and operational methods.,Marking effectiveness study (Noga),32.604,35.322,https://www.noga-iso.co.il/media/qzxarbpv/%D7%94%D7%AA%D7%A0%D7%92%D7%A9%D7%95%D7%99%D7%95%D7%AA-%D7%91%D7%A7%D7%95%D7%95%D7%99-%D7%9E%D7%AA%D7%97-%D7%93%D7%95%D7%97-%D7%9E%D7%A1%D7%9B%D7%9D.pdf
07/05/2024,Israeli forces take control of Rafah crossing area during Rafah offensive and deploys forces within the Philadelphi Corridor (Gaza).,Military,Gaza Strip (Israeli military operation),Rafah crossing / Philadelphi corridor,Operations conducted along Gaza Egypt border area. Midpoint coordinate between Kerem Shalom crossing and Rafah Border Crossing (for mapping a linear corridor).,Philadelphi corridor control,31.234705,34.264895,https://www.aljazeera.com/news/2024/9/5/netanyahu-doubles-down-on-military-control-over-gazas-philadelphi-corridor
26/06/2024,"Reports indicate increased demolition of Bedouin villages in the Negev, with several communities at risk of displacement.",Governance & Territory,State of Israel,Negev (Naqab),"Estimates indicate approximately 5,000 6,000 residents in multiple villages at risk following intensified demolitions.",Demolition of Bedouin villages,31.25,34.8,https://iwgia.org/en/bedouin_negev_naqab/5654-iw-2025-bedouin.html
01/07/2024,Israeli authorities seize plot at Tel Sebastia for planned development works for planned flagpole/national-park development.,Heritage & Archaeology,West Bank (Israeli administration),Sebastia / Samaria,Reported July 2024.,Tel Sebastia plot seizure,32.28333333,35.18333333,https://www.ft.com/content/412aaea4-d25b-465c-83b4-36df4295e184
31/12/2024,Netzarim Corridor established/used as an east-west military corridor dividing Gaza Strip south of Gaza City.,Military,Gaza Strip (Israeli military control),Netzarim Corridor,Corridor used during 2024 Gaza operations.,Netzarim Corridor,31.4697,34.4316,https://www.ochaopt.org/
01/01/2025,Eilat Urban Nature Hub project launched for bird conservation along migratory route.,Conservation & Environment,State of Israel,Eilat,Urban ecological restoration and education initiative.,Eilat bird conservation hub,29.55,34.95,https://embassies.gov.il/boston/en/news/conserving-bird-migration-route-eilat
01/01/2025,Palestinian Environment Quality Authority reports 685 environmental violations in the West Bank attributed to Israeli military activities and settlements/settler violence.,Governance & Territory,West Bank,West Bank,Annual report documenting environmental impacts during 2024 2025 period.,PA environmental violations report,31.9522,35.2332,https://www.environment.ps/en/news/2025-report
01/01/2025,Research programme on nocturnal bird migration using radar and bioacoustics methods (Aya Marck).,Conservation & Environment,State of Israel,Haifa research programme,Study uses machine learning classification of nocturnal flight calls. Deep learning models classify bird species using bioacoustics,Nocturnal migration bioacoustics research,32.794,34.9896,https://animalflight.haifa.ac.il/people/aya-marck/
01/01/2025,Implementation phase of national vulture protection programme announced. Israel announces NIS 28.5 million vulture protection plan implementation (continuation from 2023).,Conservation & Environment,State of Israel,National conservation programme,Programme includes feeding stations and anti-poisoning measures.,Vulture plan implementation,31.7683,35.2137,https://www.ynetnews.com/environment/article/bj2rohkcll
02/04/2025,Morag Corridor announced/used as a military corridor in Gaza.,Military,Gaza Strip (Israeli military control),Morag Corridor,Corridor referenced in reporting during 2025 Gaza operations.,Morag Corridor,31.30833,34.28806,https://www.ochaopt.org/
01/05/2025,"Multiple archaeological site designation orders issued in northern West Bank including including Khirbet Silon/Tel Shiloh, Khirbet Tana et-Tahta (east of Beit Furik), and Mount Gerizim (Jabal Jarizim/Har Gerizim). Described as unprecedented in scale.",Heritage & Archaeology,West Bank (Israeli Civil Administration),Nablus (northern West Bank),Umbrella event covering multiple site declarations signed May 2025.,"Mass archaeology site declarations (Tel Shiloh, Khirbet Tana, Mt Gerizim)",32.221,35.262,https://emekshaveh.org/en/sites-declarations-and-more/
11/05/2025,Archaeological excavations initiated near Nablus at Sebastia (Tel Shomron) by Civil Administration archaeology unit.,Heritage & Archaeology,West Bank (Israeli Civil Administration),Sebastia (Tel Shomron),Site spans Areas B and C near Nablus.,Sebastia excavations begin,32.275,35.196,https://peacenow.org.il/en/the-civil-administration-begins-archaeological-excavations-at-the-sebastia-site
01/09/2025,"Reports document expropriation plans and expanded control over multiple archaeological sites in Nablus governorate, including Sebastia.",Heritage & Archaeology,West Bank (Israeli Civil Administration),Nablus (Sebastia and surrounding sites),Reflects expansion of archaeological designation and land control beyond initial excavation phase.,Sebastia excavations,32.221,35.262,https://poica.org/2025/09/nablus-governorates-archaeological-sites-face-israeli-expropriation-plans/
26/11/2025,"NAD media brief summarizes 2013-2025 confiscation/order distribution and lists named West Bank archaeological sites affected (including Sebastia, Tel Shiloh, Mount Gerizim, Khirbet Tana).",Governance & Territory,West Bank,West Bank (Nablus/Ramallah/Salfit),Brief lists multiple archaeological sites subject to orders. NAD: 63 orders affecting West Bank archaeological sites (2013-2025),NAD summary: 63 orders (2013-2025),31.9522,35.2332,https://www.nad.ps/en/media-room/media-briefs/archaeology-cultural-heritage-israel%E2%80%99s-strategy-entrench-de-facto-annexation
19/12/2025,Civil Administration archaeology unit activity reported at Sartaba / Alexandrium site.,Heritage & Archaeology,West Bank (Israeli Civil Administration),Sartaba / Alexandrium,Activity reported in Hebrew media. Coordinates reflect Sartaba/Alexandreion location.,Sartaba (Alexandrium) renewed activity,32.086,35.462,https://www.ynetnews.com/environment/article/ryg34ihx11x
15/03/2026,Bioacoustics conference 2026 at University of Haifa focusing on autonomous recording units for bird migration monitoring. ,Conservation & Environment,State of Israel,Haifa,Conference on acoustic monitoring and migration research (Soundscape analysis and bird monitoring).,Bioacoustics 2026 conference,32.8,34.98,https://animalflight.haifa.ac.il/bioacoustics-conference-2026/bioacoustics-2026-landing-page/
02/02/2026,Reported plan for park development and land expropriation at Sebastia archaeological site; Palestinian objections frame it as land/heritage seizure.,Heritage & Archaeology,West Bank (Israeli administration),Sebastia / Samaria,Reported February 2026; subject of dispute. Coordinates use UNESCO Tentative List point.,Sebastia expropriation notice / dispute,32.28333333,35.18333333,https://cwrc.ps/page-4267-en.html
05/06/1967,"Establishment of Israeli military administration and population registry system used to monitor Palestinian residency, identity, and movement",Governance & Territory,"West Bank, Gaza",Occupied Palestinian Territory,"Population registry functions as a foundational data infrastructure linking identity, residency status, and mobility rights. This system precedes digital surveillance but establishes the logic of population management and control through record-keeping.",Administrative Surveillance,31.9522,35.2332,https://imeu.org/resources/key-issues/fact-sheet-israeli-surveillance-restrictions-on-palestinian-movement/128
05/03/1991,"Introduction of the permit regime requiring Palestinians to obtain authorisation for movement between Gaza, West Bank, and Israel, creating a database-driven control system",Governance & Territory,"West Bank, Gaza, Israel",heckpoints / border crossings,"Permit system digitises earlier administrative controls, producing a networked infrastructure of movement governance. Functions through integration of ID databases, security classifications, and checkpoint enforcement mechanisms.",Movement Control Systems,31.7683,35.2137,https://www.btselem.org/freedom_of_movement
01/01/2019,Deployment of facial recognition surveillance systems ( Red Wolf ) at checkpoints in Hebron to track and classify Palestinians,Infrastructure & Technology,West Bank (H2),Hebron,"Facial recognition automates identification processes, removing need for physical ID checks. Operates through database matching and risk categorisation, embedding algorithmic decision-making into checkpoint infrastructure.",Biometric Surveillance,31.5326,35.0998,"https://www.amnesty.org/en/latest/campaigns/2023/05/automated-apartheid/, https://international-review.icrc.org/sites/default/files/reviews-pdf/2021-12/ihl-hr-facial-recognition-technology-occupied-palestinian-territory-914.pdf"
01/01/2020,Implementation of  Blue Wolf  system - a large-scale facial recognition database used by Israeli forces to identify Palestinians in real time,Infrastructure & Technology,West Bank,Multiple urban areas," Blue Wolf  functions as a gamified data acquisition system, incentivising soldiers to collect facial images. Expands surveillance beyond checkpoints into everyday urban environments, creating a pervasive biometric database.",AI / Database Surveillance,31.9522,35.2332,https://www.amnesty.org/en/latest/news/2023/05/israel-opt-israeli-authorities-are-using-facial-recognition-technology-to-entrench-apartheid/
28/09/2000,Expansion of checkpoint infrastructure integrated with digital ID verification and centralised databases during the Second Intifada,Governance & Territory,West Bank,"Checkpoints (e.g., Qalandia)","28/09/2000 (Ariel Sharon visit to Haram al-Sharif/Temple Mount) is the standard trigger date. The surveillance infrastructure expansion is processual (2000 2003), so this is again an anchor date, not a single deployment moment.",Networked Surveillance,31.8619,35.217,https://www.ecoi.net/en/file/local/1272348/1002_1246549512_ocha-opt-movement-access-2009-june-english.pdf
01/10/2015,Escalation of violence across the West Bank triggers intensified security measures and surveillance expansion planning,Governance & Territory,West Bank,Hebron,Used as contextual trigger; surveillance expansion follows immediately after October 2015 escalation.,Surveillance Trigger Event,31.5326,35.0998,https://international-review.icrc.org/sites/default/files/reviews-pdf/2021-12/ihl-hr-facial-recognition-technology-occupied-palestinian-territory-914.pdf
25/10/2015,"Installation and densification of CCTV cameras across Hebron H2, covering streets, checkpoints, and access points",Infrastructure & Technology,West Bank (H2),Hebron Old City,"Amnesty documents near-ubiquitous camera coverage in H2, forming the basis for later biometric integration.",CCTV Infrastructure Deploymen,31.5326,35.0998,https://www.amnesty.org/en/documents/mde15/6701/2023/en/
01/01/2016,Consolidation of Hebron surveillance network; cameras integrated with checkpoint control and monitoring systems,Infrastructure & Technology,West Bank (H2),Hebron checkpoints (incl. Shuhada Street corridor),Marks transition from standalone cameras ? networked surveillance architecture.,Networked Surveillance,31.5326,35.0998,https://international-review.icrc.org/sites/default/files/reviews-pdf/2021-12/ihl-hr-facial-recognition-technology-occupied-palestinian-territory-914.pdf
01/07/2014,Initial deployment and acceleration of CCTV camera installation across East Jerusalem Palestinian neighbourhoods,Governance & Territory,East Jerusalem,"Shuafat, Silwan, Issawiya, Old City",Marks beginning of large-scale camera installation following unrest; early phase of infrastructure build-out.,CCTV Deployment,31.7683,35.2137,https://international-review.icrc.org/sites/default/files/reviews-pdf/2021-12/ihl-hr-facial-recognition-technology-occupied-palestinian-territory-914.pdf
01/01/2015,"Expansion and densification of surveillance camera network, extending coverage into residential streets and public spaces",Infrastructure & Technology,East Jerusalem,"Old City, surrounding neighbourhoods","System transitions from discrete cameras ? continuous urban monitoring network, enabling persistent observation.",Networked Surveillance,31.7683,35.2137,https://international-review.icrc.org/sites/default/files/reviews-pdf/2021-12/ihl-hr-facial-recognition-technology-occupied-palestinian-territory-914.pdf
01/01/2016,"Spyware developed by NSO Group enabling covert access to smartphones (calls, messages, camera, microphone, files). First confirmed in 2016",Infrastructure & Technology,"West Bank, Gaza, Israel","NSO Group headquarters, Herzliya / remote device-level surveillance",Forensic analysis confirmed Pegasus infections on Palestinian human rights defenders  phones (2021). Represents non-territorial surveillance (not tied to checkpoints or infrastructure). Key shift: from physical control ? remote digital penetration.,Pegasus (NSO Group),32.165664,34.810508,https://www.frontlinedefenders.org/sites/default/files/palestine_nso_report_final.pdf
01/01/2010,"Suite of interception and hacking tools used by state actors, often overlapping with Pegasus capabilities.  Often operates through private companies contracted by states. Difficult to attribute specific deployments due to secrecy.",Infrastructure & Technology,Israel / Occupied Palestinian Territories,,"Confirmed (broader ecosystem, less individually documented). 
Often operates through private companies contracted by states. Difficult to attribute specific deployments due to secrecy.",Commercial cyber-surveillance tools,46.2265,6.1408,https://docs.un.org/en/A/HRC/39/29
12/09/2014,Veterans of Israeli military intelligence Unit 8200 publicly describe extensive surveillance and interception of Palestinian communications in the occupied territories.,Infrastructure & Technology,Unit 8200 / Palestinians in the occupied territories,"Camp Glilot, Ramat HaSharon, Israel",The testimonies describe surveillance of Palestinians across the occupied territories. The mapped coordinate indicates Unit 8200's central base at Camp Glilot and should not be understood as the geographical extent or a single site of interception.,Signals Intelligence / Palestinian Communications Surveillance,32.1428,34.8044,https://www.theguardian.com/world/2014/sep/12/israeli-intelligence-reservists-refuse-serve-palestinian-territories
06/06/1982,"Israel begins its ground invasion of Lebanon in Operation Peace for Galilee. During the following weeks, Israeli reservists refusing military service in Lebanon organise into the movement Yesh Gvul.",Resistance,Israel / Lebanon,Lebanon,"Yesh Gvul emerged during the First Lebanon War as a movement of Israeli reserve soldiers refusing service in Lebanon. Its first organised petition developed during the war, with reservists arguing that their obligation to defend Israel did not extend to military operations on Lebanese territory.",Military Refusal / Extraterritorial Operations,33.2705,35.2038,https://www.yesh-gvul.org.il/english
08/12/1987,Selective refusal emerges among Israeli reservists during policing and enforcement duties in the First Intifada,Resistance,"West Bank, Gaza (occupied territories)",Occupied Palestinian Territory,Refusals are diffuse; tied to shift from conventional warfare ? civilian population control.,Military Refusal / Occupation Enforcement,31.9522,35.2332,https://www.jstor.org/stable/2538162
25/01/2002,"Publication of the Combatants' Letter, signed by 51 reservists refusing service in the occupied territories",Resistance,"Israel / West Bank, Gaza",Tel Aviv (publication + military centre),One of the first formalised collective refusals with explicit political framing.,Military Refusal / Public Declaration,32.0853,34.7818,https://www.972mag.com/combatants-letter-army-refusal-zionist-left/
24/09/2003,Public refusal by Israeli Air Force pilots declining participation in targeted strike missions in Palestinian territories,Resistance,"Israel / Gaza, West Bank (aerial operations)",Tel Nof Airbase,Represents refusal within elite technological military infrastructure (air power).,Military Refusal / Aerial Warfare,31.8397,34.8215,https://btvshalom.org/archive/more/The_Pilots_Have_Courage_To_Refuse.pdf
14/07/2014,Reports of reservists refusing participation in operations during the 2014 Gaza War,Resistance,Israel / Gaza,Gaza Israel border region,Mid-conflict anchor; refusals linked to operational conduct rather than deployment itself.,Military Refusal / Active Conflict,31.5017,34.4668,https://forward.com/fast-forward/202671/50-israeli-reservists-refuse-to-serve-in-gaza-war/
07/10/2023,"Reports indicate 365+ reservists declined or threatened refusal connected to Gaza operations, reflecting widening internal divisions over wartime policy.",Resistance,Israel / Gaza,Gaza Israel interface (southern front),Represents scale shift in refusal discourse; includes both active refusal and threatened non-compliance.,Military Refusal / Systemic Crisis,31.4,34.35,https://theconversation.com/israels-refuseniks-a-growing-number-of-soldiers-are-refusing-to-serve-in-netanyahus-war-on-gaza-264707
01/06/2024,Peak reporting period of reservist refusals and dissent within Israeli military structures during ongoing Gaza operations,Resistance,Israel,National (distributed across military units),"Use as continuation marker, not standalone event; reflects persistence rather than onset.",Military Refusal / Internal Dissent,31.0461,34.8516,https://www.middleeasteye.net/live-blog/live-blog-update/dozens-israeli-reservists-sign-letter-expressing-refusal-serve-gaza
15/04/1936,"The Great Palestinian Revolt begins under the British Mandate, developing into a mass uprising combining popular mobilisation, strikes, national committees and armed resistance against British colonial rule and Zionist settlement.",Resistance,British Mandate Palestine,Palestine (territory-wide; Nablus used as organising anchor),"PalQuest dates the outbreak phase to mid-April 1936 and the revolt continued through 1939. Arabic: ?????? ?????????? ??????. Coordinate marks Nablus as an early organising centre, not the geographical extent of the revolt.",Great Palestinian Revolt begins,32.2211,35.2544,https://www.palquest.org/ar/highlight/288/%D8%A7%D9%84%D8%AB%D9%88%D8%B1%D8%A9-%D8%A7%D9%84%D9%81%D9%84%D8%B3%D8%B7%D9%8A%D9%86%D9%8A%D8%A9-%D8%A7%D9%84%D9%83%D8%A8%D8%B1%D9%89%D8%8C-1936-1939
08/05/1936,"A Palestinian general strike develops into a territory-wide form of civil resistance during the Great Palestinian Revolt, disrupting commercial and economic activity under the British Mandate.",Resistance,British Mandate Palestine,Palestine (territory-wide; Jerusalem used as coordination anchor),Local strike calls and national committees formed in April 1936; PalQuest records the national general strike as beginning in early May. Arabic: ??????? ?????. The strike was coordinated through Palestinian national committees and the Arab Higher Committee.,1936 Palestinian General Strike,31.7683,35.2137,https://www.palquest.org/ar/highlight/288/%D8%A7%D9%84%D8%AB%D9%88%D8%B1%D8%A9-%D8%A7%D9%84%D9%81%D9%84%D8%B3%D8%B7%D9%8A%D9%86%D9%8A%D8%A9-%D8%A7%D9%84%D9%83%D8%A8%D8%B1%D9%89%D8%8C-1936-1939
01/09/1957,"The first organisational nucleus of the Palestinian National Liberation Movement (Fatah) is formed by Palestinian activists, developing an independent Palestinian organisation focused on mobilising Palestinians in resistance.",Resistance,Palestinian national movement / diaspora,Kuwait (early organisational nucleus),Month-only date: PalQuest places Fatah's first nucleus in September 1957 and records a further organisational meeting in Kuwait on 10 October 1959. Arabic: ???? ??????? ?????? ????????? (???). 01/09 is used as a month anchor rather than an asserted exact day.,Fatah founded,29.3759,47.9774,https://www.palquest.org/ar/overallchronology?nid=9826
02/06/1964,The first Palestinian National Council announces the establishment of the Palestine Liberation Organization (PLO) and adopts its National Charter and Basic Law.,Resistance,Palestinian national movement,East Jerusalem,The first Palestinian National Council met in Jerusalem from 28 May to 2 June 1964; the PLO was formally proclaimed on 2 June. Arabic: ????? ??????? ??????????.,PLO established,31.7683,35.2137,https://www.palquest.org/ar/overallchronology?nid=285&synopses%5B0%5D=285
01/01/1965,"Fatah issues its first military communiqué after its armed wing al-Asifa carries out its first operation, a symbolic marker for the beginning of Fatah's armed campaign.",Resistance,Palestinian national movement / State of Israel,"Ailabun / National Water Carrier, Galilee",PalQuest records the operation during the night of 31 December 1964 to 1 January 1965 and notes that 1 January became a symbolic date for the launch of the contemporary Palestinian revolution. Arabic: ???? ???????.,Fatah armed campaign begins,32.836,35.4,https://www.palquest.org/ar/overallchronology?nid=9826
11/12/1967,"The Popular Front for the Liberation of Palestine (PFLP) is founded following the June 1967 war and occupation, bringing together Palestinian nationalist organisations under a new front.",Resistance,Palestinian national movement / PLO sphere,"Beirut, Lebanon (formation-process organisational anchor)",Arabic: ?????? ??????? ?????? ??????. The PFLP was publicly announced on 11 December 1967. Beirut is used here as an organisational anchor rather than an asserted exact founding-site coordinate: the PFLP's own historical account documents a Palestinian action leadership conference in Beirut in September 1967 during the formation process.,PFLP founded,33.8938,35.5018,https://www.palquest.org/ar/highlight/23333/%D8%A7%D9%84%D8%AC%D8%A8%D9%87%D8%A9-%D8%A7%D9%84%D8%B4%D8%B9%D8%A8%D9%8A%D8%A9-%D9%84%D8%AA%D8%AD%D8%B1%D9%8A%D8%B1-%D9%81%D9%84%D8%B3%D8%B7%D9%8A%D9%86 ; https://pflp.ps/page/1/%D8%A7%D9%84%D9%86%D8%B4%D8%A3%D8%A9-%D9%88%D8%A7%D9%84%D8%AA%D9%83%D9%88%D9%8A%D9%86
22/02/1969,The Democratic Popular Front for the Liberation of Palestine is established after a split from the PFLP; it later becomes known as the Democratic Front for the Liberation of Palestine (DFLP).,Resistance,Palestinian national movement / PLO sphere,"Beirut, Lebanon (organisational/publication anchor)","Arabic: ?????? ??????????? ?????? ??????. PalQuest records the split from the PFLP and independent declaration on 22 February 1969. Beirut is used as an organisational/publication anchor rather than an asserted exact founding-site coordinate: the internal debate leading to the split was carried through al-Hurriyya, a major Beirut-based publication of the Arab Nationalist Movement milieu.",DFLP founded,33.8938,35.5018,https://www.palquest.org/ar/highlight/23612/%D8%A7%D9%84%D8%AC%D8%A8%D9%87%D8%A9-%D8%A7%D9%84%D8%AF%D9%8A%D9%85%D9%82%D8%B1%D8%A7%D8%B7%D9%8A%D8%A9-%D9%84%D8%AA%D8%AD%D8%B1%D9%8A%D8%B1-%D9%81%D9%84%D8%B3%D8%B7%D9%8A%D9%86 ; https://dflp.org/en/
15/08/1973,The Palestinian National Front in the Occupied Territories is established as a political framework coordinating Palestinian national action inside the West Bank and Gaza Strip under occupation.,Resistance,West Bank and Gaza Strip (Israeli occupation),Occupied Palestinian territories,Arabic: ?????? ??????? ?????????? ?? ????? ???????. Important as an organisational structure rooted inside the occupied territories rather than solely in exile.,Palestinian National Front established,31.9522,35.2332,https://www.palquest.org/ar/historictext/34007/%D8%A8%D8%B1%D9%86%D8%A7%D9%85%D8%AC-%D8%A7%D9%84%D8%AC%D8%A8%D9%87%D8%A9-%D8%A7%D9%84%D9%88%D8%B7%D9%86%D9%8A%D8%A9-%D8%A7%D9%84%D9%81%D9%84%D8%B3%D8%B7%D9%8A%D9%86%D9%8A%D8%A9-%D9%81%D9%8A-%D8%A7%D9%84%D8%A7%D8%B1%D8%B6-%D8%A7%D9%84%D9%85%D8%AD%D8%AA%D9%84%D8%A9
30/03/1976,"Palestinians organise a general strike and mass demonstrations against Israeli land confiscation in the Galilee, creating what becomes known as Land Day.",Resistance,State of Israel / Palestinian citizens of Israel,"Sakhnin, Arraba and Deir Hanna / Galilee","Six Palestinian citizens were killed during the protests. Solidarity strikes and actions also took place in the West Bank, Gaza Strip and Palestinian refugee communities. Arabic: ??? ?????.",Palestinian Land Day,32.8622,35.2933,https://www.palquest.org/ar/highlight/14510/%D9%8A%D9%88%D9%85-%D8%A7%D9%84%D8%A3%D8%B1%D8%B6%D8%8C-30-%D8%A2%D8%B0%D8%A7%D8%B1-%D9%85%D8%A7%D8%B1%D8%B3-1976
01/01/1980,"The organisational nucleus that develops into Palestinian Islamic Jihad (PIJ) begins to form among Palestinian students in Egypt; the movement subsequently builds an organisational presence on the ground, particularly in Gaza.",Resistance,Palestinian national movement / Egypt / Gaza Strip,Gaza Strip (later organisational centre; origins also in Egypt),"Year-only anchor: PalQuest describes the organisational nucleus forming from the beginning of 1980, with organisers building the movement in Palestine, especially Gaza, from 1981. Arabic: ???? ?????? ???????? ?? ??????. 01/01 is a year anchor, not an asserted exact founding day.",Palestinian Islamic Jihad emerges,31.5017,34.4668,https://www.palquest.org/ar/biography/14248/%D9%81%D8%AA%D8%AD%D9%8A-%D8%A7%D9%84%D8%B4%D9%82%D8%A7%D9%82%D9%8A
03/04/2002,Palestinian armed resistance in Jenin refugee camp confronts the Israeli military incursion during Operation Defensive Shield.,Resistance,West Bank (Israeli occupation),Jenin refugee camp,PalQuest records the Jenin camp invasion and battle from 3 to 19 April 2002. This complements the existing CSV row describing Operation Defensive Shield from the Israeli military side.,Jenin camp resistance,32.4605,35.2882,https://www.palquest.org/ar/overallchronology-grid?nid=33674&synopses=
20/02/2005,"Residents of Bil'in begin sustained popular resistance against construction of the separation wall across village lands, with Palestinian-led demonstrations later joined by Israeli and international solidarity activists.",Resistance,West Bank (Israeli occupation),"Bil'in, Ramallah and al-Bireh Governorate",Arabic discourse commonly places Bil'in within ???????? ??????? (popular resistance). The first protest associated with the start of wall construction is documented on 20 February 2005; demonstrations developed into a long-running weekly movement.,Bil'in popular resistance,31.9286,35.072,https://www.palestine-studies.org/ar/node/1652312 ; https://qantara.de/ar/article/%D8%A7%D9%84%D9%85%D9%82%D8%A7%D9%88%D9%85%D8%A9-%D8%A7%D9%84%D9%81%D9%84%D8%B3%D8%B7%D9%8A%D9%86%D9%8A%D8%A9-%D8%A7%D9%84%D8%B3%D9%84%D9%85%D9%8A%D8%A9-%D9%85%D9%82%D8%A7%D9%88%D9%85%D8%A9-%D8%AE%D9%84%D8%A7%D9%82%D8%A9-%D8%B6%D8%AF-%D8%A7%D9%84%D8%AC%D8%AF%D8%B1%D8%A7%D9%86-%D9%88%D8%A7%D9%84%D8%A3%D8%B3%D9%84%D8%A7%D9%83-%D8%A7%D9%84%D8%B4%D8%A7%D8%A6%D9%83%D8%A9-%D8%A7%D9%84%D8%A5%D8%B3%D8%B1%D8%A7%D8%A6%D9%8A%D9%84%D9%8A%D8%A9
17/04/2017,"Around 1,500 Palestinian prisoners held by Israel launch the mass Freedom and Dignity hunger strike over detention conditions and prisoners' rights.",Resistance,Israeli prison system / occupied Palestinian territory,Israeli prisons holding Palestinian prisoners,A major example of Palestinian prisoner resistance. The strike began on Palestinian Prisoners' Day and ended on 27 May 2017 after 41 days. Arabic: ????? ?????? ????????.,Freedom and Dignity hunger strike,31.7683,35.2137,https://www.un.org/unispal/wp-content/uploads/2017/10/A7235.pdf
05/05/2021,Residents of Beita and neighbouring Palestinian villages begin sustained popular resistance against the Evyatar settlement outpost established on Jabal Sabih south of Nablus.,Resistance,West Bank (Israeli occupation),"Beita / Jabal Sabih, Nablus Governorate","OHCHR documentation records protests from 5 May 2021. Palestinian sources describe daily and weekly demonstrations, community organising and other popular-resistance practices. Arabic: ???????? ??????? ?? ???? / ??? ????.",Beita / Jabal Sabih resistance,32.1423,35.2857,https://www.palestine-studies.org/ar/node/1652686 ; https://spcommreports.ohchr.org/TMResultsBase/DownLoadPublicCommunicationFile?gId=27058
18/05/2021,"A Palestinian general strike is held across multiple fragmented Palestinian geographies during the Unity Intifada, linking mobilisation in the West Bank, East Jerusalem and Palestinian communities inside Israel.",Resistance,Palestine / Palestinian citizens of Israel,West Bank / East Jerusalem / Palestinian communities inside Israel,PalQuest categorises this as popular action and names it ??????? ????? ???????? ?????? (General Strike of the Unity Intifada). Jerusalem is used only as a geographic anchor because the action was deliberately cross-territorial.,Unity Intifada General Strike,31.7683,35.2137,https://www.palquest.org/ar/overallchronology?nid=31098
02/09/2022,The Lions' Den group emerges in Nablus as a locally organised Palestinian armed formation during a wider resurgence of armed resistance in the northern West Bank.,Resistance,West Bank (Israeli occupation),Nablus Old City / Nablus Governorate,PalQuest dates the emergence of the group and the associated period of Israeli collective restrictions on Nablus from 2 September to 3 November 2022. Arabic: ???? ??????.,Lions' Den emerges,32.2211,35.2544,https://www.palquest.org/ar/overallchronology-grid?nid=33674&synopses=
06/01/2026,"Israel's Communications Ministry approves an upgrade to 4G mobile services for Palestinian operators in the West Bank, allowing Jawwal and Ooredoo to begin preparations for deployment.",Infrastructure & Technology,West Bank / Israeli telecommunications regulation,West Bank (Ramallah used as Palestinian telecommunications anchor),"This is an approval and rollout-preparation milestone, not a confirmed commercial 4G launch. Palestinian mobile networks in the West Bank had operated on 3G since 2018, while Gaza remained on 2G. Ramallah is used as a geographic anchor because the approval applies across the West Bank rather than to a single mast or city.",Palestinian 4G upgrade approved,31.9031,35.1952,https://www.reuters.com/world/middle-east/israel-approves-upgrade-4g-mobile-services-palestinians-west-bank-2026-01-06/
15/01/2026,UNOPS identifies restoration of the Gaza Power Plant and associated electricity infrastructure as an urgent recovery priority during a visit to the facility.,Energy,Gaza Strip,Gaza Power Plant / Nuseirat,"UNOPS reported that Gaza's main and only power generation plant had remained out of service since October 2023 and that immediate repair of the plant, fuel tanks and electricity grid was an urgent priority. Coordinates correspond to the Gaza Power Plant.",Gaza Power Plant restoration priority,31.455398,34.399538,https://www.un.org/unispal/document/gaza-restoring-power-is-an-urgent-priority-unops-press-conference/
16/01/2026,"Chevron and its partners take a final investment decision to expand the Leviathan offshore natural gas field, increasing planned production capacity.",Energy,State of Israel (offshore gas field),Leviathan gas field / Eastern Mediterranean,The expansion is planned to increase Leviathan production to approximately 21 billion cubic metres per year. Coordinates use the field-level location reported by Global Energy Monitor rather than a coastal institutional anchor.,Leviathan expansion approved,33.0014,33.649,https://www.reuters.com/business/energy/chevron-takes-final-investment-decision-leviathan-gas-expansion-2026-01-16/ ; https://www.gem.wiki/Leviathan_Gas_Field_%28Israel%29
12/03/2026,"Israeli authorities shift Gaza's access-restricted Orange Line farther into the Strip, extending restrictions across an additional 5.5 square kilometres.",Military,Gaza Strip (Israeli military access restrictions),Gaza Strip / Orange Line,"OCHA reports that the Orange Line, introduced after the October 2025 ceasefire, was shifted on 12 March 2026 to extend access restrictions by a further 5.5 square kilometres. The coordinate is a Gaza Strip geographic anchor because the line is a distributed military boundary rather than a point feature.",Orange Line expanded,31.5017,34.4668,https://www.un.org/unispal/document/ocha-humanitarian-situation-report-26-june-2026/
25/03/2026,"An airstrike damages the electricity supply line serving the Southern Gaza Seawater Desalination Plant, forcing the plant onto backup generators and sharply reducing drinking-water production.",Energy,Gaza Strip,Southern Gaza Seawater Desalination Plant / Khan Younis,"Damage to the electricity line reduced the plant's output by about 80 per cent and affected drinking-water availability for an estimated 500,000 people in Deir al-Balah and Al Mawasi. Full operations resumed after repairs completed on 4 April. Coordinates correspond to the Southern Gaza desalination-plant point in OCHA's Gaza water-infrastructure dataset.",Desalination electricity line damaged,31.52782347,34.48941378,https://www.un.org/unispal/document/ocha-humanitarian-situation-report-10-april-2026/ ; https://www.unicef.org/sop/ar/%D8%A7%D9%84%D9%8A%D9%88%D9%86%D9%8A%D8%B3%D9%81-%D8%AA%D8%B9%D9%8A%D8%AF-%D8%A5%D9%8A%D8%B5%D8%A7%D9%84-%D8%A7%D9%84%D9%85%D9%8A%D8%A7%D9%87-%D8%A7%D9%84%D8%A2%D9%85%D9%86%D8%A9-%D9%84%D8%B9%D8%B4%D8%B1%D8%A7%D8%AA-%D8%A7%D9%84%D8%A2%D9%84%D8%A7%D9%81-%D9%85%D9%86-%D8%A7%D9%84%D8%A3%D8%B7%D9%81%D8%A7%D9%84-%D9%81%D9%8A-%D9%82%D8%B7%D8%A7%D8%B9-%D8%BA%D8%B2%D8%A9/%D9%82%D8%B5%D8%B5
20/04/2026,"The United Nations, World Bank and European Union publish the final Gaza Rapid Damage and Needs Assessment, documenting near-total destruction and severe losses across Gaza's information and communications technology sector.",Infrastructure & Technology,Gaza Strip,Gaza Strip (territory-wide ICT infrastructure),"The assessment estimates US$200.7 million in direct ICT damage, US$346 million in losses and US$500.5 million in recovery and reconstruction needs. It records 81 per cent of ICT assets as destroyed, 12 per cent partially damaged and 7 per cent minimally damaged. The coordinate is a Gaza Strip anchor because the assessment covers a distributed network of towers, exchanges, fibre, data centres and access infrastructure.",Gaza ICT damage assessment,31.5017,34.4668,https://unsco.unmissions.org/sites/default/files/2026-04/full_report-_gaza_strip_rapid_damage_and_needs_assessment_rdna_2026_1.pdf ; https://www.un.org/unispal/document/sg-report-24jun26/
12/05/2026,"The Knesset approves in first reading a bill to establish a civilian Judea and Samaria Heritage Authority under Israel's Ministry of Heritage for antiquities, archaeology and heritage sites in the occupied West Bank.",Heritage & Archaeology,State of Israel / occupied West Bank,"Knesset, Jerusalem / West Bank heritage sites",The proposal passed its first reading by 23 votes to 14. It would establish direct Israeli statutory responsibility for archaeology and heritage administration in the West Bank. The coordinate marks the legislative institution in Jerusalem; the proposed authority's territorial effects are distributed across the West Bank.,West Bank Heritage Authority bill,31.7683,35.2137,https://main.knesset.gov.il/EN/News/PressReleases/Pages/press12526q.aspx
25/05/2026,"The Israeli Civil Administration issues an expropriation order covering the Herodium archaeological site and adjacent farmland, spring areas and access routes east of Bethlehem.",Heritage & Archaeology,West Bank (Area C / Israeli Civil Administration),"Herodium / Jabal al-Fureidis, Bethlehem Governorate",The UN Secretary-General records the order as issued on 25 May 2026. Peace Now reported the order on 2 June and gives its area as approximately 300 dunams. Coordinates correspond to the archaeological site at Herodium.,Herodium expropriation order,31.66583,35.24139,https://www.un.org/unispal/document/sg-report-24jun26/ ; https://peacenow.org.il/en/300-dunams-at-the-herodium
04/06/2026,"The Palestinian Environment Quality Authority and Palestinian Central Bureau of Statistics publish an updated assessment of environmental damage in Gaza, documenting carbon emissions, sewage-system destruction, solid waste accumulation and rubble.",Conservation & Environment,State of Palestine / Gaza Strip,Gaza Strip,"Arabic Palestinian source. The assessment reports about 33.2 million tonnes CO2e associated with the war and reconstruction cycle, damage to more than 90 per cent of sewage infrastructure, approximately 710,000 tonnes of domestic waste and more than 60 million tonnes of rubble. The coordinate is a Gaza Strip anchor because the assessment is territory-wide.",Gaza environmental damage assessment,31.5017,34.4668,https://environment.ps/eqa-63/
23/06/2026,"Israeli authorities shift Gaza's Orange Line again, expanding the access-restricted area and bringing approximately 64.9 per cent of the Gaza Strip under tighter and more direct Israeli control.",Military,Gaza Strip (Israeli military access restrictions),Gaza Strip / Orange Line,OCHA reports a further shift on 23 June 2026 following the earlier 12 March expansion. The resulting Orange Line encompassed 64.9 per cent of Gaza. The coordinate is a Gaza Strip geographic anchor because the line is a distributed military boundary.,Orange Line expanded again,31.5017,34.4668,https://www.un.org/unispal/document/ocha-humanitarian-situation-report-26-june-2026/
24/07/2026,The UNESCO World Heritage Committee inscribes Sebastia in the State of Palestine on the World Heritage List through the emergency procedure and simultaneously places it on the List of World Heritage in Danger.,Heritage & Archaeology,State of Palestine / UNESCO,"Sebastia, Nablus Governorate",The Committee vote took place on 24 July 2026; UNESCO published its wider announcement on 26 July. Sebastia was inscribed under criterion (iii) using the emergency procedure. Coordinates use UNESCO's geographical data for the inscribed property.,Sebastia UNESCO inscription,32.2763389,35.188875,https://www.unesco.org/en/articles/facing-major-threats-six-new-sites-join-unescos-list-world-heritage-danger-three-them-emergency ; https://whc.unesco.org/en/list/1809/maps/
14/08/2026,Reuters documents the diversion of water from a Palestinian freshwater spring in Fasayil to a settler-operated pool and tourism site in the Jordan Valley.,Conservation & Environment,West Bank (Israeli occupation),"Fasayil, Jericho Governorate / Jordan Valley",Included as a structural water and territorial-control event rather than as a general settler-violence incident. Reuters reports that the diversion deprived Palestinian farmers of water used for irrigation and situates it within a wider pattern of water-source takeovers. Coordinates mark Fasayil village because the precise spring coordinate is not published in the source.,Fasayil spring diversion,32.02597,35.44474,https://www.reuters.com/world/middle-east/palestinian-freshwater-springs-being-seized-by-israeli-settlers-2026-08-14/
01/09/1967,"Kfar Etzion is established south of Jerusalem, becoming the first Israeli settlement established in the West Bank after the June 1967 war.",Governance & Territory,West Bank (Israeli military administration),Kfar Etzion / Gush Etzion,Month-only anchor: B'Tselem and UN historical chronologies place the establishment of Kfar Etzion in September 1967. 01/09 is used as a month anchor rather than an asserted exact day.,First post-1967 West Bank settlement,31.65,35.116667,https://conquer-and-divide.btselem.org/map-en.html ; https://conquer-and-divide.btselem.org/map-ar.html
01/04/1968,"A group of Israeli settlers rents the Park Hotel in Hebron for Passover and refuses to leave, initiating a permanent settler presence that is subsequently supported by the Israeli government and connected to the establishment of Kiryat Arba.",Governance & Territory,West Bank (Israeli military administration),Hebron / Al-Khalil,"Month-only anchor: the Park Hotel action took place around Passover in April 1968. The coordinate marks central Hebron, not the precise former hotel footprint.",Hebron settler presence begins,31.5326,35.0998,https://www.ochaopt.org/sites/default/files/h2_spotlight_april_2019.pdf ; https://www.btselem.org/hebron/ghost_town
01/01/1970,"Israel enacts the Legal and Administrative Matters Law, creating a mechanism through which Jewish owners or successor bodies can pursue claims to certain property in East Jerusalem held before 1948; the law later becomes a central legal mechanism in settler-led eviction cases.",Governance & Territory,East Jerusalem (Israeli administration),East Jerusalem,"Year-only anchor: exact enactment day is not asserted here. B'Tselem and OCHA document the law's later use in property takeover and eviction proceedings, including in Silwan.",East Jerusalem property-claim law,31.7683,35.2137,https://www.ochaopt.org/content/imminent-eviction-palestinian-family-east-jerusalem ; https://www.btselem.org/jerusalem/202603_judaizing_jerusalem_11_palestinian_families_to_be_evicted_this_month_from_baten_al_hawa_in_silwan
08/12/1975,"After repeated Gush Emunim attempts to establish a settlement at the Sebastia railway station, the Israeli government reaches a compromise allowing settlers to remain temporarily at the nearby Kadum military camp; the settlement later develops into Kedumim.",Governance & Territory,West Bank (Israeli military administration),Sebastia railway station / Kadum area,The coordinate uses the Sebastia-area anchor already used in the master timeline. This event is included because it marks a major shift toward organised ideological settlement in the northern West Bank.,Sebastia compromise / Kedumim,32.28333333,35.18333333,https://peacenow.org.il/en/renovation-of-the-masoudiasebastiya-train-station-as-a-touristic-settlement-in-the-north-of-the-west-bank ; https://www.gettyimages.co.uk/detail/news-photo/right-wing-israeli-rabbi-moshe-levinger-waves-an-israeli-news-photo/52985783
25/03/1979,"Israeli Military Order 783 establishes a regional-council framework for Israeli settlements in the West Bank, defining settlement council areas through maps whose boundaries can be altered by the military commander.",Governance & Territory,West Bank (Israeli military administration),West Bank (settlement regional councils),Territory-wide administrative event. The coordinate is a West Bank geographic anchor rather than the location of a single council.,Settlement regional councils established,31.9522,35.2332,https://www.un.org/unispal/document/auto-insert-180328/ ; https://www.un.org/unispal/document/auto-insert-194986/
22/10/1979,"Israel's High Court rules against the seizure of privately owned Palestinian land for the Elon Moreh settlement on the stated basis of military necessity, ordering the settlement removed from the requisitioned site.",Governance & Territory,West Bank (Israeli military administration),"Rujeib / Elon Moreh, Nablus Governorate",The ruling became a legal turning point. B'Tselem documents that settlement policy subsequently shifted toward extensive use of land declared 'state land' rather than routine military requisition of private land for settlement construction.,Elon Moreh ruling / state-land shift,32.23571,35.33163,https://www.btselem.org/settlements/seizure_of_land_for_military_purposes ; https://www.un.org/unispal/document/auto-insert-180328/
01/08/1995,The first major Oslo-era settlement bypass road around Jericho is inaugurated as Israel develops a wider road network allowing settlement traffic to bypass Palestinian population centres and connect settlements to each other and to Israel.,Infrastructure & Technology,West Bank (Israeli military administration / Oslo interim period),Jericho / West Bank bypass-road network,"The coordinate marks Jericho as the first-road anchor, while the programme was West Bank-wide. UN reporting recorded 11 bypass roads planned in 1995; B'Tselem documents military requisitions for 17 roads between August 1994 and September 1996.",Settlement bypass-road network,31.87130556,35.44405556,https://www.un.org/unispal/document/auto-insert-179406/ ; https://www.btselem.org/settlements/seizure_of_land_for_military_purposes
02/08/1996,"The Israeli Cabinet lifts restrictions on settlement construction and establishes a new approval framework; the period also marks the beginning of the settlement-outpost system, in which outposts lacking full formal approval receive varying forms of state support and protection.",Governance & Territory,Government of Israel / West Bank settlements,West Bank (distributed settlement and outpost network),"B'Tselem dates the beginning of the outpost mechanism to 1996 and documents support from government ministries, the army and the Civil Administration. The coordinate is a West Bank anchor because the policy affected distributed sites.",Settlement outpost system begins,31.9522,35.2332,https://www.btselem.org/download/201007_by_hook_and_by_crook_eng.pdf ; https://www.un.org/unispal/document/auto-insert-200398/
17/01/1997,"The Protocol Concerning the Redeployment in Hebron divides the city into H1 and H2. The Palestinian Authority assumes responsibility in H1, while Israel retains responsibility for internal security and public order in H2 and for the security of Israelis there.",Governance & Territory,Israel / Palestinian Authority,Hebron / Al-Khalil (H1 and H2),Included because H2 institutionalised a distinctive territorial arrangement around Israeli settlement enclaves within the Palestinian city. Coordinate marks central Hebron.,Hebron H1 / H2 division,31.5326,35.0998,https://www.un.org/unispal/document/auto-insert-196311/
06/02/2017,"The Knesset enacts the Regularization Law, designed to allow retroactive regularization of certain Israeli settlement construction on privately owned Palestinian land under specified conditions.",Governance & Territory,State of Israel / West Bank settlements,"Knesset, Jerusalem / West Bank effects",The coordinate marks the legislative institution in Jerusalem rather than the distributed West Bank parcels affected by the law.,Regularization Law enacted,31.7683,35.2137,https://www.ochaopt.org/content/restricted-access-farming-land-taken-over-settlers-despite-legal-rulings-israeli-courts ; https://www.adalah.org/en/content/view/10024
09/06/2020,"Israel's Supreme Court strikes down the 2017 Regularization Law, finding that its mechanism for retroactively regularizing settlement construction on privately owned Palestinian land was unconstitutional.",Governance & Territory,State of Israel / West Bank settlements,Jerusalem (Supreme Court),Included as an important counter-movement within the legal history of settlement expansion rather than treating settlement policy as a one-directional chronology.,Regularization Law struck down,31.7683,35.2137,https://www.adalah.org/en/content/view/10035
22/03/2023,"The Knesset repeals the sections of the 2005 Disengagement Law that prohibited Israelis from entering the sites of four evacuated settlements in the northern West Bank, enabling renewed Israeli presence in these areas.",Governance & Territory,State of Israel / northern West Bank,"Knesset, Jerusalem / Homesh, Sa-Nur, Ganim and Kadim",The coordinate marks the legislative decision in Jerusalem. The territorial effects concern four settlement sites evacuated in 2005; the existing Gaza disengagement row in the master timeline is therefore not duplicated.,Northern West Bank disengagement repeal,31.7683,35.2137,https://peacenow.org.il/en/knesset-passes-amendment-repealing-disengagement-law-for-northern-west-bank-in-final-vote
18/06/2023,"The Israeli government changes the settlement-planning approval process, removing the requirement for political approval at each planning stage and delegating substantial settlement-planning authority to the Additional Minister in the Ministry of Defense.",Governance & Territory,Government of Israel / West Bank (Area C),Jerusalem (government decision) / West Bank settlement planning,Institutional coordinate: Jerusalem. The decision made settlement planning more regularised and less dependent on repeated Cabinet or ministerial approvals.,Settlement planning authority restructured,31.7683,35.2137,https://peacenow.org.il/en/the-annexation-agenda-of-the-israeli-government
29/05/2024,"A civilian deputy to the head of the Israeli Civil Administration is appointed with extensive authority over West Bank settlement and land matters, including planning, state-land declarations, expropriations and related administrative functions.",Governance & Territory,West Bank (Israeli Civil Administration / Ministry of Defense),West Bank (territory-wide administrative authority),"Peace Now and UN reporting document a broader transfer of settlement, land and planning functions from military structures toward Israeli civilian officials. Coordinate is a West Bank anchor, not a single operational site.",Civilianization of settlement governance,31.9522,35.2332,https://peacenow.org.il/en/the-annexation-agenda-of-the-israeli-government
25/06/2024,"The Israeli Civil Administration declares approximately 12,700 dunams in the Jordan Valley as state land, the largest single such declaration since the Oslo Accords at that point and part of a record acceleration of state-land declarations during 2024.",Governance & Territory,West Bank (Area C / Israeli Civil Administration),"Jordan Valley (between Yafit, Masu'a, Gitit and Ma'ale Efraim)","The coordinate is a regional Jordan Valley anchor near Yafit, not a cadastral boundary. Peace Now reports that the declaration linked settlement areas in the valley and mountain ridge and followed earlier 2024 declarations.",Record Jordan Valley state-land declaration,32.0614,35.4742,https://peacenow.org.il/en/state-land-declaration-12000-dunams
11/05/2025,"The Israeli Security Cabinet decides to resume formal land-registration procedures in Area C of the West Bank, reviving a process suspended since 1968.",Governance & Territory,West Bank (Area C / Israeli administration),"Area C, West Bank",The coordinate is a West Bank anchor because registration concerns distributed land parcels. UN reporting states that the decision instructed the military commander to begin the process and to prevent competing Palestinian Authority registration procedures.,Area C land registration resumed,31.9522,35.2332,https://www.un.org/unispal/document/sg-report-25jun25/
29/05/2025,"The Israeli Cabinet approves the establishment or formal recognition of 22 settlements in the West Bank, including new settlements and the conversion or legalization of existing outposts.",Governance & Territory,West Bank (Israeli settlement policy),West Bank (22 distributed sites),Peace Now described the decision as the most extensive establishment of settlements of its kind since the Oslo period. The coordinate is a West Bank-wide anchor and does not represent one of the 22 sites.,22 settlements approved,31.9522,35.2332,https://peacenow.org.il/en/cabinet-decision-22-settlements
20/08/2025,"A Defence Ministry planning commission gives final approval to the E1 settlement plan east of Jerusalem, involving approximately 3,400 housing units between East Jerusalem and Ma'ale Adumim.",Governance & Territory,West Bank (Area C / Israeli settlement planning),E1 corridor / Ma'ale Adumim,The E1 coordinate is a central area anchor rather than a plan-boundary coordinate. Reuters and other monitoring organisations describe the plan as geographically significant because of its position between East Jerusalem and the central West Bank.,E1 settlement plan final approval,31.8011111,35.2816667,https://www.reuters.com/world/middle-east/israel-approves-settlement-plan-erase-idea-palestinian-state-2025-08-20/
08/02/2026,"The Israeli Security Cabinet approves a package of West Bank land and administrative measures, including changes facilitating direct land purchases and expanding Israeli enforcement and administrative powers beyond Area C in specified contexts.",Governance & Territory,West Bank / Government of Israel,West Bank (territory-wide policy package),"The coordinate is a West Bank anchor because the measures concern multiple legal and territorial mechanisms rather than a single site. This is included as a structural policy event, not as an individual settler incident.",West Bank land-control measures,31.9522,35.2332,https://peacenow.org.il/en/cabinet-land-decisions
15/02/2026,The Israeli government approves a multi-year programme and budget to advance systematic land registration in Area C through Israeli state institutions.,Governance & Territory,West Bank (Area C / Israeli administration),"Area C, West Bank",Peace Now reports a five-year programme of approximately NIS 244 million. This operationalises the May 2025 decision to resume land registration and precedes the online registration platform launched in May 2026.,Area C land-registration programme,31.9522,35.2332,https://peacenow.org.il/en/government-decision-land-registration
25/03/2026,"The Israeli Cabinet approves 34 settlements across Area C, including new settlements and the regularization or reclassification of existing outposts and settlement neighbourhoods.",Governance & Territory,West Bank (Area C / Israeli settlement policy),"Area C, West Bank (34 distributed sites)","The UN Secretary-General described this as the most extensive number of settlements approved in a single Cabinet decision to that date. The coordinate is a West Bank anchor, not an individual settlement site.",34 settlements approved,31.9522,35.2332,https://www.un.org/unispal/document/sg-report-24jun26/
25/05/2026,"The Israeli Civil Administration and Land Registration Authority launch an online platform for submitting and processing land-registration applications in the West Bank, initially covering properties in Area C.",Infrastructure & Technology,West Bank (Area C / Israeli Civil Administration and Land Registration Authority),Area C land-registration system / institutional anchor,This is included as digital administrative infrastructure: land claims are submitted and processed through an Israeli state platform. The coordinate is a West Bank administrative anchor rather than the server or a single land parcel.,Digital Area C land-registration platform,31.9522,35.2332,https://www.un.org/unispal/document/sg-report-24jun26/
08/07/2026,"B'Tselem reports that 65 Palestinian communities or isolated families, comprising more than 4,349 people, had been fully displaced from locations in Areas B and C since 7 October 2023, with a further 512 people displaced from 18 partially emptied communities.",Governance & Territory,West Bank (Areas B and C),West Bank (distributed displaced communities),Aggregate outcome marker rather than an individual settler-violence event. Included to show cumulative territorial displacement without adding hundreds of incidents. The coordinate is a West Bank-wide anchor. Arabic B'Tselem reporting was checked alongside the English site.,B'Tselem displacement milestone,31.9522,35.2332,https://www.btselem.org/settler_violence_updates_list ; https://www.btselem.org/arabic/settler_violence_updates_list?importance=1.7
11/08/2026,The UN reports an unprecedented Israeli military seizure order for privately owned land in Area A near Qabatiya for construction of a road linking the newly approved settlements of Noa and Emek Dotan.,Infrastructure & Technology,West Bank (Area A / Israeli military order),"Qabatiya, Jenin Governorate","11/08/2026 is the UN briefing date; the exact date on which the seizure order itself was issued was not specified in the source. The UN described it as the first reported seizure of Area A land explicitly for settlement infrastructure. Coordinate marks Qabatiya town as a geographic anchor, not the road alignment.",Area A land seized for settlement road,32.41,35.28,https://www.un.org/unispal/document/the-west-bank-is-at-the-breaking-point-briefing-unsco-11aug2026/
02/08/1995,"Palestine Telecommunications Company (Paltel) is incorporated in Nablus as a Palestinian public shareholding company, forming a central institution for the development and operation of Palestinian fixed-line and later mobile telecommunications infrastructure.",Infrastructure & Technology,Palestinian Authority / Palestinian telecommunications sector,"Nablus, West Bank",Paltel's financial records give 2 August 1995 as the incorporation date and 1 January 1997 as the start of operations. This row marks the institutional formation of the Palestinian telecommunications operator rather than the later network launch.,Paltel incorporated,32.2211,35.2544,https://www.paltelgroup.ps/uploadedFiles/uploader/Paltel%20June%202016%20English-Final.pdf ; https://www.paltelgroup.ps/pginfo/?p=8044
28/09/1995,"Oslo II establishes a telecommunications framework governing Palestinian use of the electromagnetic spectrum, telecommunications infrastructure, microwave links, international connections and coordination with Israel through the Joint Technical Committee.",Infrastructure & Technology,Government of Israel / PLO,"Washington, D.C. / West Bank and Gaza telecommunications framework","This is a distinct technology-infrastructure entry associated with the existing Oslo II political-territorial row in the master timeline. Annex III Article 36 states that Palestinian spectrum use and future frequency needs are subject to bilateral coordination, while telecommunications construction in Area C requires prior Israeli confirmation.",Oslo II telecom and spectrum framework,38.8977,-77.0365,https://www.un.org/unispal/document/auto-insert-185434/ ; https://www.un.org/unispal/document/auto-insert-206729/
01/10/1999,"The first phase of Jawwal, the Palestinian cellular network, begins operation, establishing a Palestinian GSM mobile service.",Infrastructure & Technology,Palestinian Authority / Palestinian telecommunications sector,West Bank and Gaza Strip (Ramallah used as institutional anchor),Month-only anchor: the International Telecommunication Union records the first phase of the Jawwal network as beginning in October 1999. 01/10 is used as a month anchor rather than an asserted exact launch day. The same ITU record documents subsequent restrictions on Palestinian access to the full frequency spectrum.,Jawwal mobile network launches,31.9038,35.2034,https://www.itu.int/dms_pub/itu-s/md/03/wsis/c/S03-WSIS-C-0007%21%21PDF-E.pdf ; https://www.paltelgroup.ps/uploads/AR_English_2019.pdf
22/03/2000,"The .ps country-code top-level internet domain is established for Palestine, creating a distinct Palestinian namespace within the global Domain Name System.",Infrastructure & Technology,Palestinian Authority / global internet governance,Ramallah / Palestinian Government Computer Center,IANA records the .ps ccTLD as created on 22 March 2000 after Palestine received the ISO 3166-1 code PS. The coordinate uses Ramallah as the governmental and registry-administration anchor rather than a physical internet-infrastructure site.,.ps internet domain established,31.9038,35.2034,https://www.iana.org/reports/2000/ps-report-22mar00.html ; https://www.iana.org/whois?q=.ps
01/11/2009,"Wataniya Mobile begins commercial operations in the West Bank as the second Palestinian mobile network operator, ending Jawwal's monopoly in the West Bank telecommunications market.",Infrastructure & Technology,Palestinian Authority / West Bank telecommunications sector,West Bank (Ramallah used as operator and regulatory anchor),Month-only anchor: Wataniya/Ooredoo's 2017 annual report records the launch of business in the West Bank in November 2009. 01/11 is used as a month anchor rather than an asserted exact launch day.,Second Palestinian mobile network launches,31.9038,35.2034,https://www.ooredoo.ps/cached_uploads/download/migrated-files/itemfiles/6f7425f211f78c1db85f5cc5eb4d5b97.pdf ; https://www.ooredoo.ps/cached_uploads/download/migrated-files/itemfiles/ab55f91749481ea73cc9089fcec50475.pdf
20/08/2010,The Arabic-script country-code top-level domain .?????? (Falasteen / Palestine) is registered in the global Domain Name System.,Infrastructure & Technology,Palestinian Authority / global internet governance,Ramallah and Gaza / Palestinian National Internet Naming Authority,IANA records the registration date as 20 August 2010. The domain represents Palestine in Arabic script and is administered through Palestinian internet-governance institutions. Ramallah is used as the principal governmental anchor; PNINA also maintains technical contacts in Gaza.,Arabic .?????? domain established,31.9038,35.2034,https://www.iana.org/domains/root/db/xn--ygbi2ammx.html ; https://www.iana.org/reports/2010/falasteen-report-16jul2010.html
20/09/2012,Paltel and Turk Telecom International launch a partnership to connect the Palestinian telecommunications network directly to international internet backbone infrastructure through fibre-optic and submarine-cable routes toward Europe.,Infrastructure & Technology,Palestinian Authority / international telecommunications network,"Al-Bireh, West Bank / international fibre route","The contemporary Arabic report dated 21 September 2012 describes the launch ceremony as taking place 'yesterday', giving 20 September as the event date. Paltel described the connection as its first direct commercial arrangement with a global operator that could provide an alternative international route without dependence on Israeli internet providers. The coordinate marks Al-Bireh, where the launch ceremony took place, not the transnational cable route.",Direct Palestinian international fibre link,31.91,35.216,https://www.paltelgroup.ps/pginfo/?p=1649 ; https://www.paltelgroup.ps/uploads/AR_English_2019.pdf
31/03/2016,"The World Bank publishes an assessment quantifying the economic and infrastructural impact of restrictions on Palestinian telecommunications, including delayed mobile broadband, limits on spectrum, restrictions on importing equipment and barriers to building infrastructure in Area C.",Infrastructure & Technology,West Bank and Gaza Strip / Israeli-Palestinian telecommunications regime,Occupied Palestinian territories (West Bank anchor),"The World Bank estimated Palestinian mobile-sector revenue losses of more than US$1 billion over the preceding three years. The report also documented inability to operate normally in Area C, restrictions on equipment imports and delays in spectrum allocation. The coordinate is a West Bank geographic anchor because the assessment concerns a distributed telecommunications system.",Telecom restrictions quantified,31.9522,35.2332,https://www.worldbank.org/en/news/press-release/2016/03/31/lifting-restrictions-and-promoting-better-regulation-to-unleash-the-potential-of-the-digital-economy-in-palestine ; https://documents1.worldbank.org/curated/en/993031473856114803/pdf/104263-REVISED-title-a-little-different-WP-P150798-NOW-OUO-9.pdf
01/11/2017,"Wataniya Mobile begins operating in the Gaza Strip, introducing a second Palestinian mobile operator to Gaza after years of delay associated with access to frequencies and the import of telecommunications equipment.",Infrastructure & Technology,Gaza Strip / Palestinian telecommunications sector,Gaza Strip,Month-only anchor: Wataniya Mobile's 2017 annual report records the Gaza launch in November 2017. 01/11 is used as a month anchor rather than an asserted exact day. A 2016 World Bank assessment documented that restrictions on spectrum and equipment had prevented the operator from entering Gaza earlier.,Second mobile operator enters Gaza,31.5017,34.4668,https://www.ooredoo.ps/cached_uploads/download/migrated-files/itemfiles/6f7425f211f78c1db85f5cc5eb4d5b97.pdf ; https://www.worldbank.org/en/news/press-release/2016/03/31/lifting-restrictions-and-promoting-better-regulation-to-unleash-the-potential-of-the-digital-economy-in-palestine
26/10/2020,"Bezeq receives a general licence from the Israeli Civil Administration to provide domestic fixed-line telecommunications services in the occupied West Bank, formalising its operation and infrastructure deployment there.",Infrastructure & Technology,West Bank (Israeli Civil Administration),West Bank / Area C,"Bezeq's 2020 annual report records receipt of the formal licence on 26 October 2020. The World Bank notes that the licence enables high-speed services to settlements, roads and public areas while Palestinian operators continue to face restrictions on spectrum, equipment imports and infrastructure construction in Area C. The coordinate is a West Bank anchor rather than a single telecommunications facility.",Bezeq West Bank licence formalised,31.9522,35.2332,https://ir.bezeq.co.il/static-files/770b7f6a-96d1-4b0d-92c2-e4cb0a15bc9e ; https://documents1.worldbank.org/curated/en/472671640152521943/pdf/Palestinian-Digital-Economy-Assessment.pdf
15/10/2023,"The Israeli military publicly confirms deliberate GPS jamming in northern Israel during the Gaza war, warning that navigation applications may be disrupted; GNSS interference subsequently becomes a significant feature of the wider eastern Mediterranean conflict environment.",Infrastructure & Technology,State of Israel / regional GNSS environment,Northern Israel / Lebanon border area,This row marks an explicit public confirmation of intentional GNSS interference rather than the first technical occurrence. The coordinate is a northern-border geographic anchor. Later aviation and GNSS monitoring documented extensive jamming and spoofing across the Tel Aviv flight information region and eastern Mediterranean.,GNSS jamming publicly confirmed,33.1,35.55,https://www.timesofisrael.com/liveblog_entry/idf-declares-restricted-area-up-to-4-kilometers-from-lebanon-border-civilians-prohibited-from-entering/ ; https://www.faa.gov/about/office_org/headquarters_offices/avs/offices/afx/afs/afs400/afs410/GNSS/GPS_GNSS_Interference_Resource_Guide.pdf
27/10/2023,"Landline, mobile and internet communications are cut across the Gaza Strip during intensified Israeli military operations, producing a near-total telecommunications blackout.",Infrastructure & Technology,Gaza Strip,Gaza Strip (territory-wide communications network),"OCHA records the shutdown beginning at about 18:00 on 27 October 2023. The loss of communications disrupted emergency medical response, civil defence, humanitarian coordination and civilian access to information. The coordinate is a Gaza Strip anchor because the blackout affected a distributed network.",Gaza telecommunications blackout,31.5017,34.4668,https://www.ochaopt.org/content/hostilities-gaza-strip-and-israel-flash-update-21 ; https://www.ochaopt.org/content/hostilities-gaza-strip-and-israel-flash-update-22
